,ABC.AX,AIZ.AX,AMC.AX,ANN.AX,AZS.AX,BFL.AX,CEN.AX,EMR.AX,GNE.AX,GMD.AX,GQG.AX,IFT.AX,JHX.AX,MCY.AX,MEZ.AX,SGM.AX,SPK.AX,SNZ.AX,VNT.AX,WBC.AX,ZIM.AX,AGL.AX,ALQ.AX,ALU.AX,AWC.AX,AMP.AX,ALD.AX,ANZ.AX,APA.AX,ARB.AX,ARG.AX,ALL.AX,ASX.AX,ALX.AX,AUB.AX,AIA.AX,AZJ.AX,AFI.AX,BOQ.AX,BAP.AX,BPT.AX,BGL.AX,BEN.AX,BHP.AX,BSL.AX,BLD.AX,BOE.AX,BXB.AX,BRG.AX,BKW.AX,BWP.AX,CMM.AX,CAR.AX,CIP.AX,CGF.AX,CIA.AX,CHC.AX,CLW.AX,CQR.AX,CNU.AX,CWY.AX,COH.AX,COL.AX,CBA.AX,CPU.AX,CRN.AX,CTD.AX,CSL.AX,CSR.AX,DEG.AX,DRR.AX,DXS.AX,DDR.AX,DHG.AX,DMP.AX,DOW.AX,APE.AX,EBO.AX,EDV.AX,EVN.AX,EVT.AX,FPH.AX,FBU.AX,FLT.AX,FMG.AX,GUD.AX,GOR.AX,GMG.AX,GPT.AX,GNC.AX,GOZ.AX,HVN.AX,HMC.AX,HDN.AX,HUB.AX,IEL.AX,IGO.AX,ILU.AX,IPL.AX,INA.AX,IAG.AX,IPH.AX,JBH.AX,JLG.AX,KAR.AX,KLS.AX,LLC.AX,LIC.AX,LTR.AX,LOV.AX,LYC.AX,MQG.AX,MAQ.AX,MFG.AX,MPL.AX,MTS.AX,MXT.AX,MFF.AX,MIN.AX,MGR.AX,NAB.AX,NSR.AX,NWL.AX,NEU.AX,NHC.AX,NXT.AX,NHF.AX,NIC.AX,NEC.AX,NST.AX,NUF.AX,ORI.AX,ORG.AX,ORA.AX,PDN.AX,PPT.AX,PRU.AX,PXA.AX,PLS.AX,PNI.AX,PMV.AX,PME.AX,PSI.AX,QAN.AX,QBE.AX,QUB.AX,RMS.AX,RHC.AX,REA.AX,REH.AX,RGN.AX,RRL.AX,RWC.AX,RMD.AX,RIO.AX,SFR.AX,STO.AX,SCG.AX,SEK.AX,SVW.AX,SHL.AX,S32.AX,SMR.AX,SDF.AX,SGP.AX,SUN.AX,SUL.AX,TAH.AX,TNE.AX,TLX.AX,TLS.AX,A2M.AX,TPG.AX,TCL.AX,TWE.AX,VCX.AX,VUK.AX,VEA.AX,WAM.AX,WLE.AX,SOL.AX,WPR.AX,WEB.AX,WES.AX,WHC.AX,WTC.AX,WDS.AX,WOW.AX,WOR.AX,XRO.AX,YAL.AX,^AXJO
4/1/2022 0:00,2.8900,1.4300,16.6200,32.8600,0.3750,4.2700,7.6100,1.0900,2.7900,1.7000,1.7350,7.6700,56.8000,5.7800,4.6000,16.7600,4.3200,12.7700,2.0500,21.6600,23.0500,6.3100,13.4200,44.6400,1.9350,1.0050,30.0400,28.0000,10.1800,54.5300,10.2100,45.3900,92.2200,6.9200,26.2300,7.3000,3.5900,8.4900,8.3200,7.1400,1.3050,0.8450,9.3000,42.3800,21.4700,6.2000,2.4500,10.7500,32.3900,24.7000,4.2200,3.3700,25.5800,4.1600,6.8400,5.6300,20.9000,5.1000,4.3800,6.8800,3.1700,222.7400,17.9000,102.5100,20.3600,1.2900,22.9400,295.9900,6.0800,1.2000,4.3600,11.3000,14.7800,5.7100,122.3600,6.1100,13.9500,38.7800,6.7900,4.0800,15.2300,31.1200,7.0000,18.6200,19.8500,11.8000,1.5750,26.7600,5.5300,8.4200,4.4300,5.0400,8.1900,1.5550,29.1100,35.0200,11.8900,10.4100,3.3500,6.3900,4.4600,8.8800,48.8000,8.8900,1.7600,7.3800,10.8800,20.8600,1.7450,19.9600,11.0300,211.3400,73.0000,21.4000,3.4300,4.4700,2.0600,2.9100,58.6800,3.0000,29.4000,2.6900,18.1500,3.9000,2.3200,12.8400,7.2800,1.4600,2.9500,9.4200,4.8700,13.9300,5.3600,3.5500,0.9450,36.9900,1.6450,20.3500,3.5200,15.9500,30.6400,63.0600,4.7200,5.1500,11.9200,3.1900,1.5250,71.8700,171.3700,27.9500,3.0400,1.9000,6.4100,36.1800,99.6900,6.7700,6.6100,3.2500,33.9700,22.2400,46.1400,4.0700,1.0600,5.3700,4.4000,11.5000,12.6500,5.2300,13.0700,8.2200,4.2200,5.5800,5.9000,13.9400,12.5000,1.7700,3.4300,2.3400,2.2300,1.4900,30.9900,2.8900,5.4300,60.0200,2.7600,59.8600,22.6700,38.4700,11.1200,146.2200,2.8000,7589.7998
5/1/2022 0:00,3.0300,1.4400,16.8000,32.4900,0.3650,4.2700,7.5400,1.0900,2.7200,1.7000,1.8050,7.8900,56.7300,5.9400,4.6200,17.0000,4.2200,12.9800,2.0400,21.8400,23.1000,6.3800,13.5000,43.7000,1.8800,1.0100,30.1300,28.0600,10.1900,53.9100,10.2500,45.2700,91.4400,6.8900,26.4000,7.3600,3.6500,8.5900,8.2900,7.1400,1.3150,0.8300,9.2500,42.6300,21.7200,6.2900,2.3900,10.9900,31.9800,25.0400,4.2400,3.3300,25.0600,4.1500,6.8500,5.6800,20.7300,5.1400,4.4000,6.8000,3.1600,216.4100,17.7100,103.2000,20.2600,1.3400,22.5700,290.6000,6.1200,1.1900,4.3700,11.2500,14.7300,5.5100,116.2500,6.0900,14.1200,40.5000,6.7400,4.0800,14.8000,30.9700,6.9800,18.3900,19.9600,11.8000,1.5500,25.8400,5.5600,8.4400,4.4400,5.0200,7.9700,1.5250,27.4000,34.6200,12.0600,10.5400,3.3400,6.3800,4.3900,8.7000,48.5800,8.8400,1.8350,7.4700,10.8600,20.4800,1.6600,19.6800,11.1000,215.7300,72.8500,21.0200,3.3900,4.4900,2.0700,2.9100,58.4300,3.0000,29.6100,2.6900,17.4500,3.8100,2.2800,12.5000,7.1600,1.4350,2.8400,9.4700,4.9100,13.8000,5.4400,3.5600,0.9200,36.7800,1.6250,20.0800,3.5800,15.7500,29.2900,56.9500,4.8000,5.1000,12.0000,3.1700,1.5250,71.7100,167.8000,27.8100,3.0200,1.8950,6.4000,34.9800,100.4800,6.8200,6.7800,3.2400,33.2600,22.2900,45.8900,4.0200,1.1000,5.2800,4.4000,11.4400,12.5500,5.1800,12.2800,8.4700,4.1900,5.5100,5.9100,13.9600,12.5000,1.7750,3.4900,2.3400,2.2400,1.4850,30.7000,2.8500,5.3400,59.8000,2.7500,58.1200,22.7700,37.8600,11.2700,140.6700,2.9400,7565.7998
6/1/2022 0:00,2.8900,1.4200,16.7000,32.0800,0.3650,4.2700,7.6100,1.0900,2.7200,1.7000,1.7550,7.8000,53.7600,5.9500,4.5800,16.8100,4.2100,12.9900,2.0100,21.4800,23.5000,6.1700,13.1700,41.1700,1.8650,0.9800,29.4400,27.6800,10.0200,51.6600,10.1000,43.2500,89.6600,6.7600,26.0900,7.1900,3.5800,8.5700,8.1300,6.9100,1.2650,0.8050,9.0700,42.6800,21.4900,6.0700,2.4400,10.6300,30.6600,24.5900,4.1100,3.2500,23.8500,4.0100,6.6500,5.6100,19.4000,5.0000,4.2900,6.6800,3.1000,206.7500,17.3500,99.9700,20.0900,1.3250,22.2000,280.0000,5.9500,1.1250,4.3000,10.9100,13.8000,5.1500,113.0300,5.9100,13.2800,39.0200,6.6100,3.8600,14.1100,30.1600,6.8200,17.8300,19.7500,11.5000,1.4850,24.2900,5.3500,8.3400,4.3000,4.8900,7.8200,1.5100,25.6900,33.0600,11.8700,10.3400,3.2600,6.1400,4.3600,8.3900,46.2500,8.5800,1.8300,7.0900,10.5200,19.4000,1.5500,18.4000,10.7400,209.3000,67.5000,20.4000,3.4000,4.3800,2.0700,2.8700,57.9400,2.8400,28.9700,2.6200,16.6100,3.7400,2.2200,11.6100,6.9700,1.4150,2.7900,9.0400,4.8500,13.4000,5.3100,3.4900,0.9350,35.7700,1.5300,19.6700,3.4000,13.6800,28.0000,53.8000,4.8000,5.0100,11.9700,3.0600,1.4450,67.6400,156.0000,27.1200,2.9200,1.8300,6.1800,33.6400,101.2100,6.7800,6.6000,3.1300,30.8300,21.5000,44.3200,3.9700,1.1400,5.2100,4.2500,11.3200,11.9600,4.9800,11.8300,8.3200,4.1300,5.4000,5.8800,13.5200,12.2100,1.7050,3.3300,2.3100,2.2100,1.4500,29.7700,2.7800,5.1800,58.0800,2.6600,54.0900,22.2100,37.4300,10.7900,131.5000,2.8000,7358.2998
7/1/2022 0:00,2.9300,1.4250,16.7700,32.8800,0.3500,4.0100,7.7000,1.1400,2.7900,1.7000,1.8300,7.6500,51.5400,6.0000,4.5000,15.7600,4.2200,13.2500,2.0000,21.7500,23.5000,6.2800,13.1800,41.0400,1.8750,0.9600,30.2900,28.4000,10.1900,52.8300,10.2000,44.1800,90.6800,6.7900,26.8100,7.2000,3.6500,8.5300,8.2600,6.9000,1.3000,0.8200,9.1800,43.7300,21.6300,6.0700,2.2600,10.7000,31.0100,24.6900,4.1600,3.3500,24.1900,4.0600,6.5600,5.7700,19.6200,5.0400,4.3400,6.7400,3.1100,208.5900,17.3400,102.6500,20.5300,1.3050,22.5300,282.4000,6.0200,1.1250,4.3600,11.1400,13.6900,5.0900,115.5400,5.9700,13.3100,39.0000,6.6700,3.7900,14.1800,30.3800,6.8400,17.9000,20.3700,11.7300,1.4500,24.6800,5.4300,8.3600,4.2700,4.9000,8.0000,1.5450,25.7600,33.0700,11.8000,10.4200,3.3000,6.1800,4.4600,8.4100,46.4300,9.0400,1.8600,7.2100,10.5600,19.6500,1.5400,18.5900,11.0600,211.7100,68.5600,19.2900,3.6000,4.3500,2.0700,2.8700,59.0500,2.8700,29.4200,2.6400,16.4900,3.8700,2.3000,11.6600,7.2300,1.4200,2.8200,9.1000,4.8900,13.4000,5.4500,3.5200,0.9150,36.0300,1.5450,19.5600,3.5000,13.5200,28.2000,54.1200,4.7100,5.0300,12.1900,3.0200,1.4650,68.2400,159.5000,27.3300,2.9600,1.8300,6.2300,33.8900,103.6300,6.8100,6.7900,3.1700,30.7600,21.7400,44.8200,3.9200,1.0700,5.2900,4.2900,11.6000,12.0500,5.0900,11.8100,8.4800,4.1600,5.4800,5.9900,13.5200,12.4000,1.7500,3.4400,2.3200,2.2300,1.4700,30.1300,2.7900,5.2900,58.4600,2.7500,55.9500,22.7000,37.3600,10.9400,130.8300,2.9000,7453.2998
10/1/2022 0:00,2.9000,1.4350,16.8300,33.7400,0.3700,4.0100,7.5900,1.1400,2.7800,1.7000,1.8750,7.6500,50.8900,6.0100,4.3400,15.7400,4.2000,13.0200,2.0100,21.8300,23.9900,6.8200,12.9600,40.4100,1.9350,0.9750,30.0100,28.3700,10.0300,52.8200,10.2100,43.9200,90.4700,6.7900,26.4700,7.2100,3.6400,8.5200,8.2900,6.9300,1.3100,0.8500,9.2400,44.7800,21.5900,6.0100,2.3600,10.5500,30.3800,24.6400,4.1600,3.2900,23.8000,4.0000,6.5400,5.9400,19.2000,5.0000,4.3000,6.7100,3.0800,207.5000,17.0700,103.3200,20.9000,1.3500,22.8400,280.0000,6.0000,1.1100,4.4200,11.2300,13.5500,5.0800,112.9200,5.8800,13.1600,38.9400,6.6100,3.7600,14.0500,30.0700,6.8500,18.3300,20.6400,11.8500,1.4150,24.2600,5.4500,8.2600,4.2400,4.8400,7.9100,1.5200,25.7500,32.7900,11.8100,10.7200,3.3700,6.1900,4.4400,8.2700,45.3300,8.9200,1.8550,7.2000,10.6300,18.9900,1.5500,18.3700,11.1200,207.9800,66.2300,20.5900,3.5500,4.3600,2.0800,2.8600,60.6200,2.8800,29.3900,2.6400,16.1400,3.8100,2.3200,11.4700,7.0400,1.4400,2.8000,8.9200,4.8600,13.4400,5.5100,3.5200,0.9400,36.2200,1.5200,19.5000,3.5700,13.6200,28.0000,52.6200,4.7500,5.1100,12.1800,2.9900,1.4400,67.2500,158.6500,26.6200,2.9300,1.8250,6.0200,33.0000,105.9900,6.9900,6.8400,3.1700,30.5500,21.3200,44.3500,4.0600,1.1200,5.2600,4.2800,11.5600,11.7900,5.1000,11.6000,8.1700,4.1400,5.5600,5.9500,13.4600,12.4000,1.7500,3.4800,2.3200,2.2300,1.4750,30.0700,2.7700,5.3400,57.1200,2.8900,54.4300,23.2300,37.1000,10.9000,127.2300,2.8700,7447.1001
11/1/2022 0:00,2.8700,1.4200,16.9500,34.0100,0.3650,4.0100,7.5700,1.1400,2.7300,1.7000,1.8800,7.5100,49.4700,5.7800,4.3600,15.4800,4.1800,12.9000,2.0400,21.6700,24.4900,6.9600,12.9600,39.5800,2.0100,0.9750,29.8400,28.0000,9.9700,46.3200,10.1700,43.9900,90.3600,6.7700,25.9700,7.2300,3.6100,8.5700,8.2300,6.9000,1.3100,0.8250,9.2000,44.6500,21.3100,6.0000,2.4100,10.5600,29.4500,24.5700,4.0900,3.2700,23.8300,3.9400,6.4700,6.0000,18.5400,4.9100,4.1800,6.6000,3.0300,206.0200,16.6500,101.7600,20.7000,1.3450,22.5800,277.9400,6.0100,1.1050,4.3900,10.9700,13.2300,5.0200,112.2000,5.7700,13.3200,37.9600,6.5100,3.8600,13.9300,29.9200,6.8400,18.4700,21.1200,11.6200,1.4400,23.7500,5.3400,8.1100,4.2000,4.8300,7.6200,1.4750,26.1600,32.9700,11.6900,10.8200,3.4400,6.0900,4.4000,8.2800,45.0800,8.9900,1.8850,7.1000,10.5600,18.8800,1.5500,17.4700,10.9900,205.0200,67.5000,21.1500,3.5500,4.2700,2.0700,2.8600,60.7300,2.8000,29.2400,2.5900,15.8300,3.6000,2.3000,11.3600,7.0100,1.4550,2.7600,9.0800,4.8000,13.4800,5.4900,3.5100,0.9200,36.2400,1.5350,19.0200,3.5200,13.0500,27.5100,49.9000,4.8000,5.1500,12.0200,2.9500,1.4250,67.5700,158.2400,26.1200,2.8800,1.8950,5.9400,32.8200,106.3700,6.9400,6.7400,3.1400,30.5200,20.9400,44.1000,4.0500,1.1700,5.2500,4.2000,11.5500,11.8200,5.1100,11.4200,8.3500,4.1000,5.5100,5.8500,13.4300,12.0800,1.7150,3.5500,2.3100,2.2400,1.4800,29.9500,2.7500,5.4200,56.3500,2.8700,54.0300,23.3900,36.3300,10.8700,126.0000,2.8600,7390.1001
12/1/2022 0:00,2.8200,1.4250,16.8600,34.1200,0.4000,4.0100,7.2400,1.1400,2.7700,1.7000,1.8800,7.7000,50.2600,5.7600,4.4000,15.4500,4.1800,12.7300,2.0800,21.6700,24.7100,7.0300,12.9100,40.2500,2.0100,0.9750,30.3300,28.0300,10.0100,46.9900,10.3800,44.1500,92.0300,6.7600,25.7200,7.2700,3.6000,8.5900,8.2100,6.9600,1.3800,0.8300,9.1200,45.1200,21.3500,6.0100,2.5400,10.5000,29.5500,24.3900,4.0800,3.3200,23.9600,3.9400,6.5200,6.1500,18.6100,4.9300,4.1900,6.5600,3.0400,207.7300,16.5100,101.5800,20.7200,1.3700,22.8100,283.1300,6.0100,1.1450,4.4300,10.7200,13.4000,5.1300,107.5000,5.7600,13.2300,37.3000,6.4500,3.9700,14.0900,30.0700,6.8300,18.5700,20.8800,11.9200,1.4550,23.7100,5.3600,8.2200,4.1600,4.8100,7.7300,1.4600,26.4700,33.7300,12.0000,10.9000,3.4800,6.0900,4.4000,8.3100,44.9100,8.9500,1.9500,7.1700,10.5600,18.6600,1.6300,18.2500,11.1300,208.3900,67.9000,20.7400,3.4900,4.1700,2.0600,2.8700,62.4200,2.8100,29.2400,2.6100,15.9900,3.6500,2.3000,11.5200,6.9900,1.5500,2.7700,9.2600,4.8000,13.8000,5.5300,3.5000,0.9200,36.3100,1.5600,19.0500,3.5800,13.0900,27.7800,50.4000,4.6600,5.1100,12.0900,2.9600,1.4550,67.7700,158.7900,25.2000,2.8700,1.9250,5.9500,33.3300,107.2700,7.0200,6.9800,3.1500,31.1000,21.0600,43.7200,4.0900,1.1700,5.2400,4.2800,11.6800,11.9100,5.1600,11.5400,8.3300,4.1800,5.5300,6.1400,13.4000,12.1300,1.7000,3.5600,2.3500,2.2300,1.4750,30.3500,2.7400,5.4900,56.6900,2.8800,54.9200,24.3500,36.0600,11.1300,127.5700,2.9100,7438.8999
13/1/2022 0:00,2.8000,1.4100,16.8300,34.2500,0.4300,4.0100,7.6400,1.1400,2.7300,1.7000,1.8600,7.6000,51.0100,5.8700,4.4800,15.8500,4.2000,12.7100,2.1200,21.7300,24.7400,7.2700,12.9000,39.9100,2.0000,0.9800,30.8500,28.4000,10.1000,46.7700,10.3000,44.0500,92.2200,6.8300,25.5200,7.2900,3.6800,8.7300,8.3400,6.9000,1.4100,0.8300,9.2000,46.8500,21.7600,5.9300,2.5200,10.5600,29.2600,24.3000,4.0700,3.3400,23.7300,3.9100,6.5500,6.4200,18.4100,4.9300,4.1700,6.4900,3.0200,205.2600,16.4900,102.1200,20.5600,1.3700,22.3100,281.7000,6.0100,1.1950,4.4500,10.8100,13.0500,5.1200,107.3000,5.7400,13.1400,36.8800,6.4900,4.0100,13.9300,30.0300,6.8400,18.1300,21.4000,12.0600,1.4700,23.6500,5.3700,8.1900,4.1500,4.8500,7.5100,1.4400,26.3100,32.7200,12.4500,11.1600,3.5000,5.9800,4.4100,8.4100,44.9300,8.8100,1.9550,7.2800,10.5100,18.1600,1.6900,18.1800,11.2400,208.7800,67.5500,20.4000,3.5100,4.2200,2.0800,2.8700,64.2600,2.7800,29.5700,2.6200,15.8300,3.5100,2.3500,11.5100,6.8900,1.6300,2.7500,9.2000,4.8500,13.8700,5.7000,3.5100,0.8950,36.2700,1.5550,18.9500,3.7300,13.2400,27.4000,48.9400,4.8000,4.9900,12.1700,2.9600,1.4600,66.9800,158.2500,24.8900,2.8700,2.0000,6.0300,33.5900,111.7000,6.9800,7.0900,3.1400,30.2100,21.1300,41.2700,4.2400,1.1100,5.1500,4.2600,11.7000,11.8400,5.2000,11.4600,8.2800,4.2200,5.4400,6.3600,13.4200,11.8700,1.6950,3.5300,2.3400,2.2300,1.5000,30.2800,2.7400,5.4600,55.1300,2.9500,53.7000,24.9000,36.0400,11.2400,125.4400,3.0200,7474.3999
14/1/2022 0:00,2.7900,1.4200,16.9200,34.1000,0.4100,4.0100,7.4700,1.1400,2.7400,1.7000,1.8700,7.6700,50.6200,5.7400,4.4700,15.6900,4.1900,12.4700,2.1500,21.4500,24.9000,7.4700,12.8200,39.6400,2.0500,0.9550,30.6300,28.3900,10.0700,45.5900,10.2500,43.4100,91.2000,6.8100,25.3600,7.3100,3.6800,8.6800,8.2300,6.9200,1.4000,0.8150,9.1800,46.6800,21.2200,5.7800,2.3800,10.3700,28.8400,24.1700,4.0400,3.3500,23.0500,3.9000,6.3200,6.2900,18.3600,4.9500,4.1700,6.5300,3.0400,201.1000,16.3500,100.8500,20.3500,1.3900,21.8100,276.0000,5.9800,1.2800,4.4300,10.8000,13.2400,5.0000,103.3500,5.7800,12.8600,38.0000,6.4200,4.0200,14.0100,29.8000,6.7600,17.3000,21.3700,12.1300,1.4550,23.2000,5.3900,8.1000,4.1400,4.9000,7.5500,1.4150,25.3100,31.4600,12.7200,11.1100,3.4500,5.9400,4.4700,8.3400,45.1200,8.8000,1.9600,7.1900,10.4800,18.2700,1.7150,18.0100,11.0900,206.7200,67.0100,19.6500,3.4800,4.2400,2.0800,2.8600,65.6200,2.8300,29.3800,2.6000,15.4200,3.5300,2.3000,11.2200,6.7800,1.6150,2.6800,9.3000,4.7900,13.3400,5.7500,3.4800,0.8800,35.8400,1.5800,18.8800,3.7200,12.7000,27.2700,46.5900,4.6900,5.0000,12.0500,2.9300,1.5100,67.0000,154.1500,24.2700,2.8700,1.9950,6.0100,34.7900,110.6000,7.0800,6.9900,3.0600,29.6500,21.1000,40.7900,4.1800,1.1200,5.0800,4.2300,11.6000,11.9100,5.1900,11.1400,8.6700,4.2200,5.3300,6.3900,13.3000,11.6000,1.6800,3.6000,2.3500,2.2200,1.4950,29.2700,2.7200,5.2800,54.0000,2.8000,52.1300,24.8200,35.0100,11.4200,119.1100,2.9400,7393.8999
17/1/2022 0:00,2.9900,1.4150,17.0700,34.3800,0.4000,4.0100,7.5000,1.1400,2.7300,1.7050,1.8550,7.6600,50.9400,5.8400,4.3500,15.7100,4.2400,12.3300,2.2000,21.4700,23.8000,7.4400,12.9100,40.2500,2.0700,0.9650,30.5400,28.7200,10.0900,46.3000,10.3300,44.4900,91.5300,6.7500,25.1000,7.2600,3.6600,8.8500,8.3100,7.0500,1.4550,0.8150,9.2700,46.1500,21.0800,5.7800,2.3000,10.4400,29.0300,24.7700,4.0600,3.3700,22.9700,3.9100,6.3500,6.2900,18.2100,4.9700,4.1600,6.6100,3.1200,204.1100,16.3900,101.1600,20.6500,1.3650,22.0700,278.1000,5.8000,1.3700,4.4000,10.8500,13.2400,5.0300,106.8800,5.7500,13.0000,37.9000,6.5300,3.9400,14.2900,29.8400,6.7700,17.9700,20.7700,12.2800,1.4450,22.9400,5.4000,8.2100,4.1200,4.9600,7.4700,1.4200,26.3200,32.2500,12.6800,10.9700,3.4900,5.9800,4.5100,8.4200,46.6400,8.6000,1.9750,7.2700,10.6100,18.1600,1.6600,18.5800,11.1100,207.6100,66.6600,20.4800,3.4900,4.2400,2.0700,2.8600,64.9700,2.8000,29.4500,2.5900,15.8300,3.6100,2.4000,11.1500,6.8200,1.6000,2.7300,9.1000,4.7600,13.3800,5.7200,3.4900,0.8450,36.4900,1.5000,18.8500,3.7600,12.9200,27.5500,47.8400,4.8000,5.1200,12.1700,2.9700,1.4800,67.3400,154.0600,24.0500,2.8500,2.0200,6.0200,34.6500,110.0300,7.0600,7.0600,3.0400,29.8700,21.0600,40.2700,4.0500,1.1250,5.1700,4.2200,11.7000,12.2200,5.2200,11.3700,8.4700,4.2500,5.3800,6.4000,13.2400,11.7300,1.6800,3.6800,2.3600,2.2400,1.5000,29.8800,2.7300,5.4300,55.3800,2.9200,54.0900,25.2400,35.4500,11.7800,119.6200,2.9600,7417.2998
18/1/2022 0:00,2.9500,1.4100,17.0900,33.4700,0.4000,4.0100,7.6800,1.1400,2.7500,1.7000,1.8000,7.7400,50.9000,5.7400,4.4100,15.6400,4.3300,12.4100,2.2300,21.4100,24.8800,7.3500,12.8500,40.5000,2.0900,0.9650,31.2700,28.7500,10.0000,46.1500,10.4000,44.0100,91.6500,6.6700,24.9000,7.1700,3.6300,8.7500,8.2700,7.1700,1.4500,0.8200,9.3300,46.7000,20.6700,5.7900,2.3400,10.4000,28.7600,24.5200,4.0800,3.3400,22.9200,3.9000,6.2100,6.4000,18.2000,4.9800,4.1700,6.7100,3.1300,200.8300,16.4900,100.7900,20.7700,1.4000,21.7700,273.7200,5.8600,1.3850,4.4300,10.8800,14.0200,5.1200,107.1700,5.6300,13.1000,38.0900,6.4600,3.9300,14.1500,29.4500,6.7000,17.8200,20.7500,12.4000,1.4500,23.0000,5.3800,8.1100,4.1900,5.0500,7.6400,1.3900,26.8500,32.1000,12.8900,11.0000,3.4500,5.9700,4.4400,8.3400,49.8400,8.7700,1.9450,7.2400,10.6300,18.0300,1.7650,18.4200,11.0900,206.8600,66.2900,19.9800,3.4100,4.3000,2.0900,2.8600,64.3500,2.8800,29.4100,2.5900,16.4200,3.7400,2.4100,11.0600,6.7200,1.6100,2.7500,9.0800,4.6700,13.7300,5.7000,3.4900,0.8900,36.6800,1.5200,18.4500,3.8600,13.1100,27.8700,46.8500,4.6400,5.0200,12.1400,2.9700,1.5000,66.9600,154.4400,24.0100,2.8700,2.0100,6.0300,34.7000,109.6500,7.1100,7.0700,3.0300,29.8700,21.2700,40.0900,4.1500,1.1350,5.1400,4.2400,11.7400,12.3300,5.1400,11.1500,8.6000,4.2600,5.4000,6.3300,13.2200,11.6200,1.6900,3.5500,2.3900,2.2300,1.4900,29.2100,2.7400,5.3700,55.1800,2.8700,54.0600,25.2000,35.2800,11.9000,120.5600,3.0300,7408.7998
19/1/2022 0:00,2.9700,1.4150,17.1000,33.6200,0.3925,4.0100,7.6400,1.1400,2.7500,1.6000,1.8250,7.7100,49.8500,5.6700,4.3300,15.4000,4.2500,12.4100,2.2800,21.2400,24.9000,7.3100,12.8700,39.7100,2.0500,0.9650,31.1400,28.5600,9.9800,46.0600,10.3200,43.3500,89.7700,6.6000,24.6100,7.0500,3.6500,8.7900,8.1200,7.2100,1.4800,0.8100,9.1100,46.5600,19.8800,5.7700,2.4700,10.4100,28.2300,24.3200,4.0400,3.3600,22.3000,3.8300,6.0900,6.2300,17.9300,4.9700,4.1600,6.6700,3.0600,195.5800,16.4600,99.3300,20.9400,1.4300,21.4300,270.4000,5.8000,1.3400,4.4500,10.9700,14.1400,5.0800,105.6400,5.6400,13.2900,36.7600,6.4100,3.8100,14.0300,28.5500,6.6800,17.8800,20.4400,12.5900,1.4250,22.9200,5.3800,7.8300,4.1600,5.2000,7.5200,1.3800,27.4200,31.6200,12.8200,10.8900,3.4700,5.9600,4.4500,8.2900,49.0200,8.6200,1.9250,7.2300,10.5100,18.0200,1.7150,18.1400,10.9700,199.1900,65.9500,19.8000,3.3900,4.2200,2.0800,2.8300,64.2000,2.8600,29.0700,2.5600,16.4300,3.7500,2.3900,10.8300,6.8400,1.5800,2.7200,8.7500,4.6500,13.9200,5.7800,3.4900,0.8500,36.3800,1.4800,18.8000,3.7100,12.5700,28.6600,45.1300,4.8000,5.0900,12.0800,3.0100,1.4650,65.7300,153.8400,23.2400,2.8500,1.9800,5.7900,33.1600,109.9100,7.1900,7.2000,3.0400,30.2900,21.4800,39.8900,4.1000,1.1350,5.0200,4.1900,11.6900,12.2500,5.1600,10.9800,8.0900,4.1900,5.3700,6.3500,13.0200,11.5800,1.7000,3.6400,2.3600,2.2300,1.4950,28.5200,2.6900,5.4000,54.6100,2.9200,52.0000,25.4200,35.4000,12.0200,117.7200,2.9300,7332.5000
20/1/2022 0:00,2.9400,1.3800,17.1500,33.6100,0.4700,4.2700,7.3700,1.1400,2.7000,1.7000,1.8600,7.6400,49.7100,5.6800,4.3800,15.7300,4.2100,11.1800,2.3500,21.1100,25.1800,7.4500,12.8400,39.0900,2.0100,0.9700,30.7500,28.5800,9.8700,45.2900,10.1800,42.9600,87.9500,6.5100,24.5900,6.9700,3.6300,8.7200,8.0200,7.0600,1.4750,0.8600,9.0000,48.0100,19.7800,5.7400,2.5400,10.1800,28.0300,23.8000,4.0400,3.5700,21.9900,3.8200,6.0900,6.3500,17.5800,4.9000,4.1500,6.5400,3.0500,195.5300,16.3200,98.6100,20.6700,1.5150,21.0700,271.2500,5.7400,1.4400,4.5800,10.8400,13.2800,5.0100,104.0400,5.5600,13.0900,37.9500,6.3800,4.1500,13.9300,28.4600,6.6100,17.3500,21.3900,12.3000,1.5100,22.8500,5.3000,7.6700,4.0800,5.0600,7.4700,1.3550,28.5500,31.8600,13.3500,10.8700,3.4400,5.7700,4.4100,8.3000,48.1800,8.4000,1.9700,6.8200,10.4300,17.8400,1.7400,18.1800,11.1600,198.0900,64.6000,20.0000,3.2800,4.1200,2.0700,2.8100,65.9700,2.8100,28.7000,2.5200,16.4600,3.7500,2.4000,10.7100,6.7000,1.5900,2.7000,9.7300,4.6400,13.9300,5.9200,3.5100,0.8650,35.6000,1.5700,19.1300,3.7900,12.5000,27.7600,45.3300,4.7300,5.0400,12.0500,2.9700,1.5500,65.7000,152.3400,23.1200,2.8200,2.1000,5.7700,33.3600,113.4100,7.3700,7.2600,3.0000,29.7600,21.7400,40.1100,4.1800,1.1550,4.9400,4.1200,11.5200,11.9300,5.1400,10.9000,8.0900,4.1500,5.3400,6.1900,12.9100,11.5200,1.6700,3.5900,2.3000,2.2200,1.5100,28.4100,2.7000,5.2100,54.3000,2.9500,51.9300,25.8100,35.0800,12.3100,117.4000,2.9200,7342.3999
21/1/2022 0:00,2.8700,1.3600,16.7800,32.9900,0.4150,4.2700,7.2600,1.1400,2.6600,1.7000,1.8100,7.3000,48.6000,5.4100,4.3700,15.0700,4.2200,11.7100,2.2300,20.9800,25.0000,7.3000,12.3500,37.8100,1.9350,0.9300,30.0300,28.1100,9.6300,44.0100,10.0600,41.5000,84.7800,6.5500,24.3600,6.9500,3.5700,8.6400,7.8600,6.8900,1.4300,0.8350,8.8000,45.7000,19.0100,5.8600,2.3200,10.0500,26.9900,23.2000,3.9700,3.5500,21.1000,3.7900,5.9300,6.0500,17.4700,4.8300,4.0500,6.5400,3.0300,193.3200,16.1400,97.3700,20.2000,1.4000,20.1700,264.5200,5.6300,1.3950,4.3900,10.7000,13.0000,4.7500,100.8800,5.4000,12.2900,35.7500,6.3200,4.1100,13.5000,27.8300,6.5900,16.8100,20.9400,12.1100,1.5400,22.6300,5.2100,7.5200,4.0100,5.0300,7.3800,1.4050,27.3000,30.4400,12.8000,10.6900,3.4100,5.6500,4.3600,8.1500,47.7500,8.4000,1.8900,6.6700,10.1800,17.1700,1.6200,17.6000,10.3200,190.6400,63.3500,19.2300,3.2600,4.1500,2.0700,2.7500,63.9600,2.7600,28.3200,2.4800,15.4700,3.6000,2.2700,10.2100,6.5400,1.5100,2.6200,9.8300,4.5100,13.7400,5.6900,3.4700,0.7700,34.2800,1.5450,18.6500,3.5600,11.7300,27.3100,45.3800,4.6800,4.8900,11.7800,2.9300,1.5950,64.5300,146.8300,22.0600,2.7800,2.1000,5.5800,32.7900,108.7200,6.8800,7.0700,2.9500,28.8800,21.2200,38.8500,4.0900,1.1600,4.8600,4.0300,11.3000,11.6200,5.0200,10.5100,8.0900,4.0900,5.1200,6.1000,12.9100,11.4100,1.6300,3.5700,2.2100,2.2100,1.4600,27.5400,2.6600,5.0900,53.0700,2.7700,51.0200,25.1900,34.7500,11.8700,117.3100,2.8000,7175.7998
24/1/2022 0:00,2.8500,1.3400,16.8400,33.1000,0.4200,4.2700,7.1000,1.1400,2.6000,1.6100,1.7050,7.1500,48.9700,5.5800,4.3200,14.7400,4.1300,11.3500,2.2300,20.8000,25.0200,7.1000,12.3200,37.7400,1.9200,0.9100,29.8000,27.7700,9.5700,43.9100,9.9800,41.0500,83.7700,6.4600,24.1000,6.7800,3.5800,8.5100,7.8300,6.9000,1.4150,0.8200,8.7800,45.6000,18.4800,5.9100,2.2000,10.0400,27.3200,22.9400,4.0100,3.5100,21.5500,3.8200,5.8100,5.9700,17.6800,4.8700,4.0600,6.5300,3.0000,193.1000,16.3300,97.4400,19.7200,1.4050,20.7900,262.5700,5.6000,1.3700,4.3600,10.7700,12.8600,4.7700,103.4100,5.4200,12.1900,36.4100,6.3500,4.0200,13.4300,28.4000,6.4100,16.5600,20.5200,12.2000,1.5000,23.4300,5.1900,7.4200,3.9900,4.9000,7.1000,1.4150,27.3500,30.2500,12.6700,10.6100,3.3500,5.6600,4.3800,8.1500,46.8100,8.2700,1.8550,6.6100,10.3700,17.0700,1.5100,17.1000,9.8400,189.9800,63.4000,19.1200,3.2200,4.1300,2.0600,2.7000,61.7200,2.7600,28.1700,2.4700,15.2900,3.4000,2.2600,10.2200,6.4700,1.4950,2.6200,9.6500,4.4400,14.1100,5.6000,3.4800,0.7450,33.7900,1.5050,18.7800,3.4700,11.3200,27.4800,44.9300,4.5200,4.8200,11.5500,2.9500,1.5900,63.5000,151.0200,21.9000,2.8200,1.8000,5.6100,32.7300,107.9600,6.7400,7.0600,2.9700,29.2300,21.6400,38.9400,3.9400,1.2000,4.8200,4.0500,11.2300,11.3700,5.0500,10.6700,7.1900,4.0500,5.0900,6.0500,12.8400,11.0300,1.6700,3.4900,2.1800,2.1800,1.4300,27.3800,2.6700,4.9400,53.0000,2.6500,51.4300,25.1300,35.0200,11.9100,116.2500,2.7900,7139.5000
25/1/2022 0:00,2.8000,1.3150,16.6100,32.1500,0.3700,4.2700,7.3000,1.1400,2.5000,1.4700,1.6100,7.0000,46.9700,5.5200,4.2000,14.2500,4.1000,11.5100,2.1500,20.2100,24.6600,7.0400,11.7200,37.0700,1.8500,0.8800,29.0100,26.7700,9.4400,43.4200,9.7600,40.4500,81.7100,6.3600,23.3900,6.8300,3.4500,8.3700,7.6100,6.8300,1.3050,0.7700,8.5500,45.0300,18.3300,5.8100,2.0300,9.7800,26.6400,22.2100,3.8800,3.2800,21.5400,3.7600,5.5700,5.6900,16.5800,4.7400,3.9600,6.3200,2.8800,191.5000,16.2400,95.4500,19.2000,1.3150,20.3300,258.3500,5.4800,1.3000,4.2500,10.2200,12.6000,4.7800,102.2000,5.2200,12.3300,35.3600,6.2600,3.9000,13.1000,27.9500,6.1500,15.9000,19.5000,12.1600,1.4200,22.8800,4.9700,7.1300,3.9100,4.7500,6.9200,1.3650,26.8000,29.8500,11.8400,10.2500,3.2900,5.5300,4.2700,7.8400,45.7500,8.0000,1.7450,6.5700,10.1100,16.9200,1.3600,17.1500,9.2700,185.6200,61.7800,18.2300,3.1400,4.0500,2.0500,2.6800,57.1200,2.6600,27.3500,2.4000,14.8700,3.1600,2.1900,10.0000,6.3400,1.4300,2.5400,9.2800,4.3400,13.5300,5.4100,3.4600,0.6900,32.8900,1.5000,18.4000,3.2500,11.2500,26.5500,44.1500,4.5000,4.6600,11.0300,2.8800,1.5150,62.8000,147.0700,21.2500,2.7500,1.7550,5.3100,32.6600,107.0800,6.5100,6.7200,2.8700,28.8200,21.0300,37.9800,3.7400,1.1600,4.7000,4.0700,10.9800,11.3100,5.0000,10.4200,6.6200,3.9300,5.4500,5.9400,12.6300,10.9200,1.6100,3.3900,2.1100,2.1400,1.4300,26.6100,2.6300,4.7500,52.5500,2.6300,48.0400,24.1300,34.4100,11.4000,112.1900,2.7400,6961.6001
27/1/2022 0:00,2.7400,1.3250,16.3400,31.2200,0.3600,4.2700,7.0400,1.1400,2.5500,1.4250,1.5050,7.1800,44.8600,5.4100,4.3300,14.1500,4.0500,11.3100,2.0800,20.1600,23.9900,7.0000,11.2600,34.4500,1.8150,0.8700,29.1100,27.0700,9.6000,41.5300,9.6700,38.6200,81.0700,6.4000,23.3200,6.7600,3.4500,8.3800,7.5600,6.5600,1.4200,0.7200,8.5700,45.6700,17.7600,5.6800,1.8650,9.6300,25.7600,21.7200,3.8600,3.1100,20.4700,3.7000,5.5900,5.8300,16.1600,4.7000,3.9100,6.2800,2.7800,182.0600,15.7400,93.7800,19.3300,1.3150,19.8400,249.4300,5.4000,1.1650,4.1700,10.1900,12.0500,4.4500,95.6700,5.1800,11.7700,36.2000,6.1800,3.4600,12.7800,26.8800,6.0600,15.5000,19.4800,11.8200,1.3750,22.0300,4.8500,7.0800,3.7900,4.6700,6.4000,1.3050,25.3600,27.5400,11.7400,10.1400,3.2400,5.3300,4.2700,7.5900,43.8800,7.5000,1.8450,6.4600,9.8500,16.1300,1.3650,16.8200,8.9900,179.8000,59.0100,18.4100,3.1700,3.9000,2.0100,2.7000,53.9400,2.5000,27.2500,2.3400,14.2400,3.0000,2.2500,9.8200,6.2800,1.4500,2.4200,8.5200,4.2900,13.4000,5.4000,3.4100,0.6800,32.6900,1.4850,17.9500,3.1600,10.7600,27.1000,41.7800,4.5000,4.5500,10.9700,2.8200,1.4300,60.6200,135.1500,20.2100,2.7100,1.7500,5.0800,31.4000,109.2900,6.6100,6.9600,2.8200,26.9300,21.0100,37.1900,3.8200,1.1000,4.6100,3.9000,11.0200,11.0600,4.8600,10.0000,6.4300,3.8800,5.2400,5.7300,12.1200,10.6800,1.5850,3.4900,2.0700,2.1200,1.4000,26.4000,2.6300,4.6100,50.6100,2.6300,43.3100,24.7300,33.7000,11.5200,104.6900,2.7200,6838.2998
28/1/2022 0:00,2.8600,1.3200,16.8100,31.2400,0.3800,4.3800,7.0000,1.0600,2.5600,1.4000,1.4650,7.0100,45.9400,5.0700,4.0200,14.3500,4.0700,11.2300,2.1300,20.6300,24.5000,7.0600,11.8000,34.8400,1.8300,0.8900,28.9500,27.4700,9.7400,42.7700,9.8600,39.7500,83.3800,6.5000,23.2700,6.6500,3.4700,8.5500,7.7100,6.8000,1.4250,0.7500,8.7200,46.9200,18.2700,5.9500,1.9550,9.8900,27.5200,22.4700,3.9300,3.0800,21.3700,3.8200,5.6900,6.3400,16.4500,4.7800,3.9800,6.4500,2.8700,185.4800,16.5300,95.6700,19.1200,1.3500,20.3100,257.5100,5.4800,1.1150,4.2700,10.2700,12.6300,4.6100,99.5200,5.4000,12.5800,36.7500,6.3400,3.4500,13.5400,26.9800,6.1100,15.9800,19.4500,12.1300,1.3800,22.9300,4.9200,7.2800,3.8400,4.7900,6.7000,1.3050,27.2600,28.6100,11.8500,10.1800,3.2500,5.3700,4.2800,8.2400,45.2400,7.3700,1.8550,6.9600,9.9300,16.5200,1.3950,17.2000,8.9200,186.9000,59.8000,18.5600,3.1600,4.0000,2.0300,2.7500,53.8500,2.5400,27.6500,2.4300,14.9900,3.2600,2.2800,10.3900,6.6300,1.4400,2.5300,8.4100,4.3800,13.6900,5.5300,3.4600,0.7050,33.3100,1.4700,17.9500,3.2200,11.3600,28.4000,44.8000,4.6500,4.7300,11.1100,2.9100,1.3150,62.2900,142.0000,20.9400,2.7900,1.7200,5.1700,31.2500,113.7600,6.6500,7.0300,2.8800,28.0200,21.6400,37.8000,3.8600,1.0850,4.7000,3.9100,11.1600,11.4300,4.8500,10.2400,6.2400,3.9600,5.2100,5.7700,12.5500,10.5600,1.6050,3.6000,2.1100,2.1600,1.4150,27.0300,2.7000,4.7300,52.7400,2.6800,43.1900,24.8400,34.8900,11.5200,109.8600,2.7700,6988.1001
31/1/2022 0:00,2.9200,1.3500,16.8200,26.7600,0.3850,4.3800,7.3600,1.0700,2.7700,1.5200,1.4650,7.1400,47.0600,5.2500,4.1800,14.2100,4.0600,11.3500,2.1900,20.3000,24.2000,7.1000,11.7300,35.7000,1.8850,0.8750,29.7300,26.5300,9.5600,46.1500,9.9300,40.3500,83.1900,6.5100,23.0500,6.7000,3.5200,8.5600,7.6400,7.0000,1.4800,0.7700,8.5800,46.3500,18.2800,5.8700,2.0000,9.6700,28.5000,22.5500,3.9700,3.1600,22.0400,3.8000,5.7200,6.4500,16.7600,4.8200,4.0100,6.4400,2.8800,192.5500,16.2000,93.7400,19.4900,1.3600,20.7900,260.3500,5.5900,1.1300,4.2800,10.2500,12.7100,4.6900,103.4000,5.4100,12.7400,36.3000,6.2800,3.5000,13.4500,26.3500,5.9500,16.5400,19.8700,12.3300,1.3300,23.1900,4.9900,7.2800,3.9200,4.9100,6.5200,1.3650,27.1600,29.2900,11.7500,10.3400,3.2800,5.5100,4.2400,8.1600,45.9900,7.7100,1.9100,7.0300,9.9300,16.7700,1.4200,17.6500,8.9500,183.6200,62.0000,18.6100,3.0900,3.9500,2.0400,2.8000,55.4100,2.6100,27.1300,2.4600,15.1300,3.4400,2.2700,10.6700,6.2300,1.4300,2.6200,8.2900,4.4500,13.8600,5.6200,3.4600,0.7200,32.7000,1.4550,18.5700,3.2000,11.2800,28.8000,45.1000,4.6200,4.7800,11.1300,2.9100,1.3350,62.7900,145.1000,21.7400,2.8100,1.7000,5.1700,31.9000,111.5600,6.6900,7.1400,2.9200,28.9900,21.6800,37.9100,3.8500,1.1000,4.6300,4.0400,11.0400,11.6300,4.9200,10.4300,6.7900,3.9200,5.2500,5.9000,12.4500,10.6000,1.6300,3.5700,2.1400,2.1600,1.4350,27.3100,2.7100,4.8700,52.7100,2.6800,45.3000,25.0700,34.4200,11.5500,112.9100,2.8200,6971.6001
1/2/2022 0:00,2.8600,1.3650,16.9600,26.6700,0.3800,4.3800,7.3600,1.0650,2.6200,1.5800,1.5300,7.2500,46.6600,5.1500,4.2200,14.3000,4.0700,11.2400,2.2000,20.4000,24.1000,7.2800,11.9100,36.9500,1.8800,0.9200,30.0500,26.5300,9.8200,46.7500,9.9400,40.9100,83.7300,6.6300,23.5900,6.7000,3.5700,8.6600,7.8200,6.9800,1.4700,0.7750,8.7200,44.9300,18.5000,6.2100,2.0200,9.4300,29.0900,22.5600,4.0100,3.2400,22.5800,3.9200,5.8800,6.3400,16.9100,4.8900,4.0400,6.4800,2.9000,195.0000,16.3200,93.9300,19.7600,1.3600,21.3100,261.5500,5.6400,1.1800,4.4600,10.1900,13.3600,4.7600,104.4000,5.4600,12.8300,36.7000,6.3700,3.5700,13.5600,27.0500,6.0300,17.3400,19.7300,12.4900,1.3150,23.5600,4.9700,7.3800,3.9600,4.8900,6.5500,1.4150,27.5500,29.6300,11.7900,10.5600,3.3100,5.4600,4.3400,8.3700,46.4700,7.6200,1.8950,7.0900,9.8900,17.0300,1.4650,17.9800,8.9100,188.6200,64.4100,19.4600,3.1900,4.0100,2.0500,2.8700,57.4000,2.6100,27.6400,2.4800,15.2500,3.9400,2.3400,10.4900,6.3800,1.4500,2.6800,8.4700,4.5800,14.1600,5.8400,3.4800,0.7200,33.9400,1.5000,19.2500,3.2600,11.4900,29.3500,46.7100,4.5000,4.9000,11.3800,2.9000,1.3400,64.3400,145.4800,21.2600,2.8700,1.7600,5.1100,32.6900,108.9000,6.7100,7.1800,2.9300,29.1100,22.2000,38.2900,3.8300,1.1500,4.7400,4.0400,11.2200,11.7600,5.0000,10.5700,7.0800,3.9400,5.2500,5.8800,12.7200,10.8100,1.6350,3.5800,2.1800,2.1600,1.4500,27.4200,2.7600,5.0700,52.8000,2.7500,46.0200,25.0600,34.5700,11.2800,113.9800,2.8400,7006.0000
2/2/2022 0:00,2.9800,1.4200,16.3600,25.9700,0.3900,4.4400,7.5000,1.0650,2.5900,1.6000,1.5700,7.2700,47.5800,5.1500,4.3300,14.8700,4.1000,11.4200,2.1800,20.6000,23.9800,7.2500,12.0800,37.0200,1.9050,0.9500,30.5000,26.8900,9.9300,47.0100,10.0000,41.2900,84.4400,6.7900,23.7800,7.0600,3.6300,8.6900,7.8500,6.9500,1.5100,0.7650,8.7800,45.6400,19.1900,6.4500,2.1200,9.3900,28.9700,22.9800,4.0100,3.2600,22.6200,3.9300,5.9500,6.7300,17.0400,4.9000,4.0800,6.5100,2.9300,198.4800,16.4900,94.7400,20.6600,1.3950,21.4400,262.4200,5.7500,1.2000,4.5000,10.2600,13.2200,4.9000,104.2500,5.5000,12.6300,37.0100,6.3400,3.6200,13.9200,27.5600,6.1200,17.6400,20.4600,12.3900,1.3300,23.7400,4.9800,7.5300,3.9700,4.9800,6.5500,1.3750,27.6800,29.6400,12.1400,10.5000,3.4000,5.3900,4.3500,8.3900,47.6500,7.7100,2.0400,7.2000,10.1000,17.2200,1.4750,18.2000,9.2400,192.4300,64.8000,19.9500,3.1500,4.1100,2.0300,2.9100,58.6500,2.6200,27.8700,2.5100,15.6100,3.8800,2.3900,10.6400,6.3600,1.4700,2.7200,8.6000,4.6500,14.5000,5.6900,3.5700,0.7450,34.3500,1.5450,19.4200,3.4100,11.7400,29.6500,47.8700,4.6200,5.0200,11.7300,2.9300,1.3650,65.0000,145.4900,20.9400,2.8500,1.8000,5.2300,32.8000,111.4300,6.8300,7.3900,2.9600,29.6100,22.4000,38.3600,3.9300,1.1500,4.7500,4.0600,11.2200,11.9100,5.1100,10.8600,7.4500,3.9800,5.3300,5.8600,12.8200,10.8000,1.6450,3.6300,2.2300,2.1800,1.4600,27.7600,2.7700,5.2000,53.6400,2.8100,46.2800,25.8900,34.7700,11.8400,115.3700,2.8500,7087.7002
3/2/2022 0:00,2.9900,1.4550,16.8500,25.8700,0.4100,4.4500,7.6000,1.0500,2.7100,1.6600,1.6100,7.3100,46.3700,5.4200,4.3800,14.8800,4.1600,11.4500,2.1400,21.0700,24.0000,7.2000,11.8300,34.4500,1.9050,0.9400,30.2700,27.0700,10.2000,45.9900,10.0200,41.0900,84.3100,6.8000,24.0300,7.0100,3.6600,8.7000,7.9500,6.8500,1.4700,0.7700,8.8000,47.0500,18.8600,6.5300,1.9800,9.3600,28.6600,22.6700,4.0200,3.2300,22.5200,3.8500,5.9100,6.7800,16.8700,4.9000,4.0800,6.4500,2.8600,195.9600,16.6100,93.4400,20.2900,1.3650,20.3300,257.4600,5.6500,1.2100,4.5500,10.1900,12.9000,4.8400,103.3300,5.4800,12.4000,36.3000,6.2900,3.6100,13.8000,27.7000,6.0400,17.5500,21.1300,12.5600,1.3650,23.7300,4.9900,7.2500,4.0000,4.9700,6.5200,1.3600,25.5300,29.0600,11.9300,10.4800,3.3800,5.4700,4.3700,8.1500,47.2200,7.7000,2.0400,7.1200,10.0200,17.1900,1.3750,17.7000,8.8500,189.4600,64.1000,18.4600,3.1600,4.1300,2.0600,2.8700,58.6500,2.6000,27.9100,2.5300,15.0900,3.9000,2.3800,10.2800,6.4400,1.4150,2.6700,8.5100,5.5900,14.6300,5.8300,3.5300,0.6900,34.7200,1.5050,19.1200,3.2900,11.4700,29.5000,45.5600,4.6400,4.9500,12.0300,2.8600,1.3550,64.4400,144.0300,20.5000,2.8400,1.7800,5.1900,33.2000,114.1400,6.8000,7.3800,2.9500,29.4400,22.2900,38.2700,3.9800,1.1600,4.7100,4.0300,11.2900,11.8100,5.0900,10.1400,7.1900,4.0300,5.2600,5.7900,12.7400,10.8000,1.6450,3.6800,2.2000,2.1800,1.4600,27.1100,2.7700,5.1200,53.5500,2.7800,42.5900,25.9800,34.7500,11.5200,109.6400,2.7800,7078.0000
4/2/2022 0:00,2.9100,1.4700,16.6600,25.9800,0.4000,4.4500,7.4700,1.0600,2.6900,1.6900,1.6300,7.2300,47.6400,5.4600,4.3800,15.1000,4.1700,11.2600,2.2000,21.5200,23.9500,7.3800,11.8800,34.4400,1.9350,0.9550,30.3700,27.0900,10.1600,44.3300,9.9000,41.4000,84.5600,6.8500,24.3000,6.9800,3.6600,8.5700,7.9700,6.9300,1.4950,0.7750,8.8300,46.8100,19.1600,3.8000,2.0400,9.5500,28.8600,22.7200,4.0300,3.2500,22.2400,3.8700,5.9600,6.9200,16.7300,4.9000,4.0800,6.5100,2.8700,194.7100,16.7400,94.1000,20.5300,1.3900,20.5800,258.7900,5.6700,1.1800,4.5900,10.2300,13.0700,4.7500,104.0600,5.5500,12.6100,37.4600,6.3500,3.6400,13.9600,27.5700,6.0100,17.5700,21.3400,12.6300,1.3800,23.7400,4.9800,7.2100,4.0300,5.0800,6.5000,1.3650,25.6800,29.4600,12.0700,10.4000,3.3900,5.4600,4.3800,8.3700,48.1200,7.6100,2.0200,7.1700,10.1600,17.5100,1.4600,17.7100,8.9200,192.3400,64.2600,18.5100,3.1600,4.1700,2.0500,2.8900,58.1000,2.6000,27.9100,2.5100,15.1300,3.7800,2.4200,10.3300,6.5200,1.4300,2.7500,8.5400,5.5200,14.8400,5.9000,3.5600,0.7100,35.1200,1.5300,19.1700,3.3100,11.3100,29.6100,45.5800,4.6200,5.1900,12.2200,2.8900,1.3750,64.5500,143.4500,20.5600,2.8500,1.8050,5.2100,33.7000,114.6100,6.8400,7.4500,2.9600,28.3100,22.2600,38.3600,4.1100,1.1700,4.7200,4.0800,11.2600,12.1400,5.2000,10.2100,6.8100,4.0500,5.3200,5.8500,12.9500,10.6700,1.6450,3.8300,2.2000,2.2200,1.5000,27.3600,2.7800,5.1900,53.7200,2.8300,43.6400,26.2700,35.0500,11.7800,111.4500,2.8100,7120.2002
7/2/2022 0:00,3.0200,1.4800,16.3400,25.8200,0.4050,4.4500,7.5400,1.0500,2.7300,1.7200,1.7300,7.2100,48.6000,5.5500,4.3900,15.1900,4.1600,11.1900,2.2000,21.5600,24.1700,7.2600,12.0300,34.5000,1.9500,0.9550,31.1500,26.5700,9.9600,45.1700,9.9100,40.7600,84.2400,6.8500,24.3900,6.9200,3.6500,8.5300,7.9500,7.0800,1.5250,0.7850,8.8800,47.3900,19.0000,3.8700,2.0900,9.4200,28.8200,22.5700,3.9700,3.3400,21.8600,3.8300,6.0300,6.7500,16.3100,4.8600,4.0500,6.3400,2.8800,193.4400,16.5400,94.0000,20.4100,1.4950,22.0200,254.6100,5.7100,1.1800,4.6300,10.0900,13.2800,4.7000,103.7200,5.5400,12.7700,37.8500,6.2800,3.6200,14.0900,27.0900,5.8600,18.9400,21.5300,12.7000,1.3750,23.2900,4.9600,8.1000,4.0300,5.0700,6.4900,1.3750,26.2900,30.7000,12.0100,10.8700,3.3900,5.4000,4.4400,8.3400,48.2100,7.6700,2.0200,7.1400,10.1800,17.8400,1.4350,17.8400,9.1600,194.0200,63.4900,16.4300,3.1400,4.1600,2.0400,2.8600,58.9900,2.5600,27.5700,2.4500,14.8900,4.2700,2.4500,10.1400,6.5100,1.4650,2.8000,8.3900,5.5300,14.9300,6.0400,3.5100,0.7200,35.0900,1.5300,18.9000,3.3500,10.9600,29.6300,45.5700,4.6000,5.4300,12.3700,2.8600,1.3950,64.5300,139.9200,20.4100,2.8000,1.7950,5.1700,33.4700,114.6900,6.9500,7.5700,2.9300,27.7700,22.1200,37.9500,4.1500,1.1700,4.8100,4.0200,11.4000,12.1700,5.2300,10.2000,6.8100,4.0300,5.3500,5.8300,12.8500,10.7800,1.6550,3.6900,2.2800,2.2000,1.5000,27.2700,2.7400,5.5100,53.0000,2.8500,44.3000,26.7600,34.3600,11.8900,111.9500,2.9800,7110.7998
8/2/2022 0:00,3.0000,1.5500,16.1400,26.3200,0.4150,4.4500,7.4700,1.0600,2.6800,1.7100,1.7200,7.2500,49.6500,5.5400,4.5500,15.4000,4.1700,11.1900,2.2500,21.8500,23.8000,7.3300,11.8400,34.5300,1.9800,0.9650,31.0400,26.9600,10.0100,45.4900,10.1800,41.4800,85.7900,6.9100,24.7500,6.8800,3.6900,8.5300,8.0600,7.0600,1.5150,0.7900,9.0500,49.1500,18.8600,3.9500,2.0500,9.5200,29.1200,22.6100,4.0100,3.3700,21.6400,3.8000,6.1700,6.9900,16.5300,4.9100,4.1000,6.3500,2.8900,195.3400,16.4400,94.3000,19.9300,1.4600,22.9600,256.9800,5.7000,1.2000,4.5600,10.2000,13.5400,4.7100,102.7700,5.5800,12.9000,37.7900,6.2800,3.6000,14.3500,27.5600,5.9000,20.2100,22.2300,12.9400,1.3800,23.3200,5.0400,8.1900,4.0200,5.1100,6.5000,1.3500,27.3000,31.6500,12.1000,10.8700,3.3600,5.5300,4.5200,8.4300,48.7100,7.8300,1.9650,7.1200,10.0300,18.3300,1.4550,18.3200,9.2000,201.5700,63.5000,17.6100,3.1400,4.2000,2.0400,2.8000,57.8800,2.5700,27.7300,2.4700,15.0700,4.2400,2.4600,10.2100,6.5000,1.4550,2.8000,8.4800,5.6900,14.8500,6.0900,3.5000,0.7150,35.3900,1.4850,18.4000,3.2600,11.0900,29.7100,46.6400,4.5500,5.4900,12.4200,2.9100,1.3950,64.1700,136.6300,20.0200,2.8900,1.8050,5.1500,33.2900,117.1800,6.9600,7.6000,2.9900,27.6600,22.2500,37.8900,4.1900,1.2100,4.7600,4.0300,12.0300,12.4700,5.2600,10.3400,6.9700,4.0600,5.2800,5.9300,12.9700,10.8100,1.6950,3.7800,2.3800,2.2000,1.5000,27.4000,2.7800,5.9200,52.4800,2.9100,44.5300,27.0300,33.8200,11.9100,111.4000,2.9500,7186.7002
9/2/2022 0:00,3.0200,1.5350,16.3800,27.4300,0.4350,4.4500,7.6500,1.0400,2.6900,1.6850,1.6850,7.3000,49.6500,5.5200,4.5600,15.5100,4.1700,11.5300,2.1900,22.3800,24.0000,7.5300,11.8100,36.0000,2.0800,1.0100,31.6900,27.4200,10.1000,45.4700,10.3000,41.6000,86.7100,7.1000,24.7500,7.0000,3.7100,8.3300,8.1900,6.5000,1.5050,0.8150,9.2600,48.3200,19.1300,3.9900,2.0900,9.6400,29.5100,22.7600,4.0000,3.4800,22.0900,3.8600,6.3000,7.0400,16.6500,4.9600,4.1500,6.4800,2.9200,198.1400,16.6200,99.5600,22.1700,1.5000,23.5200,255.6100,5.7600,1.2450,4.5200,10.2600,14.5900,4.8500,104.3200,5.5900,13.3400,38.3100,6.3400,3.6800,14.4100,28.2300,6.0700,20.3200,21.4300,12.9500,1.3950,23.6000,5.0600,8.2100,4.0500,5.1200,6.3000,1.3400,28.0300,30.6700,12.3000,11.0100,3.3700,5.5700,4.5900,8.4000,49.3000,7.9000,2.0000,7.2600,10.2400,18.7200,1.5100,18.6700,9.4000,197.6500,63.5000,18.5900,3.1900,4.2300,2.0500,2.8300,52.7200,2.6100,28.3900,2.5000,15.4400,4.3800,2.5300,10.5000,6.6300,1.4550,2.8400,8.6800,5.7700,14.8500,6.1700,3.5500,0.7400,36.4000,1.5200,18.5000,3.3200,11.4000,29.8800,47.9400,4.6400,5.5200,12.8200,2.9600,1.4350,65.3500,141.2500,20.5100,2.9000,1.8550,5.2800,33.8600,116.5300,7.1500,7.5000,3.0600,28.6800,22.6000,38.7300,4.4200,1.2000,4.8500,4.0900,12.2100,12.4700,5.2500,10.6400,7.0000,4.0800,5.5100,5.9900,13.2800,10.8600,1.7050,3.9000,2.3900,2.2100,1.5100,27.2100,2.8200,6.1000,53.4200,2.9800,46.6500,26.8000,34.4100,11.9800,115.2700,3.0000,7268.2998
10/2/2022 0:00,2.9300,1.5200,16.2900,26.9000,0.4250,4.5000,7.6900,1.0600,2.6600,1.7450,1.7000,7.5900,49.3000,5.5700,4.6000,15.4000,4.2400,11.5000,2.1600,22.6200,23.9000,7.2700,11.9800,36.6400,2.0600,1.0700,32.1600,27.7100,10.0300,46.2700,10.3900,40.8100,83.4100,6.9300,24.5900,6.9000,3.6900,8.3200,8.2600,7.1500,1.5100,0.8300,9.2900,48.2800,19.0100,3.9300,2.2200,9.5700,29.8400,22.6000,3.9500,3.5500,22.0400,3.8700,6.3700,7.0600,16.8500,4.9900,4.1500,6.4700,2.9300,195.6700,16.3900,100.7800,22.7800,1.5150,23.4400,253.7100,5.7900,1.1600,4.6000,10.2700,14.6800,4.7900,105.9900,5.4500,13.2700,38.4000,6.3100,3.7200,14.6500,28.1200,6.0700,20.5300,22.2800,12.7300,1.3850,23.7300,5.0700,8.0300,4.1000,5.1600,6.6000,1.3850,28.0900,31.0300,12.3300,11.2300,3.3400,5.5500,4.5500,8.4200,49.4000,7.8500,1.9700,7.2500,10.2300,18.8400,1.5800,18.7100,9.5400,193.3900,63.1400,19.0500,3.1500,4.2300,2.0400,2.8400,54.6200,2.5500,29.6700,2.5100,15.8000,4.3100,2.5000,10.5200,6.7000,1.4350,2.8700,8.6400,5.6500,14.8200,6.1900,3.5000,0.7900,36.8400,1.5550,17.8000,3.3600,11.2800,29.8800,47.5000,4.6800,5.3900,12.6900,2.9000,1.4150,64.5700,139.5100,20.6400,2.9000,1.8700,5.2100,34.1000,118.9600,7.4300,7.4300,3.0400,28.7500,22.3200,37.8700,4.4000,1.2000,4.8000,4.0800,11.9800,12.6800,5.2400,10.5600,6.8700,4.0500,5.4800,5.9100,13.2400,10.8100,1.7100,4.0200,2.4900,2.2100,1.5250,26.8400,2.8100,6.0800,53.3900,2.9600,46.7000,26.5200,34.1700,11.8600,115.8800,3.0300,7288.5000
11/2/2022 0:00,2.9000,1.4950,16.2500,26.5500,0.4050,4.4500,7.5600,1.0550,2.6600,1.7250,1.6500,7.1900,47.8600,5.1700,4.6100,15.0800,4.1500,11.3000,2.1500,22.7800,23.9000,6.8400,12.3000,34.6500,2.0400,1.0250,31.8400,27.8200,9.8900,43.8700,10.2100,40.3300,82.3000,6.6300,23.9700,6.7800,3.6400,8.2500,8.2200,7.0700,1.4850,0.8100,9.2600,48.8600,18.9000,3.7900,2.0800,9.4700,28.3000,22.0500,3.9000,3.4600,21.5900,3.7600,6.2300,7.1200,15.8500,4.8700,4.0800,6.3200,2.9000,191.4700,16.1400,98.5500,22.8100,1.5100,23.2400,248.5000,5.7400,1.1250,4.5700,10.0700,14.5200,4.6500,103.5300,5.3200,12.9200,37.1500,6.2400,3.6700,14.5500,26.9700,5.9900,20.8300,22.8300,12.7800,1.3600,22.8000,5.0000,7.8500,4.0000,5.1500,6.3400,1.3500,26.7600,28.5300,12.1000,11.1900,3.2500,5.4600,4.7400,8.2700,49.0500,7.7200,1.9000,7.0100,10.1200,18.1600,1.5200,18.0900,9.2700,193.2800,63.7900,18.1100,3.1800,4.1300,2.0400,2.8400,53.2000,2.4700,29.8400,2.4500,15.4000,4.1600,2.4900,10.2300,6.5800,1.4300,2.8000,8.5000,5.5400,14.5800,6.1100,3.3700,0.7400,36.4000,1.4700,17.4200,3.2200,10.9600,28.9300,45.8300,4.6900,5.4000,12.6200,2.8200,1.3800,63.3500,136.1100,19.9300,2.8600,1.8400,5.0500,33.8400,122.3600,7.3100,7.4200,3.0100,28.1200,21.6000,37.1800,4.4200,1.2000,4.7400,3.9600,12.0300,12.4600,5.1600,10.3100,6.3600,4.0200,5.2700,5.8100,12.9200,10.6900,1.6900,3.9900,2.4400,2.2000,1.5200,26.3100,2.7500,6.1000,52.8000,2.9600,45.1100,26.4700,33.7700,11.5800,110.6500,3.1800,7217.2998
14/2/2022 0:00,2.9700,1.4400,16.2800,25.7600,0.3900,4.4500,7.5500,1.0900,2.6000,1.7450,1.5900,7.1100,46.6900,5.5500,4.6100,14.9900,4.1100,10.7400,2.1500,23.8800,23.8900,7.1600,12.0000,33.9700,2.0700,1.0100,32.3500,28.2000,10.0000,41.7600,10.1000,40.2300,82.9200,6.5700,23.9300,6.6900,3.6200,8.1800,8.3800,7.0500,1.6250,0.8700,9.6700,48.3300,18.7900,3.7200,1.9900,9.4200,27.8400,21.8500,3.9100,3.6600,21.7100,3.7400,6.1900,7.1100,15.6500,4.8800,4.0600,6.2600,2.8600,190.0700,16.3200,100.0400,23.0600,1.5350,22.9400,243.5600,5.6400,1.1850,4.6000,10.1600,14.4100,4.6300,101.1400,5.3200,13.0400,35.9300,6.2700,3.9600,14.4400,26.0800,5.8900,20.2500,22.7500,12.5900,1.4300,22.8200,5.0600,7.9300,4.0400,5.2500,6.2000,1.3450,26.3200,27.4600,12.1400,11.6800,3.2900,5.4600,4.7200,8.2500,51.7100,7.8600,1.9850,7.0000,10.0400,18.0000,1.4000,17.7000,8.8600,194.2200,62.1800,18.2300,3.1800,4.1400,2.0400,2.8300,51.1700,2.4900,30.4300,2.4100,14.5600,3.9500,2.5900,10.1100,6.5700,1.4050,2.8000,9.0000,5.4900,14.7200,6.2100,3.2800,0.7250,35.8800,1.5450,17.6800,3.0400,10.6700,29.1000,45.5400,4.7000,5.3100,12.7000,2.8400,1.4850,63.6000,135.4400,19.9600,2.8600,1.9900,4.9600,34.0900,121.5800,7.3200,7.7200,2.9500,27.7800,22.0000,37.5100,4.5300,1.2000,4.6800,3.9200,11.7300,12.6100,5.2000,10.3100,6.1000,4.0600,5.2100,5.8700,12.8300,10.6300,1.7000,4.0100,2.4800,2.1900,1.5000,26.5200,2.7200,5.9000,53.8700,3.1600,45.6500,27.4300,33.9100,11.8500,109.0000,3.3200,7243.8999
15/2/2022 0:00,2.9700,1.4550,16.3000,25.4700,0.3950,4.4500,7.3000,1.0800,2.5500,1.7000,1.5200,7.4700,47.0700,5.3100,4.5800,17.0400,4.1400,10.3500,2.1400,23.0700,25.2000,7.1000,12.0000,34.7200,2.0300,0.9950,32.1900,27.8000,9.7900,42.3700,10.0500,40.1400,82.1500,6.5400,24.2000,6.5800,3.5600,8.1000,8.3700,7.0200,1.4550,0.8850,9.9200,48.1800,18.5900,3.6300,1.9700,10.0000,28.4500,21.9200,3.9400,3.5900,21.7300,3.7500,6.2000,6.8000,15.8800,4.8900,4.0500,6.1800,2.8200,189.6500,16.5500,99.4900,22.8700,1.4650,22.6300,243.0000,5.6700,1.1700,4.5600,10.4300,14.2300,4.5700,102.4400,5.4500,13.1400,35.5500,6.3000,3.9400,14.3200,26.1700,5.8300,19.8500,21.5900,12.2500,1.4200,23.2700,4.9600,7.8400,4.0300,5.3200,6.0800,1.3350,25.4900,27.2800,11.9900,11.2200,3.2400,5.4700,4.7400,8.2500,53.7000,7.8600,1.9050,6.8100,9.9500,17.5700,1.3900,17.4600,8.8300,193.8800,62.9000,18.1200,3.2500,4.1500,2.0700,2.7800,48.4400,2.5200,30.4200,2.3900,14.8500,3.9600,2.4700,10.1800,6.5800,1.3750,2.8000,9.0600,5.5000,14.6300,6.0800,3.3100,0.6950,35.8200,1.5650,17.6000,2.9800,10.5700,28.9000,46.3300,4.5000,5.2200,12.6500,2.7900,1.4450,63.6000,137.9500,20.1500,2.8600,1.9500,5.0500,32.5100,118.7500,7.1300,7.4000,2.9800,29.4700,22.2000,37.3600,4.4400,1.1800,4.7000,3.9400,11.4800,12.6500,5.1400,10.4100,5.8400,4.0600,5.1800,5.7400,12.7700,10.5400,1.6800,3.9400,2.4300,2.1600,1.4800,26.0600,2.7200,5.8000,54.5900,3.0500,45.7700,26.7400,34.2900,11.4900,109.3200,3.2300,7206.8999
16/2/2022 0:00,3.0900,1.4900,16.4700,26.1000,0.4100,4.3500,7.4700,1.0700,2.6200,1.7450,1.5500,7.2200,46.9900,5.5500,4.6300,17.6000,4.1700,10.6000,2.1900,23.2900,26.2300,7.2800,12.4200,35.2200,2.0500,1.0150,32.1800,28.1000,9.9300,43.1000,10.0700,40.9800,82.0300,6.7000,24.3600,6.6300,3.6300,8.2000,8.4200,7.0400,1.4550,0.8900,10.0700,47.3300,18.9200,3.7100,2.0400,10.0100,29.0900,22.3000,3.9800,3.6200,21.7000,3.7600,6.3200,6.8700,16.4300,4.9400,4.1100,6.2600,2.8700,194.0700,16.6200,98.5700,23.1300,1.5050,24.3400,263.6900,5.7800,1.1900,4.5400,10.5900,14.2400,4.6600,105.0300,5.3800,13.6100,36.8000,6.3600,4.0100,14.8000,27.2400,6.2600,21.0000,21.1500,12.3500,1.4200,24.0000,5.0200,8.0500,4.0600,5.3200,6.4100,1.3700,23.4400,28.3400,12.2000,11.4600,3.2900,5.5400,4.7000,8.2700,54.1500,7.7800,1.9500,6.9700,10.1200,18.4600,1.6400,18.0400,9.2800,196.9900,62.4000,18.3300,3.2200,4.2100,2.0600,2.8100,49.3300,2.5800,30.6400,2.4300,13.4000,4.0500,2.5000,10.3400,6.7200,1.3800,2.8300,9.0400,5.6000,14.9300,6.1000,3.5600,0.7400,35.8600,1.5400,17.8900,3.0900,10.8000,29.5400,48.0000,4.6900,5.3600,12.6700,2.8300,1.4250,64.7300,138.5900,20.4400,2.8900,1.9400,5.1100,33.2200,118.5600,7.3300,7.1900,3.1500,29.0100,22.3400,38.0200,4.4500,1.1650,4.7500,4.0700,11.5200,12.8100,5.1500,10.4500,6.1100,4.0700,5.2900,5.8100,12.8800,11.7700,1.8650,3.9600,2.4500,2.1800,1.4900,26.1600,2.7400,6.0800,54.9200,3.0700,47.0000,26.6300,34.5500,11.5700,109.0400,3.3600,7284.8999
17/2/2022 0:00,3.1600,1.4750,16.5100,26.2300,0.4000,4.4500,7.4800,1.1000,2.6200,1.7500,1.5250,7.4100,46.6900,5.5500,4.7100,18.1300,4.1600,10.6500,2.1500,23.4900,26.9900,7.2800,11.9300,34.9400,2.1000,1.0050,32.1300,28.2200,10.0200,42.7900,10.0500,40.3000,82.0400,6.6800,23.9900,6.6800,3.6800,8.1600,8.4700,6.9100,1.4800,0.9250,10.1200,47.9700,19.0300,3.7300,2.0100,10.1000,30.1000,22.1400,4.0400,3.6700,21.1800,3.8300,6.7400,6.7500,16.5800,4.9800,4.1400,6.2300,2.9900,192.8000,16.6300,98.8100,23.2200,1.5050,24.1400,277.0000,5.7400,1.2050,4.5100,10.7200,14.3300,4.3700,103.1700,5.4000,13.3200,38.3000,6.5900,4.0800,14.6300,27.1400,6.3600,20.6900,20.5000,12.1900,1.4500,23.9800,4.8600,7.9700,4.1400,5.2500,6.4400,1.3700,23.8200,27.9600,12.2200,11.4100,3.2600,5.5700,4.7500,9.0300,53.3100,7.6300,1.9500,7.0200,10.3900,17.4800,1.5550,17.4500,9.0600,195.6500,62.8800,18.3200,3.2100,4.1300,2.0500,2.7900,48.0600,2.6100,30.8500,2.4800,13.3000,3.9000,2.4800,10.1400,6.6100,1.3550,2.7500,9.4400,5.6400,14.9600,6.1600,3.7300,0.7250,36.1500,1.5850,17.7500,2.9200,10.6800,29.3000,45.1100,4.7000,5.3900,12.6500,2.8100,1.4450,64.9100,136.0600,20.3900,2.8900,1.9850,5.0700,32.8300,119.9400,7.3000,7.0700,3.1800,28.5900,22.3000,38.1000,4.5000,1.2000,4.7500,4.1200,11.5300,12.7400,5.3600,10.2700,5.9500,3.9000,5.3000,5.8000,13.0800,11.9400,1.9000,3.8700,2.5000,2.1900,1.4950,25.8000,2.7800,5.9400,50.8100,3.0200,45.2600,27.7200,34.4700,11.7000,105.8200,3.2600,7296.2002
18/2/2022 0:00,3.1100,1.4800,16.5200,26.4800,0.4350,4.4500,7.5800,1.1100,2.6100,1.7500,1.5250,7.3000,46.1700,5.6600,4.7400,18.3200,4.1900,10.7500,2.1300,23.5300,25.9900,7.1600,12.0100,34.4800,2.1200,1.0200,31.2500,28.1500,9.9000,42.9600,9.8600,39.8400,81.9100,6.6500,23.5700,6.6500,3.7100,8.2200,8.4300,6.8900,1.4900,0.9450,10.1200,47.9600,19.0800,3.7100,2.0700,10.1300,30.0600,21.9900,4.0200,3.7300,20.6500,3.7700,6.7300,6.6800,16.1600,5.0100,4.1400,6.2400,2.9100,191.0800,16.5500,97.7500,22.8000,1.4900,23.8500,265.5700,5.7400,1.2450,4.4700,10.6700,14.4000,4.2000,101.4000,5.4300,13.4100,38.2500,6.5100,4.1400,14.5700,26.7000,6.2900,20.5400,19.8500,11.9900,1.4600,23.0600,4.9500,7.9700,4.1600,5.2100,6.4000,1.3450,23.2100,27.4900,12.2500,11.3900,3.0600,5.5200,4.7600,8.7800,53.6600,7.6200,1.9250,6.9000,10.3100,17.0100,1.5600,17.0600,8.9200,191.1100,62.4000,21.7000,3.2400,4.0900,2.0500,2.7600,47.7600,2.5800,30.5800,2.4700,14.0600,3.8600,2.5500,10.0900,6.6400,1.3600,2.7100,9.5800,5.4900,14.8500,5.6500,3.6800,0.7250,35.9500,1.6400,17.3800,2.9700,10.5800,29.2300,43.9900,4.6900,5.3100,11.5500,2.7800,1.4950,64.2600,133.6700,20.2800,2.8900,1.9900,5.0900,32.5500,119.2500,7.3600,7.0000,3.1800,27.2000,22.2800,37.6000,4.5700,1.1975,4.7000,4.1200,11.4200,12.8500,5.2500,10.1400,5.7300,3.9100,5.3000,5.7900,12.9100,11.9500,1.8950,3.8500,2.4900,2.2000,1.5050,25.5700,2.7500,5.8900,50.4100,3.1400,45.3900,27.4400,34.0100,11.8600,103.0000,3.3400,7221.7002
21/2/2022 0:00,3.1600,1.4750,16.5600,25.6900,0.4050,4.4500,7.9800,1.0900,2.6400,1.6900,1.5100,7.3700,46.0300,5.6600,4.7400,18.2800,4.3000,10.3000,2.1300,23.8500,25.4400,7.9200,12.0800,32.4400,2.1300,1.0250,30.2700,28.1700,10.1700,42.2900,9.8800,39.0000,83.4900,6.6100,23.4800,6.5900,3.7400,8.1600,8.4500,6.8000,1.4800,0.9200,10.1600,48.2400,18.8300,3.7100,1.9800,10.2300,29.3200,22.0500,4.0900,3.6300,20.7800,3.8200,7.0700,6.6800,16.4100,5.0800,4.1700,6.8600,2.9200,190.2500,16.7400,98.0900,22.7000,1.5200,23.9300,263.5400,5.7600,1.1950,4.4900,10.8600,15.0000,4.1900,102.4100,5.4200,13.4900,38.0000,7.1800,4.2200,15.3000,26.1800,6.3800,20.6100,19.6100,12.0900,1.4800,22.7600,5.0200,7.9200,4.2300,5.2500,6.2900,1.3650,23.5400,27.0900,11.4700,11.2500,3.1300,5.5100,4.8200,8.7200,53.7300,7.6000,1.8500,6.9400,10.3100,16.9000,1.4850,16.0700,8.7900,190.7100,62.0000,21.4400,3.2600,4.1500,2.0500,2.7600,47.3600,2.5900,30.7500,2.5000,14.5200,3.9400,2.5200,10.1400,6.6300,1.3400,2.6900,9.7100,5.5300,15.0000,5.7400,3.7400,0.7000,36.4000,1.6500,17.2300,2.9300,10.7100,28.9800,43.0400,4.7000,5.3100,12.1000,2.7900,1.5250,63.9700,134.3500,20.3800,2.9300,2.0300,5.1300,31.8300,120.2000,7.3000,6.8700,3.2300,27.3100,22.3600,36.2500,4.5600,1.2000,4.7400,4.1200,11.4400,11.6300,5.1600,10.1300,5.5500,3.9700,5.8900,5.9700,12.8200,11.9700,1.8700,3.8500,2.4600,2.2000,1.5050,25.7200,2.7600,5.9300,50.2500,3.1700,44.5500,28.1900,34.4900,11.9400,101.6700,3.3000,7233.6001
22/2/2022 0:00,3.1200,1.4550,16.3400,25.5900,0.3700,4.4500,7.9300,1.1000,2.6200,1.6100,1.4000,7.3000,45.8400,5.5700,4.9000,18.3600,4.2400,10.3000,2.0600,23.5600,25.3400,7.8500,11.7100,31.5400,2.0600,0.9800,30.0000,27.8900,10.1500,41.6200,9.7100,38.2200,82.9300,6.5300,22.2200,6.5100,3.6700,8.1100,8.3400,6.7000,1.5300,0.9250,10.0900,47.8100,19.2400,3.6100,1.8350,10.1300,28.8200,21.6800,4.0600,3.7400,20.4000,3.7300,7.0800,6.5000,16.1500,5.0300,4.1000,6.6800,2.8800,207.3700,17.2700,96.0400,22.1900,1.5000,22.8300,266.9800,5.7200,1.1800,4.4300,10.6800,14.2900,4.0300,100.1800,5.2200,13.7100,38.3300,7.4100,4.3400,14.6400,26.2000,6.3500,19.5000,19.3200,11.8300,1.4850,22.2400,4.9400,7.9100,4.1200,5.1500,6.1400,1.3650,24.6800,26.6500,11.0500,11.0900,3.1400,5.2700,4.8600,8.3000,52.9200,7.3400,1.9000,6.8400,10.7700,16.1000,1.3250,15.5800,8.6900,187.2800,61.0000,20.9600,3.2300,4.1800,2.0500,2.7200,45.5800,2.5800,30.2700,2.4900,14.1500,3.6000,2.4500,10.0600,6.7800,1.3400,2.6500,10.1600,5.5700,15.0500,5.7600,3.7400,0.6600,35.6100,1.6300,17.0100,2.7900,10.1500,28.0800,43.7600,4.5200,5.1500,12.0600,2.7700,1.5500,64.6300,134.2100,20.2500,2.8900,1.9700,4.8000,31.8200,118.5000,7.1100,7.0900,3.1600,26.8700,21.6700,35.4900,4.4100,1.2000,4.6800,4.0200,11.4300,11.3500,5.0400,9.9600,5.1300,3.9300,5.7000,5.8200,12.7400,12.0400,1.8350,3.7400,2.4400,2.1700,1.4700,25.6300,2.7100,5.5700,48.4000,3.0900,42.7900,29.2500,35.2000,11.8000,98.4900,3.1800,7161.2998
23/2/2022 0:00,3.1300,1.4800,16.2100,25.8700,0.3900,4.6000,7.7200,1.1100,2.6200,1.5600,1.4500,7.4200,45.8900,5.3100,4.8500,18.4800,4.3100,11.0000,2.1800,23.6900,24.0000,7.6500,11.9900,33.2900,2.0100,0.9850,30.4600,27.6300,10.0100,42.4400,9.8500,38.8400,84.8900,6.6200,22.2100,6.6400,3.7600,8.1300,8.3800,6.7500,1.5100,0.9200,10.1300,48.1000,19.5400,3.6400,1.9850,10.1200,28.7900,21.5900,4.0600,3.7000,20.6100,3.7600,7.1000,6.6300,16.2700,5.0500,4.1400,6.7400,2.8500,218.0000,17.8500,96.6900,22.2500,1.5600,23.3000,268.8900,5.7300,1.1650,4.4300,10.6700,14.4500,4.1100,86.1300,5.1000,14.0000,37.9000,7.3400,4.1900,14.9900,26.4900,6.3800,20.1300,19.3600,11.9500,1.4800,22.2800,4.8300,8.0800,4.1200,5.1300,6.1400,1.3600,27.1100,26.7100,11.3600,10.9900,3.1300,5.2900,4.9200,8.3400,50.1500,7.5000,1.9600,7.2700,10.7300,16.5200,1.4200,16.5500,9.1400,186.5000,61.8900,20.4500,3.2600,4.2100,2.0500,2.7300,46.7300,2.5600,30.1300,2.5000,14.2500,3.8800,2.5300,10.2000,6.8100,1.4500,2.7100,10.0000,5.5800,15.0100,5.8200,3.7300,0.7200,35.9500,1.5900,19.3800,2.8500,10.4900,28.3500,46.0100,4.7900,5.3500,12.2600,2.8100,1.4850,64.5600,135.2300,20.2100,2.9000,1.9150,4.7600,32.7100,119.8700,7.1900,7.1300,3.0200,27.6800,22.8700,35.6100,4.5600,1.1900,4.9200,4.1600,11.6600,11.3000,5.0700,10.0000,5.0700,4.0200,5.6900,5.8700,12.7500,11.8900,1.8400,3.7000,2.4200,2.1900,1.4950,25.6700,2.7300,5.6900,48.8400,3.1800,44.5800,28.8600,35.6800,12.4100,98.6000,3.2500,7205.7002
24/2/2022 0:00,3.0100,1.4300,16.0000,25.4100,0.3650,4.6000,7.5900,1.1200,2.5600,1.5450,1.4000,7.1000,43.6000,5.2000,4.4000,17.6800,4.3000,10.7900,2.2200,23.1300,24.8800,7.6000,11.4900,31.8700,1.9500,0.9400,29.9800,26.6800,10.0400,40.6800,9.7500,36.7000,82.4100,6.4200,21.3300,6.4400,3.6300,8.0700,8.1100,6.5800,1.5500,0.9200,9.8900,44.7700,19.0900,3.5800,1.8800,9.8900,27.1800,21.1100,3.9800,3.8200,20.0100,3.6700,6.9200,6.2100,15.9800,5.0200,4.0900,6.6700,2.7900,214.9000,17.8000,94.7100,21.3500,1.5850,21.9500,264.7900,5.5600,1.1550,4.3300,10.5500,13.7000,3.9800,80.5200,4.9500,13.2100,37.0700,7.2400,4.3900,14.5000,25.7400,6.2400,18.0900,18.5500,11.6900,1.5400,21.6800,4.7100,7.8800,4.1000,4.9900,6.0500,1.4000,26.7500,25.2900,10.9900,10.5600,3.0500,5.0200,4.8500,8.1600,49.0700,7.0000,1.9400,7.3900,10.5300,16.3200,1.3000,18.5000,8.9500,177.4000,60.8000,19.7800,3.1700,4.1900,2.0500,2.6800,43.7200,2.5600,29.3800,2.4400,13.6600,3.7200,2.5100,10.5500,6.6500,1.4450,2.7400,10.5900,5.4000,14.4900,5.6900,3.7000,0.6850,35.5200,1.7850,18.9400,2.6200,10.0100,27.5000,44.3500,4.8000,5.0800,11.8200,2.8200,1.5550,64.6600,131.5600,19.1700,2.8400,1.9750,4.4400,32.0100,115.3500,7.0900,7.1000,2.9900,26.2500,22.1600,35.5200,4.5400,1.1800,4.8100,4.1600,11.4200,10.8200,4.9500,9.7500,4.8400,3.9500,5.3400,5.7100,12.6000,11.7000,1.7900,3.4500,2.4300,2.1600,1.4800,25.0400,2.6700,5.3200,47.7500,3.1700,41.2500,28.0800,35.6900,11.8200,93.2100,3.2500,6990.6001
25/2/2022 0:00,3.2400,1.4100,15.7200,25.5100,0.3650,4.9500,7.2000,1.1350,2.6100,1.5600,1.4750,7.2800,44.6300,5.3500,4.6100,17.8800,4.3000,11.2900,2.3100,22.8300,24.2100,7.4900,11.7400,32.7400,1.9250,0.9600,29.1500,26.1000,10.0000,41.3200,9.6200,37.3800,82.2700,6.5700,21.6000,6.6000,3.6300,8.0100,8.0000,6.4600,1.5050,0.9150,9.5800,44.6900,19.0500,3.5600,2.1300,9.8100,27.4000,21.2000,3.9700,3.6700,20.4000,3.6900,6.8900,6.2600,16.5700,5.0800,4.1100,6.6200,2.8200,216.5000,17.4900,93.8800,21.6600,1.6100,22.2900,261.3300,5.6200,1.1000,4.3200,10.6400,13.7900,4.0300,82.2000,4.9800,13.9400,37.1000,7.0400,4.1900,14.5600,25.9500,6.2900,18.1800,18.6000,11.6600,1.4550,22.2100,4.8400,8.0000,4.1000,5.1500,6.4500,1.4350,27.0000,25.6700,10.9200,10.1500,3.0500,5.0700,4.7900,8.2600,49.0600,7.0400,1.9800,7.3800,10.7400,16.8300,1.4300,19.8600,9.5700,180.0200,62.8000,17.7800,3.0500,4.1000,2.0500,2.6800,44.8300,2.5500,28.9100,2.5400,13.9200,3.8900,2.6000,10.6900,6.4500,1.5400,2.7700,10.0000,5.4500,14.4300,5.7100,3.6700,0.7700,36.1500,1.7400,18.8600,2.7400,10.3400,27.7900,45.9100,4.8000,5.0600,11.7800,2.9700,1.4950,64.3700,133.1700,19.7000,2.8600,1.8700,4.7200,32.8200,114.5400,7.0000,7.1500,3.0400,26.9800,22.0800,34.9800,4.6200,1.2000,4.7000,4.1500,11.1300,10.9100,4.9700,9.9600,5.1900,3.9400,5.4000,5.5600,12.6600,11.6200,1.7950,3.4800,2.4000,2.1700,1.5000,25.2800,2.7000,5.5000,47.9000,3.1900,43.5000,27.9500,35.7600,11.9900,96.2100,3.4900,6997.7998
28/2/2022 0:00,3.3000,1.4000,15.8600,25.7000,0.3700,5.0000,7.6700,1.1200,2.5700,1.6050,1.4650,7.4400,44.6500,5.3300,4.6200,18.2100,4.2500,11.0000,2.2800,22.8100,25.3000,7.5200,11.8300,32.1700,1.9750,0.9450,29.4700,26.0100,10.0500,41.4900,9.7500,37.2700,82.3300,6.5000,21.5900,6.6800,3.5000,7.9600,8.0000,6.4400,1.5250,0.9450,9.6100,46.6600,20.2400,3.6300,2.1900,9.9000,26.9200,21.1700,4.0200,3.7900,20.5000,3.7500,6.7500,6.4400,16.7700,5.1400,4.1900,6.7000,2.7700,222.9000,17.3800,93.4600,21.6600,1.6300,21.8000,259.9800,5.7200,1.1300,4.4600,10.9200,14.1500,3.9500,78.9500,5.0400,13.9800,36.7800,7.1600,4.2700,14.4100,25.6600,6.2900,17.5600,18.1500,11.6200,1.5350,22.2300,4.9400,8.4000,4.1900,5.2500,6.3500,1.5400,27.9900,26.2600,10.9300,10.6900,3.0900,5.1300,4.6000,8.2900,49.3100,7.6000,2.0400,7.2300,10.5600,16.9400,1.4350,19.9400,10.2300,180.7800,62.7400,18.4000,3.1800,4.1200,2.0500,2.6800,45.2500,2.5900,28.9400,2.5900,13.9200,3.7600,2.5400,10.6300,6.5300,1.5250,2.7900,10.3100,5.4800,14.5900,5.7000,3.7300,0.7700,35.1900,1.8250,19.1100,2.7100,10.2600,27.5700,46.7300,4.9900,5.0700,11.4900,2.9700,1.5200,63.9700,131.6800,19.3700,2.9000,1.9550,4.6100,33.4000,118.1700,6.7000,7.2600,3.0700,26.6700,22.1900,35.0500,4.8100,1.0717,4.6400,4.1600,10.7700,11.0600,4.9900,9.8700,4.9400,3.9600,5.5100,5.5900,12.6900,11.6200,1.8000,3.3900,2.4400,2.1700,1.5200,25.1800,2.7300,5.3200,48.1900,3.2100,43.5800,28.5400,35.4900,11.9300,93.7300,3.4800,7049.1001
1/3/2022 0:00,3.2500,1.4450,15.8700,25.8000,0.3800,5.0000,7.9300,1.1050,2.6000,1.6800,1.4350,7.5000,44.5600,5.3000,4.8200,18.4600,4.3300,11.3500,2.3600,22.9600,25.4900,7.4200,12.3800,33.4900,1.9900,0.9700,29.7800,26.1800,9.9300,41.4400,9.7800,37.5700,82.2200,6.5200,21.4500,6.8100,3.5200,8.0000,8.0500,6.6500,1.5400,0.9800,9.6800,46.5500,20.0600,3.6200,2.4800,10.0700,27.2800,21.2900,3.9800,3.8100,21.1200,3.7400,6.9300,6.6200,16.5700,5.1100,4.1400,6.9300,2.8500,226.7300,17.4800,94.8200,21.5000,1.7000,22.3300,261.1000,5.7500,1.1800,4.4800,10.7800,14.6700,4.0900,79.7200,5.1700,13.7600,36.9900,7.0600,4.0900,14.4800,26.0800,6.3200,18.1400,17.7600,11.7600,1.4800,22.2700,4.9500,8.5200,4.2100,5.2600,6.6700,1.5000,28.1200,28.3100,11.6600,10.6900,3.1200,5.1800,4.6000,8.5300,50.0100,7.7200,2.1200,7.4500,10.3800,17.4600,1.5200,20.4300,10.6400,183.0500,66.8000,17.7400,3.1600,4.0700,2.0400,2.7000,45.3200,2.5900,29.3700,2.5500,14.0500,4.0700,2.6700,11.0000,6.6700,1.5400,2.8000,10.0200,5.5500,14.5900,5.4900,3.6200,0.8700,36.0100,1.6900,19.1900,2.8000,10.3400,27.9600,47.4300,4.7700,5.1600,11.4700,3.0300,1.4400,64.2700,136.3200,20.1900,2.8900,1.9050,4.7000,33.7600,117.8200,5.9200,7.2600,3.0500,28.3100,22.7700,34.6900,4.7500,1.0946,4.6700,4.1800,10.9000,11.2200,5.1000,10.2100,5.1600,3.9600,5.5800,5.7700,12.6400,11.6600,1.8050,3.4200,2.4700,2.1900,1.4900,25.6000,2.7400,5.5300,48.6100,3.3800,45.6400,28.6800,35.3000,11.8500,100.3200,4.0000,7096.5000
2/3/2022 0:00,3.1600,1.4200,15.5700,25.4100,0.3750,5.4800,7.8100,1.1350,2.6800,1.6600,1.4200,7.5000,44.2900,5.5500,4.9500,18.7700,4.3300,11.7400,2.3500,22.5800,26.8200,7.3700,12.8100,34.3900,2.0500,0.9300,30.6500,25.6100,9.9200,41.3600,9.6600,36.4400,82.6500,6.4200,21.2900,6.6900,3.4500,8.0200,7.8000,6.5500,1.6050,0.9750,9.4500,48.3200,20.7200,3.6100,2.5700,10.2100,26.9500,21.0000,3.9500,3.8200,21.1900,3.6800,6.5400,6.6900,16.2200,5.0600,4.1200,6.8800,2.8600,226.9300,17.6000,94.7000,21.2000,1.8500,21.9300,260.7500,5.6800,1.2250,4.5500,10.6200,13.7500,4.0600,78.0900,5.1100,13.5500,36.9600,7.0200,4.2200,14.1900,25.8400,6.1500,17.6700,18.5900,11.7100,1.5450,22.2700,4.9100,8.5500,4.1500,5.2100,6.6200,1.5150,28.5400,28.0800,11.7900,11.0400,3.1100,5.0400,4.4000,8.5300,50.1800,7.8500,2.1700,7.1000,10.0700,17.1300,1.5100,19.8100,10.9300,179.5900,66.0000,16.6000,3.1800,4.0900,2.0600,2.6500,45.9000,2.5500,29.0000,2.5000,13.7500,4.0500,2.8100,11.1800,6.4800,1.5500,2.7800,10.1400,5.4400,14.3100,5.6400,3.6400,0.8600,35.0000,1.7500,19.0000,2.8100,10.2500,27.7400,47.0400,4.7600,5.1100,11.0000,3.0100,1.5100,63.3500,136.4100,19.6100,2.8600,1.9650,4.5100,34.2500,123.2600,6.2200,7.7100,2.9900,28.2600,22.3400,34.2400,5.0300,1.1450,4.6000,4.1200,10.7300,10.8900,5.0700,10.6700,5.1600,3.9400,5.5000,5.8300,12.6300,11.3400,1.7700,3.2200,2.5400,2.1800,1.5100,25.6700,2.7100,5.3700,48.7600,3.5800,46.2200,30.4400,35.2400,12.2200,101.0500,4.2800,7116.7002
3/3/2022 0:00,3.2300,1.4050,15.4200,25.5400,0.3900,5.9900,7.5600,1.1400,2.6900,1.6050,1.3900,7.6100,44.0200,5.3600,4.6900,19.0800,4.3600,11.2500,2.3500,22.4700,27.8300,7.3600,13.0100,34.3400,2.0800,0.9300,30.6200,25.6100,9.9200,40.8900,9.5800,36.2800,80.0800,6.3000,21.7500,6.7700,3.5700,8.0500,7.8100,6.5300,1.6800,0.9500,9.5000,50.0600,21.0400,3.6000,2.7000,10.1200,26.6400,21.2600,3.9300,3.8400,20.9600,3.7000,6.7100,6.9200,15.9400,5.0800,4.1300,6.9100,2.8400,221.8600,16.9700,94.5100,21.3300,1.8800,21.9800,257.5000,5.6900,1.1800,4.5600,10.5500,13.7500,4.0600,80.3600,5.1400,13.5200,36.3000,6.9400,4.1500,14.0600,25.8700,6.1200,18.0900,19.3700,11.4700,1.5500,22.1900,4.9000,8.7000,4.1700,5.3600,6.6800,1.5000,28.6900,28.2000,12.3100,10.8600,3.2100,5.0400,4.4300,8.4100,50.7500,7.7700,2.2000,7.2400,10.1400,17.3900,1.6150,19.9600,11.0000,181.0000,63.7500,16.0000,3.1700,4.0700,2.0400,2.6800,47.4700,2.5100,29.1100,2.5200,13.5600,4.0200,2.9300,11.0300,6.3600,1.6300,2.7200,9.9500,5.4100,14.5800,5.8400,3.5600,0.8600,35.5000,1.7650,18.6100,2.9600,10.1000,27.6800,46.6800,4.8000,5.1100,10.9100,3.0900,1.4800,62.7700,135.7100,19.6100,2.8700,1.9500,4.4500,33.9100,127.8500,6.2700,7.8400,3.0000,28.1200,22.6500,33.5000,5.1200,1.1450,4.5700,4.1200,10.6100,10.8100,5.0400,10.6700,5.0000,3.9100,5.4100,5.8200,12.5800,11.4200,1.7550,3.3000,2.5200,2.1800,1.5300,26.5500,2.7200,5.4200,49.0000,3.9600,46.5800,31.3400,34.1100,12.5500,100.5400,4.7500,7151.3999
4/3/2022 0:00,3.1600,1.4150,15.3500,25.1600,0.3700,5.9400,7.6100,1.1450,2.7000,1.5650,1.3200,7.6100,43.1500,5.4300,4.8000,19.0900,4.3700,11.2400,2.3800,22.2100,26.4000,7.4300,12.8900,33.1200,2.0800,0.9100,29.9900,25.3000,9.9900,40.0600,9.5000,35.5000,79.5900,6.4300,21.2100,6.6900,3.6100,8.0100,7.8100,6.4700,1.6650,0.9250,9.6000,49.9400,20.9900,3.5700,2.2700,10.1600,26.6800,21.0900,3.9400,3.7900,20.5300,3.7100,6.5000,6.8200,15.7000,5.0700,4.1300,6.8400,2.8000,222.5000,17.1800,94.6000,20.9900,1.8350,21.6200,258.3000,5.6800,1.1600,4.5100,10.6300,13.8700,3.9700,80.4100,5.1300,13.2600,36.0500,6.9800,4.2000,14.0000,25.7500,6.0800,17.7900,19.2000,11.1600,1.5900,21.7500,4.8700,8.6700,4.1700,5.2400,6.6200,1.4350,27.6400,28.4000,12.1800,10.6900,3.2800,5.0700,4.4500,8.3500,49.5200,7.5700,2.1700,7.1200,10.3200,16.9100,1.5500,19.6200,10.7400,180.2500,62.8900,15.4800,3.1100,4.1100,2.0400,2.6400,47.9100,2.4600,28.8900,2.5100,13.1500,3.9000,2.8500,10.8000,6.3400,1.6050,2.7300,10.1200,5.4300,14.5000,5.8800,3.5800,0.7350,34.8100,1.8200,17.8300,2.8200,10.0000,26.9000,46.1700,4.8000,4.9200,10.7200,3.0800,1.4750,63.0900,132.9600,18.9400,2.8700,1.9650,4.3200,33.8600,126.5600,5.9100,7.7600,2.9600,27.5700,22.5400,33.2400,5.1700,1.1450,4.5600,4.0700,10.6600,10.6400,5.0100,10.6000,4.9500,3.9200,5.3800,5.6400,12.5900,11.2900,1.7550,3.1800,2.4700,2.1800,1.5200,26.0200,2.7300,5.2800,48.7500,3.9900,46.0300,31.4200,34.8100,12.1900,98.0500,4.8800,7110.7998
7/3/2022 0:00,3.1000,1.3800,14.7400,25.0200,0.3650,5.9200,7.8700,1.1500,2.7000,1.6300,1.2450,7.6600,41.7600,5.3600,4.5100,19.1600,4.3100,11.0000,2.3500,21.7700,28.2700,7.3000,12.5000,32.0400,2.0900,0.8900,29.5000,25.0000,9.8900,38.4600,9.4900,33.2900,79.4400,6.3000,20.3000,6.6300,3.5400,8.0000,7.6100,6.2500,1.7700,0.9750,9.0900,50.3800,20.8300,3.4400,2.3600,9.9800,25.4700,20.6500,3.9500,3.8200,19.8400,3.6600,6.3600,6.8200,15.2100,5.0400,4.1200,6.8300,2.7400,214.4600,17.1800,94.6400,20.2500,2.0600,21.0000,249.6600,5.6000,1.3650,4.4100,10.4900,13.0800,3.7600,79.7800,4.8800,12.7700,34.7000,6.9200,4.3900,13.7000,24.8300,6.0000,17.0500,19.5400,10.9000,1.6950,21.3800,4.7800,8.7600,4.1100,5.2600,6.8400,1.3100,26.7700,28.0100,13.0000,10.7600,3.4600,5.1300,4.3300,8.0600,49.7700,7.7000,2.3900,7.0600,10.3500,16.6500,1.5800,17.7000,9.9700,175.3100,62.3700,14.3500,3.0700,4.1500,2.0400,2.5700,48.0300,2.4100,28.4400,2.4800,13.1800,3.9200,2.9800,10.4600,6.2600,1.6500,2.6300,10.7400,5.4600,14.0900,5.9700,3.5100,0.7350,33.8100,1.9050,16.4900,2.8200,9.3800,25.9500,43.7800,4.9500,4.5300,10.0800,3.0100,1.5750,60.3500,127.8900,18.2300,2.8100,2.0700,4.0900,33.0600,125.9800,5.8500,8.1700,2.9300,26.9600,21.9100,32.6700,5.3600,1.9350,4.4100,3.9800,10.2800,9.9800,4.9100,10.5000,4.6500,3.8200,5.2600,5.5500,12.3600,11.3400,1.7250,2.9500,2.4100,2.1700,1.5000,25.8200,2.7100,5.1300,48.0800,4.1800,44.3000,34.4100,34.5800,12.2500,95.6700,5.0800,7038.6001
8/3/2022 0:00,3.0400,1.2950,14.7200,25.0500,0.4050,5.9200,7.7800,1.1200,2.7200,1.5600,1.1900,7.3300,42.3200,5.3000,4.8000,18.9200,4.3000,11.4000,2.3000,21.6700,29.3700,7.2800,12.6300,32.3800,2.0000,0.9000,28.2700,24.8200,9.9300,36.9800,9.3000,33.8400,79.3900,6.2800,20.2100,6.4400,3.5000,7.9800,7.5500,6.0400,1.7000,1.0050,9.0800,48.5300,18.9900,3.3700,2.2700,9.8900,24.6500,20.3300,3.9400,3.8900,19.7700,3.6800,6.2500,6.4200,15.0600,5.0700,4.1200,6.7700,2.7500,215.2200,17.5000,95.5900,20.5700,1.9750,20.4800,256.6500,5.5400,1.3550,4.2800,10.5200,12.9200,3.7600,79.9000,4.8100,12.0100,34.1200,6.8700,4.4200,13.5100,24.5200,5.8700,17.2000,18.6600,10.6300,1.6800,21.3400,4.8000,8.5000,4.1000,5.2200,6.7200,1.3100,25.9300,28.1300,12.7900,10.2300,3.5000,5.1200,4.2600,7.8500,49.3300,7.9800,2.3000,6.8000,10.3300,16.8100,1.4550,16.8100,9.6000,175.7000,61.1000,14.2200,3.0400,4.1800,2.0400,2.5500,45.9100,2.4100,28.4900,2.4700,12.7300,3.8800,2.9100,10.5200,6.2500,1.4750,2.6500,10.8700,5.3700,14.1200,5.7800,3.4800,0.7000,33.5400,1.8750,16.2300,2.6800,9.2300,25.8100,44.2600,4.5800,4.5200,10.1200,2.9500,1.6100,60.6000,126.4800,18.0600,2.8300,2.1200,4.0300,33.7000,120.5100,5.5900,7.8600,2.9000,27.0800,22.0200,32.2200,5.0100,1.7300,4.3600,3.9900,10.1900,9.7700,4.9000,10.4100,4.6300,3.8000,5.3000,5.5200,12.3900,11.3200,1.7250,2.8500,2.3100,2.1600,1.4750,25.1700,2.7000,5.1400,48.4000,4.0700,45.3600,32.9800,35.7400,12.4200,95.2800,4.9500,6980.2998
9/3/2022 0:00,3.0900,1.3000,15.0100,24.9900,0.4100,5.8500,7.7800,1.1100,2.6700,1.6000,1.1500,7.6600,42.4900,5.2800,4.8600,19.6700,4.4200,11.4000,2.3500,21.9600,28.1500,7.3300,12.5300,31.4100,1.9700,0.9050,28.3500,25.0900,9.8600,37.5000,9.5000,35.2000,79.4700,6.4000,20.4300,6.4800,3.4800,7.9000,7.6900,6.0600,1.6950,1.0100,9.2800,48.4900,19.0900,3.2600,2.4800,9.6700,26.2200,20.5800,4.0000,3.8400,19.9400,3.7300,6.2700,6.5000,15.5000,5.1300,4.1700,6.8700,2.7800,214.5000,17.3000,97.4100,20.8500,2.0300,21.1400,257.0000,5.5600,1.4100,4.2900,10.5600,13.7300,3.9100,80.0200,4.9000,12.1300,35.3500,6.8600,4.5000,13.6000,25.0000,5.9000,17.7000,18.8300,10.6800,1.8100,21.5600,4.8500,8.6700,4.1500,5.2800,6.8000,1.3200,26.3700,28.6100,13.0700,10.3000,3.5600,5.1700,4.2600,7.9000,49.6900,8.0100,2.2900,6.9200,10.4800,17.3400,1.5350,17.7000,9.9000,178.5500,61.8000,14.6800,3.0500,4.1700,2.0500,2.5500,47.0900,2.3900,28.9800,2.5400,12.9400,4.0500,2.8300,10.9700,6.3100,1.4050,2.7000,10.9500,5.3800,14.2500,5.8600,3.5100,0.7700,34.6600,1.9200,16.5400,2.8400,9.5300,26.2500,45.3600,4.7500,4.6600,10.3600,2.9500,1.6350,60.2700,128.3200,18.6500,2.8600,2.2000,4.0400,32.9100,119.8800,5.6100,7.7800,2.9500,27.3500,22.1300,33.0700,4.9300,1.5150,4.4000,4.0700,10.2500,10.0300,5.0000,10.6400,4.9600,3.9200,5.3800,5.5800,12.5000,11.4000,1.7250,2.9000,2.3300,2.1800,1.5100,25.0300,2.7300,5.3200,48.8900,4.0100,48.2400,33.2000,35.8000,12.5600,97.0000,4.9900,7053.0000
10/3/2022 0:00,3.1400,1.3450,15.0000,24.9100,0.3800,5.8500,7.4900,1.1000,2.6400,1.5300,1.2300,7.6900,44.4500,5.3100,4.7800,20.0000,4.3700,10.4600,2.3400,22.6500,27.4500,7.2700,12.9000,31.7700,1.9700,0.9200,27.9000,25.7700,9.9600,38.5500,9.6100,36.1000,80.3700,6.5900,20.8200,6.7100,3.5600,8.0700,7.9400,6.2000,1.5950,0.9600,9.6000,47.7500,19.2700,3.4000,2.6500,9.8600,26.9800,21.2000,4.0600,3.9000,20.8100,3.8300,6.4000,6.5500,15.9500,5.1700,4.2400,6.9000,2.8500,217.8900,17.3400,99.7400,21.6300,1.9600,22.2200,263.0000,5.8100,1.4350,4.2800,10.7100,13.8800,4.0500,82.8100,5.0800,12.7500,34.6100,6.9200,4.4300,13.8000,25.3800,6.1400,18.8700,18.2000,11.0700,1.8050,22.1400,4.9500,8.4400,4.2600,5.4000,6.6700,1.3700,27.1800,29.8600,12.8800,10.2200,3.6100,5.2900,4.3300,8.1300,51.0800,8.3400,2.1100,7.1100,10.6900,17.8500,1.5900,18.6400,10.2400,185.5900,62.1500,15.2300,3.0700,4.1800,2.0600,2.6100,45.1900,2.4700,29.9900,2.5900,13.2500,4.1800,2.8000,11.1000,6.3200,1.2200,2.7700,10.7900,5.5400,14.1600,5.8000,3.6100,0.8550,34.3100,1.9100,16.5500,2.8400,9.9900,27.5600,45.8300,4.8400,4.9300,10.6300,3.0100,1.5950,61.3700,133.9800,19.0300,2.8900,2.1500,4.1500,33.4000,110.6100,5.5800,7.5900,3.0500,28.4200,22.4800,33.9000,4.7500,1.4600,4.5000,4.1600,10.5000,10.4000,5.1300,10.8100,4.9000,3.8800,5.3900,5.6300,12.8100,11.5900,1.7800,3.0200,2.3300,2.2000,1.5350,25.4300,2.7500,5.6300,50.1100,3.9500,49.4000,31.6500,35.7600,12.6800,98.5600,5.0500,7130.7998
11/3/2022 0:00,3.1000,1.3300,14.7600,24.4900,0.3800,5.8500,7.3500,1.0900,2.6000,1.6000,1.2750,7.6000,43.7600,5.4400,4.9100,20.4400,4.3200,10.4600,2.3200,22.6700,27.3900,7.3200,12.8500,30.7300,2.0300,0.9100,28.1300,25.8500,9.9500,37.0500,9.5600,34.7200,79.0000,6.5300,20.4400,6.6700,3.5500,8.1100,7.8900,6.0100,1.6000,0.9400,9.4500,47.6900,19.0000,3.3000,2.6700,9.7200,26.2400,21.1800,4.0000,4.0000,20.2800,3.8200,6.3900,6.8500,15.2600,5.1100,4.2200,6.9000,2.8400,214.2300,17.1300,99.3800,21.5300,2.0100,21.3700,256.5300,5.7500,1.4050,4.1000,10.5000,13.3600,3.9100,80.7500,5.0400,12.4500,34.5000,6.8200,4.4300,13.6900,25.0500,6.0900,18.5100,18.2300,10.8100,1.7800,21.5000,4.8300,8.4400,4.2100,5.3800,6.7000,1.3500,25.9400,28.5700,12.7400,10.2300,3.7000,5.1700,4.3100,7.8100,49.9600,8.2000,2.1900,6.9200,10.6400,16.8100,1.6050,17.8900,10.2500,182.3300,61.2100,14.2000,3.0300,4.2300,2.0600,2.5800,46.4300,2.4000,29.9400,2.5500,13.0000,4.0200,2.8600,10.7800,6.2200,1.2000,2.7500,10.8000,5.6500,13.9700,5.8700,3.5600,0.8700,33.5900,1.9000,16.5500,2.8700,9.4500,26.6500,42.8200,4.6200,4.8500,10.5500,2.9800,1.6000,60.7100,127.2400,18.5200,2.8500,2.1400,4.1300,32.8300,111.7000,5.5000,7.5700,3.0100,27.8100,22.0800,33.1800,4.8900,1.5500,4.4400,4.0600,10.4000,10.1600,4.9700,10.5600,4.8900,3.8400,5.2400,5.5900,12.7300,11.5400,1.7400,2.9200,2.3000,2.2000,1.5200,24.8200,2.7100,5.4200,49.1800,4.0400,47.3700,31.9800,35.2800,12.7000,92.7800,5.1400,7063.6001
14/3/2022 0:00,3.1300,1.3150,15.0000,24.9600,0.3700,5.8500,7.3300,1.0650,2.5950,1.5100,1.3500,7.4500,44.4900,5.2200,4.8200,20.8100,4.3700,10.5300,2.3500,23.2300,27.3700,7.3700,12.8400,31.3100,2.0300,0.9300,28.8700,26.5800,10.0000,37.8000,9.5400,35.4000,80.9000,6.5700,20.9700,6.7300,3.6400,8.1600,8.0100,6.2200,1.6050,0.9450,9.7500,47.3600,19.0600,3.3300,2.5700,9.8200,27.1300,21.6000,4.0900,4.1500,20.5100,3.9300,6.5200,7.0500,15.5500,5.1700,4.2900,6.8100,2.8900,218.5700,17.5100,102.0000,22.0800,2.0000,21.6900,263.2700,5.9000,1.3900,4.2200,10.6200,13.8000,3.9400,84.3600,5.0500,12.5600,35.9900,6.9400,4.4800,13.7900,25.1500,6.0600,18.7900,18.0400,11.3200,1.7300,21.8700,4.8700,8.7300,4.2600,5.5500,6.5800,1.3600,27.1300,28.9900,12.4900,10.2000,3.8000,5.2600,4.4400,7.9900,50.5700,8.2900,2.2500,6.9400,10.6900,16.5300,1.5800,17.8700,10.2500,187.0000,62.0100,14.0000,3.1100,4.4000,2.0400,2.5400,46.8200,2.4600,30.3800,2.5500,13.4300,4.1000,2.9600,10.8100,6.4800,1.1500,2.8200,10.7600,5.9300,14.7900,5.8600,3.6300,0.8050,34.3500,1.9300,16.6100,2.7800,9.4800,26.9500,43.9800,4.6200,4.9100,10.7900,3.0300,1.6250,61.7000,130.1500,18.9900,2.9000,2.1300,4.0600,32.9300,111.1200,5.5400,7.5500,2.9900,28.5300,22.0000,33.6100,4.8600,1.8500,4.5900,4.1400,10.7300,10.5200,4.9900,10.7200,4.8600,3.9000,5.1900,5.6500,12.7000,11.7300,1.7550,3.1000,2.3500,2.1900,1.5150,25.5000,2.7500,5.4900,49.7200,4.1200,48.2800,31.9200,35.6000,12.8100,93.6000,5.2000,7149.3999
15/3/2022 0:00,3.1200,1.3050,15.4400,25.1200,0.3450,5.7000,7.7500,1.0600,2.6500,1.5000,1.3600,7.4300,44.2200,5.2500,4.8500,20.8500,4.3600,10.3600,2.3300,23.4900,26.1500,7.2000,12.6800,31.1600,1.9550,0.9300,28.6300,26.6900,9.9300,38.5500,9.5000,35.6300,79.6600,6.6700,21.6700,6.8400,3.6100,8.1500,8.1400,6.1100,1.5250,0.9000,9.9500,45.3700,19.2300,3.2900,2.4200,9.8200,27.2500,21.3300,4.1100,3.8600,20.4200,3.9200,6.5800,6.3900,15.4000,5.2000,4.3300,6.8600,2.8700,221.8000,17.7100,103.7800,22.4500,1.8850,21.4900,263.7700,5.8500,1.3400,4.2000,10.6500,14.3100,3.9000,84.2300,5.0800,12.3400,34.5700,6.9300,4.3900,13.7500,25.4500,6.1300,18.7600,17.1500,11.1700,1.6500,21.8600,4.8600,8.5500,4.3900,5.4800,6.5300,1.3700,27.9600,28.3100,11.7000,9.9100,3.6900,5.2200,4.5400,7.9900,49.4000,8.2600,2.1800,6.8700,10.7200,16.5000,1.4850,17.9600,9.4000,186.1700,62.6000,13.8600,3.1800,4.4200,2.0400,2.5000,44.5300,2.4800,30.6400,2.5800,13.6800,4.0000,2.8000,10.7200,6.6000,1.1550,2.7700,10.4700,5.8800,14.9700,5.7700,3.5900,0.7800,34.4400,1.8600,16.4100,2.5700,9.4500,26.9500,44.3400,4.5100,4.9400,10.9600,3.0600,1.5300,61.9900,130.4700,19.1500,2.9000,2.0200,4.1100,33.3300,106.7500,5.2300,7.2400,3.0400,28.7300,21.7100,33.9400,4.6400,1.4300,4.7300,4.1400,11.0300,10.5100,4.9700,10.6600,4.8000,3.9100,5.1600,5.4700,12.8300,11.4400,1.7600,2.9500,2.3100,2.2000,1.5150,25.2200,2.7400,5.4900,49.7200,4.0200,46.8900,31.0100,35.5200,12.5000,93.1400,4.1900,7097.3999
16/3/2022 0:00,3.1400,1.3300,15.5100,25.4300,0.3800,5.7000,7.5000,1.0750,2.6000,1.5700,1.4150,7.3700,45.3900,5.4500,4.9000,20.7100,4.4400,10.7700,2.3900,23.6900,25.3000,7.2300,12.7600,31.8200,1.9500,0.9400,28.6500,27.1700,10.1500,40.0300,9.4500,37.1500,82.3200,6.7700,21.6900,6.8400,3.5900,8.1200,8.2700,6.1000,1.5350,0.9100,9.9800,45.1800,19.6000,3.3000,2.4200,9.9100,27.6900,21.5300,4.1400,3.9000,21.0200,3.9400,6.6100,6.4000,15.4200,5.2500,4.3300,6.9900,2.8400,221.3100,18.0100,104.7600,22.6800,1.9050,22.6200,268.5100,5.8300,1.3200,4.3600,10.7400,14.4000,3.9700,85.7400,5.1000,12.4700,35.2900,6.9800,4.4700,14.2000,25.7000,6.1500,19.1100,17.4000,11.2100,1.6750,22.1700,4.9300,8.6900,4.3700,5.4800,6.4300,1.3600,28.2200,29.2100,11.8100,9.9500,3.7100,5.1600,4.5700,8.1100,49.4100,8.2800,2.1900,7.0500,10.6900,16.9000,1.4800,18.8000,9.5700,189.4400,61.4500,14.4000,3.2100,4.4900,2.0400,2.4700,44.2600,2.5000,30.7500,2.5900,13.9100,4.0000,2.8300,10.9400,6.7500,1.2000,2.7900,10.5200,5.7900,15.3200,5.8500,3.6500,0.7800,34.3400,1.8800,16.7500,2.6000,9.7200,27.6500,44.5800,4.5100,5.0500,10.8600,3.0200,1.5200,63.5900,135.6500,19.2500,2.8700,2.0700,4.1100,34.2500,106.9100,5.2600,7.3300,3.0700,29.9600,21.2000,34.4300,4.7700,1.4200,4.7900,4.1800,11.1200,10.1700,5.0500,10.9600,4.7100,3.9500,5.2600,5.6600,12.9500,11.5000,1.8100,3.0000,2.3000,2.2100,1.5100,25.1500,2.7300,5.6700,50.4800,3.9500,49.0900,30.9600,36.6000,12.4500,96.9300,4.1800,7175.2002
17/3/2022 0:00,3.2300,1.3450,15.5700,25.7000,0.3700,5.7000,7.5900,1.0600,2.6200,1.5400,1.4700,7.2900,46.7000,5.5000,4.7000,21.0000,4.4100,10.7700,2.3800,23.6800,26.8000,7.2100,12.9300,32.6900,1.9400,0.9700,29.6700,27.5300,10.1100,41.6600,9.4100,37.9000,80.8900,6.8800,21.8700,7.0000,3.5800,8.1500,8.3100,6.3300,1.5450,0.9050,10.0300,45.6800,19.8800,3.4700,2.4200,9.8200,28.6000,22.1600,4.1300,3.8400,21.9900,3.8900,6.8000,6.6500,15.7800,5.2500,4.3500,6.8500,2.9200,224.4600,17.7800,106.1500,22.9400,1.8200,23.5900,270.5900,5.8500,1.2900,4.4300,10.6700,14.7000,4.1700,83.8400,5.1100,13.0500,35.4000,6.9900,4.4500,14.4300,25.8600,6.0700,19.4100,18.1700,11.4000,1.6200,22.3400,4.9600,8.4500,4.3900,5.4800,6.3900,1.3900,28.9100,30.1900,11.9000,10.0900,3.6900,5.1500,4.5800,8.1300,49.7000,8.4900,2.1200,7.0600,10.7100,16.8600,1.5400,19.2400,9.7000,191.6000,62.7400,15.3500,3.2300,4.4300,2.0400,2.5400,45.7500,2.5300,31.1400,2.5800,14.2200,4.5600,2.8200,10.8400,6.7700,1.2600,2.7900,10.5000,5.8600,15.3200,5.7900,3.6700,0.7850,35.0700,1.8800,16.7500,2.7000,10.1100,28.4600,46.0700,4.5200,5.1400,10.9100,3.0100,1.5100,63.8300,141.7800,19.6100,2.9100,2.0900,4.2400,35.0700,108.5900,5.3100,7.4000,3.0800,30.6900,21.5000,34.7200,4.7500,1.4300,4.8100,4.2300,11.0900,10.3700,5.0100,11.0000,4.8100,3.9500,5.3600,5.7000,13.2200,11.9600,1.8200,3.0900,2.3200,2.2200,1.5300,25.8500,2.7100,5.7100,50.6400,3.9000,50.5700,30.5500,36.3300,12.5500,99.8200,4.0800,7250.7998
18/3/2022 0:00,3.1500,1.3200,15.6000,25.2100,0.3700,5.7000,7.5400,1.0600,2.6800,1.5150,1.4200,7.3000,46.3000,5.5500,4.8300,20.4400,4.4200,10.7800,2.3700,23.6600,27.5000,7.2100,12.9100,32.7100,2.0200,0.9700,30.5900,27.5800,9.9600,42.2100,9.4800,37.8400,82.1000,7.2400,22.2100,7.2500,3.5500,8.1800,8.4100,6.2500,1.5700,0.9400,10.1000,46.2500,19.6500,3.4100,2.2600,9.7500,28.2100,21.8100,4.1100,3.8900,21.6000,3.9900,6.9500,6.9200,16.0000,5.3400,4.4000,6.7800,2.9600,222.7600,17.7400,106.2900,22.7800,1.9750,23.2800,270.9600,5.9500,1.3050,4.4400,10.7100,14.7900,4.1100,83.7500,5.1500,12.5200,34.7000,6.9700,4.4700,14.5000,25.8100,5.9200,18.9100,18.5700,11.3800,1.6550,22.4900,5.0000,8.6100,4.4300,5.3700,6.8900,1.4300,29.1400,29.5500,12.0200,10.6400,3.7800,5.1800,4.6100,8.2100,48.9300,8.7800,2.1700,7.2000,10.9500,17.2600,1.6600,19.4500,10.0600,194.8000,62.2800,15.7400,3.1900,4.4600,2.0400,2.5500,46.3100,2.5200,31.2100,2.6000,14.5300,4.4800,2.9200,10.9700,6.6400,1.2650,2.7900,10.6500,5.9500,15.3700,5.9200,3.6200,0.8400,35.0300,1.9400,16.9700,2.8000,10.2400,27.6800,46.2500,4.5000,5.1200,11.0900,3.0100,1.5500,63.3800,137.9800,19.9000,2.9700,2.1100,4.2500,35.0000,110.3400,5.3600,7.5400,3.0700,31.0300,21.5500,35.1300,4.8200,1.6000,4.8200,4.2300,11.3500,10.2400,4.9800,11.2200,5.1100,3.9500,5.4000,5.7500,13.5800,11.8400,1.8000,3.0100,2.3600,2.2300,1.5250,25.8700,2.7000,5.6500,50.3300,3.9900,52.2200,31.3700,36.0600,12.6900,99.0900,4.2400,7294.3999
21/3/2022 0:00,3.1700,1.3350,15.5000,24.9000,0.3550,5.5700,7.6000,1.0600,2.6800,1.4800,1.4400,7.3600,46.0800,5.4200,4.8400,20.7600,4.4500,10.7800,2.3500,23.5500,27.7800,7.2700,12.9500,33.3600,1.9900,0.9450,30.0000,27.5800,10.0600,42.1700,9.4700,37.1100,81.7900,6.9700,22.1400,7.0900,3.5400,8.3700,8.3300,6.2500,1.5750,0.9600,9.9400,46.4500,19.9900,3.4500,2.2500,9.7300,28.2800,21.6100,4.0800,3.7500,21.3200,3.9300,6.9000,7.1200,15.9400,5.3000,4.3300,6.7600,2.9500,223.7000,17.7300,105.7000,22.8100,1.9050,23.0000,266.9700,6.0600,1.2050,4.5000,10.7100,14.5800,4.0500,84.5600,5.1500,12.9400,36.1100,6.9100,4.4100,14.5000,25.7400,5.9100,18.7300,18.7100,11.3700,1.6700,22.5700,5.0300,8.5800,4.3700,5.4700,6.9100,1.4200,28.9600,29.3600,12.2200,10.5300,3.7700,5.1700,4.5800,8.1200,49.7400,8.5900,2.1900,7.0800,10.7600,17.3600,1.7500,19.0100,10.2700,195.0100,62.4700,15.0600,3.1300,4.5000,2.0400,2.5800,46.8200,2.5200,30.9000,2.6000,14.2800,4.4000,2.9300,10.9100,6.5700,1.2700,2.8100,10.4000,5.9500,15.3900,5.9500,3.6400,0.8300,34.9700,1.9150,16.5000,2.8700,10.2600,28.1500,45.9200,4.5100,5.0700,11.0300,3.0500,1.5250,63.2900,137.6800,19.6900,2.9500,2.0800,4.2400,34.8400,110.4400,5.3600,7.6200,3.0600,30.7900,21.5100,35.0600,4.8800,1.6700,4.7800,4.2200,11.1000,10.3100,4.9600,11.1100,4.9400,3.9200,5.4400,5.6300,13.2500,11.8000,1.7900,3.0400,2.3600,2.2500,1.5300,25.9800,2.7300,5.5700,50.6800,4.0100,51.3800,31.6500,35.8400,12.5700,101.4900,4.3900,7278.5000
22/3/2022 0:00,3.1500,1.3250,15.3600,25.0000,0.3650,5.1900,7.6000,1.1000,2.6700,1.4650,1.3900,7.5000,45.1300,5.2100,4.7000,21.0900,4.4400,10.8800,2.3500,23.6200,27.9300,7.2800,13.1100,32.6000,1.9950,0.9500,29.9600,27.6700,10.0100,41.2900,9.5500,36.8700,82.0000,6.6000,22.1000,7.1500,3.6100,8.4100,8.3500,6.2900,1.6250,0.9900,10.0600,48.8200,20.5900,3.3300,2.3800,9.6900,27.9700,21.5500,4.0800,3.9300,20.8900,3.9300,6.8800,7.3500,15.8300,5.3100,4.3100,6.7800,2.9800,224.2700,17.6700,106.0700,23.7900,1.9300,22.8700,265.3600,5.9900,1.2300,4.5800,10.6600,14.8800,3.9700,84.7300,5.2400,13.1200,36.3900,6.9700,4.4500,14.4300,25.7600,6.0000,18.7400,18.9400,11.3800,1.6700,22.3800,4.9400,8.6400,4.4000,5.4400,6.9400,1.4200,28.5800,29.5900,12.7000,10.8800,3.8200,5.1700,4.6100,8.1600,50.2100,8.6000,2.2300,7.3000,10.8100,16.9300,1.8600,19.1400,10.6000,197.5800,63.8800,14.4900,3.1000,4.5600,2.0400,2.5900,49.0900,2.4800,31.2300,2.6600,14.2000,4.1800,3.1800,10.8500,6.5000,1.2900,2.8600,10.6000,6.0000,15.3100,6.0400,3.6300,0.8600,35.1300,1.9400,16.4200,3.0000,10.1500,28.0400,45.8000,4.5500,5.0200,11.3000,3.0400,1.5750,64.1000,135.4600,19.4300,2.9500,2.1100,4.2300,34.4100,113.7400,5.5500,7.7900,3.0700,30.8700,21.2200,34.8000,5.0300,1.8000,4.7800,4.1400,11.1600,10.3300,4.9700,11.0900,5.0100,3.8900,5.3500,5.6400,13.0600,11.7800,1.8200,3.0800,2.3200,2.2500,1.5350,26.1600,2.7200,5.5300,50.4000,4.1600,50.8000,32.1600,35.9100,12.7800,98.8200,4.5200,7341.1001
23/3/2022 0:00,3.1600,1.3300,15.2200,25.0300,0.3600,5.0500,7.2700,1.1200,2.6600,1.5150,1.3900,7.6100,45.3200,5.3700,4.7500,20.9700,4.4600,10.8700,2.3500,23.8000,27.6600,7.2700,13.3700,33.5700,1.9850,0.9450,29.7800,27.8800,10.1100,41.6400,9.6100,36.7200,80.6600,6.7100,22.4000,7.1800,3.6200,8.3200,8.4600,6.3900,1.6000,0.9800,10.2000,48.4400,20.5600,3.4000,2.3900,9.5700,28.2300,21.7900,4.0900,3.9400,20.9000,3.9200,6.8800,7.1000,15.8500,5.2700,4.2800,6.7900,2.9600,223.3200,17.7200,107.4500,24.0800,1.9250,23.4300,267.5200,6.0800,1.2250,4.5300,10.6800,14.7500,4.0200,85.9100,5.2500,13.6500,37.0500,7.0100,4.3800,14.5100,23.7300,5.9100,18.8500,19.0000,11.5600,1.6400,22.6600,4.9200,8.6000,4.3700,5.4200,7.2700,1.4600,28.6900,30.2800,13.0900,10.7800,3.8000,5.2300,4.5500,8.1200,50.7000,8.6800,2.2600,7.2000,10.8400,17.2500,1.9000,19.3800,10.4200,200.0500,63.0000,14.6100,3.0600,4.5300,2.0400,2.6000,48.3300,2.4900,31.7200,2.6700,14.7300,4.2700,3.2900,11.0900,6.4800,1.3400,2.8900,10.3900,6.0400,15.3900,6.1100,3.6400,0.8600,34.4500,1.8900,16.6400,3.1100,10.3600,28.5500,46.6100,4.5600,5.0600,11.4000,3.0800,1.5450,63.5000,136.8200,19.7100,2.9100,2.0900,4.2500,33.3900,113.6800,5.5800,7.7700,3.1000,30.3500,21.1200,35.3900,5.0300,1.8500,4.8000,4.2100,11.2300,10.4300,5.0200,11.4000,5.1200,3.9000,5.4300,5.7100,13.1000,11.7800,1.8400,3.2200,2.3000,2.2500,1.5350,26.6600,2.7400,5.6300,50.5300,4.1500,51.8700,32.3000,36.0900,12.7000,102.9300,4.4900,7377.8999
24/3/2022 0:00,3.1400,1.3000,15.0000,24.8400,0.3600,5.2500,7.5900,1.1000,2.6100,1.5500,1.3350,7.5900,43.7600,5.3700,4.8500,20.9500,4.3700,10.7400,2.3300,23.8900,28.4500,7.4800,13.1800,33.6800,1.9800,0.9350,29.9100,27.7200,10.3200,40.6600,9.5400,36.3000,80.6200,6.7200,22.4900,7.1700,3.6500,8.3000,8.4300,6.2900,1.6100,0.9800,10.1300,49.3000,20.4200,3.3700,2.4300,9.5400,28.1300,22.8700,4.0500,3.9200,20.5500,3.8800,6.7000,7.0800,15.6900,5.2800,4.2600,6.7000,2.9500,221.5300,17.8500,107.3500,24.0500,1.9550,23.2000,267.4000,6.0400,1.2100,4.5600,10.7900,15.2800,4.0300,86.1400,5.3100,13.6500,36.1400,7.0900,4.4200,14.3500,22.8900,5.8300,18.7300,18.9400,11.4000,1.6600,22.7300,4.9400,8.5600,4.3600,5.4600,7.1800,1.4550,28.1800,30.9400,13.2200,10.7500,3.8000,5.2200,4.5200,8.0700,52.9000,8.5900,2.2700,7.0600,10.8400,17.1100,1.8700,19.3100,10.2000,196.5900,63.2200,14.4000,3.0500,4.5100,2.0300,2.5700,48.5000,2.4800,31.7900,2.6500,14.5700,4.2200,3.4000,10.9900,6.4200,1.2950,2.9200,10.5600,6.1700,15.7100,6.2900,3.5900,0.8450,34.1000,1.8900,16.6100,3.1100,10.0500,28.9400,46.2300,4.5500,5.0500,11.3300,3.0600,1.5200,63.4800,136.4200,19.0500,2.9200,2.1200,4.1600,31.9800,116.0100,5.6300,7.8900,3.0500,29.9900,21.1300,35.2200,5.0800,1.7500,4.7400,4.1400,11.1400,10.3200,5.0000,11.4100,4.7400,3.9000,5.4300,5.6500,13.1600,11.6600,1.8500,3.1300,2.2900,2.2300,1.5600,27.0000,2.7300,5.5900,50.3400,4.4200,51.8000,33.2000,36.4200,12.8000,102.7600,4.6700,7387.1001
25/3/2022 0:00,3.1100,1.2900,15.0800,24.8400,0.3600,5.2500,7.3000,1.1300,2.6300,1.5300,1.3800,7.5500,43.1100,5.4100,4.6600,21.3900,4.3000,10.7200,2.3300,23.7500,27.8200,7.5800,13.3500,33.7100,1.9950,0.9550,29.9100,27.6100,10.3600,40.3200,9.4600,36.6200,80.4900,6.6600,22.6300,7.3100,3.6500,8.4000,8.4100,6.3400,1.6300,0.9900,10.1400,49.7700,21.4600,3.3900,2.3100,9.6900,28.1900,23.9700,4.0700,3.9400,20.5000,3.9200,6.7300,7.2500,15.9900,5.2800,4.2800,6.7300,3.0100,222.8600,17.8700,105.9200,24.2900,2.1400,23.5300,264.8100,6.1200,1.2150,4.6700,10.8500,14.4500,4.0500,84.2100,5.3300,13.7000,36.0200,7.1200,4.5400,14.2800,22.8200,5.7200,19.4000,19.2700,11.3500,1.6950,22.8000,5.0000,8.6800,4.4300,5.5800,7.1400,1.4900,27.3000,30.7100,13.6800,11.0500,3.8600,5.1900,4.4700,8.0900,54.7800,8.6400,2.2100,7.1400,10.8500,17.3400,1.9200,18.8500,10.3400,197.8700,65.4000,14.2000,3.0600,4.5500,2.0300,2.6000,48.6900,2.5200,31.6600,2.6600,14.4700,4.0400,3.4300,11.0600,6.4500,1.2850,2.9200,10.7800,6.2100,15.8900,6.3800,3.6000,0.8300,34.0900,1.9500,17.0000,3.2100,10.0500,28.4800,46.1200,4.5300,5.1100,11.4000,3.0900,1.5400,63.4800,136.1200,19.2900,2.9300,2.1700,4.1700,31.5800,116.8700,5.7100,7.9400,3.1100,30.1400,21.2700,35.1500,5.1000,1.7700,4.7500,4.2000,11.1600,10.5100,5.0400,11.3500,4.2100,3.9000,5.3900,5.6800,13.2000,11.6300,1.8750,3.1200,2.3100,2.2500,1.5850,27.5900,2.7400,5.6100,50.3700,4.4800,51.3900,33.5900,36.2600,12.8300,104.4200,4.7500,7406.2002
28/3/2022 0:00,3.0800,0.7936,14.8800,24.8800,0.3500,5.0000,7.2700,1.1450,2.6400,1.4750,1.3600,7.5400,41.9200,5.2800,4.6600,21.2800,4.2500,10.6900,2.3700,24.0300,29.6500,7.5900,13.0400,32.9500,2.0100,0.9600,30.5000,27.7900,10.4700,40.1000,9.6000,36.0900,80.8300,6.5200,22.5200,7.1900,3.7000,8.3200,8.4900,6.3800,1.6400,0.9800,10.2100,50.9200,21.7100,3.4200,2.2500,9.8000,27.6400,24.2800,4.0400,3.9700,20.1000,3.9000,6.7900,7.4100,15.7400,5.2700,4.2400,6.7300,3.0100,215.8000,17.7600,106.1400,24.2700,2.1400,23.4400,261.8600,6.1700,1.1700,4.6600,10.8400,14.4000,3.9843,80.5000,5.4200,13.6400,37.1900,7.1800,4.4300,14.4700,22.0200,5.7500,19.1600,19.4200,11.2200,1.6200,22.1300,5.0300,8.7900,4.3700,5.5400,6.9600,1.4800,27.1900,29.7000,13.8600,11.3200,3.9500,5.2000,4.4800,7.9900,53.9500,8.5000,2.2500,7.0000,10.8100,16.9900,1.8300,18.6100,10.5700,200.0900,65.7000,14.0100,3.0300,4.4900,2.0300,2.5900,49.2100,2.4700,31.9100,2.6800,14.0400,4.0400,3.5000,11.0800,6.3800,1.2800,2.9100,10.7800,6.1700,16.1500,6.3700,3.6200,0.7800,34.5200,1.9300,16.7400,3.2000,9.9000,28.4600,46.0200,4.5100,5.1400,11.3800,3.1000,1.5500,63.4400,133.4800,18.8400,2.9200,2.1100,4.1300,31.2600,118.4700,5.7300,7.9400,3.0700,28.9700,21.3700,35.0300,5.2000,1.8300,4.7700,4.2100,11.2900,10.4100,5.0400,11.2500,4.1500,3.8700,5.3500,5.6500,13.1300,11.6700,1.8700,3.1300,2.3400,2.2500,1.5750,28.4500,2.7400,5.5700,49.7400,4.4400,49.2800,33.1600,36.5200,13.1500,99.0300,4.7500,7412.3999
29/3/2022 0:00,3.1300,0.7967,15.1800,25.3700,0.3600,5.0200,7.3400,1.1400,2.6100,1.5000,1.4100,7.3600,41.4000,5.3200,4.5000,21.5000,4.2100,10.5900,2.3900,24.2900,28.4000,7.6300,13.4400,33.5600,2.0400,0.9500,31.2300,27.8700,10.5900,40.6200,9.7000,37.0100,80.3900,6.4100,22.9000,7.0600,3.6800,8.3500,8.6000,6.4600,1.6050,0.9800,10.2600,50.6200,21.7400,3.4400,2.2500,9.8500,27.9000,24.1100,4.0500,3.9900,20.3100,3.9100,6.7600,7.3900,16.2000,5.3200,4.2500,6.7000,3.0400,218.8800,17.9300,106.3700,24.2900,2.0800,23.8700,265.6000,6.1900,1.1700,4.7600,11.0300,14.2000,3.9444,82.9200,5.3100,14.0900,36.5000,7.2500,4.4100,14.4000,22.1300,5.7100,19.9300,19.4900,11.4300,1.6550,22.5000,5.0900,8.5600,4.3900,5.6100,6.9200,1.4700,26.8000,31.1600,14.0000,11.0600,4.0000,5.2500,4.4400,8.0000,55.2100,8.5700,2.1700,7.1000,10.9600,17.4800,1.9150,18.9500,10.9000,202.8300,65.7000,15.0100,3.0800,4.5100,2.0400,2.6300,49.9900,2.5000,32.1000,2.6900,14.4800,3.9800,3.4000,11.4400,6.4500,1.2950,2.9600,10.7900,6.2800,16.3400,6.3100,3.6500,0.7950,34.8700,1.9500,17.4000,3.2500,10.3100,28.3200,47.4000,4.5000,5.1500,11.4900,3.1100,1.5300,64.9600,133.2100,19.1700,2.9400,2.1100,4.3000,32.5300,116.8400,5.7500,7.9200,3.1000,29.3300,21.4000,35.7300,5.1600,1.8500,4.7700,4.2600,11.2400,10.4600,5.2000,11.4800,4.5600,3.9300,5.3900,5.7000,13.1300,11.8500,1.8500,3.1100,2.4000,2.2600,1.5750,28.6000,2.7300,5.6300,50.6500,4.2500,51.1000,32.8100,36.8600,12.8300,102.2600,4.6300,7464.2998
30/3/2022 0:00,3.0800,0.7905,15.3000,25.8200,0.3700,5.0200,7.5000,1.1450,2.6400,1.5450,1.4000,7.7700,42.1000,5.6200,4.6300,21.5500,4.2700,10.7700,2.4400,24.5100,27.1600,7.7400,13.5100,34.7000,1.9850,0.9850,30.7300,27.8800,10.7300,42.0200,9.5800,37.4700,81.5500,6.5200,22.9200,7.1300,3.6600,8.3000,8.6300,6.5500,1.5900,0.9450,10.3000,50.5800,21.5700,3.5300,2.3000,9.9600,28.2200,24.3800,4.0500,4.0100,21.0100,3.8700,6.8600,7.3700,16.3700,5.2800,4.2600,6.7300,3.0900,222.7500,17.9600,107.0700,24.8900,1.9850,24.2100,270.0500,6.2200,1.1700,4.8300,11.0000,14.7400,4.0241,87.6900,5.3500,14.5000,37.6600,7.3400,4.3800,14.5200,23.0500,5.8400,20.1100,19.8000,11.6800,1.6450,23.0600,5.1600,8.4300,4.3800,5.7100,6.9600,1.4500,27.4700,31.5900,13.7400,10.9100,3.7800,5.2000,4.4100,7.9800,55.8500,8.6900,2.1400,7.0600,11.0700,17.4600,1.8600,19.2400,10.7900,207.0900,67.2000,16.2900,3.1100,4.4500,2.0200,2.6500,50.5100,2.5300,32.3700,2.7200,15.1200,4.0100,3.3500,11.8500,6.4300,1.2650,2.9800,10.7400,6.3000,16.1000,6.3300,3.6500,0.7900,35.2200,1.9500,17.4000,3.2100,10.7300,28.6800,48.8600,4.5000,5.2600,11.6600,3.1300,1.4600,64.7400,136.5600,20.0100,2.9500,2.0900,4.3900,32.7800,116.9100,5.7400,7.8700,3.1100,30.1200,21.6000,35.7900,4.9800,1.7350,4.7800,4.3000,11.2100,10.6200,5.2100,11.6500,4.2900,3.9000,5.2700,5.8000,13.3100,11.8300,1.8600,3.1400,2.4100,2.2800,1.6000,28.5400,2.6900,5.7500,51.1700,4.1000,51.7500,32.5400,37.0900,12.8400,107.6600,4.4700,7514.5000
31/3/2022 0:00,3.0300,0.7380,15.3100,25.7700,0.3550,4.8000,7.6000,1.1450,2.7000,1.6250,1.3900,7.4900,40.6000,5.5900,4.8100,21.5600,4.2400,10.8500,2.4700,24.2400,28.1600,7.7200,13.4000,34.1400,2.0100,0.9650,30.6400,27.6000,10.6700,41.5400,9.5200,36.7000,81.8000,6.5500,22.8200,7.2300,3.6900,8.3000,8.6800,6.4000,1.5550,0.9600,10.2900,51.7500,20.8600,3.4600,2.2400,9.9100,27.4400,24.3600,4.0300,4.0900,20.9200,3.8400,6.7500,7.8100,16.5100,5.3200,4.2100,6.7600,3.0800,225.3300,17.9100,105.7700,24.7000,2.0000,23.7500,268.1500,6.1500,1.1600,4.8300,10.9500,14.5900,3.9942,87.8500,5.3900,14.2800,38.0100,7.2900,4.4000,14.5000,22.4500,5.8700,19.7000,20.6600,11.6000,1.6250,22.8900,5.1800,8.5000,4.3900,5.3500,6.9000,1.4350,27.2400,31.5800,14.0600,11.2900,3.7900,5.0600,4.3800,7.9700,54.2200,8.6900,2.1500,7.0500,11.2000,17.0400,1.8800,18.7200,10.7600,203.2700,68.1300,15.9400,3.0800,4.5400,2.0400,2.6100,52.7100,2.4900,32.3500,2.7100,14.9800,3.9800,3.4000,11.6600,6.3600,1.2650,2.9700,10.7400,6.3300,15.9500,6.2300,3.6100,0.7900,34.7500,1.9600,17.6700,3.2000,10.6000,27.5000,48.9900,4.5300,5.2100,11.5000,3.1300,1.4400,65.1500,135.4700,19.0600,2.9200,2.1100,4.2600,32.4200,119.1100,5.6800,7.7400,3.0500,29.8200,21.2100,35.4800,5.0200,1.7350,4.7800,4.2700,11.1200,10.3200,5.3400,11.4800,4.1800,3.9600,5.2200,6.0500,13.5500,11.5800,1.8650,3.0700,2.3500,2.2800,1.6050,28.6200,2.6700,5.6000,50.4100,4.1500,51.0800,32.1000,37.2600,12.9100,102.7500,4.4400,7499.6001
1/4/2022 0:00,3.0300,0.7102,15.1400,25.6600,0.3500,5.0000,7.4700,1.1700,2.6600,1.7400,1.3750,7.6400,40.0700,5.5900,4.7400,21.5600,4.2300,10.8400,2.5300,23.9500,28.6200,7.8100,13.2500,34.2100,2.0300,0.9550,30.5100,27.1800,10.4800,40.9500,9.5000,36.1900,81.1500,6.5000,22.5400,7.1300,3.7000,8.2800,8.5000,6.2200,1.5600,0.9750,10.2900,52.3900,21.1600,3.3700,2.2800,9.8200,26.8000,24.1600,4.0200,4.0800,20.3600,3.8600,6.6500,7.8100,16.4900,5.3400,4.2700,6.7300,3.0600,223.0400,17.8800,104.5300,24.5900,2.0200,23.7200,266.2800,6.0800,1.2300,4.8000,10.9300,14.3200,3.9942,84.3600,5.3400,13.9500,37.7000,7.3100,4.3300,14.2000,22.7000,5.8500,19.5300,21.0600,11.4000,1.5950,22.8700,5.2300,8.7400,4.3800,5.1900,6.7000,1.4600,27.0200,30.0500,14.4100,11.5200,3.8400,5.0000,4.3700,7.8900,53.2200,8.6800,2.1900,6.9500,11.0400,16.5500,1.9450,18.3200,11.0900,206.0000,65.8100,15.3500,3.0500,4.4700,2.0200,2.6000,54.5900,2.4900,32.3300,2.6600,14.8300,3.9400,3.4600,11.8100,6.2800,1.2800,2.9100,10.5000,6.2200,15.8400,6.3900,3.5700,0.8050,34.2300,1.8550,17.3400,3.4300,10.6600,26.8800,47.4300,4.5000,5.2400,11.5800,3.1100,1.4250,64.4500,130.1500,18.2700,2.9500,2.0400,4.2400,32.4900,120.3400,5.7200,7.9000,3.1100,28.8900,21.2500,35.2700,5.3100,1.7100,4.7400,4.2600,11.1000,10.1800,5.5000,11.5700,4.2700,3.9300,5.2000,6.0100,13.4900,11.5700,1.8750,3.0600,2.3400,2.2800,1.6000,28.2100,2.6900,5.5400,49.5900,4.1700,51.2600,32.6800,37.2300,13.0100,101.0400,4.5800,7493.7998
4/4/2022 0:00,3.0100,0.8900,15.2200,25.8900,0.3800,5.0300,7.5800,1.2400,2.6200,1.8550,1.3850,7.5700,40.1000,5.9700,4.7400,21.6800,4.3100,10.8200,2.5000,23.9100,28.5100,8.0300,13.3600,34.3000,2.0500,0.9850,30.4000,27.1200,10.5600,41.2500,9.5100,35.1000,82.3900,6.5500,22.9600,7.0700,3.7000,8.3600,8.2300,6.2900,1.5650,1.0100,10.3400,52.4600,21.2600,3.4800,2.2500,9.8100,26.2800,24.1000,4.0300,4.2900,20.4100,3.8700,6.8100,8.0600,16.6800,5.4000,4.3100,6.5800,3.0600,225.4400,17.9000,103.7200,24.8800,2.0200,23.3700,267.6900,6.0700,1.3150,4.8800,11.0100,14.3900,3.9300,82.8100,5.4600,13.9300,37.1200,7.4000,4.4200,14.1800,22.6400,5.6600,19.3900,21.7000,11.3500,1.6200,22.9200,5.2500,8.5600,4.4300,5.2000,7.1000,1.5000,26.4700,29.5700,15.0000,12.2200,3.8600,5.0600,4.3800,7.9200,52.6500,8.8000,2.2000,6.9700,11.0200,16.2000,2.1200,18.6900,11.3900,206.0900,67.2400,16.8400,3.0300,4.4800,2.0200,2.6400,56.4600,2.5600,32.0700,2.6700,14.6700,4.2000,3.4600,11.9200,6.3400,1.3250,2.9500,10.7200,6.3900,15.9200,6.4300,3.5800,0.7950,31.9700,1.8950,17.6500,3.6200,10.6100,27.1700,48.2200,4.5000,5.1600,11.5700,3.0900,1.4550,64.3500,131.8000,18.0000,2.9600,2.0600,4.2600,32.7600,120.6600,5.8200,7.9200,3.1200,29.2000,21.4000,35.3500,5.2600,1.6000,4.7900,4.3300,11.0800,10.4000,5.4600,11.3800,4.7000,3.9100,5.1700,6.0500,13.4500,11.6500,1.8800,3.0900,2.3600,2.2900,1.6100,28.2100,2.7100,5.5000,49.4000,4.1800,51.8800,33.0200,36.9100,13.4600,103.3600,4.7300,7513.7002
5/4/2022 0:00,3.0400,0.8600,15.2100,25.9100,0.3700,5.0300,7.3600,1.2200,2.6400,1.8200,1.4500,7.4600,41.9400,5.6800,4.8000,21.3900,4.3700,10.6900,2.5600,24.0500,28.2500,8.2400,13.6400,35.4000,2.0500,0.9750,31.3000,27.0400,10.5500,41.3500,9.5300,35.1900,82.5500,6.5200,22.9200,7.1600,3.6700,8.3200,8.3000,6.3700,1.5900,1.0050,10.3100,51.9500,21.0400,3.5200,2.2700,9.8100,26.4200,24.1300,4.0500,4.2300,20.6500,3.8600,6.8700,8.0100,16.7200,5.3800,4.2900,6.7200,3.0800,224.3300,18.0800,104.3600,25.1200,2.0000,23.8500,268.5300,6.1000,1.2700,4.8600,10.8700,14.4200,3.9600,82.6300,5.4900,14.1300,37.7200,7.5000,4.3400,14.1600,22.6000,5.7900,19.7400,21.7200,11.4000,1.5650,23.0700,5.1400,8.4600,4.3800,5.1700,6.9700,1.5300,27.0500,29.8200,14.5600,12.4100,3.8800,5.0900,4.4000,8.0100,53.1200,8.8700,2.1900,7.1000,11.1000,16.2000,1.9900,18.3300,10.7400,207.0600,67.2500,16.4500,3.0600,4.4900,2.0300,2.6500,59.6700,2.4900,32.1800,2.6400,14.1900,3.9800,3.4700,12.0800,6.4400,1.3150,2.9500,10.5500,6.1800,15.9400,6.6300,3.5900,0.8000,32.3800,1.8500,18.4900,3.5500,10.4700,27.1500,49.7200,4.4600,5.1700,11.7100,3.0500,1.4100,64.2000,133.0000,18.0200,2.9300,2.0500,4.1800,32.4000,120.2400,5.7900,8.1000,3.1000,29.3100,21.7900,35.3400,5.1200,1.5550,4.8200,4.2700,11.0600,10.6300,5.4400,11.4000,4.5300,3.9400,5.0800,6.1300,13.3400,11.6900,1.8650,3.0400,2.4300,2.2800,1.6150,28.6100,2.7100,5.5100,49.6600,4.1600,53.2100,33.9300,37.1400,13.6500,108.0000,4.6000,7527.8999
6/4/2022 0:00,3.0300,0.7800,15.2300,25.7800,0.3500,5.0300,7.2400,1.1550,2.6200,1.8450,1.3950,7.5000,40.9500,5.6800,4.7500,21.4200,4.3200,10.7200,2.5800,24.2400,27.6500,8.3100,13.4700,34.6900,2.0100,1.0200,31.4100,27.3600,10.4900,41.4200,9.5300,33.8600,82.6900,6.4500,22.9100,7.0600,3.6900,8.3000,8.4700,6.3400,1.5900,0.9450,10.4700,51.4100,20.7800,3.4300,2.3000,9.6700,26.2700,24.1100,4.0800,3.9600,20.7000,3.8900,7.0000,7.8100,16.4200,5.3500,4.2600,6.7600,3.0500,225.1500,18.0100,105.7100,25.2200,2.0400,24.3800,267.5400,6.0500,1.2100,4.8000,10.8300,14.1800,3.9300,83.3000,5.4700,13.9100,37.9000,7.5800,4.1900,14.2200,22.5600,5.7400,20.4400,21.6600,11.5400,1.5050,22.6700,5.1400,8.4000,4.3800,5.1300,7.1000,1.5000,26.8500,29.3700,14.3500,12.0400,3.9000,5.0600,4.3800,7.9000,52.4000,8.5100,2.1600,7.3600,11.1600,16.1300,1.8750,17.9800,10.1000,205.1400,65.9800,15.4700,3.0500,4.4900,2.0300,2.6400,60.3500,2.4900,32.5600,2.6700,14.2000,3.9300,3.7100,11.8400,6.4400,1.2400,2.9800,10.1400,6.1500,16.1100,6.6000,3.5300,0.7750,32.8000,1.7450,18.0500,3.3500,10.1600,26.8600,49.0200,4.4000,5.1000,11.8700,3.0300,1.3700,64.2400,131.3400,17.4100,2.9400,2.0000,4.1400,32.0500,118.8500,5.6400,8.0200,3.0700,28.7900,21.6900,34.8300,5.0200,1.6400,4.8700,4.2800,10.8200,10.6000,5.4500,11.2400,4.4300,3.9300,5.0100,6.1200,13.3800,11.6100,1.8650,2.9600,2.4500,2.2800,1.6200,28.6400,2.7100,5.5900,49.3900,4.3900,52.7000,33.7400,37.3300,13.6200,104.8800,4.8200,7490.1001
7/4/2022 0:00,3.0000,0.7500,15.4100,25.9900,0.3450,5.0300,7.3300,1.1400,2.6200,1.8150,1.5300,7.7900,39.9800,5.8400,4.5500,21.1200,4.4000,10.5800,2.5500,24.1100,29.0000,8.5100,12.8000,33.3800,1.9600,0.9950,31.8000,27.3400,10.6000,39.0700,9.4500,33.4100,82.0000,6.4500,23.0000,7.0900,3.7500,8.3000,8.4200,6.2200,1.5500,0.9300,10.4200,51.0700,20.4200,3.4400,2.3800,9.7700,25.0800,23.6700,4.0600,3.9200,20.0700,3.8600,6.8500,7.5200,16.3900,5.3800,4.2300,6.7800,3.0800,224.7900,18.1800,105.2400,24.8100,2.0700,23.7600,266.5800,6.0000,1.1800,4.7800,10.8300,14.0000,3.8500,81.3300,5.4600,13.4100,38.7200,7.6600,4.2300,14.0000,22.0000,5.7000,19.8800,21.7500,11.4800,1.4950,23.0700,5.1600,8.6900,4.3400,5.0400,7.1600,1.4900,26.2100,28.4800,13.9100,12.1000,3.8300,5.0600,4.2700,7.6500,51.5400,8.6500,2.1000,7.3900,11.0500,15.8200,1.7500,17.8900,9.8500,202.0500,65.0000,17.2300,3.0600,4.4600,2.0200,2.6200,60.0100,2.4600,32.4700,2.6700,14.1500,3.9500,3.7700,11.5300,6.4200,1.2150,2.9000,10.1500,6.1500,15.7500,6.5400,3.5900,0.8000,32.6100,1.7550,17.8900,3.2300,9.9000,26.1300,47.2000,4.2300,5.0000,11.6300,2.9700,1.3500,64.7100,128.5000,17.3000,2.9500,2.0200,4.0200,32.8100,118.7400,5.6200,7.9100,3.0600,28.0900,21.7000,34.7800,4.9700,1.5900,4.8700,4.2300,10.8400,10.2400,5.4000,11.0900,4.4700,3.9600,5.0800,6.1100,13.5000,11.5000,1.8450,2.8900,2.5200,2.2800,1.6150,28.6400,2.7000,5.4300,48.9000,4.3200,49.2500,32.9000,37.5500,13.4800,101.8100,5.0000,7442.7998
8/4/2022 0:00,2.9900,0.7450,15.4600,25.7800,0.3400,5.0000,7.2800,1.1700,2.6300,1.8250,1.5150,7.7100,40.2300,5.6300,4.6400,21.5700,4.4500,10.5800,2.6100,24.1000,30.8700,8.4500,13.0000,33.7700,1.9500,1.0050,31.9300,27.5000,10.6700,39.4200,9.5000,33.4000,82.6400,6.4700,22.9700,7.0300,3.8300,8.3200,8.4000,6.2800,1.5500,0.9300,10.3700,51.9400,20.4800,3.4500,2.5800,9.8900,25.1800,23.9200,4.0600,4.1800,19.9900,3.8500,6.8800,7.6900,16.2900,5.3200,4.2400,6.7600,3.1000,225.9500,18.2400,105.3800,25.0600,2.1100,23.4400,265.7200,6.0200,1.2250,4.7800,10.8200,13.9300,3.8000,80.7100,5.5200,13.3200,39.1000,7.7000,4.3200,14.0400,21.9300,5.7400,19.5500,21.8300,11.7500,1.5650,23.1200,5.1100,9.1900,4.3400,5.0500,7.2900,1.4700,26.3600,28.2300,13.6800,12.3700,3.8900,5.0000,4.3300,7.7100,51.7000,9.0400,2.0700,7.6200,11.1300,16.1300,1.7300,17.8700,9.8800,203.6400,64.0100,16.9500,3.0500,4.5200,2.0300,2.6300,61.3000,2.4300,32.4700,2.6300,14.0300,3.9400,3.8500,11.5000,6.4100,1.2600,2.9200,10.2700,6.4000,15.7100,6.5500,3.6300,0.9050,32.3400,1.7850,17.9000,3.2000,9.8800,26.0100,47.9700,4.3100,5.0400,11.6300,2.9800,1.3850,64.8800,127.6500,17.3900,3.0000,2.0400,4.0300,33.4100,118.9800,5.6300,8.0100,3.0100,28.1000,21.4300,34.8000,5.0200,1.6850,4.8900,4.2100,10.9000,10.3800,5.3900,10.9700,4.4100,4.0100,5.0400,6.2400,13.6400,11.4700,1.8350,2.8700,2.5400,2.2900,1.6200,28.6800,2.6900,5.3900,49.0200,4.4900,48.4500,32.4000,37.8300,13.7100,102.1400,5.1700,7478.0000
11/4/2022 0:00,3.0400,0.7750,15.6500,25.5300,0.3350,5.0000,7.3100,1.1950,2.5800,1.9500,1.5450,7.6200,39.7800,5.7200,4.4000,21.7500,4.4300,10.7200,2.6300,24.2400,34.0000,8.4100,13.2400,33.3200,1.9300,1.0200,31.6500,27.7000,10.8000,39.9800,9.4800,32.9300,82.6900,6.5600,22.8900,6.9900,3.8100,8.2600,8.4400,6.3400,1.5600,0.9500,10.4800,51.6800,20.7400,3.4900,2.6000,9.8900,25.4900,23.8000,4.0600,4.2100,19.9500,3.8600,6.8900,7.5800,16.4200,5.3200,4.2800,6.6800,3.1200,224.4800,18.4400,106.8800,25.2400,2.1400,23.2400,265.4700,6.0200,1.2300,4.8000,10.8200,13.7800,3.7800,80.0000,5.5300,13.2900,37.4200,7.6700,4.3900,14.0500,21.5300,5.7000,19.4900,21.1900,11.7600,1.5850,23.1800,5.1100,9.8100,4.3400,5.0800,7.3000,1.4700,26.1600,28.0000,14.0000,12.3500,3.9800,4.9500,4.3300,7.7100,51.8000,8.7500,2.0800,7.5300,11.1000,16.2100,1.6850,17.8400,9.8300,201.9100,65.2000,16.6200,3.1000,4.6200,2.0400,2.6100,59.2900,2.4400,32.9600,2.6400,13.6000,3.9000,3.8300,11.2100,6.4500,1.2500,2.9000,10.6700,6.6000,15.8800,6.5100,3.6700,0.8700,32.2800,1.8700,17.5000,3.0800,9.6500,25.9300,48.5000,4.4300,5.0300,11.8400,2.9400,1.3950,64.6700,128.2200,17.4200,3.0100,2.1100,3.9100,33.1800,117.5000,5.5300,8.0700,2.9800,28.4800,20.9300,35.2300,5.0600,1.7350,4.8900,4.2300,10.8800,10.4200,5.3800,11.0100,4.5100,4.0300,4.7700,6.2700,13.6500,11.2900,1.8250,2.8700,2.5500,2.3000,1.6000,28.6000,2.7000,5.3000,48.4500,4.4900,48.4000,32.0600,38.2200,13.9400,101.5100,4.8800,7485.2002
12/4/2022 0:00,3.0200,0.7650,15.6900,25.1400,0.3450,5.0000,7.1500,1.2000,2.5600,1.8250,1.4850,7.6000,40.6700,5.4200,4.5200,21.8500,4.3800,10.7200,2.6600,24.1400,33.0000,8.5800,12.8400,32.8800,1.9050,1.0250,31.6800,27.4200,10.8000,39.0000,9.5500,32.8100,82.5000,6.5500,22.4700,6.9200,3.7900,8.2300,8.4900,6.3400,1.5650,0.9500,10.4700,51.7200,21.2600,3.4600,2.5900,9.8500,24.9800,23.7300,4.0600,4.3900,20.1300,3.8400,6.8900,7.5800,15.9700,5.3200,4.2800,6.6400,3.0500,222.4200,18.3400,106.7100,25.2100,2.1000,23.1200,261.9700,6.0500,1.2550,4.7200,10.8000,13.4400,3.7300,79.8000,5.4700,13.2700,38.3400,7.6700,4.5000,14.0100,21.0300,5.7000,19.7100,21.1700,11.7900,1.6050,22.8800,5.1100,9.6000,4.3800,5.0900,7.2200,1.4250,25.0000,27.3200,13.5300,12.4300,3.9600,4.8800,4.2900,7.5400,51.4300,8.6200,2.0900,7.5000,11.0500,15.7400,1.5950,17.5300,9.6900,203.1300,66.0000,15.9500,3.1100,4.6800,2.0300,2.5400,59.1600,2.4300,32.9400,2.6200,13.3800,3.8500,3.7100,11.0800,6.3900,1.2300,2.8700,10.8200,6.6200,15.9900,6.4400,3.6600,0.8300,32.1500,1.8950,17.2500,2.9000,9.4800,25.6900,47.1200,4.4900,5.0800,11.7600,2.9700,1.4300,64.3100,129.7000,17.0200,3.0100,2.2100,3.8300,32.0500,118.0900,5.5400,8.0000,2.9500,28.1900,20.6900,35.0200,5.0500,1.7550,4.8800,4.1800,11.0000,10.5700,5.3600,10.9300,4.3500,4.0200,4.5900,6.1500,13.6700,11.1500,1.8300,2.9000,2.5500,2.2800,1.6100,28.1000,2.7000,5.3100,47.9600,4.4000,47.3400,32.0600,38.1200,13.8900,101.1700,4.8100,7454.0000
13/4/2022 0:00,2.8800,0.7700,15.7100,25.1500,0.3600,5.0000,7.3000,1.2000,2.5600,1.8150,1.5500,7.4900,39.4900,5.4500,4.4400,21.8900,4.4200,10.5400,2.6500,24.2900,33.7000,8.5700,13.0700,32.7500,1.9000,1.0500,32.0000,27.4900,10.8100,38.6400,9.6000,32.6900,82.4400,6.5400,22.2900,7.0000,3.8200,8.3500,8.5300,6.4600,1.5800,0.9900,10.5000,51.7800,21.2500,3.4500,2.8100,9.9500,25.1500,23.3700,4.0700,4.5400,20.0400,3.8400,6.8700,7.7200,15.9100,5.3100,4.2600,6.7800,3.0500,224.7200,18.2900,106.5500,24.7900,2.2500,23.6900,262.9600,6.0300,1.2900,4.7700,10.7300,13.4200,3.7200,79.6500,5.5700,13.3000,38.3000,7.7200,4.5500,14.1300,20.7700,5.7300,20.1700,21.3400,11.8200,1.6250,22.6200,5.0700,9.6500,4.3500,5.1200,7.2800,1.4500,25.5000,27.5100,13.8300,12.5400,3.9700,4.9700,4.3300,7.6500,51.4400,8.8000,2.1400,7.5800,11.1500,15.5700,1.6600,17.5600,9.5300,202.9400,69.8900,16.4400,3.1500,4.6500,2.0300,2.5600,61.8000,2.4100,33.0700,2.6400,13.3200,3.7800,3.7300,11.0300,6.3900,1.2450,2.8700,10.9800,6.5900,16.1400,6.5200,3.6700,0.9100,31.4100,1.9350,17.2300,2.9600,9.4300,25.8300,47.3900,4.4800,5.0900,11.8100,2.9500,1.4700,64.2700,127.9000,17.0000,3.0000,2.3400,3.8300,31.6400,120.5000,5.5300,8.1000,2.9500,28.0000,20.6800,35.5700,5.1200,1.8450,4.8500,4.1600,11.1400,10.6200,5.3800,10.9100,4.4600,4.0300,4.6200,6.0900,13.6200,11.1400,1.8350,2.8800,2.6000,2.3000,1.5300,28.4600,2.6800,5.4400,48.3800,4.5400,47.2800,32.0500,38.2600,13.8500,100.7300,5.0900,7479.0000
14/4/2022 0:00,2.9500,0.7800,15.7900,25.1800,0.3500,5.0000,7.4000,1.2300,2.5600,1.8050,1.5350,7.5200,40.8500,5.4700,4.3700,21.7100,4.4600,10.5000,2.7400,24.1100,34.2100,8.6400,13.0800,33.1900,1.9200,1.0600,31.9200,27.4200,11.0000,39.4200,9.6400,33.1500,82.2300,6.6400,22.3500,7.0300,3.8300,8.3300,7.9900,6.5400,1.6000,1.0000,10.2500,52.5000,21.4300,3.4900,2.9800,10.0600,25.2800,23.4800,4.0800,4.6500,20.1900,3.8600,6.9100,7.8600,15.5900,5.3000,4.2600,6.7700,3.0600,226.1100,18.3000,106.5000,25.0600,2.3400,24.8600,264.9500,5.9700,1.3550,4.8500,10.7800,13.4500,3.7200,81.1300,5.4400,13.4800,38.7100,7.7600,4.6600,14.2200,20.9800,5.7300,21.1800,21.6100,12.2600,1.6900,22.6600,5.1100,9.7500,4.4200,5.1100,7.4000,1.4550,25.4400,27.9800,13.9700,12.4200,4.0000,4.8000,4.3500,7.7000,51.0100,8.8800,2.1600,7.7000,11.3400,15.5300,1.6600,17.7800,9.3900,203.6800,70.9800,16.3400,3.1400,4.7200,2.0400,2.5900,62.0300,2.4600,32.8500,2.6500,13.2000,3.9600,3.5600,11.1700,6.5200,1.2550,2.8900,11.4400,6.6500,16.2100,6.5500,3.7400,0.9650,31.9300,1.9900,17.3000,2.9600,9.4800,26.1900,48.6300,4.4800,5.4500,11.8900,2.9900,1.5050,64.6000,128.6900,17.1500,2.9900,2.3900,3.9000,31.6100,120.5400,5.5900,8.1900,2.9700,28.3600,20.7600,35.5200,5.1700,1.9200,4.8600,4.1600,11.0800,10.6500,5.3800,10.9200,4.6700,4.0200,4.6800,6.0700,13.6700,11.1000,1.8550,2.9000,2.6200,2.2900,1.5500,28.8400,2.7000,5.8500,48.3300,4.5700,47.0000,32.3900,38.4800,13.9400,102.7800,5.4700,7523.3999
19/4/2022 0:00,2.9400,0.7600,15.7400,25.2700,0.3700,5.0000,7.4000,1.2900,2.5800,1.7750,1.5500,7.5800,40.8900,5.4900,4.4500,22.2800,4.4300,10.5300,2.7900,24.4000,34.9100,8.8000,13.0900,33.4900,1.9300,1.0700,32.1200,27.7500,11.1000,39.8900,9.6800,32.8500,82.3700,6.8000,22.5500,7.0500,3.8700,8.3000,7.9400,6.6000,1.6650,1.0100,10.5400,53.1700,22.0000,3.4800,3.0800,9.9200,25.4400,23.4400,4.1100,4.6700,20.1300,3.9100,6.8600,7.8800,15.7300,5.3300,4.3300,6.7300,3.2400,224.4500,18.3400,107.0100,25.7500,2.3200,24.4700,262.3500,6.0300,1.3850,4.8000,10.8100,13.4200,3.6700,80.7500,5.4700,13.3700,38.5400,7.8100,4.6800,14.2000,20.4400,5.7100,21.3700,21.7300,12.6500,1.7250,22.5600,5.1300,9.5400,4.4200,5.1300,7.4000,1.4250,25.9600,27.5000,14.1000,12.2000,4.1500,4.7600,4.3800,7.5300,51.0700,8.9700,2.2900,7.5100,11.3500,15.6000,1.6900,17.4700,9.3300,205.5500,69.5000,16.5000,3.1700,4.7600,2.0400,2.5600,61.6600,2.4400,33.2500,2.6700,13.1600,3.8800,3.4900,11.1500,6.6300,1.2650,2.9000,11.4800,6.8100,16.2900,6.5900,3.7200,0.9400,32.2100,2.0300,17.5000,2.9100,9.4400,26.1200,49.0600,4.5000,5.3900,12.2600,2.9800,1.5600,64.3900,127.3600,17.2200,3.0300,2.4200,3.8300,31.5900,121.6600,5.7000,8.3200,2.9800,28.2300,20.6000,35.5000,5.2400,1.9400,4.8900,4.1200,11.1800,10.6900,5.4100,10.9600,4.8500,4.0300,4.6000,6.0900,13.7500,11.1000,1.8750,2.9500,2.6200,2.2800,1.5400,28.8000,2.7000,5.8100,48.5100,4.6600,46.3500,32.9100,38.6100,14.0300,100.9500,5.2800,7565.2002
20/4/2022 0:00,2.9800,0.7650,15.8300,26.1400,0.3500,4.8500,7.4000,1.2300,2.6400,1.6650,1.5500,7.5600,40.9500,5.4900,4.5000,22.1900,4.5400,10.2800,2.8300,24.3600,32.3100,8.5200,13.0700,33.3400,1.9500,1.0450,32.1600,27.9100,11.2700,40.2000,9.6500,33.0400,82.7200,6.7800,22.5700,7.1700,3.9000,8.3200,8.0000,6.7800,1.6600,0.9800,10.5600,52.3000,21.6400,3.4700,2.9200,10.0200,25.4100,23.3300,4.1300,4.5400,20.4700,3.8800,6.8300,7.6700,15.6200,5.3300,4.2800,6.7000,3.2100,227.2000,18.5800,107.2400,25.6200,2.3300,25.3500,264.5000,5.9900,1.3750,4.7900,10.7100,13.5300,3.6500,79.7100,5.4400,13.6100,38.2700,7.8700,4.5600,14.4100,20.9400,5.7500,21.8400,21.6800,12.6400,1.6550,22.9100,5.0800,9.8100,4.3900,5.1400,7.3700,1.4350,24.2800,27.9000,14.1400,11.7800,4.0300,4.8300,4.4000,7.4800,51.7000,8.9800,2.2500,7.5800,11.4800,15.7800,1.6650,17.2900,9.4300,206.6700,70.5000,16.4100,3.2200,4.6900,2.0500,2.5800,61.4000,2.4000,33.2700,2.6600,13.0500,3.9000,3.4500,11.2500,6.6600,1.2500,2.8900,11.2500,6.7900,16.3000,6.6800,3.7200,0.9000,32.2600,1.9750,17.6700,2.8400,9.5300,26.4400,51.6100,4.5300,5.4300,12.0800,3.0000,1.5000,80.0000,127.6600,17.4200,2.9900,2.2700,3.8500,32.2700,118.3000,5.6300,8.2300,2.9900,28.1300,20.4500,36.3700,5.1700,2.0000,4.8600,4.1000,11.1200,10.8700,5.4200,11.0700,4.6600,4.0300,4.7200,6.0500,13.7600,11.2500,1.8850,3.0100,2.6000,2.2500,1.5600,28.5000,2.7100,5.9600,49.3300,4.8000,46.2600,32.6800,39.0500,14.1600,101.8300,5.2500,7569.2002
21/4/2022 0:00,2.9900,0.7700,16.0100,26.0900,0.3450,4.8600,7.5300,1.2500,2.6400,1.6200,1.5100,7.5000,41.0400,5.4700,4.4900,22.6400,4.5100,10.5200,2.8500,24.5100,33.5100,8.6500,13.3500,33.5300,1.8700,1.0850,32.9900,28.0000,11.4700,40.7500,9.6300,33.1600,83.6300,6.8000,22.7400,7.2400,3.9200,8.2500,8.0500,6.8300,1.6950,0.9900,10.7900,50.7000,22.2500,3.5500,2.8800,10.8200,25.7600,23.7000,4.2000,4.6200,20.5900,3.9500,7.5000,7.6900,15.9100,5.4200,4.3700,6.7500,3.2600,236.1600,18.6800,108.3500,25.6600,2.2600,25.5800,266.9800,6.0900,1.3550,4.8600,10.9300,13.4600,3.5100,80.3400,5.6000,13.8000,39.2800,7.6100,4.3400,14.4800,20.6200,5.7900,22.5500,21.4800,12.9500,1.6600,23.3700,5.1400,9.9900,4.4800,5.1500,7.3700,1.4600,24.9300,28.1500,14.1700,11.5900,4.0800,4.8300,4.4600,7.5500,51.2400,9.2200,2.2600,7.7800,12.0600,15.8400,1.6400,17.5000,9.6100,210.9500,71.9000,15.8200,3.2200,4.8000,2.0500,2.5800,62.0500,2.4600,33.6000,2.7000,13.3900,3.9300,3.3500,11.1500,6.8300,1.2250,2.8700,11.2200,6.8600,16.6000,6.7800,3.7800,0.9000,32.5700,1.9750,17.7900,2.8600,9.5600,26.7300,51.1200,4.5000,5.6400,12.2400,3.0200,1.5200,82.9900,125.5000,17.3500,3.0600,2.2500,3.9200,32.8100,116.3600,5.6200,8.3700,3.0500,27.8900,20.5000,37.1500,5.0900,2.1100,5.0000,4.2000,11.3300,10.8200,5.4200,10.9500,4.6000,4.0400,4.6900,6.0900,13.9500,11.1900,1.9250,3.0300,2.7200,2.1600,1.5700,28.1400,2.7200,6.1200,49.3500,4.8000,46.0800,32.9700,39.4700,14.4200,99.3000,4.9900,7592.7998
22/4/2022 0:00,2.9300,0.8050,16.0400,26.1500,0.3550,4.8500,7.4700,1.2450,2.6100,1.5900,1.4600,7.4900,41.0000,5.4600,4.4400,22.3300,4.5100,10.5200,2.8500,24.2100,32.5900,8.4800,13.3400,32.8800,1.7850,1.0550,32.8400,27.7800,11.4400,40.5800,9.5400,32.6600,82.5300,6.8400,22.9000,7.1800,3.9000,8.3100,7.9600,6.7600,1.6550,1.0100,10.6400,48.4900,21.9700,3.5500,2.7500,10.7300,25.1300,23.6200,4.1800,4.4400,20.6300,3.9500,7.1100,7.4800,15.8200,5.4000,4.4100,6.7300,3.2400,233.1700,18.8300,105.3700,25.3000,2.2400,25.5400,270.8600,6.1000,1.3050,4.8300,10.9000,13.4500,3.5600,80.9100,5.5000,13.6900,39.5000,7.7400,4.1700,14.3600,20.3300,5.7200,21.8500,21.2200,12.9000,1.6300,23.6200,5.0800,10.1000,4.4400,5.1700,7.1500,1.4450,24.1300,27.3600,13.5700,11.1900,3.8900,4.8100,4.4500,7.5600,51.8300,9.2300,2.2400,7.7800,11.7600,15.6600,1.5700,17.2900,9.4200,207.6000,70.9800,15.6200,3.1900,4.7700,2.0400,2.5300,60.7000,2.4000,33.1400,2.7100,13.1000,3.9400,3.3200,11.2000,6.8600,1.1850,2.8200,10.7300,6.7600,16.5400,6.7200,3.7900,0.8250,32.3000,1.9300,17.5000,2.7700,9.4000,26.3300,49.7400,4.6000,5.6400,12.1200,2.9900,1.5100,84.3700,125.7400,17.2800,3.1000,2.1500,3.9300,32.3000,113.6000,5.4000,8.1500,2.9300,27.5700,20.1200,36.4100,4.8400,2.1100,5.0200,4.1500,11.2100,10.8200,5.4000,10.7500,4.4400,4.0500,4.5800,6.1000,13.9900,11.1400,1.8700,3.0200,2.7300,2.1400,1.5600,27.2200,2.7300,6.0200,49.3000,4.6900,45.8600,32.0700,39.3200,14.3300,97.8400,4.7900,7473.2998
26/4/2022 0:00,2.8900,0.8150,16.0300,26.3800,0.3350,4.8600,7.3500,1.1900,2.6100,1.4900,1.4500,7.5700,41.4400,5.3100,4.3700,20.2100,4.4800,10.6500,2.7900,23.9000,31.1700,8.4100,12.8100,32.6100,1.7400,1.0350,32.3000,27.6200,11.4300,40.3500,9.4700,32.3500,82.1000,6.8500,22.9000,7.0600,3.9200,8.2000,7.9200,6.7100,1.5900,0.9300,10.6100,45.6600,20.0500,3.6000,2.6700,10.5700,24.8800,23.4500,4.1300,4.2800,20.7100,3.9300,7.0500,6.7900,15.5300,5.3200,4.3700,6.7000,3.2000,231.9200,18.7300,104.7500,24.3900,2.1400,25.4200,269.3400,6.1000,1.2200,4.6400,10.7900,13.1500,3.4600,80.5900,5.0900,13.5400,38.7400,7.8300,4.1000,14.0000,20.0900,5.7500,21.7300,19.7600,12.8000,1.5600,23.5200,5.0500,10.0900,4.4200,5.1400,6.9400,1.4550,23.8600,26.7800,12.7700,10.4200,3.7900,4.7000,4.3400,7.3500,52.2300,8.9700,2.0200,7.6400,11.7800,15.2400,1.4450,16.8400,8.9500,204.1800,70.4900,15.2500,3.1300,4.7200,2.0300,2.5000,54.6700,2.4000,32.7400,2.6300,13.0000,3.8500,3.2400,11.2100,6.7700,1.1450,2.7600,10.2100,6.8900,16.3800,6.5400,3.7900,0.8100,31.8900,1.8800,17.5600,2.6600,9.1500,25.8000,49.5100,4.5500,5.5400,11.9300,2.9700,1.4600,82.8800,125.7700,17.1300,3.0500,2.0700,3.9900,31.2000,108.7600,5.2200,7.8000,2.9200,27.4700,19.8100,36.6900,4.4600,2.0100,5.0800,4.1300,11.0400,10.6800,5.3700,10.6800,4.3300,4.0000,4.5000,6.0100,14.1000,11.0800,1.8700,3.0900,2.7100,2.1200,1.5250,26.4500,2.7100,5.9000,49.0200,4.4000,44.6500,30.6000,38.8700,13.7500,96.2900,4.9500,7318.0000
27/4/2022 0:00,2.8600,0.7950,16.1800,25.7500,0.3300,4.8000,7.2200,1.1600,2.5600,1.4200,1.4150,7.7700,39.9400,5.3500,4.3200,20.6200,4.5100,10.5200,2.7000,23.4500,30.8800,8.3000,12.7800,32.3500,1.7400,1.0250,32.2500,26.9100,11.4700,39.3500,9.4500,31.9500,82.2000,6.8900,22.8900,7.0900,3.8900,8.1900,7.8600,6.6900,1.5950,0.9150,10.5000,46.0100,19.9100,3.5200,2.6400,10.3800,24.5200,23.2400,4.1200,4.0700,20.4200,3.9300,6.8600,7.0200,15.4500,5.3300,4.4200,6.6600,3.1700,230.7500,18.3600,103.0000,24.4900,2.2100,25.3000,265.8900,6.0600,1.1750,4.6600,11.0000,13.1200,3.4700,79.5000,5.3300,13.1400,38.6000,7.7600,4.0200,13.7300,19.7000,5.5000,21.7200,20.1000,12.7500,1.5450,23.6300,5.0700,9.8700,4.4100,5.0300,6.7400,1.4300,23.2000,26.3500,12.9500,10.5700,3.8100,4.7000,4.2900,7.3200,51.9400,8.6900,2.0400,7.6500,12.0000,15.1900,1.4200,16.3100,8.8600,200.7200,70.6500,14.9500,3.1400,4.7000,2.0400,2.4500,55.4900,2.3800,32.2000,2.6200,12.8100,3.8600,3.3000,10.8500,6.9900,1.1550,2.7100,9.6600,6.5900,16.3400,6.6500,3.7900,0.8250,31.5600,1.8800,17.4600,2.6000,9.1500,25.5400,49.4600,4.5300,5.4500,11.9800,2.9400,1.4700,81.5100,126.3900,16.8600,3.1200,2.0500,3.8900,30.4200,108.9600,5.2000,7.8800,2.9500,27.4600,19.3100,36.5500,4.6000,2.0200,5.0800,4.1000,11.0100,10.4500,5.3700,10.4200,4.3300,3.9800,4.3900,6.0000,14.1600,11.0500,1.8550,3.0400,2.6900,2.1000,1.5200,26.6000,2.6900,5.8700,48.3600,4.6400,44.4500,30.9100,37.8900,13.7000,94.5500,5.0500,7261.2002
28/4/2022 0:00,2.9200,0.7900,16.8400,26.2200,0.3300,4.8900,7.5800,1.2000,2.6400,1.4500,1.3800,7.5100,40.1800,5.4900,4.3700,21.0500,4.5400,10.6500,2.7700,23.5900,30.8600,8.4900,12.8700,32.0500,1.8000,1.1600,33.4800,27.0900,11.4700,40.2300,9.5400,32.3000,84.7500,7.0000,22.9100,7.1500,4.0000,8.2200,7.9700,6.7300,1.5850,0.9250,10.5800,48.0200,20.5000,3.5800,2.5400,10.5100,24.0300,23.6400,4.1400,4.0200,20.6600,3.9600,6.9700,7.3400,15.4600,5.3400,4.4400,6.7800,3.1700,229.4700,18.4700,103.2300,24.5600,2.3100,25.3800,268.8400,6.0800,1.1850,4.7800,11.1900,13.1200,3.4200,78.5600,5.4900,13.4800,38.9000,7.6500,4.0000,14.2300,19.4000,5.6300,21.9600,21.7300,12.8500,1.5300,23.4900,5.1000,9.9500,4.4000,5.0400,6.6500,1.4200,23.5500,26.2000,13.3200,11.2200,3.8700,4.6800,4.4000,7.5100,52.2800,8.7600,2.0600,7.7200,12.0100,15.2700,1.4300,16.1200,8.9700,203.2700,69.9900,15.5700,3.1600,4.7500,2.0500,2.5000,58.1500,2.3900,32.1900,2.6100,12.9900,3.8000,3.4500,10.9600,7.0100,1.2250,2.7100,9.7500,6.5600,16.3600,6.7100,3.9200,0.7700,32.0800,1.9100,17.5000,2.6900,9.2000,25.5500,48.8500,4.6200,5.4600,12.1700,2.9600,1.4850,81.5500,125.7800,16.9900,3.1100,2.0300,4.0100,30.3800,112.8000,5.8200,7.9000,2.9900,27.2500,19.6200,36.0000,4.7500,2.2500,5.0800,4.1100,11.2700,10.5100,5.4900,10.3000,4.2200,3.9700,4.3700,5.9500,14.1900,11.1600,1.8700,3.0500,2.7900,2.1000,1.5450,27.4600,2.6900,5.8800,48.7000,4.9600,44.3300,30.8900,38.1300,13.8100,93.9000,5.2500,7356.8999
29/4/2022 0:00,2.9400,0.7950,16.9000,27.3200,0.3300,4.9000,7.3500,1.2000,2.6200,1.4400,1.4500,7.5700,41.5400,5.4000,4.3500,20.7700,4.5200,10.7100,2.8600,23.8700,30.6400,8.6800,13.1000,32.8700,1.8100,1.1600,33.8500,27.3000,11.4900,40.1000,9.5500,33.6600,86.6700,6.9600,23.3300,7.2000,4.0300,8.2400,8.1300,6.8100,1.6250,0.9600,10.6500,48.0100,20.5400,3.5700,2.6900,10.5500,24.1000,23.7700,4.1600,4.1500,21.3800,3.9900,7.2900,7.3200,15.6600,5.3600,4.4700,6.7100,3.2000,231.7400,18.7000,103.8800,25.3300,2.3100,26.2500,273.3000,6.1400,1.2050,4.8600,11.1700,13.2200,3.5200,75.3100,5.5600,13.3800,38.7200,7.8000,4.0500,14.6300,19.8000,5.6500,22.5900,21.6300,12.8400,1.5550,23.9800,5.0900,10.3400,4.4200,5.0900,6.7600,1.4250,24.1100,26.8700,13.1700,11.3400,3.8600,4.6900,4.5400,7.6000,52.9700,8.9300,2.0700,7.9300,12.2500,15.1600,1.4650,16.5400,9.1600,206.9800,70.1500,16.3100,3.2000,4.7900,2.0400,2.5500,58.5400,2.4200,32.6300,2.6100,13.1100,3.8300,3.5100,11.2800,7.0800,1.3150,2.6900,9.8200,6.4500,16.4700,6.8400,4.0000,0.8200,32.9900,1.9850,17.8800,2.8500,9.5100,25.4700,47.4800,4.6000,5.6000,12.3200,2.9600,1.5100,81.1100,129.4200,17.5100,3.0700,2.0900,3.9600,29.1400,112.8300,5.7100,8.0000,2.9900,28.3800,19.9900,36.7300,4.7700,2.3700,5.1600,4.1600,11.4600,10.6000,5.4600,10.4900,4.6100,4.0400,4.4600,5.8800,14.3400,11.2700,1.8750,3.0800,2.8100,2.1100,1.5600,27.8100,2.6900,6.0300,49.4100,4.9200,45.2700,31.1500,38.5100,13.9100,96.3500,5.3300,7435.0000
2/5/2022 0:00,2.9000,0.8050,16.7500,27.0800,0.3300,4.9000,7.2200,1.1400,2.6000,1.3650,1.3900,7.6300,40.6600,5.4500,4.3000,20.4400,4.4900,10.7000,2.7600,23.8800,32.0000,8.6200,12.8100,31.4300,1.8000,1.1700,33.3900,27.3000,11.3500,38.9400,9.4900,33.1600,85.9600,6.9200,22.1279,7.1300,3.9900,8.2400,8.1200,6.7300,1.6450,0.9300,10.6000,47.9800,20.1700,3.5300,2.5400,10.5000,23.3200,23.5400,4.1300,4.0800,20.3000,3.8800,7.3300,7.3000,14.9500,5.2200,4.3700,6.5700,3.1500,226.5700,18.5700,102.9700,24.8000,2.2900,25.8000,270.4500,6.0800,1.1650,4.8700,10.9300,13.0600,3.4200,71.0800,5.4200,13.1000,38.2200,7.7200,3.9600,14.4300,19.4800,5.6600,22.9900,21.6500,12.7900,1.4950,22.2600,4.9800,10.4100,4.3200,4.9500,6.4000,1.3900,23.3500,26.3700,12.4300,11.1800,3.8500,4.5100,4.5300,7.5000,52.2700,8.7000,2.1000,7.7900,12.0300,14.7800,1.4350,16.4600,8.9900,203.1800,70.0000,16.2900,3.1800,4.7600,2.0500,2.5200,57.0000,2.3800,32.3200,2.5500,12.9200,3.7500,3.4900,10.8600,7.0700,1.3100,2.6000,9.6100,6.4900,16.2800,6.9000,3.9700,0.7900,33.2800,1.9600,17.5500,2.6600,9.0600,25.5800,43.7700,4.5600,5.7600,12.0300,2.9000,1.4850,80.1000,124.8000,16.8100,3.0000,2.0200,4.0300,28.7300,113.5900,5.6100,8.0100,2.9100,26.9300,19.6600,36.0200,4.7700,2.3600,5.0200,4.1000,11.3100,10.4500,5.3400,10.1000,4.3000,3.9900,4.3800,5.8200,14.4100,11.1800,1.8350,3.0500,2.7100,2.0900,1.5200,27.2500,2.6000,6.1000,48.9100,4.8500,41.9700,31.1900,38.3000,13.6200,90.0000,5.1300,7347.0000
3/5/2022 0:00,2.8200,0.7900,16.5000,27.2500,0.3300,4.9000,7.3600,1.1000,2.6000,1.3250,1.4500,7.4700,40.6100,5.4000,4.2500,19.6200,4.4100,10.6200,2.7900,23.9000,30.7600,8.3500,12.8100,31.7700,1.8050,1.1700,33.3100,27.2600,11.3500,37.8400,9.4500,33.3500,86.3400,6.8700,21.9807,7.0000,4.0000,8.2300,8.1200,6.4000,1.6250,0.9300,10.4800,47.6600,19.6100,3.3900,2.5100,10.5300,22.9100,23.0900,4.1100,4.0700,20.3400,3.7400,7.3500,7.1600,14.5800,5.1000,4.2000,6.5000,3.0500,226.6900,18.5000,102.2600,23.9000,2.3700,24.9600,272.8700,5.8900,1.1550,4.7700,11.0700,13.1100,3.5300,69.2000,5.3900,12.7900,38.0900,7.6200,3.8800,14.2900,19.2400,5.5500,22.7000,20.6100,12.6600,1.4450,21.9300,4.9300,10.5000,4.1600,4.9900,6.3400,1.3400,23.9000,27.1100,12.5600,11.0600,3.8800,4.3900,4.5400,7.3200,52.2200,8.7000,2.0800,7.9100,11.8900,14.7700,1.4100,17.0400,9.0000,203.4300,69.5900,17.1100,3.2000,4.8000,2.0400,2.5200,56.0800,2.3600,32.1100,2.4800,12.5600,3.8000,3.5400,11.0000,7.0200,1.3300,2.5700,9.5700,6.6200,16.3500,6.9100,3.8600,0.7850,33.5100,1.9450,17.0300,2.6500,8.7700,24.1600,45.2100,4.5400,5.8000,11.9800,2.8800,1.4100,79.0000,125.4100,16.5500,2.9500,1.9650,4.0100,28.2300,111.8500,5.6000,7.9800,2.8600,27.0600,19.7300,36.0500,4.7700,2.5400,4.9900,4.0600,11.2600,10.2400,5.2900,10.1000,4.2400,3.9800,4.3400,5.6600,14.5600,11.3900,1.8300,2.9900,2.7600,2.0800,1.5200,26.9100,2.5200,6.0000,49.1000,4.8200,42.3400,31.1700,38.4400,13.7100,91.8300,5.2700,7316.2002
4/5/2022 0:00,2.8300,0.7900,16.7400,27.3700,0.3100,4.9000,7.2500,1.1000,2.5500,1.3850,1.4800,7.5000,40.9500,5.2800,4.2000,19.4300,4.4500,10.4000,2.7800,24.0700,31.4900,8.2300,12.9000,31.4600,1.8100,1.1900,33.9400,27.3800,11.3700,33.6100,9.4400,33.3000,86.5700,6.9700,22.1083,7.0700,4.0200,8.1800,7.9000,6.2500,1.6500,0.9500,10.5600,47.4000,19.3000,3.3500,2.4500,10.5800,22.7700,22.8500,4.1500,4.1400,20.2100,3.7200,7.4500,7.2300,14.2800,5.0000,4.1900,6.5400,3.0600,228.9700,18.6000,102.9800,24.3400,2.3800,24.3500,274.7500,5.9800,1.1250,4.7500,11.1600,13.0100,3.4100,68.3500,5.4200,12.4800,38.7300,7.6600,3.8600,14.3100,19.1600,5.4900,21.1900,20.1200,12.3400,1.4300,21.4100,4.9100,10.7300,4.0900,4.9100,6.1900,1.3100,24.8300,27.0100,12.3600,11.1400,3.9600,4.2000,4.6700,7.3200,49.7300,8.7100,2.0800,7.9500,11.8100,13.6100,1.3600,17.4000,8.9500,204.7300,69.8500,16.7200,3.1700,4.7400,2.0400,2.5200,54.2400,2.2900,32.4400,2.4500,12.5700,3.7000,3.5300,10.8000,7.1200,1.2700,2.5900,9.4500,6.5000,16.4100,7.0000,3.9900,0.7750,33.0800,1.9400,16.7300,2.6300,8.4500,24.0700,44.8400,4.5000,5.6700,12.0200,2.8400,1.4050,79.0100,121.6700,16.8000,2.9100,1.9550,4.0500,27.7800,111.1100,5.4500,8.0700,2.8300,26.8100,19.6000,36.4100,4.6400,2.5400,4.9500,3.9900,11.2800,10.4500,5.2700,10.2300,4.0600,3.9900,4.2000,5.6300,14.7700,11.3500,1.8350,3.0800,2.8100,2.0800,1.5350,27.4400,2.4700,5.8500,48.9600,4.8700,42.2400,31.1400,38.0700,13.9300,92.0900,5.2700,7304.7002
5/5/2022 0:00,3.0300,0.7450,17.6900,26.8900,0.3050,4.9000,7.4900,1.1400,2.5200,1.4700,1.5000,7.4800,41.4100,5.2800,4.2100,20.2900,4.5000,10.1750,2.7800,24.0100,32.5100,8.4200,12.9400,32.1300,1.8450,1.2100,33.8600,26.9100,11.5600,33.2300,9.5000,33.5000,85.5200,7.0200,22.2849,7.1100,4.0700,8.1900,7.8600,6.4100,1.7150,0.9800,10.5400,47.4500,19.4200,3.4000,2.6000,10.5800,23.5000,23.1500,4.2300,4.1700,20.3100,3.7500,7.6800,7.5200,14.5200,5.0400,4.2400,6.5900,3.1000,229.0800,18.4800,103.7100,24.9300,2.4600,24.4900,276.2500,5.9700,1.1850,4.8700,11.2500,13.1600,3.3900,69.0400,5.5800,12.5500,38.0100,7.7200,3.9400,14.4300,19.4000,5.4800,21.3900,20.8300,12.4100,1.4800,21.6200,5.0400,10.7200,4.0900,4.8400,6.5300,1.3450,25.8300,27.0100,12.5600,11.3500,3.9400,4.2800,4.6600,7.4300,50.4200,8.9400,2.1000,8.0600,11.9400,13.6100,1.4650,17.8800,9.3100,202.6600,69.5000,17.5700,3.2200,4.6900,2.0500,2.5300,56.1800,2.3200,32.2500,2.5000,12.7000,3.8000,3.7200,11.0200,7.2300,1.2900,2.6000,9.6600,6.7000,16.4600,7.1100,3.9400,0.8250,33.4200,2.0200,16.8000,2.8300,8.8800,24.7900,45.7000,4.4700,5.6500,12.6800,2.8600,1.4450,78.5000,122.0000,17.3700,2.9700,2.0800,4.3000,28.7300,111.5800,5.6800,8.1800,2.9100,27.1100,19.9400,36.4700,4.7700,2.7200,5.0100,4.0600,11.4500,10.9300,5.2900,10.4500,4.2700,4.0000,4.2600,5.6600,14.7300,11.5000,1.9100,3.0700,2.8000,2.0800,1.5500,27.8100,2.5200,5.9300,49.4600,5.0700,43.8200,31.8200,38.1400,14.5000,95.2000,5.6600,7364.7002
6/5/2022 0:00,3.0000,0.7250,17.8100,26.6100,0.2900,4.9000,7.1500,1.1200,2.5000,1.4000,1.4600,7.3800,39.3100,5.3500,4.1200,19.0400,4.4300,9.9000,2.7800,23.8300,31.9300,8.3500,12.6100,30.6400,1.7800,1.1800,33.0400,26.7600,11.3400,31.8200,9.4400,32.1400,84.5400,6.8500,21.9415,6.9100,4.0300,8.1900,7.7000,6.3000,1.6600,0.9300,10.4600,46.8000,18.4500,3.3200,2.4700,10.4800,22.5600,22.7100,4.1800,3.8800,19.5900,3.6300,7.5000,7.3900,13.9300,4.9100,4.1600,6.5200,3.0400,219.3900,18.6700,102.4000,24.2700,2.2600,23.1000,268.1600,5.9100,1.1350,4.7600,10.8900,12.5000,3.3300,66.2900,5.5400,12.1500,37.9600,7.6300,3.8100,14.3200,19.8400,5.4300,20.9800,20.8300,12.1600,1.4300,20.6000,4.9400,10.6200,3.9800,4.6500,6.0900,1.3250,25.2000,24.8000,12.0800,10.8400,3.8400,4.1300,4.6300,7.4200,48.7200,8.6000,1.9900,8.0400,11.7900,12.9100,1.3800,16.6300,9.0100,186.9000,69.4500,17.2500,3.2500,4.6900,2.0400,2.4700,56.3600,2.2600,31.6200,2.3900,12.3200,3.7500,3.6300,10.4200,7.2000,1.2550,2.4500,9.4200,6.5400,15.9100,7.0100,3.9000,0.7400,32.9600,1.9400,16.5700,2.7300,8.4800,23.8800,42.6300,4.5400,5.5000,12.6400,2.7900,1.4050,77.8000,112.1500,16.8200,2.9300,1.9550,4.1300,28.8000,109.2600,5.4100,8.0500,2.8200,25.3100,19.7500,35.9400,4.6300,2.5900,4.8900,3.9000,11.3100,10.4200,5.1500,10.0300,4.2500,3.9700,4.2100,5.5700,14.3000,11.2200,1.8400,2.8100,2.7400,2.0600,1.5400,27.0600,2.4800,5.7500,49.6000,4.9500,41.3700,31.3900,38.1500,14.1800,86.5700,5.5300,7205.6001
9/5/2022 0:00,2.9600,0.6750,18.0800,26.4300,0.2750,4.9000,6.8500,1.1200,2.4900,1.4000,1.3700,7.4100,38.4700,5.3500,4.2000,18.5200,4.4200,9.7900,2.7800,24.6000,30.1500,8.2900,12.5100,30.0700,1.7450,1.1600,33.2400,26.0300,11.1100,31.4200,9.3400,31.3800,83.5100,6.8300,21.6471,6.6900,4.0100,8.1400,7.6000,6.1600,1.6750,0.8450,10.3700,46.2100,18.1100,3.2800,2.3000,10.4700,22.1300,22.6600,4.0800,3.6200,18.7500,3.4800,7.3200,7.0500,13.3500,4.8300,4.1000,6.5200,3.0100,216.4800,18.7900,102.6600,24.1500,2.2300,21.5100,270.4000,5.8300,1.0750,4.6300,10.7500,12.1100,3.2400,67.6000,5.4700,11.7600,37.4200,7.6500,3.6700,14.0500,19.2200,5.4200,20.7000,19.6300,11.8400,1.3650,19.1600,4.7300,10.6000,3.8000,4.5900,5.8000,1.2900,25.2500,24.2900,11.7000,10.5100,3.8400,3.9600,4.6200,7.4500,47.9600,8.2100,1.9250,7.9000,11.3700,12.3100,1.2600,15.5900,8.5200,182.0000,67.0000,15.8000,3.2200,4.7400,2.0300,2.4600,53.7300,2.1600,31.6800,2.2900,12.1700,3.6100,3.6300,10.1500,7.1300,1.1900,2.3500,9.0600,6.4300,15.8300,6.9400,3.9000,0.7250,32.6700,1.8300,15.9200,2.5600,8.3400,23.0000,40.7600,4.6100,5.3800,12.4200,2.7100,1.3450,78.7500,107.2800,16.5100,2.8200,1.8600,4.1200,28.3800,106.8000,5.2300,8.0800,2.7200,24.6000,19.5500,35.6100,4.6300,2.4600,4.8200,3.8500,11.2800,9.9600,5.1000,9.9300,3.9400,3.9800,4.0300,5.7000,14.1500,11.1500,1.7900,2.7200,2.7500,2.0600,1.4900,27.1400,2.4200,5.6000,49.0600,5.0800,39.3300,31.5800,38.3600,14.1600,84.3400,5.4000,7120.7002
10/5/2022 0:00,2.9200,0.6500,18.1800,26.1100,0.2700,4.8900,7.0000,1.0750,2.4000,1.2650,1.4200,7.4000,39.3300,5.2900,4.3300,18.6200,4.3400,9.5600,2.6800,24.6500,28.9900,8.2000,12.2500,29.8700,1.6700,1.1600,33.0100,25.7900,11.0600,31.4700,9.3400,31.3100,81.5100,6.7900,19.7300,6.6300,3.9600,8.0200,7.5100,6.1800,1.6100,0.8300,10.2800,45.0200,18.0100,3.2300,2.2200,10.4400,22.3500,22.4800,4.0100,3.5600,19.2500,3.3900,7.2900,6.8500,13.2100,4.8200,4.0300,6.4500,2.9200,210.4700,18.5900,101.7000,23.9700,2.1700,21.2900,270.6500,5.6900,1.0350,4.4800,10.6100,12.2700,3.3100,70.0400,5.5000,11.7300,36.7000,7.6900,3.5800,14.0200,19.1900,5.3300,20.2800,19.1100,11.7300,1.3200,19.2200,4.6900,10.5600,3.7600,4.5900,5.7300,1.2750,25.3000,25.5200,11.3400,10.1700,3.7600,3.9200,4.6800,7.7100,48.1600,6.9300,1.8450,7.9200,11.2100,12.1300,1.2450,15.7500,8.3700,180.0200,64.1800,15.8700,3.2000,4.7800,2.0200,2.4300,52.7100,2.1800,31.7800,2.2500,12.3300,3.7000,3.5600,9.8100,7.2000,1.1550,2.3800,8.7300,6.4000,15.8000,6.8300,3.9200,0.6900,32.4500,1.7850,15.7700,2.5300,8.1800,23.2000,41.7300,4.5300,5.3500,12.5100,2.7200,1.3000,77.2000,113.1600,16.8900,2.8300,1.8550,4.1000,27.8600,102.9700,5.0900,7.9400,2.7500,25.5100,19.4100,34.7800,4.4700,2.4000,4.8100,3.8400,11.5800,9.9000,5.0200,9.9500,3.8500,3.9300,3.9800,5.7800,13.9800,11.0700,1.7700,2.6800,2.6700,2.0100,1.4800,26.7500,2.4100,5.4800,48.9200,4.9900,40.9600,30.7700,37.7500,13.8600,87.8500,5.2500,7051.2002
11/5/2022 0:00,2.9200,0.6600,17.8400,26.6100,0.2500,4.8900,6.9200,1.0800,2.4100,1.2400,1.4700,7.2500,38.7100,5.1500,4.0500,18.3700,4.3300,10.1200,2.7000,24.2500,29.9800,8.1900,12.2900,30.2500,1.6500,1.1600,32.6500,25.4000,11.1300,31.7000,9.4000,31.8200,82.1300,6.8800,19.5300,6.5800,3.9900,8.0700,7.4400,6.2000,1.6450,0.8300,10.2900,45.6600,17.7100,3.2500,2.1700,10.4600,22.6300,22.4000,4.0800,3.4900,19.4900,3.4000,7.2600,6.6900,13.3800,4.8800,4.1200,6.4600,2.9300,214.3800,18.6000,101.5100,23.8000,2.1900,21.3200,276.2200,5.7200,1.0250,4.4100,10.6500,12.4700,3.3400,70.4000,5.5800,11.6500,36.1700,7.7400,3.5700,13.8100,19.2100,5.3700,19.9600,19.5500,11.8000,1.3300,19.4900,4.7800,10.4600,3.7700,4.5300,5.6000,1.2650,25.1700,25.0200,11.2500,10.0300,3.8300,3.9700,4.6200,8.0300,47.4800,7.3000,1.8500,7.8500,11.4000,13.9600,1.2450,16.0900,8.7000,182.1200,64.2100,15.9900,3.1800,4.7900,2.0300,2.4100,54.2600,2.2100,30.5300,2.2700,12.4400,3.7400,3.6300,10.2000,7.2400,1.1550,2.4600,8.7400,6.4000,15.6700,6.8600,3.8900,0.6800,32.6100,1.7600,15.5600,2.6200,8.4200,23.3100,42.2700,4.4700,5.3100,12.3700,2.7600,1.2950,77.0700,111.1600,16.8600,2.9000,1.8600,4.1300,28.4200,105.6400,5.0900,7.9700,2.7700,25.6100,19.4400,35.2400,4.4100,2.3900,4.8300,3.8600,11.4800,9.9500,5.0500,10.0500,3.9900,3.9100,4.1600,5.9700,14.0000,11.1700,1.7900,2.6000,2.6700,2.0100,1.5100,27.2300,2.4500,5.5100,49.3300,4.9800,41.0700,30.5300,37.7500,13.8200,86.9700,5.3400,7064.7002
12/5/2022 0:00,2.8800,0.6350,18.0600,26.2900,0.2400,4.8900,6.8100,1.0750,2.4300,1.3100,1.3800,7.2500,38.4000,5.0500,4.1500,18.4100,4.3700,9.5600,2.6900,23.7900,28.1500,8.3300,11.9900,25.2000,1.6150,1.1100,33.1300,25.1600,11.1100,30.9800,9.2600,30.5800,80.5100,6.8200,19.5500,6.4500,3.9000,8.0400,7.3100,6.0400,1.6250,0.8150,10.1500,44.9500,17.4300,3.2300,2.0100,10.3000,21.4500,21.9300,4.0300,3.4200,18.7000,3.3600,7.0500,6.6500,12.9800,4.8300,4.0900,6.4000,2.8800,208.5900,18.3300,102.1500,23.3200,2.1500,20.4800,271.1800,5.1700,1.0100,4.3600,10.4000,12.4000,3.2800,69.3800,5.4800,11.3000,37.1100,7.5500,3.4500,13.7000,18.4500,5.3500,19.2600,19.0100,11.5800,1.2800,18.9100,4.5700,10.1100,3.7300,4.4200,5.4900,1.2800,24.5400,22.7300,10.9200,9.5300,3.7400,3.8800,4.5600,7.9000,47.1800,7.1300,1.7950,7.6600,11.1900,13.5000,1.1550,15.2500,8.5900,175.2100,61.8100,14.7200,3.1500,4.6900,2.0200,2.3700,53.1200,2.1500,30.8200,2.2500,12.1500,3.5500,3.5100,9.9000,7.1300,1.1150,2.4100,8.5000,6.2700,16.4000,6.7200,3.8500,0.6350,31.3700,1.6950,15.3500,2.4500,8.0600,23.0500,40.6500,4.4500,5.1800,12.2900,2.7200,1.2400,77.0000,106.3100,16.4400,2.9000,1.8100,4.0100,27.6700,103.4300,4.9300,7.8000,2.7600,24.2500,19.0000,35.1800,4.3700,2.2900,4.8100,3.7700,11.6100,9.6500,4.9900,9.6100,3.5500,3.8700,4.1100,5.9600,13.7800,10.7800,1.7700,2.5000,2.6600,2.0000,1.4750,26.3400,2.4200,5.3000,48.7700,4.8400,38.2400,29.6000,37.2100,13.5400,76.9000,5.2600,6941.0000
13/5/2022 0:00,2.9300,0.6350,18.3300,26.9000,0.2400,4.9600,6.7500,1.0750,2.4100,1.4000,1.4400,7.1200,39.0900,5.2000,4.1000,18.8400,4.4900,9.5600,2.7100,24.0000,28.7200,8.4000,12.0100,27.0000,1.6300,1.1500,33.9200,25.3900,11.2300,31.3400,9.3900,31.6200,82.0700,6.8500,19.6000,6.6200,3.9600,8.0800,7.4400,6.2600,1.6350,0.8150,10.3400,45.8400,17.6400,3.2800,2.0700,10.4300,22.0500,22.1500,4.1200,3.4500,19.2000,3.4400,7.2900,6.7000,13.2000,4.8500,4.2100,6.5000,2.9100,214.5600,18.3500,102.2800,23.7400,2.2100,20.5800,280.2000,5.1600,1.0150,4.4300,10.6700,12.6000,3.3100,67.7700,5.5800,11.7800,36.2400,7.5900,3.4300,14.8500,19.0900,5.3800,19.6200,19.3900,11.7000,1.2500,19.6700,4.7100,9.9300,3.8100,4.5300,5.5800,1.3250,24.9900,23.1700,10.5400,9.8300,3.8500,4.0300,4.6200,7.9700,48.5300,7.0000,1.8500,7.6700,11.3500,14.3600,1.2150,15.8500,8.6600,183.1100,60.5000,15.7900,3.1900,4.7200,2.0200,2.4200,54.0700,2.2100,31.1400,2.3100,12.8500,3.6500,3.6200,10.0500,7.2800,1.1500,2.4600,8.5300,6.4000,16.3800,6.8000,3.8300,0.6650,32.4500,1.7100,15.6100,2.4700,8.5000,23.0500,41.0200,4.5700,5.2900,12.7000,2.7800,1.2550,77.1600,111.3100,15.9300,2.9600,1.8450,4.0600,28.3000,105.5900,4.9300,8.0500,2.8300,24.8100,19.3000,36.0500,4.4100,2.3600,4.9200,3.9200,11.8500,10.0000,5.1800,9.9700,3.8200,3.9300,4.0500,6.0500,13.9200,11.0900,1.8400,2.5800,2.8300,2.0200,1.4700,26.2700,2.4700,5.4700,49.9700,4.8900,41.0200,30.4000,37.6400,13.8500,84.1600,5.6200,7075.1001
16/5/2022 0:00,2.9000,0.6300,18.4700,27.2400,0.2500,4.9600,6.7300,1.0700,2.4500,1.3500,1.3800,7.0500,38.8500,5.2500,4.1000,18.3200,4.3600,9.6000,2.7000,24.3800,28.5000,8.4300,11.9200,27.7000,1.6300,1.1400,33.6800,25.5800,11.3200,31.7300,9.3100,31.6500,81.8600,6.9100,19.3900,6.6700,3.9800,8.0400,7.5200,6.3100,1.6350,0.8150,10.3900,45.3100,17.5700,3.2900,2.0500,11.6000,21.6800,22.0000,4.1200,3.4100,19.8100,3.4400,7.3000,6.7500,13.1500,4.8900,4.2300,6.5100,2.9300,212.3100,18.6100,103.3300,23.9100,2.1800,21.2700,277.2500,5.1700,1.0250,4.4500,10.7400,12.4600,3.3500,70.1100,5.7100,11.7200,35.6400,7.7500,3.4600,15.1000,19.0800,5.4300,19.9700,18.9600,11.7400,1.2600,19.5500,4.7200,10.0900,3.8100,4.5000,5.7800,1.3200,24.5900,23.2100,10.6200,9.9300,3.9300,4.0000,4.6800,7.9100,48.1400,6.7500,1.8800,7.7100,11.4300,14.2700,1.2450,15.8100,8.8400,179.6600,62.9500,15.2300,3.2200,4.6300,2.0200,2.4500,55.0200,2.2200,31.3200,2.3300,12.7300,3.6800,3.7300,10.3300,7.1500,1.1600,2.4800,8.6400,6.4700,16.3500,6.8300,3.8300,0.6650,32.4900,1.6950,15.4900,2.6000,8.5300,23.2900,41.3400,4.5900,5.3800,12.6600,2.9400,1.2500,78.2800,113.8700,16.1200,3.0000,1.8700,4.0900,28.6700,104.4000,4.9500,8.0900,2.8500,25.4000,18.8600,35.9700,4.4000,2.3200,4.9600,3.9100,12.0300,9.9600,0.6986,10.1200,3.9400,3.9300,4.1300,6.0400,14.0900,11.1700,1.8650,2.5800,2.8300,2.0100,1.4800,26.3300,2.4600,5.6400,49.6600,4.9100,41.1100,30.5000,37.4600,14.1000,87.8800,5.5700,7093.0000
17/5/2022 0:00,2.8800,0.6150,18.5400,26.7400,0.2500,5.1300,6.8000,1.1200,2.4400,1.3500,1.4100,7.1700,37.5000,5.0100,4.0400,18.4800,4.3400,9.3700,2.6900,24.4600,29.5100,8.6200,12.0300,27.5700,1.6600,1.1400,33.9900,25.6100,11.4200,30.7500,9.3500,31.2000,82.2200,6.9500,19.5100,6.6300,3.9900,8.0200,7.5100,6.2600,1.7350,0.8250,10.4600,40.5670,17.9300,3.2100,2.1400,10.7200,21.2700,21.8100,4.0900,3.5000,19.4300,3.4200,7.5000,7.0000,13.0100,4.8600,4.2400,6.5300,2.9500,211.9800,18.7100,105.1200,24.2900,2.2900,21.3100,274.0700,5.1400,1.0400,4.4800,10.6400,12.5200,3.3100,68.2400,5.7200,11.8900,35.7800,7.8900,3.4200,15.0100,18.7800,5.2500,20.2400,19.3900,11.7400,1.2900,18.7500,4.7400,10.1700,3.8200,4.5400,5.7000,1.3350,23.6800,22.2800,10.9100,9.9800,3.9100,4.0000,4.6800,7.8800,47.7100,6.4500,1.9500,7.7000,11.3900,14.5800,1.2750,15.8700,9.4200,180.4900,60.9000,14.5600,3.2400,4.7100,2.0200,2.4500,58.1600,2.1700,31.4800,2.3300,12.4400,3.7300,3.8800,10.4600,7.2500,1.1950,2.4700,8.6000,6.6300,16.6200,6.9200,3.9100,0.6750,32.3500,1.7500,15.3500,2.7300,8.1900,23.2600,40.1100,4.5500,5.4400,12.7400,2.9200,1.2450,77.1100,108.7200,15.9400,3.0200,1.8800,3.9400,27.9200,106.6700,5.1500,8.2500,2.8600,24.3000,18.7900,35.6900,4.4700,2.4000,4.9400,3.9000,12.1600,9.9100,0.7081,10.2300,4.1500,3.9300,4.1500,6.0600,14.0600,11.1600,1.8900,2.5700,2.8400,2.0000,1.4900,26.1800,2.4600,5.6500,49.5700,5.2000,40.4200,31.1100,37.6800,14.6000,86.4500,5.7400,7112.5000
18/5/2022 0:00,2.9200,0.6100,18.6900,26.9700,0.2750,5.0000,7.0800,1.1000,2.4200,1.3700,1.4150,7.2400,38.5000,5.3100,4.1700,17.8500,4.3300,9.9300,2.7400,24.4400,30.5900,8.6400,12.2700,28.3900,1.6950,1.1500,34.5900,25.8400,11.5900,31.4800,9.4500,31.6000,82.3300,7.0000,19.2900,6.6200,4.0900,8.1000,7.5200,6.2200,1.7000,0.8350,10.4800,41.8581,18.2000,3.1100,2.1600,11.0600,21.5000,22.0100,4.1400,3.5500,19.5700,3.5000,7.4100,7.3700,13.2900,4.9300,4.2900,6.6800,3.0000,216.9500,18.4500,104.8000,24.4200,2.4000,22.3900,273.0900,5.1900,1.0450,4.5800,10.7600,12.8100,3.3600,70.0400,5.7400,11.5000,35.0100,7.7700,3.4300,15.3400,19.0700,5.3300,21.2000,19.7800,11.8400,1.2850,19.0800,4.8200,10.4000,3.8600,4.5800,5.7700,1.3500,24.2900,23.0500,11.2500,10.2000,3.8100,4.0900,4.6500,7.9000,48.0800,6.4000,1.8900,7.7900,11.2300,14.5200,1.3050,16.0400,9.8200,181.5000,60.9800,15.0100,3.2100,4.5900,2.0300,2.4700,60.7700,2.2200,31.2800,2.3600,12.4300,3.6800,3.9100,10.7800,7.1700,1.2400,2.5000,8.5700,6.6400,17.1000,6.9800,3.8900,0.7100,32.5700,1.7400,15.2700,2.8000,8.2600,23.2100,40.2300,4.5500,5.5200,12.7000,3.0100,1.2700,78.6200,112.4000,16.0000,3.0400,1.8800,4.0800,27.9100,108.8600,5.3400,8.2600,2.9500,25.2800,19.6400,36.1900,4.7000,2.6500,4.8900,3.9400,12.1500,9.9500,0.7259,10.1700,4.2000,3.9700,4.1500,6.0600,14.2500,11.2000,1.9500,2.6300,2.8200,2.0600,1.4900,26.1000,2.4900,5.7900,49.7900,5.2800,41.6900,30.7600,37.2700,14.8900,88.4200,5.6300,7182.7002
19/5/2022 0:00,2.8200,0.6050,18.2600,26.9000,0.2850,4.9700,7.3500,1.1900,2.4600,1.3400,1.4100,7.2300,36.3700,5.2500,4.2100,17.0200,4.3100,9.6200,2.7000,23.4500,29.5100,8.5800,12.2600,27.1600,1.6750,1.1400,34.3000,25.2800,11.6000,30.5400,9.3900,33.7300,81.0600,6.9400,19.0600,6.6300,4.0700,8.0700,7.4600,6.0700,1.6550,0.8200,10.3100,41.1635,17.8800,3.0000,2.0800,11.1200,20.6200,21.4700,4.1200,3.5700,18.9900,3.4500,7.4700,7.2100,13.3100,4.9100,4.2900,6.6000,3.0100,214.2700,17.8200,103.8000,23.6400,2.3300,21.8300,274.0000,4.9700,1.0350,4.4500,10.6500,12.1800,3.2100,69.5800,5.6300,11.0400,35.2800,7.7400,3.5000,14.8500,18.6600,5.1800,20.2200,19.4000,11.7900,1.2900,19.1500,4.8000,9.9800,3.8500,4.3300,5.7400,1.3150,23.3200,22.8500,11.0900,9.9500,3.8200,4.0000,4.5700,7.9300,44.8900,6.2200,1.8850,7.5700,11.0700,13.6300,1.2250,15.2800,9.4000,177.6400,60.0000,14.4300,3.2000,4.2900,2.0200,2.4300,59.3300,2.1600,30.8600,2.3400,12.3500,3.7400,3.8200,10.6800,7.1500,1.2150,2.4100,8.7100,6.0700,16.9500,6.9100,3.8700,0.7100,31.8100,1.7500,15.1900,2.7300,8.1600,22.7000,40.7600,4.6000,5.4600,12.4900,2.9800,1.2800,78.8000,108.2500,15.6300,3.0000,1.9100,3.9900,27.7600,106.7500,5.1800,8.2100,2.9000,24.7200,19.1500,35.9700,4.6500,2.6700,4.9100,3.8700,12.0500,9.3500,0.7232,10.0300,4.1100,3.9300,4.1800,6.0000,14.1900,11.2000,1.8950,2.5400,2.8100,2.0600,1.4700,26.0000,2.5100,5.8700,45.8900,5.1800,41.0100,29.8900,35.1800,14.6300,85.6400,5.6500,7064.5000
20/5/2022 0:00,2.8000,0.6200,18.4000,26.8600,0.2900,4.9700,6.9500,1.1900,2.4500,1.3850,1.4250,7.3500,36.9900,5.2800,4.2100,17.2800,4.3400,9.4400,2.7400,23.5700,30.0000,8.6300,12.1700,28.8400,1.6850,1.1150,34.3200,25.5000,12.0200,30.9700,9.3600,35.1700,83.0100,7.0300,19.2400,6.7100,4.0700,8.0800,7.5000,6.0900,1.6100,0.8700,10.3600,42.0094,18.1000,2.9700,2.1300,11.2500,20.6100,21.4200,4.0700,3.6600,19.3800,3.4100,7.4800,7.4900,13.3400,4.9000,4.2300,6.6200,3.0200,215.8000,17.8900,104.6000,24.3600,2.3000,21.9900,275.1700,4.9400,1.1200,4.5000,10.6200,12.2900,3.2900,71.0900,5.6700,11.0200,35.8900,7.6100,3.7200,14.7900,18.9700,5.1900,20.5900,20.1500,11.7400,1.3350,19.3700,4.7700,9.9200,3.8000,4.3600,5.5800,1.2900,23.9400,23.5100,11.6600,10.4100,3.7400,4.0000,4.5600,8.0600,46.1500,6.0100,1.8800,7.5500,10.9000,13.6400,1.3050,15.4600,9.6300,181.3700,58.9100,14.7700,3.2300,4.2700,2.0200,2.4200,59.8200,2.1500,31.0700,2.3300,12.4700,3.7000,3.9700,10.9000,7.1700,1.2900,2.4300,9.0700,5.8200,16.4500,6.8000,3.8400,0.7150,31.9600,1.8100,15.3500,2.8500,8.2000,22.6900,41.5400,4.5400,5.5600,12.4700,2.9500,1.3350,78.8000,112.4800,15.4500,2.9600,2.0100,3.9200,28.3500,108.3500,5.3600,8.0800,2.8500,25.1000,18.8000,36.4700,4.7200,2.7000,5.0400,3.9200,12.1500,9.4100,0.7368,10.5000,4.2800,3.9600,4.2800,5.9700,14.3200,11.4200,1.8650,2.5300,2.8100,2.0400,1.4900,26.0500,2.4700,6.0000,46.7500,5.2600,42.1700,28.7700,35.3500,14.7800,88.5300,5.9200,7145.6001
23/5/2022 0:00,2.8300,0.6050,18.3600,27.3300,0.2800,5.0000,7.0700,1.2200,2.4700,1.3650,1.5400,7.5000,38.2500,5.2800,4.1700,17.3500,4.2900,10.0600,2.6000,23.4100,29.6300,8.5900,12.2100,28.8700,1.6750,1.1100,33.4800,25.3100,11.8500,31.5100,9.3600,35.8100,83.5700,7.0300,19.1600,6.7300,4.0000,8.0100,7.4900,6.0400,1.6200,0.8800,10.3300,42.5882,18.1600,3.0200,2.1300,11.3300,20.7600,21.4400,4.0800,3.6500,19.9600,3.4300,7.5600,7.7000,13.1500,4.8900,4.2800,6.6000,3.0500,219.3300,17.7600,104.5000,24.3700,2.2700,22.2000,273.1500,5.0800,1.1100,4.5600,10.6300,12.5000,3.2900,70.3200,5.6800,11.0700,34.9800,7.5500,3.7200,14.8400,19.0600,5.1600,20.6800,20.7100,11.8200,1.3550,19.1600,4.7500,9.9300,3.8200,4.3800,5.6800,1.3250,24.9100,23.8000,11.6500,10.5000,3.6000,4.0200,4.6000,8.0700,46.5800,6.0000,1.9600,7.6100,10.8500,13.4300,1.2950,15.4900,9.5000,179.8800,58.4000,15.2100,3.2200,4.2400,2.0400,2.4000,59.6400,2.1900,30.7800,2.3400,12.6200,3.5900,3.9600,11.1800,7.2000,1.2950,2.4100,9.0500,5.8400,16.2100,6.7700,3.8600,0.7350,32.3200,1.8150,15.5900,2.8100,8.4500,22.5900,41.8900,4.5100,5.4600,12.2400,2.9800,1.3350,79.1400,114.1400,15.4300,2.9900,2.0400,3.8800,28.2500,109.5000,5.4000,8.1800,2.8600,25.4200,18.7300,36.7500,4.6700,2.7600,5.0900,3.9000,12.1500,9.4200,0.7300,10.4100,4.3200,3.9200,4.4300,5.9400,14.3800,11.8800,1.8650,2.5700,2.8100,2.0600,1.5000,26.1500,2.4500,5.9800,46.1800,5.1500,42.4400,28.9100,34.6700,14.7800,90.4800,5.8300,7148.8999
24/5/2022 0:00,2.8100,0.5900,18.1600,27.0400,0.2750,5.0000,7.0400,1.2000,2.4700,1.3950,1.5100,7.4800,36.3700,5.2800,4.0900,17.7900,4.3300,10.0600,2.5400,23.5400,29.5500,8.5300,11.7800,28.1800,1.6550,1.0900,33.4500,25.3700,11.5900,30.9400,9.3800,34.4000,82.5000,6.9600,18.3600,6.6700,3.9600,7.9500,7.5700,6.0200,1.6350,0.8750,10.5500,42.5615,18.2100,2.9800,2.1000,11.2100,20.7400,21.2300,4.0800,3.7000,19.2700,3.4200,7.5300,7.8100,13.3700,4.8800,4.2600,6.5200,3.0200,216.7100,17.6500,105.0900,23.9100,2.3200,21.7000,274.1500,4.9700,1.0800,4.5000,10.6100,12.4600,3.2300,69.4800,5.5800,10.7500,35.9400,7.5200,3.6900,14.5900,18.7200,5.0600,20.1100,20.7700,11.7100,1.3200,19.4400,4.7800,10.0600,3.8400,4.3600,5.6500,1.3300,24.0500,23.3800,11.8600,10.7400,3.5500,4.0300,4.5300,7.9700,45.6400,5.6600,1.9850,7.5000,10.6900,13.5700,1.3300,15.0900,9.5400,178.8100,57.8000,14.7000,3.2300,4.2400,2.0400,2.4300,60.6300,2.2100,31.0900,2.3600,12.5700,3.5200,4.0500,10.9300,7.2000,1.2650,2.3900,8.8900,4.9900,15.5900,6.7500,3.8200,0.7200,32.0300,1.8750,15.4900,2.9000,7.9600,22.4700,42.0500,4.5500,5.3800,12.2900,2.9400,1.3500,77.8800,110.0400,15.1300,2.9900,2.0400,3.8100,27.7600,110.4700,5.4400,8.1700,2.8500,24.3500,18.3300,36.5200,4.6800,2.7000,5.0300,3.9000,12.1100,9.3300,1.0550,10.2400,4.2400,3.8700,4.3900,5.8400,14.3400,11.5300,1.8550,2.6400,2.8400,2.0600,1.4900,25.8000,2.4600,5.9100,46.3100,5.2000,41.1900,28.9900,34.4300,14.7500,88.4300,5.9700,7128.7998
25/5/2022 0:00,2.7400,0.5900,18.1900,26.8200,0.2750,5.0000,7.1300,1.2100,2.4700,1.4100,1.6050,7.2200,35.7500,5.4600,4.0800,17.9600,4.3200,10.0000,2.6000,23.8700,30.0000,8.6100,12.0100,27.9700,1.6500,1.0900,33.5800,25.6300,11.6200,30.5600,9.4900,33.6400,82.7500,7.0300,17.9200,6.7200,3.9900,7.9800,7.5200,6.0000,1.5850,0.9000,10.5800,43.0200,18.0700,2.9800,2.1200,11.0900,20.0000,20.9500,4.1200,3.7500,19.1900,3.4000,7.2800,7.7600,13.1300,4.9000,4.2900,6.5900,2.9900,217.3300,18.0000,106.1700,22.7700,2.3300,21.1100,273.6000,4.8900,1.1100,4.4800,10.7000,12.1300,3.1300,68.3500,5.5800,10.6700,36.5200,7.6600,3.8200,14.5900,18.2900,5.0100,19.7400,20.6800,11.3500,1.3550,19.4300,4.8000,10.0000,3.8500,4.4100,5.5000,1.3150,23.1900,22.8200,11.9100,10.7000,3.6000,3.9800,4.5100,7.7900,45.8000,5.6400,1.9800,7.5700,10.7400,13.4700,1.2950,14.7200,9.2900,178.2700,56.4000,14.4300,3.2200,4.3300,2.0400,2.4100,60.6000,2.2000,31.6600,2.3600,12.4500,3.4500,4.1000,10.7700,7.4200,1.2450,2.3400,9.1100,5.2700,16.1400,6.8200,3.8700,0.7200,31.8200,1.9600,15.1100,2.7700,7.7900,21.8100,39.6000,4.8000,5.3500,12.2600,2.9600,1.3750,77.7600,108.8300,15.0200,2.9900,2.0700,3.8000,27.6300,111.9600,5.4500,8.2300,2.8700,24.1700,18.4300,36.6000,4.6800,2.7300,5.0200,3.8700,12.1600,9.2900,1.0200,10.1100,4.1400,3.9300,4.4100,5.7700,14.4800,11.5600,1.8650,2.6000,2.8900,2.0700,1.4950,25.7300,2.4700,5.8200,46.8300,5.2900,39.8600,28.9900,35.0700,14.8500,87.4700,6.0800,7155.2002
26/5/2022 0:00,2.7900,0.5900,18.2700,27.3600,0.2700,5.0000,7.1100,1.2100,2.4700,1.4800,1.6000,7.3500,35.7900,5.3100,4.1000,17.5500,4.3400,9.6800,2.5500,23.9000,29.5300,8.6100,12.7400,28.1500,1.6400,1.0800,33.7600,25.5300,11.4300,30.5500,9.3700,33.7200,81.9900,7.0400,17.8700,6.6400,3.9600,8.0100,7.4800,6.0800,1.5800,0.8650,10.5200,42.6200,18.1900,3.0200,2.1900,10.9900,20.0000,20.2000,4.1100,3.6700,19.2100,3.3700,7.2200,7.5800,13.0200,4.8600,4.2500,6.7000,2.9200,218.4300,17.6000,105.4300,22.9100,2.2000,20.9500,269.8900,4.9000,1.0700,4.4000,10.5000,12.0200,3.1300,67.5000,5.6100,10.6700,36.1700,7.2000,3.7600,14.4500,18.0600,5.0000,19.7800,19.9200,11.2100,1.3300,19.6800,4.7500,9.6500,3.8700,4.3100,5.3600,1.3050,23.3800,22.6800,11.9700,10.6800,3.6500,4.0100,4.4700,7.7200,45.2900,5.5800,1.9750,7.4300,10.7200,13.5400,1.2800,14.4600,9.3700,177.8100,56.3700,14.4600,3.1600,4.2500,2.0300,2.4200,60.2200,2.1800,31.5700,2.3500,12.4500,3.4500,3.7800,10.7700,7.2700,1.2250,2.2800,8.8000,5.3300,16.2400,6.7300,3.8400,0.7150,31.3200,1.9050,15.1200,2.8100,7.8500,21.9000,40.6600,4.4800,5.4100,12.2300,2.9400,1.3150,77.3700,110.9700,15.0200,2.9400,2.0100,3.7900,27.9600,110.7800,5.4300,8.1500,2.8600,24.4300,18.4400,36.2900,4.6500,2.6600,5.0000,3.8700,12.1300,9.2200,0.9650,10.0800,4.1700,3.8900,4.3200,5.7200,14.3700,11.6800,1.8550,2.6600,2.8500,2.0600,1.5100,25.1900,2.4600,5.8300,45.9800,5.0400,40.8000,29.1000,34.1700,14.6300,87.4300,6.0800,7105.8999
27/5/2022 0:00,2.8100,0.5950,18.3900,27.3400,0.2600,5.0000,6.6500,1.2200,2.4600,1.5300,1.6200,7.2700,35.9500,5.3100,4.1000,17.7700,4.3100,9.6800,2.5400,24.0900,29.0500,8.8700,12.7600,28.4400,1.6600,1.1000,34.0000,25.6800,11.5200,31.4400,9.3900,34.6300,81.5600,7.1000,17.9000,6.6600,3.9800,8.0400,7.5700,6.1800,1.6400,0.8700,10.6100,43.6700,18.1700,3.0600,2.2800,10.9700,20.6500,20.5900,4.0800,3.5400,19.5000,3.3800,7.1900,7.4900,13.2500,4.8600,4.2500,6.5300,2.9400,218.5000,17.5000,106.6300,22.8400,2.2200,21.6900,269.0200,4.6700,1.0550,4.4800,10.5000,12.0200,3.2000,68.7200,5.7500,10.7400,36.5200,7.2500,3.7300,14.7500,18.0000,4.9400,20.3900,19.5900,11.3500,1.3000,19.8500,4.7600,9.7000,3.8600,4.3700,5.4200,1.3250,24.0100,23.2000,12.1200,10.7800,3.5000,3.9400,4.4700,7.8000,46.4200,5.6700,2.0700,7.5400,10.7800,13.5800,1.3200,14.6500,9.3800,183.0000,59.1100,14.8800,3.1900,4.2300,2.0300,2.4500,61.2900,2.2300,31.6800,2.3600,12.4900,3.6100,3.8000,10.8800,7.3600,1.2300,2.2400,8.7200,5.3700,16.5500,6.8400,3.8700,0.7450,31.9100,1.9050,15.1200,2.9100,8.0000,22.2900,40.7700,4.4500,5.4600,12.4000,2.9800,1.3000,78.4100,112.7400,15.2300,2.9700,1.9950,3.8200,28.5200,113.3900,5.4300,8.2400,2.9300,24.6500,18.8200,36.5100,4.7100,2.6100,5.0800,3.9100,12.2600,9.4100,1.0100,10.4300,4.2800,3.9100,4.3200,5.8000,14.3900,11.6900,1.8750,2.7000,2.9200,2.0600,1.5300,25.6700,2.4600,5.9700,46.7300,5.1400,41.6700,30.1400,34.1700,14.9600,87.4700,6.0800,7182.7002
30/5/2022 0:00,2.8800,0.6000,18.5400,27.5200,0.2650,4.9700,6.9000,1.2200,2.5200,1.5000,1.6400,7.2900,37.8400,5.1000,4.1000,17.8100,4.3300,9.7400,2.6200,24.2200,29.3900,8.7200,12.7100,29.5800,1.7100,1.1100,33.4000,25.7700,11.4500,32.2200,9.4600,34.7300,82.7100,7.1800,18.2800,6.7300,3.9700,8.1000,7.7000,6.2600,1.6400,0.8750,10.6700,44.9100,18.5100,3.1100,2.4300,11.0400,21.5500,21.0600,4.1200,3.7900,20.4500,3.4600,7.2300,7.4600,13.4800,4.9000,4.2700,6.6000,3.0100,224.7700,17.6100,106.5600,23.0100,2.1100,22.2200,274.0000,4.7000,1.0800,4.5100,10.6300,12.4900,3.2800,71.0000,5.7700,11.0900,36.5500,7.2700,3.8200,14.9300,18.5100,5.0700,20.8700,19.8500,11.5200,1.3550,20.3800,4.8200,9.7600,3.9300,4.3600,5.6500,1.3650,24.8500,24.9500,12.5400,11.0000,3.4800,4.0600,4.5100,7.9000,46.4900,6.0100,2.0600,7.6000,10.9600,13.7300,1.3900,15.4100,9.8600,188.1200,58.9200,16.1400,3.2100,4.2800,2.0300,2.4800,62.7000,2.2600,31.8500,2.3900,13.2500,3.8500,3.6000,11.2400,7.4100,1.2700,2.2700,8.9500,5.3300,16.4100,6.8200,3.8800,0.7750,32.9600,1.9500,15.2300,2.9800,8.4800,22.8200,42.2700,4.4900,5.6100,12.3100,3.0000,1.3400,78.0000,116.4900,16.0600,2.9900,2.0300,3.9100,29.2200,113.8000,5.5400,8.2000,2.9400,25.3800,19.1300,37.1200,4.8800,2.6400,5.0700,3.9700,12.1200,9.6100,0.9650,10.7200,4.6200,3.9300,4.7700,5.8100,14.5200,11.7900,1.8950,2.6800,2.8700,2.1000,1.5400,26.0900,2.5000,6.1000,47.6500,5.1000,43.2600,30.2300,34.9300,15.1700,92.0200,5.6200,7286.6001
31/5/2022 0:00,2.8200,0.5800,18.3300,27.4000,0.2800,4.9700,6.7500,1.2350,2.4300,1.5100,1.6650,7.0100,36.1000,5.0400,4.2700,17.6400,4.4100,9.7400,2.5600,23.8700,29.0000,8.7600,12.7900,28.7600,1.7000,1.0950,33.3600,25.0400,11.3800,32.0300,9.4100,33.7900,80.8000,7.1900,18.7300,6.7200,4.0200,8.1100,7.5100,6.1700,1.7250,0.8800,10.4200,44.6100,18.2000,3.0000,2.4300,10.8800,21.3200,20.8000,4.1300,3.7600,20.5000,3.4300,7.2300,7.6000,13.2700,4.9200,4.2900,6.4800,3.0000,222.9700,17.5300,104.3600,23.2000,2.1400,22.1700,271.8300,4.6700,1.1300,4.4900,10.4800,12.4600,3.2000,68.8300,5.7300,10.9000,36.4300,7.2600,3.8400,14.7600,19.0300,4.9300,20.5000,20.1100,11.4800,1.3600,20.5500,4.8100,9.8200,3.9300,4.3800,5.6000,1.3500,24.2600,24.0700,12.6400,10.9900,3.5200,4.1100,4.3700,7.9000,45.9600,5.9900,2.0400,7.5300,10.7700,13.8500,1.4150,15.0600,9.8500,185.9800,62.5800,15.6800,3.2200,4.3100,2.0300,2.4900,63.8500,2.2600,31.2600,2.4100,12.9900,3.8800,3.7100,11.0100,7.3900,1.2850,2.2000,8.9500,5.2900,16.1900,6.8500,3.9200,0.7950,32.5900,1.9400,15.4000,2.9500,8.2500,22.4400,42.1300,4.5700,5.5100,12.0300,3.0600,1.3150,78.1700,112.6100,16.0300,2.9700,2.0200,3.9200,29.1800,114.4500,5.5200,8.2000,2.8700,24.2500,18.7900,36.6600,5.0000,2.6700,5.0400,4.0000,11.3500,9.4600,0.9300,10.5000,4.6600,3.8800,4.8000,5.7500,14.3700,11.9000,1.8900,2.6100,2.8400,2.0900,1.5400,25.7000,2.5000,5.9700,47.1900,5.2800,42.1000,29.7600,34.6500,14.7400,89.2900,5.7900,7211.2002
1/6/2022 0:00,2.8000,0.5800,18.3700,27.0900,0.2850,4.9700,7.1000,1.2300,2.4000,1.5000,1.6050,7.1600,34.8200,5.0600,4.1600,17.6300,4.3800,9.5800,2.6100,24.1000,28.4000,8.7200,12.8400,28.5500,1.6700,1.0900,33.8700,25.3100,11.4100,31.6600,9.4400,33.9000,81.4300,7.2200,18.6100,6.9000,4.0300,8.1500,7.5600,6.2800,1.7450,0.8250,10.5000,45.6500,18.3900,2.9600,2.2800,10.9700,21.2300,20.3000,4.1100,3.5500,20.5100,3.4200,7.2000,7.4700,12.9000,4.9200,4.2900,6.6100,2.9900,221.9000,17.8000,106.7100,23.4700,2.1000,22.0900,273.5000,4.5800,1.0600,4.4300,10.5600,12.4300,3.2500,69.7400,5.7500,11.0000,36.8800,7.3000,3.6900,14.7100,18.7600,4.9200,20.4800,20.7600,11.4400,1.2950,20.3600,4.8300,9.6600,3.8900,4.3900,5.4800,1.3550,23.9500,24.2900,11.1600,10.7000,3.5800,4.1300,4.3600,7.9000,46.0100,5.9200,2.0500,7.6000,10.8200,13.8700,1.1450,14.8900,9.2200,188.3800,64.4000,15.4000,3.2200,4.2300,2.0200,2.4800,58.7000,2.2300,31.5500,2.4200,13.1000,3.8000,3.7500,11.0600,7.4800,1.2400,2.2000,8.7200,5.3900,16.4000,5.9100,3.8900,0.7300,32.8400,1.9000,14.9900,2.3000,8.2300,22.3200,41.2900,4.5000,5.5300,12.1900,3.0600,1.2300,78.2200,113.3700,16.1500,2.9800,1.9000,4.0000,28.7000,114.9100,5.4500,8.2000,2.8400,24.2400,19.0500,36.6200,4.9600,2.5800,4.9800,3.9600,11.2900,9.5200,0.9050,10.6300,4.3000,4.0000,4.8000,5.9200,14.7200,11.6100,1.8950,2.6000,2.8800,2.0900,1.5350,25.5200,2.5100,5.9700,47.5800,5.1600,41.7200,30.1900,35.1700,14.6500,87.3600,5.5000,7234.0000
2/6/2022 0:00,2.7000,0.5800,18.4000,26.9000,0.2850,4.9700,6.8200,1.2550,2.3900,1.4600,1.6050,7.1600,33.8600,5.2000,4.1600,17.7600,4.3600,9.0000,2.5900,23.9300,27.3500,8.7300,12.7000,27.8000,1.6800,1.1050,33.9200,24.9700,11.4500,30.6100,9.5000,33.8100,80.6500,7.1300,18.2100,6.8800,4.1100,8.1400,7.4800,6.1600,1.7750,0.8350,10.5100,45.6100,18.2800,2.9100,2.1600,10.8200,20.5200,19.8700,4.1200,3.5500,19.3600,3.4100,7.3700,7.2500,13.0500,4.9100,4.2500,6.5700,2.9200,217.8900,17.7200,105.4400,23.2300,2.0600,21.8400,268.6200,4.5000,1.0400,4.4000,10.4700,12.2100,3.1200,69.0600,5.6200,10.8000,36.5000,7.2000,3.6700,14.5200,18.5800,4.9100,20.1500,20.6100,11.2800,1.2700,20.0000,4.7600,9.5000,3.9100,4.3800,5.4000,1.3200,23.3600,24.3300,11.6000,10.6700,3.6000,4.0600,4.2900,7.8000,46.0900,5.8000,2.0600,7.6600,10.6400,13.6400,1.1900,14.4000,9.2100,183.2900,62.5100,14.9200,3.1800,4.1800,2.0100,2.4700,57.5800,2.2100,31.3000,2.4200,12.8100,3.8300,3.8100,10.9100,7.3700,1.2150,2.1600,8.6700,5.4600,16.4200,6.0700,3.8300,0.7350,32.1900,1.9050,15.0400,2.2800,8.2000,22.5100,41.1400,4.3800,5.4100,12.0600,3.0400,1.2100,77.1000,109.6500,15.3400,2.9600,1.8900,3.9500,28.3300,113.0100,5.4800,8.3300,2.8000,23.6800,19.1300,35.7400,4.9800,2.6000,4.9300,3.9300,11.2600,9.4300,0.9500,10.6700,4.0500,3.9600,4.7200,5.9500,14.5600,11.7400,1.8850,2.5000,2.8600,2.0800,1.5300,25.2800,2.5000,5.9300,47.2800,5.2400,40.8700,31.7500,34.6300,14.7900,84.7800,5.4400,7175.8999
3/6/2022 0:00,2.7000,0.5850,18.4200,25.9400,0.3050,4.9700,7.1300,1.2350,2.4000,1.4750,1.6500,7.2000,34.2500,5.2100,4.2500,18.0500,4.3600,9.5800,2.6500,24.0000,27.6600,8.7800,12.8000,28.8900,1.6800,1.1200,35.1900,25.0200,11.3300,30.7900,9.4200,33.9600,81.2000,7.2100,18.5500,6.9500,4.1700,8.1500,7.5600,6.2300,1.8200,0.8750,10.6800,46.7600,18.6100,2.9300,2.3400,10.9000,20.4500,19.8500,4.1200,3.6600,19.7500,3.3700,7.5000,7.8400,13.0900,4.9100,4.2500,6.5600,2.9700,218.9600,17.7300,105.2000,23.3300,2.1400,22.1300,269.0000,4.5400,1.0900,4.5000,10.4700,12.3300,3.2100,66.5100,5.6200,10.8000,36.1900,7.1800,3.7800,14.8400,18.8600,5.0200,20.6900,21.4600,11.3000,1.3600,20.2400,4.7500,9.6500,3.8900,4.3700,5.4900,1.3250,24.2700,24.5900,12.0600,10.9900,3.6900,4.1300,4.2600,7.8600,46.3000,6.0100,2.1100,7.6700,10.5800,14.0100,1.2700,14.5600,9.5600,184.0400,63.3700,14.9300,3.1900,4.2200,2.0100,2.4800,60.3500,2.2100,31.2800,2.4100,12.9900,3.8000,3.9000,11.0600,7.3500,1.2950,2.1300,8.7900,5.4200,16.7200,6.1600,3.8500,0.7450,32.6200,1.9400,15.1400,2.4500,8.2200,22.5700,41.5400,4.4400,5.4900,12.0300,3.0400,1.2550,76.9600,112.4100,15.3000,2.9700,1.9600,4.0000,29.0700,116.0300,5.7200,8.4000,2.8200,24.0900,19.2700,35.6400,5.0800,2.6200,4.9300,3.9400,11.0900,9.8000,0.9400,10.9700,4.0900,3.9200,4.7600,5.9900,14.7000,11.7900,1.8800,2.4900,2.9400,2.0900,1.5400,25.4400,2.4900,6.0400,47.1500,5.4100,42.9400,31.8000,34.6400,15.4400,85.6300,5.4600,7238.7998
6/6/2022 0:00,2.7000,0.5750,18.6700,25.9200,0.2950,4.9000,7.1300,1.2300,2.3500,1.4800,1.6450,7.1800,33.8600,5.2100,4.3700,18.0000,4.3300,9.5800,2.5700,23.9200,28.1500,8.7800,12.6400,28.3100,1.6550,1.1350,35.1500,24.8200,11.4000,31.1700,9.3700,33.9100,79.9700,7.1500,18.7000,6.8600,4.1600,8.0500,7.5100,6.1500,1.8450,0.8800,10.6700,46.3400,18.4300,2.8400,2.2600,10.9600,19.9200,19.5000,4.1400,3.6500,19.4000,3.3600,7.4600,7.6400,13.0600,4.9000,4.2300,6.4900,2.9300,218.0600,17.7100,104.6800,23.4600,2.1200,22.1000,270.8600,4.5200,1.0600,4.5600,10.3400,11.8600,3.1300,66.2000,5.6700,10.3900,35.5600,7.1900,3.7000,14.6000,18.7300,4.9600,20.5400,21.4000,11.2800,1.3300,20.2000,4.7200,10.0800,3.8700,4.3100,5.4800,1.3450,23.5400,24.3900,11.8700,10.6900,3.5900,4.0600,4.2100,7.8500,45.1800,5.5300,2.1500,7.7400,10.5100,13.6300,1.2350,14.1000,9.3500,182.9000,63.0300,12.8500,3.1800,4.2100,2.0000,2.4600,59.6400,2.1900,31.1100,2.3800,12.8500,3.8100,3.9700,10.8400,7.3500,1.2650,2.1000,8.5800,5.4300,16.6500,6.2300,3.8200,0.7450,32.1300,1.9150,15.0500,2.4300,7.9800,22.3000,41.6800,4.3300,5.3200,12.1400,3.0400,1.2450,76.7900,110.4700,14.9600,2.9600,1.9250,3.9000,29.0000,115.7700,5.6600,8.5700,2.7900,23.5100,18.9000,34.7800,5.0400,2.6500,4.9200,3.8900,11.0100,9.4100,0.9900,11.0300,4.1500,3.8900,4.6200,6.0200,14.5100,11.5500,1.8800,2.5000,2.9300,1.9900,1.5200,25.4200,2.4700,6.1000,47.4100,5.4500,41.9400,32.8300,34.8000,15.4300,84.3800,5.4300,7206.2998
7/6/2022 0:00,2.6900,0.5700,18.3900,25.4900,0.3000,4.7500,6.9500,1.2250,2.3300,1.4800,1.6250,7.1600,34.2400,5.1000,4.4100,18.1300,4.2700,9.3900,2.5300,23.4100,27.5200,8.7200,12.5600,27.6200,1.6400,1.1200,36.0000,24.4500,11.2000,30.1700,9.3600,33.5500,77.4000,7.1000,18.8700,6.8300,4.1500,8.0000,7.3700,6.0400,1.8400,0.8550,10.5700,46.3000,18.6000,2.8600,2.1900,10.7700,19.1500,19.0800,4.0900,3.6100,18.8100,3.2800,7.3800,7.5600,12.6100,4.8200,4.1000,6.3800,2.9100,213.5300,17.4500,101.9600,23.2400,2.0700,22.0700,267.6800,4.5000,1.0350,4.6000,10.1000,11.8500,3.0400,64.8900,5.5100,10.2100,35.7500,7.0900,3.6100,14.4500,18.1900,4.9400,20.4600,21.1600,11.0400,1.2800,19.4500,4.6000,10.0900,3.7600,4.2600,5.2100,1.3300,23.0800,23.2000,11.8200,10.7100,3.5100,3.8300,4.2000,7.6000,43.6200,5.6000,2.1600,7.6200,10.2100,13.4200,1.2050,13.9500,9.4900,177.4900,61.7400,13.1200,3.1500,4.1100,1.9800,2.4600,59.4700,2.1200,30.1000,2.3700,12.7700,3.8600,3.9900,10.6300,7.3200,1.2550,2.0200,8.5300,5.3600,16.3800,6.1700,3.7800,0.7050,31.2700,1.9100,14.2000,2.4300,7.5800,21.9500,41.5900,4.3600,5.3300,12.1500,3.0100,1.2250,75.7700,105.8500,14.4800,2.8800,1.8950,3.9600,28.9600,116.5500,5.8500,8.4700,2.7200,22.7500,18.7900,34.0000,5.0900,2.6200,4.8700,3.7500,10.9300,9.2100,0.9900,10.5800,4.1300,3.8400,4.6300,5.9500,14.0700,11.3800,1.8250,2.4900,3.0000,1.9550,1.5100,25.0700,2.4200,6.0900,45.5800,5.4200,39.7400,32.8900,34.1200,14.9000,80.1900,5.6600,7095.7002
8/6/2022 0:00,2.7000,0.5750,18.6200,25.5900,0.3250,4.7200,6.9900,1.2200,2.3100,1.5100,1.6750,6.9800,34.6500,5.2100,4.4100,18.3000,4.3100,9.0000,2.4800,21.9800,27.1100,8.8600,12.6300,27.4100,1.6750,1.1150,36.3000,23.8900,11.7200,29.8400,9.3500,34.3200,79.1000,8.2500,19.2600,7.0400,4.2000,8.0100,7.0500,6.0700,1.8700,0.8600,9.8100,47.3700,18.7100,3.2800,2.4500,10.8700,18.7400,19.2500,4.0800,3.7400,19.2200,3.2700,7.4200,7.7600,12.5200,4.6700,4.1500,6.4700,2.8900,217.7500,17.6600,97.4700,23.6000,2.1400,21.9600,270.9000,4.5300,1.0550,4.7200,10.0100,11.7100,3.0100,63.0900,5.6200,9.9300,35.7600,7.1400,3.6600,14.4700,18.4900,4.9900,20.6700,21.6300,10.7800,1.3150,19.4300,4.6100,10.4700,3.7900,4.2100,5.1900,1.3200,22.8400,23.5100,12.1500,10.9800,3.5800,3.8800,4.2700,7.6300,43.7100,5.6700,2.2200,7.5900,10.2900,13.5800,1.1950,13.5500,9.6900,179.2400,62.0100,12.5500,3.1700,4.0800,1.9750,2.4100,60.4500,2.1300,28.9100,2.3700,12.9200,3.8000,3.9500,10.9200,7.4400,1.2300,2.0500,8.7300,5.5100,16.5500,6.3100,3.8400,0.8000,30.8800,1.9500,14.1400,2.4200,7.5200,21.8500,42.5100,4.4000,5.4300,12.3200,3.0600,1.2000,76.9800,105.9100,14.4100,2.8700,1.9350,4.0300,29.7100,118.9200,5.9100,8.7600,2.7600,22.7800,19.0700,34.7700,5.1700,2.7500,4.9700,3.7300,11.0700,9.0300,1.0000,10.8600,4.1200,3.8900,4.5800,6.0700,14.2600,11.2700,1.8700,2.5000,3.0300,1.9200,1.4900,25.5900,2.4100,6.1300,45.2500,5.4400,40.8500,34.7400,34.4700,15.3900,81.8500,6.1000,7121.1001
9/6/2022 0:00,2.6800,0.5600,18.4800,24.4500,0.3000,4.7300,6.6000,1.2300,2.2300,1.5100,1.7350,6.9700,34.3000,5.2200,4.1900,18.4500,4.3100,8.9400,2.4000,21.1700,28.0000,8.7600,12.4100,27.0200,1.6500,1.0800,36.1500,23.3500,11.6100,29.5000,9.3400,34.6500,79.1200,8.1500,18.8000,6.9600,4.1800,8.0200,6.9200,6.1100,1.8850,0.8700,9.4800,46.2400,18.1100,3.1500,2.4900,10.8200,18.0100,18.9800,3.9700,3.6000,19.2100,3.1700,7.2700,7.5600,12.3500,4.6300,4.0700,6.4700,2.8400,216.3000,17.6100,94.9500,23.5100,1.9700,21.3300,271.6900,4.4600,1.0250,4.7100,9.8900,11.6800,2.9800,63.7000,5.5500,9.8400,36.5800,7.1300,3.5800,14.1300,18.1800,4.8700,19.4900,21.5600,10.8600,1.2850,19.1100,4.5200,10.3600,3.7200,4.2300,4.9500,1.2600,22.5300,23.4200,11.7000,10.8300,3.5200,3.8200,4.2900,7.5300,43.7100,5.3600,2.1400,7.2800,10.2000,12.5400,1.1400,14.0300,9.0900,178.6800,61.2200,12.8200,3.1800,4.0700,1.9600,2.4000,57.9200,2.0900,28.2500,2.3300,12.3000,3.7600,3.8600,10.8200,7.4200,1.1750,2.0400,8.4800,5.4800,16.2300,6.2100,3.8300,0.7750,30.4000,1.8950,13.8000,2.2900,7.3200,21.5500,41.3100,4.4000,5.2100,12.2300,3.0000,1.1750,77.4700,105.0000,14.0800,2.8200,1.8800,3.9300,29.5900,117.4700,5.6700,8.6600,2.7300,22.3300,18.6900,34.1800,5.0100,2.4300,4.9300,3.7200,10.9400,9.0900,1.0100,11.0400,4.0600,3.8600,4.4700,5.9500,14.2000,11.0700,1.8450,2.5000,3.0100,1.8800,1.5150,25.1900,2.3900,5.9600,44.7900,5.4100,39.6000,35.3900,34.5100,15.3700,79.7200,5.9000,7019.7002
10/6/2022 0:00,2.6300,0.5300,18.4300,23.6500,0.2900,4.7000,6.6000,1.1900,2.3500,1.5300,1.7150,6.9700,34.8700,5.1500,4.3200,17.3900,4.2600,9.0900,2.4000,20.8500,25.5000,8.7400,12.3700,27.0800,1.5850,1.0550,35.3100,23.0700,11.4700,29.4300,9.2500,34.7900,78.4600,8.1500,18.0700,6.8900,4.1200,7.9300,6.8100,5.9800,1.8650,0.8500,9.3300,46.2200,17.5100,3.0000,2.3700,10.7200,18.1900,18.5200,3.8800,3.5400,19.1200,3.0600,7.1300,7.3800,12.0200,4.4700,3.9500,6.4400,2.8200,214.5400,17.3800,93.7800,23.1700,1.8850,20.6800,271.3800,4.3500,1.0200,4.5000,9.5100,11.5000,2.9100,62.4100,5.4700,9.4300,36.4000,7.1500,3.5000,13.9000,18.2000,4.6600,18.6600,21.4500,10.6100,1.2550,18.5800,4.3200,10.2300,3.5800,4.0800,4.7900,1.2550,22.5200,23.2000,11.4200,10.4600,3.4000,3.7000,4.1800,7.4900,41.6900,5.2400,2.1300,7.2000,10.0000,12.4800,1.1150,13.6400,8.5700,172.3600,61.9900,12.2800,3.1500,4.0000,1.9400,2.3400,56.8100,2.0600,28.0600,2.2700,12.2200,3.6600,3.8400,10.6300,7.1700,1.1650,1.9900,8.3200,5.2700,16.1600,6.1600,3.7400,0.7550,30.1600,1.8500,13.3000,2.2500,7.4000,20.8900,41.3800,4.3000,5.1600,11.9800,2.9800,1.1350,77.4700,105.4000,14.1500,2.7300,1.8100,3.9200,29.6900,115.9000,5.5100,8.5300,2.6400,22.2300,18.3300,33.7400,4.8000,2.3300,4.7900,3.6200,10.7500,8.7600,1.0150,11.0300,4.0300,3.8000,4.5100,5.8300,14.2600,11.0900,1.7850,2.4200,2.9500,1.8200,1.4850,24.8000,2.3500,5.8300,43.6700,5.3400,38.9900,34.8200,34.3300,15.0800,82.9300,5.7000,6932.0000
14/6/2022 0:00,2.5200,0.5050,17.7600,23.0600,0.2600,4.7000,6.3600,1.1950,2.2800,1.4250,1.6300,6.9200,32.4700,4.7200,3.9800,16.6100,4.0900,8.5500,2.3500,20.0700,24.5000,8.5000,11.4000,26.2900,1.5550,1.0100,34.4400,22.0000,11.5000,28.3900,9.0300,34.2500,77.5200,8.1500,16.9100,6.5800,4.0200,7.8500,6.5400,5.9400,1.7600,0.8150,9.0300,44.2600,16.4700,2.8700,2.1700,10.5000,17.9300,17.7300,3.6800,3.4800,18.7100,2.9300,6.8600,6.7300,11.4200,4.3400,3.8000,6.3100,2.7300,205.6400,17.1400,91.2000,23.5300,1.7650,19.2300,264.0500,4.1900,1.0050,4.3700,9.0700,11.5700,2.8100,63.6800,5.2000,9.2100,35.7600,7.1500,3.3300,13.3700,17.9200,4.4700,17.7900,19.6300,10.2600,1.2350,17.9100,4.1600,9.6600,3.4800,3.8600,4.5500,1.2450,21.2900,22.1500,10.9600,9.7100,3.4100,3.5700,4.1700,7.5100,39.3100,5.0600,1.9500,6.8100,9.6400,12.2600,1.0500,13.3900,8.5300,163.3500,60.3300,12.2300,3.0700,3.8800,1.8700,2.2400,55.5600,2.0500,26.8400,2.1500,11.8200,3.5200,3.6400,10.1500,7.0200,1.0650,1.8900,8.0600,5.1500,15.6700,5.9200,3.6600,0.6800,28.3400,1.8350,12.7700,2.1600,7.0800,20.2200,39.1100,4.1500,4.8400,11.5000,2.8900,1.1350,74.7800,103.4400,13.8800,2.6500,1.7700,3.7100,29.7500,111.0500,5.1900,8.1000,2.5500,21.7100,17.4100,33.3200,4.4900,2.1800,4.6300,3.6000,10.4800,8.5200,0.9850,10.5500,4.0300,3.7500,4.1900,5.7100,13.9700,10.8500,1.7450,2.3000,2.8600,1.7450,1.4300,23.8300,2.2500,5.3700,42.0000,5.1300,36.6400,32.9900,33.8300,14.5100,81.9000,5.5000,6686.0000
15/6/2022 0:00,2.4300,0.4950,17.4000,22.1000,0.2750,4.7000,6.2500,1.1800,2.2400,1.3600,1.5800,6.7200,30.3000,4.7300,4.0100,16.0300,4.1600,8.4900,2.3100,19.7000,23.8800,8.5800,11.1300,25.4700,1.5800,0.9850,33.2700,21.6000,11.4200,27.0800,8.9000,33.0100,76.7400,7.9800,17.1300,6.5900,3.9700,7.6800,6.5100,5.7800,1.7050,0.7950,8.9400,43.9000,16.5300,2.8100,2.0200,10.6800,17.2300,17.6000,3.6800,3.4400,18.3700,2.8400,6.6800,6.4200,10.6100,4.2100,3.6800,6.2700,2.6500,197.5400,16.9300,90.6200,24.3000,1.8000,18.8000,260.8900,4.1600,0.9500,4.2700,8.9000,11.0100,2.6900,61.7000,5.1300,8.8200,35.8100,7.2600,3.3800,13.3100,17.2900,4.3400,17.4100,19.8800,9.7500,1.1900,17.1300,4.0500,9.9500,3.3800,3.8000,4.2500,1.2050,20.1600,21.5000,10.7100,9.4900,3.4900,3.5600,4.3000,7.2100,38.4800,4.9400,1.9300,6.5100,9.3300,11.7900,1.0150,13.0500,8.8900,164.1000,60.5000,11.9700,3.1100,3.9500,1.8700,2.2000,53.5400,2.0000,26.3300,2.0900,11.2100,3.5000,3.6600,9.7800,7.1800,1.0500,1.8500,7.9800,5.1000,15.6600,5.8200,3.6200,0.6300,28.3200,1.7700,12.7300,2.0500,6.8000,19.6900,39.4200,4.0300,4.7100,11.7500,2.8200,1.0850,74.1400,96.8500,13.3100,2.6100,1.7350,3.6500,29.0100,110.9600,5.1100,8.0200,2.5000,20.2300,17.0500,32.7600,4.3300,2.0100,4.6800,3.5900,10.8500,8.2500,1.0000,10.2600,3.9300,3.8300,4.0700,5.7600,13.8500,10.9200,1.7000,2.2600,2.8000,1.6600,1.4000,23.9200,2.1900,5.2100,41.7200,5.1100,35.2900,31.9700,33.3000,14.1400,77.6100,5.4700,6601.0000
16/6/2022 0:00,2.4200,0.5050,17.2000,21.6200,0.2700,4.7000,6.3700,1.1900,2.1700,1.3850,1.6400,6.8400,30.0200,5.0100,4.1500,15.3800,4.1900,8.5500,2.3300,19.3300,25.4800,8.2600,11.1500,25.5300,1.6000,0.9800,33.0000,21.5100,11.2700,27.3000,8.8000,32.8100,77.4000,8.0000,17.1800,6.4200,3.9000,7.5500,6.5400,5.6600,1.7100,0.8350,8.8500,44.0100,16.2300,2.7800,1.9950,10.5300,17.2200,17.6100,3.7000,3.5600,18.4300,2.8600,6.5900,6.4100,10.8600,4.2600,3.8100,6.2000,2.6500,191.8500,16.8100,90.4700,23.7100,1.9100,18.5000,258.6800,4.0800,0.9450,4.2700,8.9800,10.7500,2.6400,62.4500,5.0800,9.3000,35.0000,7.2000,3.5000,13.1200,17.4200,4.3300,17.0300,19.6300,9.6100,1.2250,17.5400,4.1100,9.7200,3.4000,3.8000,4.3400,1.2400,19.4500,21.6300,10.9900,9.5200,3.4300,3.6000,4.2100,7.2100,38.3300,5.0700,1.8800,6.3100,9.0300,11.8500,1.0550,13.0700,8.9100,164.6700,61.3900,12.2600,3.0700,3.8900,1.7900,2.2100,53.4500,2.0300,26.3600,2.1300,10.8900,3.5200,3.7900,10.1500,7.2400,1.0800,1.8100,8.1800,4.9500,15.2500,5.7800,3.6000,0.6400,28.2300,1.8400,12.1600,2.1300,6.6900,19.8900,39.3100,4.1100,4.5200,11.5200,2.8200,1.1400,73.1300,97.0400,13.3800,2.6800,1.8150,3.6800,28.8400,111.7000,5.1100,8.0200,2.5200,20.0300,16.9100,32.7900,4.4200,2.2200,4.7200,3.5400,10.7400,8.3700,1.0050,10.1300,3.9000,3.8800,4.0100,5.7800,13.6300,10.7300,1.7250,2.2400,2.8100,1.7550,1.4450,23.7000,2.2000,5.1600,41.6600,5.3300,35.9100,32.2000,32.9800,14.1000,77.8500,5.4800,6591.1001
17/6/2022 0:00,2.3300,0.5100,16.7900,21.3300,0.2650,4.7000,6.4100,1.1700,2.2000,1.3700,1.5500,7.0800,29.4200,5.0000,4.0300,14.6100,4.1700,8.5500,2.3700,19.1900,25.0000,8.4100,10.9200,25.6000,1.5400,0.9800,32.4900,21.1600,11.2600,25.8000,8.8700,32.7600,77.8700,8.0300,16.2400,6.4500,3.8900,7.5200,6.4800,5.6000,1.6900,0.8750,8.6800,42.5200,15.6700,2.6500,1.9750,10.3400,17.0000,17.6500,3.8000,3.8000,19.9200,2.8500,6.3100,6.0300,10.8000,4.2500,3.7500,6.2500,2.6500,188.9800,16.7600,87.2600,23.5000,1.8250,18.5700,255.9900,4.0100,0.9800,4.2300,8.9700,10.6700,2.6100,60.6200,4.9100,8.7600,34.4200,7.4000,3.6900,13.3500,17.4100,4.2800,17.2000,18.6000,7.7300,1.2600,17.1100,4.0900,9.4800,3.3400,3.5500,4.1400,1.2750,18.0000,21.0800,10.6100,9.0200,3.3600,3.6800,4.1400,7.1600,37.0500,5.0300,1.7450,6.2900,9.1200,11.6300,1.0350,12.8900,8.6600,159.7000,59.5000,12.4800,3.0700,3.9000,1.7200,2.1300,51.7900,2.0700,25.9200,2.1200,10.8500,3.5100,3.6700,9.9700,7.1300,1.0500,1.8050,8.6000,5.0600,15.1000,5.6600,3.6100,0.6500,28.1900,1.8950,11.5800,2.1000,6.8300,19.5500,37.8600,4.0700,4.3600,11.2100,2.8100,1.2050,70.8100,95.2900,13.3600,2.6800,1.8750,3.6700,28.5700,107.0100,4.9400,7.7900,2.4900,19.6500,16.6100,32.5400,4.1600,2.1900,4.7000,3.5400,10.5800,8.1100,1.0150,10.0900,4.0600,3.8000,4.1800,5.6700,13.6300,10.8800,1.7400,2.1700,2.8100,1.7050,1.4200,23.4500,2.2200,5.1500,41.1600,5.0000,35.8200,31.9200,33.0600,13.8300,73.5200,5.2600,6474.7998
20/6/2022 0:00,2.3300,0.5000,16.8900,21.2800,0.2600,4.8900,6.4700,1.1800,2.3700,1.3400,1.4900,6.7500,29.6700,4.9000,3.9000,14.4700,4.2400,8.6100,2.2900,19.1900,24.6500,8.3200,10.8900,25.4900,1.5200,0.9950,32.0100,21.3900,11.1600,27.3400,8.8700,33.4700,78.1700,8.1200,16.4200,6.5500,3.8700,7.4000,6.4700,5.6700,1.5500,0.7800,8.7300,40.2600,15.5300,2.6700,1.7900,10.4900,17.6300,17.6800,3.8900,3.5200,19.2115,2.9500,6.3800,5.3100,11.1000,4.3900,3.8900,6.3300,2.6700,193.5500,16.8100,87.5500,23.4500,1.6450,19.3100,263.0300,3.9900,0.8800,4.0200,9.3100,10.9600,2.6800,63.3000,4.9300,9.0600,34.9100,7.3100,3.4600,13.8700,17.7500,4.2400,17.6700,17.0000,7.9600,1.2100,17.6900,4.2600,9.0900,3.4800,3.7100,4.3700,1.3000,17.8300,21.8600,10.3300,8.7300,3.2700,3.8400,4.2100,7.2500,38.5200,4.9800,1.6700,6.0300,9.2500,11.8900,1.0150,13.0700,8.3900,161.5000,58.8000,12.5900,3.1000,3.8700,1.8000,2.1200,48.3100,2.1000,26.0600,2.2000,11.1300,3.4700,3.2100,10.0900,7.1200,0.9950,1.8450,8.0800,4.8700,15.0500,5.4500,3.6400,0.5650,27.8700,1.7350,11.5800,2.0400,7.3600,20.1200,38.5900,3.9500,4.4300,11.2300,2.7900,1.1150,71.4100,96.9800,13.7400,2.7400,1.7950,3.7600,29.0500,101.5900,4.8000,7.3200,2.6100,19.5600,16.6000,33.3000,4.0600,1.9800,4.6900,3.6900,10.6400,8.3700,1.0550,10.2500,4.1500,3.8100,4.2400,5.7200,13.9300,10.8300,1.8500,2.1600,2.7300,1.6650,1.3800,22.6400,2.2500,5.3100,42.4000,4.5400,36.0900,30.3700,32.8800,13.3900,75.7200,5.0300,6433.3999
21/6/2022 0:00,2.3200,0.5000,16.9700,21.1800,0.2500,4.8900,6.8500,1.1900,2.3000,1.3550,1.4700,6.9500,29.6500,4.9500,4.0000,14.5100,4.2800,8.6000,2.4000,19.7100,24.6100,8.1900,11.0000,25.7300,1.5300,1.0300,33.0800,21.9500,10.7100,26.9100,8.9800,34.2900,78.5200,8.0300,17.0400,6.6100,3.8100,7.6000,6.6300,5.6400,1.6200,0.7350,9.0800,40.9500,15.8700,2.7200,1.8200,10.5900,17.6800,17.9500,3.8900,3.5100,19.5534,2.8900,6.6600,5.3200,11.1600,4.3300,3.8800,6.3300,2.6800,190.5500,17.2000,89.6700,23.9200,1.5300,19.6100,260.0000,4.0900,0.8600,4.1300,9.1500,10.9300,2.7300,63.8600,4.9700,9.2700,36.7700,7.3200,3.4400,14.3400,17.7200,4.4400,18.2500,17.5900,7.6800,1.1900,17.5300,4.2000,9.5400,3.4300,3.8000,4.5000,1.3200,18.9300,22.9700,10.4600,8.8900,3.3300,3.8600,4.3200,7.3400,39.5300,4.9900,1.6900,5.9400,9.1100,12.3200,1.0250,13.4700,8.7500,164.0000,59.7400,13.0600,3.1700,3.9200,1.8700,2.1600,49.3100,2.0400,27.0500,2.2500,11.4600,3.4800,3.2800,10.0000,7.2900,1.0550,1.8800,8.1200,5.0000,15.0600,5.6700,3.6700,0.6100,28.5900,1.7450,12.0000,2.1200,7.1000,19.6600,39.2800,3.9500,4.5500,11.8400,2.8000,1.1000,71.5300,99.3400,13.7900,2.7400,1.7550,3.8100,29.1500,103.9000,4.9100,7.4100,2.6200,19.4100,16.5100,32.6000,4.1600,1.7850,4.7200,3.6500,10.9100,8.6500,1.0650,10.5000,4.2000,3.8200,4.2900,5.7700,13.9500,10.8200,1.8800,2.1800,2.8100,1.7300,1.3700,22.7800,2.2600,5.4700,42.9100,4.7800,35.5600,31.3600,33.7400,13.6200,75.5100,5.2500,6523.7998
22/6/2022 0:00,2.3800,0.4900,16.9900,21.4900,0.2400,4.8900,6.3600,1.1900,2.2300,1.3400,1.4450,6.8600,29.7200,5.1500,3.9900,14.2000,4.3100,8.7500,2.3700,19.5300,24.1000,8.2300,11.0100,25.6700,1.5150,1.0100,34.3400,21.8300,11.1600,26.6700,8.8300,33.1200,79.7100,8.0100,17.1400,6.6000,3.7500,7.5300,6.6800,5.6700,1.6650,0.7050,9.1700,41.0300,15.7700,2.7500,1.7700,10.4600,17.2900,18.2100,3.9000,3.5600,19.5827,2.8500,6.5600,5.4800,10.8300,4.3100,3.8700,6.4100,2.6200,191.3700,17.2300,89.5700,23.2000,1.6450,18.8100,261.7600,4.1000,0.8350,4.2700,9.0100,11.0100,2.7600,63.8200,5.1100,9.1900,36.4000,7.2700,3.4400,13.5200,17.3700,4.5400,17.8100,17.6200,7.7600,1.2100,17.2500,4.1800,9.4100,3.3900,3.8500,4.2500,1.3150,18.6800,22.2500,10.4100,9.0200,3.4100,3.8400,4.2800,7.3800,39.3700,5.0100,1.7450,5.8300,9.1200,12.1800,0.9700,13.3400,8.3700,162.3400,58.2100,12.8500,3.1700,3.9800,1.9000,2.1800,48.7700,2.0600,26.9900,2.2100,11.4900,3.5600,3.4000,10.1100,7.2400,1.0500,1.8400,8.1000,5.0600,15.5700,5.6800,3.6400,0.5800,28.9400,1.7450,11.9500,2.0600,6.6300,19.5500,38.6900,4.0000,4.5000,11.8000,2.7600,1.0900,71.2700,103.2000,13.8200,2.7500,1.6550,3.8100,29.0500,104.5000,4.8800,7.5000,2.5800,19.5700,16.3900,32.1700,4.0900,1.9900,4.8200,3.6700,10.7400,8.6300,1.0650,10.1400,4.0900,3.8200,4.1500,5.8700,13.7500,10.9000,1.8350,2.2000,2.8500,1.7050,1.3750,22.6400,2.2600,5.3600,42.6300,4.7000,34.9100,31.9700,34.3800,13.6500,75.0000,5.2400,6508.5000
23/6/2022 0:00,2.3600,0.4950,17.1300,21.4800,0.2200,4.8100,6.7500,1.1200,2.3900,1.3400,1.3800,7.0000,30.9000,4.8500,4.0200,13.8700,4.3400,8.7500,2.4000,19.6200,25.0000,8.1200,11.0600,26.2500,1.4850,0.9850,34.0400,22.0700,11.4300,27.0200,8.8500,33.0600,81.5500,7.9600,17.6700,6.6900,3.8100,7.5200,6.7300,5.7400,1.6250,0.6650,9.2200,40.5000,15.4700,2.7800,1.6600,10.6500,17.4500,18.2100,4.0200,3.5700,19.5729,2.9700,6.6400,5.0400,11.0500,4.4400,3.9500,6.5700,2.5600,195.6300,17.6200,89.7500,23.1400,1.6250,18.3500,267.5000,4.1000,0.8300,4.2400,9.1000,10.9000,2.7800,63.5900,5.0800,9.2700,35.5600,7.2500,3.3900,13.4700,17.7600,4.5800,17.4400,17.2500,7.8300,1.1800,18.0900,4.2900,9.1700,3.4900,3.7100,4.3600,1.3150,18.8200,22.3400,9.8800,8.7400,3.3200,3.9100,4.4000,7.7200,38.7700,5.3000,1.6550,5.7700,9.0900,12.6800,0.8800,13.1700,8.4500,163.6000,60.4000,12.8800,3.2500,4.1300,1.8700,2.1700,47.2200,2.0900,27.1300,2.2500,11.3800,3.6100,3.3100,10.5000,7.3100,1.0100,1.8250,7.9400,5.0700,15.7700,5.5500,3.6600,0.5350,28.9200,1.7100,12.1900,2.0500,6.8900,19.7600,40.3600,4.0400,4.5200,12.0400,2.7400,0.9950,71.1300,105.4200,13.7800,2.8300,1.5200,3.8700,29.6500,102.6300,4.5000,7.3500,2.6400,20.2500,15.8200,33.0000,4.0500,1.8800,4.9400,3.7700,10.8100,8.3100,1.0350,10.3600,4.1500,3.8300,4.2500,5.8600,14.1000,11.0800,1.8400,2.2700,2.8200,1.7200,1.4200,23.0000,2.3200,5.2200,43.0300,4.6100,35.9800,31.1400,35.0100,13.5900,76.4200,5.1100,6528.3999
24/6/2022 0:00,2.4100,0.5100,17.3500,21.8300,0.2000,4.7600,6.4750,1.1400,2.3900,1.3500,1.4100,7.0800,32.1800,5.0200,4.2500,13.8300,4.4100,8.7500,2.4300,19.4800,24.0000,8.1900,11.1000,28.0100,1.4750,0.9800,33.1500,21.9100,11.5000,29.0100,8.9500,33.5200,82.0400,8.0400,17.8100,6.6600,3.7400,7.5500,6.7500,6.0500,1.5850,0.6850,9.0600,40.0200,15.6300,2.7600,1.7800,10.8800,18.6300,18.5600,4.0500,3.5500,20.2761,3.0300,6.6300,5.1700,11.3500,4.4700,3.9600,6.7100,2.5200,195.1600,17.8100,90.1600,23.6500,1.6700,18.5500,271.2500,4.1300,0.8700,4.2800,9.3400,11.3500,2.9800,66.1500,5.1200,9.8000,35.7600,7.4600,3.3800,13.6200,18.4300,4.6000,17.2500,17.2800,8.0000,1.2000,18.6800,4.4300,9.0800,3.5700,3.7800,4.7100,1.3400,20.2000,23.8900,10.0600,8.9000,3.2800,4.2800,4.3600,7.8600,39.4300,5.6100,1.6550,5.8900,9.2100,13.5100,0.9750,14.0500,8.7300,165.3300,62.9900,13.8300,3.2300,4.1300,1.8700,2.2100,48.2000,2.1300,27.0200,2.3000,11.9800,3.7000,3.2400,11.0300,7.3700,1.0100,1.8650,7.9900,4.9900,15.4700,5.5500,3.6900,0.5950,29.3500,1.7200,13.1700,2.2300,7.5000,20.1700,43.6000,4.1500,4.4500,12.0500,2.7600,1.0150,71.5200,114.0700,14.1900,2.8800,1.5400,4.0300,30.4500,101.4000,4.5300,7.2200,2.6800,21.3500,16.1700,33.3100,3.9900,1.9350,4.9800,3.8500,10.8400,8.6100,1.0450,10.7700,4.6300,3.8900,4.4800,6.1400,14.2300,11.3000,1.8600,2.2800,2.7500,1.7250,1.4300,23.2300,2.3700,5.2800,43.8100,4.5200,39.0000,30.6100,35.4600,13.6200,82.1500,5.1800,6578.7002
27/6/2022 0:00,2.4800,0.5100,17.8100,22.8900,0.1950,4.7600,6.9500,1.1450,2.4700,1.3300,1.3850,7.2000,32.8200,5.2500,4.1500,14.1500,4.4200,8.8600,2.4200,19.9200,24.6000,8.2000,11.2700,28.5100,1.5150,0.9800,34.0600,22.5700,11.5400,30.5600,8.9300,34.8000,81.4700,8.0900,18.2600,6.6100,3.8000,7.6200,6.9300,6.0900,1.6500,0.7000,9.2300,41.2000,16.1800,2.8300,1.8400,10.8800,19.3300,18.8900,4.0800,3.4300,20.2761,3.0300,6.9300,5.3800,11.5200,4.5900,3.9800,6.7000,2.6000,202.8900,17.9200,93.7400,24.2100,1.7300,19.4700,273.0000,4.2300,0.8700,4.3300,9.4300,11.6200,3.1600,69.5900,5.1200,10.1800,36.8800,7.4600,2.6400,13.8200,18.4500,4.6700,18.3900,17.8800,8.4000,1.1500,18.8600,4.4800,9.3600,3.6200,3.8900,4.8600,1.3650,20.7400,24.6700,10.3500,9.2500,3.4300,4.1200,4.4000,8.1100,40.5900,5.8500,1.7450,5.9500,9.3000,13.9000,1.0850,14.4400,9.2100,166.2600,62.5500,13.8200,3.2600,4.3000,1.9800,2.2200,48.7100,2.1300,27.9300,2.3200,12.5600,3.7800,3.3300,11.4600,7.4100,1.0350,1.9550,7.0200,5.1800,16.0300,5.7400,3.6800,0.6200,30.1400,1.7050,13.6700,2.3200,7.9500,20.2200,45.0800,4.2300,4.6400,12.0600,2.8400,0.9550,73.6400,117.3500,14.6800,2.9100,1.4750,4.1200,30.7900,103.8100,4.6400,7.3800,2.6800,22.2300,16.6900,33.0700,4.0400,1.9250,5.0800,3.9000,11.2300,8.8700,1.0650,11.0500,4.7800,3.9300,4.4500,6.1500,14.4600,11.4200,1.8550,2.3300,2.8200,1.7600,1.4700,23.7200,2.3900,5.5600,44.1500,4.7800,39.3600,31.3200,36.0700,14.0400,83.1300,5.2000,6706.0000
28/6/2022 0:00,2.4900,0.5100,17.9200,22.9000,0.2000,4.7600,6.6900,1.1500,2.4900,1.3400,1.4650,7.2500,32.4400,5.1700,4.1100,14.2700,4.3600,8.8600,2.4400,19.7500,24.1500,8.5500,10.9900,28.6100,1.5450,0.9750,34.7500,22.4200,11.8400,30.7800,8.9500,34.5000,82.0200,8.1100,17.9300,6.7000,3.7800,7.7000,6.8400,6.1800,1.7650,0.6850,9.3300,42.9800,16.2300,2.7900,1.9300,10.9200,19.2400,19.0800,4.1300,3.3000,20.2761,3.0300,7.0400,5.6000,11.7100,4.6400,4.0400,6.6900,2.6000,202.2800,17.8700,93.5400,24.4500,1.7800,18.8900,274.0300,4.2700,0.8500,4.4300,9.5000,11.7600,3.1300,69.5700,5.1200,10.2600,36.3100,7.5800,2.5800,13.8700,18.2500,4.6800,17.9700,18.5600,8.2500,1.1950,18.9900,4.5900,9.5600,3.6800,3.8500,4.8000,1.3450,21.1800,24.5200,10.4700,9.4900,3.4600,4.1100,4.3600,8.1900,39.0100,5.9000,1.8600,5.9500,9.3200,14.1100,1.0650,14.4500,9.3400,167.2300,62.2100,13.6800,3.2900,4.1800,1.9650,2.2200,49.4200,2.1200,27.7900,2.3200,12.9400,3.7500,3.5500,11.4700,7.4400,1.0750,1.9500,7.4500,5.2200,16.0600,5.9300,3.7100,0.6250,29.7500,1.7000,13.9400,2.3900,7.6200,20.0400,45.6100,4.1800,4.5400,12.2000,2.8000,0.9450,73.5500,114.4700,14.7100,2.9300,1.4550,4.1700,30.7500,106.9200,4.7700,7.5800,2.7300,21.6100,16.8500,33.1500,4.1900,2.0400,5.1000,3.9400,11.0600,8.8000,1.0800,10.8700,4.7500,3.9300,4.5300,6.1600,14.5200,11.4500,1.9200,2.3200,2.8800,1.7900,1.4650,24.2500,2.4200,5.4600,43.1400,4.9100,39.0600,32.6800,36.1500,14.4700,82.5700,5.4200,6763.6001
29/6/2022 0:00,2.4400,0.5050,18.0000,22.4000,0.2000,4.7600,6.6400,1.1150,2.4600,1.2850,1.4600,7.1300,31.4900,5.2600,4.2400,14.0000,4.2900,8.8400,2.4400,19.9400,24.9800,8.3900,10.8900,27.1200,1.5050,0.9800,34.5300,22.6300,11.6300,28.8300,8.9100,35.1400,83.0000,8.1300,17.7100,6.6100,3.9000,7.6400,6.8500,6.0700,1.7900,0.6500,9.3300,42.7600,15.8500,2.7000,1.8100,10.8500,18.4700,18.6900,3.9600,3.2600,18.2500,2.8400,6.9800,5.5500,11.2500,4.3000,3.8100,6.6100,2.5400,198.0000,18.0200,93.0000,24.6800,1.7800,18.7200,269.7900,4.1200,0.8250,4.3700,9.0500,11.1900,3.0000,67.3500,5.1800,9.8900,35.8200,7.6800,2.4000,13.7000,17.9500,4.5900,17.9500,18.4000,8.1700,1.1650,18.2000,4.3300,9.4200,3.5100,3.7600,4.6200,1.3100,20.2900,24.2900,10.0500,9.3600,3.4100,4.0600,4.4300,8.2500,38.6900,5.7900,1.7700,5.8700,9.3200,13.6400,1.1200,13.9700,8.8500,168.0800,61.0800,13.6100,3.3000,4.2500,1.9900,2.2200,49.1700,2.0200,28.0700,2.1800,12.1500,3.7100,3.6500,10.7000,7.4200,1.0000,1.8950,7.0300,5.0800,15.9500,5.9300,3.6800,0.6000,29.8300,1.6100,13.8400,2.3000,7.1100,19.4800,42.4900,4.1200,4.5400,12.2500,2.7700,0.9150,73.2400,110.9900,14.3400,2.7800,1.3600,4.0300,30.8000,106.2300,4.5800,7.5400,2.7100,21.0200,16.5700,32.8300,4.0700,2.0000,5.0600,3.6700,11.0800,8.5500,1.0800,10.8000,4.5800,3.8900,4.4400,6.0300,14.4100,11.5400,1.9200,2.2700,2.9400,1.7600,1.4800,23.8600,2.3400,5.4500,42.6700,5.0000,38.0200,32.8200,36.0800,14.4800,78.5200,5.3000,6700.2002
30/6/2022 0:00,2.4200,0.5050,18.0400,22.2400,0.1800,4.9500,6.6500,1.1000,2.4200,1.2650,1.4600,7.0500,31.7700,5.1000,4.1400,13.7100,4.3300,8.8100,2.4900,19.5000,24.9800,8.2500,10.6800,26.9100,1.4650,0.9550,34.2300,22.0300,11.2700,28.2400,8.8000,34.3800,81.7100,8.0600,17.6800,6.4800,3.8000,7.5100,6.6700,6.0800,1.7250,0.6400,9.0700,41.2500,15.9000,2.5900,1.7700,10.7100,17.9900,18.5400,3.8900,3.1300,18.3900,2.8100,6.8400,5.3900,10.8300,4.2700,3.7700,6.4200,2.5200,198.7000,17.8100,90.3800,24.6400,1.6550,18.5200,269.0600,4.0600,0.8050,4.2400,8.8800,11.0400,3.0100,68.0000,5.0500,9.7200,34.7200,7.5700,2.3800,13.0500,17.8400,4.5000,17.3600,17.5300,7.9900,1.1300,17.8400,4.2200,9.5100,3.4100,3.7100,4.5100,1.2800,20.2700,23.8200,9.9400,9.4400,3.3100,3.9800,4.3600,8.1600,38.4600,5.7400,1.7400,5.7000,9.1100,13.5700,1.0550,13.8100,8.7300,164.5100,60.5400,12.9200,3.2500,4.2400,1.9550,2.2100,48.2700,1.9750,27.3900,2.1400,12.1600,3.8000,3.4600,10.6400,7.3800,0.9750,1.8250,6.8400,5.0900,15.7700,5.7300,3.6500,0.5800,28.8800,1.5850,13.8900,2.2900,7.0300,19.2700,42.2500,4.1400,4.4700,12.1500,2.7300,0.8700,73.2400,111.8300,13.7800,2.7500,1.3000,4.0400,30.6900,102.7000,4.4500,7.4200,2.5900,21.0000,16.6100,33.0100,3.9400,1.9400,5.0200,3.6100,10.9800,8.4900,1.0650,10.7100,4.5300,3.8500,4.3900,5.9700,14.3800,11.3500,1.8350,2.2100,2.8900,1.7200,1.4600,23.5400,2.3200,5.3400,41.9100,4.8400,37.8500,31.8400,35.6000,14.2400,76.9600,5.3800,6568.1001
1/7/2022 0:00,2.3800,0.5400,17.9300,22.1400,0.1900,4.8800,6.6500,1.0600,2.4500,1.2050,1.4000,6.8000,32.0500,5.2100,4.2400,13.7400,4.3500,8.8100,2.5100,19.4200,24.2000,8.2800,10.6300,26.9300,1.4500,0.9650,33.8300,22.0000,11.6000,28.9100,8.7800,34.4500,81.5800,8.1000,17.5600,6.5800,3.8300,7.6000,6.7000,6.1000,1.7050,0.6400,9.1300,40.0500,15.7600,2.5700,1.7400,11.0500,18.1300,18.4500,3.9400,3.1600,18.4000,2.8700,6.9900,5.2600,11.0400,4.3300,3.7700,6.5100,2.5800,199.6300,17.8400,90.7000,24.8500,1.6100,18.8400,269.2300,4.0600,0.8100,4.2700,8.8800,11.4000,3.0000,68.5500,5.1000,9.8400,34.1200,7.6200,2.3800,13.2300,17.7000,4.4800,17.4000,17.0000,7.9700,1.1150,18.2300,4.3000,9.5400,3.4600,3.7500,4.6400,1.2950,20.4500,24.5800,9.8300,9.5100,3.3300,3.9500,4.3400,8.1700,38.0600,5.9300,1.6400,5.8400,9.1300,13.6100,1.0000,14.2600,8.9600,164.2400,62.1500,13.0000,3.2300,4.2300,1.9850,2.2000,46.2800,2.0400,27.5100,2.1700,12.6500,3.7400,3.3400,10.8500,7.3600,0.9650,1.8250,6.8100,5.1300,15.8200,5.6900,3.6300,0.5650,29.2600,1.6000,14.0000,2.2400,7.2500,19.4500,42.4400,4.1600,4.4500,12.0600,2.8300,0.9050,73.0000,111.8000,13.9400,2.7600,1.4000,4.0600,30.5000,100.3400,4.4000,7.2100,2.6200,20.7300,16.7000,32.9400,3.8700,1.8500,4.9700,3.6800,10.9400,8.5200,1.0700,10.6600,4.6400,3.8400,4.3800,5.9600,14.5000,11.3600,1.8300,2.2800,2.8500,1.7600,1.4800,23.3500,2.3300,5.3000,42.1500,4.6800,37.7800,30.4500,35.7300,13.8500,77.0100,5.1100,6539.8999
4/7/2022 0:00,2.4200,0.5650,18.2500,22.4700,0.2050,4.8800,6.2700,1.0750,2.4800,1.2050,1.4300,7.0100,33.6200,5.0000,4.2000,14.0000,4.4100,8.8100,2.4900,19.6700,24.5000,8.3600,10.7100,27.2700,1.4800,0.9900,34.0000,22.2800,11.6600,29.4300,8.9400,34.7400,82.4200,8.0600,17.8400,6.6700,3.8000,7.6200,6.7700,6.2500,1.7400,0.6600,9.2300,39.9000,15.8100,2.6100,1.7800,11.2200,19.0500,19.1100,3.9700,3.2400,18.5400,2.9400,6.9500,5.2200,11.2700,4.4100,3.8300,6.6000,2.6100,199.2900,17.9200,91.4500,24.9200,1.6550,19.2000,274.8000,4.1500,0.8200,4.2500,9.0800,11.4000,3.0800,69.2100,5.1400,10.0100,34.8000,7.6900,2.4500,13.6300,17.9600,4.5500,17.5900,17.0700,8.0700,1.1250,18.7400,4.4000,9.3100,3.5400,3.7800,4.7700,1.3250,20.9400,24.7500,9.9600,9.4600,3.2800,4.1600,4.3300,8.2700,39.0500,5.8800,1.6400,5.8900,9.2600,13.9100,0.9900,14.5000,9.0600,167.1500,64.8000,11.7100,3.2600,4.2900,1.9750,2.2600,45.9600,2.0700,27.7400,2.2000,12.4500,3.7200,3.6000,10.9500,7.4600,0.9600,1.8800,7.0600,5.1600,15.7400,5.7000,3.7000,0.5700,28.3100,1.6600,14.3000,2.2600,7.4000,19.8200,42.8200,4.2300,4.5100,11.9000,2.8200,0.9350,72.6700,113.6100,14.4100,2.8200,1.4500,4.2600,31.3400,100.7400,4.4900,7.4500,2.6800,21.1600,16.7700,33.3700,3.8900,1.9000,5.0000,3.7300,11.0200,8.6800,1.0650,10.8300,4.7400,3.8900,4.5500,6.0400,14.4000,11.3700,1.8500,2.3800,2.9200,1.8200,1.4650,23.9500,2.3800,5.3400,43.2100,4.8000,38.7000,31.2600,35.9300,14.0800,78.8100,5.1100,6612.6001
5/7/2022 0:00,2.3800,0.5700,18.2500,22.6400,0.2100,4.8200,6.8800,1.0500,2.4800,1.2200,1.3600,7.0000,33.4700,5.2100,4.2200,13.8700,4.3800,8.8100,2.4900,19.6700,24.0600,8.3500,10.4600,27.5300,1.4650,0.9900,34.3100,22.2000,11.6000,29.6500,9.0300,34.8100,82.8200,8.1300,17.7900,6.7200,3.8000,7.6900,6.8300,6.2600,1.7500,0.6700,9.2700,40.0000,15.6400,2.6000,1.8900,11.2500,19.1800,18.5800,3.9400,3.3300,18.7900,2.9300,6.9000,5.2000,11.1900,4.3700,3.8100,6.5100,2.5800,199.8700,17.9900,91.2300,24.9700,1.6350,19.0200,278.9400,4.1100,0.8700,4.2200,9.0400,11.4000,3.1600,70.1600,5.0700,9.8500,34.2700,7.7400,2.5100,13.4200,18.5000,4.5200,17.5300,17.3200,8.0300,1.1650,18.5600,4.3500,9.1500,3.4900,3.8100,4.7700,1.2950,21.2200,24.9700,9.9200,9.4500,3.2900,4.1200,4.2700,8.1700,38.9200,6.1400,1.6800,5.9000,9.3600,13.5500,1.0050,15.1500,8.9900,168.6800,66.7600,12.2700,3.2900,4.2300,1.9700,2.2700,45.5100,2.0100,27.6500,2.1600,12.2800,3.8000,3.6100,10.9100,7.3900,0.9750,1.8800,7.2100,5.1500,15.6700,5.7600,3.6100,0.5950,28.4600,1.7000,14.1100,2.2600,7.4800,19.7500,44.3100,4.1100,4.4900,11.8600,2.8000,0.9600,72.3100,117.9400,14.3000,2.7700,1.6050,4.3000,31.6100,100.7800,4.4300,7.4800,2.6200,21.9100,16.7200,33.5200,3.8500,1.8900,4.9700,3.6300,10.8100,8.6600,1.0700,10.8300,4.8000,3.8900,4.5600,5.9700,14.2500,11.2700,1.8200,2.4000,2.9000,1.9050,1.5000,23.6500,2.4000,5.3900,43.4500,4.8300,40.7000,32.4400,35.9000,14.1800,80.6400,5.1000,6629.2998
6/7/2022 0:00,2.2900,0.5700,18.2200,22.8700,0.1900,4.9900,6.5500,1.0350,2.4900,1.2100,1.3400,7.1000,34.2800,5.2900,4.3800,13.3700,4.4700,8.8100,2.5200,19.8500,23.5800,8.2700,10.2600,28.6700,1.4150,1.0050,32.8500,22.4000,11.6800,30.1400,8.9800,35.6200,84.3700,8.1200,18.3000,6.7900,3.7600,7.6300,6.8800,6.2900,1.6100,0.6400,9.2700,37.7600,15.0300,2.5200,1.7900,11.3100,19.5000,18.7000,4.0200,3.2100,19.5100,2.9800,6.9600,4.7500,11.5300,4.4500,3.8900,6.6400,2.5900,202.9800,18.2900,92.0000,24.7900,1.4800,18.9300,286.1300,4.1000,0.8150,4.0500,9.2400,11.7700,3.2400,74.7100,5.1700,10.2300,34.8000,7.8800,2.4100,13.4400,19.1300,4.6300,17.4800,16.4800,8.1600,1.1100,19.2700,4.5000,8.5300,3.5500,3.8400,4.7800,1.3350,22.1700,25.2000,9.4300,8.7100,3.2000,4.2200,4.3200,8.3100,39.0400,6.3200,1.4950,5.9400,9.5800,14.1700,0.9450,15.4600,8.5300,169.6600,68.0300,11.9300,3.2600,4.2800,1.9850,2.3100,42.8900,2.1100,28.1500,2.2100,12.5700,3.7500,3.4900,11.3500,7.5100,0.9050,1.8850,6.9100,5.0700,15.3700,5.5300,3.6500,0.5800,28.2600,1.6000,14.6200,2.1700,7.6000,20.1500,45.2200,4.2300,4.4800,11.6700,2.8500,0.9100,70.8400,120.7400,14.7600,2.8300,1.4950,4.3600,32.5000,93.3700,4.0600,7.0200,2.7000,22.3300,16.5100,33.3800,3.5300,1.8000,5.1100,3.7800,10.8200,8.9000,1.0500,11.1300,5.1900,3.9400,4.5500,6.0200,14.2300,11.3000,1.8500,2.2900,2.8000,1.8800,1.4800,23.6600,2.4500,5.4600,44.1500,4.6500,42.1900,30.2000,36.8000,13.6200,86.0000,4.7600,6594.5000
7/7/2022 0:00,2.3800,0.5700,18.4000,23.4800,0.1900,4.9900,6.6700,0.9600,2.4900,1.1950,1.3400,7.1100,34.0300,5.4200,4.3500,13.6000,4.4400,8.9800,2.5000,20.0000,21.9000,8.3600,10.1400,29.2300,1.4500,1.0100,33.2100,22.8000,11.5600,30.4800,8.9600,36.4600,85.7800,8.0900,18.3800,6.6600,3.7000,7.7200,6.9300,6.3300,1.6400,0.6450,9.3700,38.9400,15.4000,2.6100,1.8400,11.0000,19.5200,18.8900,4.0100,3.0400,19.6500,2.9500,6.8400,4.8100,11.5100,4.4200,3.9000,6.6000,2.5900,201.4400,18.3700,93.0800,24.2800,1.4500,19.1600,287.0000,4.1800,0.7900,4.0800,9.2100,11.8300,3.3000,75.1200,5.1300,10.5100,35.0000,7.8300,2.4000,13.6900,19.2700,4.5900,17.8700,17.2000,8.1800,1.0950,19.1900,4.5400,8.4100,3.5500,3.8900,4.8200,1.3250,23.0200,25.2100,9.6600,8.8500,3.2300,4.2500,4.3700,8.3000,39.6300,6.4100,1.4500,5.9200,9.4600,13.9500,0.9500,16.1500,8.0000,170.6500,69.4000,12.2700,3.3200,4.3100,1.9600,2.2700,44.8300,2.1000,28.1500,2.1900,12.6000,3.9200,3.4400,11.4600,7.5200,0.9400,1.9100,6.9300,5.1500,15.3400,5.5700,3.5400,0.5900,28.6900,1.5750,14.6500,2.2000,8.1800,20.2500,45.1900,4.1400,4.4500,11.7500,2.8400,0.9200,69.8800,122.4500,14.5100,2.8300,1.5000,4.4500,32.1400,97.1800,4.1900,6.9000,2.6800,22.5800,16.7500,33.2300,3.7000,1.7200,5.0300,3.7700,10.8900,9.0600,1.0600,11.1500,5.3800,3.8900,4.6500,6.0400,14.1600,11.2900,1.8450,2.3300,2.7300,1.8700,1.5000,23.9500,2.4600,5.4700,44.7800,4.7300,41.8600,30.2800,36.9300,13.5700,85.6700,4.9500,6648.0000
8/7/2022 0:00,2.4200,0.5600,18.3200,23.5600,0.1950,4.9900,6.7100,0.9450,2.4900,1.2200,1.2850,7.0100,35.1200,5.4200,4.2200,14.1200,4.4600,8.9800,2.5400,19.9500,22.6400,8.3100,10.4300,29.1600,1.5250,1.0150,33.6400,22.7000,11.6600,31.3500,9.0500,36.5700,85.1400,8.1500,18.4300,6.6300,3.7700,7.7900,6.9100,6.4000,1.7100,0.6800,9.3600,39.2200,15.7500,2.6500,1.9000,11.0600,19.7900,19.1300,4.0100,3.1600,19.5200,2.9700,6.9700,5.0400,11.4100,4.4400,3.9200,6.6000,2.6000,202.1600,18.3300,92.5900,24.4000,1.5050,19.6700,287.3500,4.2500,0.7950,4.1900,9.2700,11.9500,3.3200,75.5100,5.2000,10.7700,34.8500,7.8400,2.4500,13.6400,19.3700,4.6400,17.9100,17.3000,8.2400,1.1150,18.9700,4.5300,8.6900,3.5600,3.9500,4.7800,1.3450,23.2200,25.8000,9.9700,8.9900,3.3300,4.2600,4.3600,8.2800,40.6400,6.8100,1.5650,6.0000,9.5000,14.4000,1.0200,16.8800,8.3600,170.6900,68.7800,11.9000,3.3000,4.3100,1.9750,2.3000,46.8800,2.1100,28.1100,2.2100,12.6300,3.9000,3.6000,11.4900,7.4600,0.9550,1.9150,7.0000,5.2000,15.5500,5.7000,3.3300,0.6200,29.1900,1.5900,14.7300,2.3500,8.3200,20.8600,47.5200,4.1700,4.4400,11.7900,2.8300,0.9600,70.5000,122.5000,14.6100,2.8300,1.5050,4.4000,32.0500,97.4300,4.3300,7.0600,2.7200,22.3800,17.0000,33.3000,3.7300,1.7900,5.0200,3.7800,11.0500,9.2800,1.0450,11.2700,5.4700,3.8600,4.5800,5.9700,14.2900,11.4300,1.8750,2.3500,2.8000,1.8900,1.4900,24.2500,2.4700,5.5000,44.7600,5.0300,41.9700,30.8000,36.8300,13.7200,87.0400,5.1500,6678.0000
11/7/2022 0:00,2.4000,0.5550,18.0700,23.5200,0.2100,4.9900,6.6600,0.9100,2.4800,1.2150,1.2500,7.0600,34.2500,5.4200,4.3200,13.8500,4.4500,9.3600,2.5500,19.9400,22.3400,8.2600,10.1700,28.7600,1.4700,1.0150,33.2600,22.5900,11.4300,30.2300,9.0500,35.5800,83.5900,8.1100,18.3800,6.5700,3.7900,7.8000,6.9500,6.2800,1.7000,0.6700,9.3200,38.0000,15.3400,2.6100,1.8800,11.0000,19.4500,18.9000,3.9800,3.0500,18.9700,2.9500,6.9800,4.8400,11.3200,4.4100,3.9100,6.5600,2.5600,202.4200,18.3100,92.5500,24.1700,1.5150,19.1900,287.9900,4.2000,0.7500,4.0900,9.2900,12.0100,3.2500,70.7800,5.1500,10.5600,34.6800,7.8300,2.3300,13.4100,18.7100,4.5800,17.7200,16.8500,8.0900,1.0900,18.6600,4.5300,8.3900,3.5500,3.8600,4.6900,1.3500,22.4900,24.4900,9.6400,8.5500,3.3300,4.2700,4.4100,8.2000,40.0200,6.9400,1.5350,5.8900,9.4800,13.9300,0.9900,15.9300,7.9400,167.8500,68.1000,11.9900,3.2700,4.3200,1.9850,2.2900,46.0100,2.0800,27.7700,2.1800,12.3000,3.9500,3.7700,11.1300,7.4500,0.9400,1.8650,6.7800,5.1500,15.6400,5.6100,3.3000,0.6150,28.9700,1.5700,14.5900,2.2900,8.1000,20.3700,45.6500,4.0500,4.3900,11.9200,2.8000,0.9300,70.9300,117.3000,14.2100,2.8700,1.4850,4.3000,31.6600,95.3600,4.1400,7.0300,2.7500,21.3400,16.8000,33.6500,3.6300,1.8100,5.0200,3.7800,11.2500,9.1400,1.0150,10.9900,5.4500,3.8900,4.4800,5.9900,14.1800,11.3600,1.9050,2.3400,2.7400,1.8650,1.4700,23.7800,2.4800,5.4200,44.4400,5.0700,40.7500,30.8500,36.4200,13.7700,84.2600,5.1000,6602.2002
12/7/2022 0:00,2.3400,0.5550,18.5000,23.4200,0.1950,4.9100,6.7800,0.8700,2.5000,1.1850,1.2500,7.2000,34.0900,5.3000,4.2500,13.6200,4.5300,9.3600,2.5000,20.1000,22.7100,8.3900,10.0500,28.7900,1.4350,1.0100,33.5000,22.5204,11.7200,29.9400,9.0400,35.7700,84.5600,8.1800,18.1100,6.5800,3.8500,7.7200,6.9800,6.2100,1.6900,0.6650,9.4600,37.4600,15.0400,2.5200,1.8200,11.0300,19.1100,18.9400,4.0400,3.0200,18.8000,2.9600,7.0000,4.6600,11.2900,4.4300,3.9100,6.5700,2.5600,205.0000,18.6500,93.6300,24.5600,1.5450,18.7500,292.6900,4.1600,0.7350,4.0200,9.2900,12.1400,3.1700,68.9700,5.0900,10.9100,34.9300,7.9000,2.3200,13.1300,18.8900,4.5600,17.3300,16.8900,8.0300,1.0900,18.5900,4.4700,8.4200,3.5600,3.8500,4.7100,1.3600,22.6700,24.3500,9.6100,8.2400,3.3000,4.2500,4.4100,8.1900,39.3400,6.8700,1.5150,5.8400,9.5500,13.9000,0.9350,15.3600,7.5400,167.6700,68.0000,11.8900,3.3100,4.2300,1.9800,2.2900,44.8100,2.0700,28.1300,2.1900,12.2400,3.9000,3.9000,11.1100,7.6600,0.9150,1.8150,6.8000,5.1300,15.6800,5.5700,3.3000,0.5750,28.9300,1.5500,14.0500,2.2400,8.0300,19.8100,44.5000,4.0000,4.2400,11.7100,2.7400,0.9300,69.8100,117.0900,13.6700,2.8700,1.4750,4.2500,32.3200,95.4100,3.9600,6.9700,2.7400,21.2500,16.3200,33.6000,3.5500,1.8000,5.0200,3.7800,11.1500,9.1800,1.0100,10.7300,5.3800,3.8600,4.5000,5.9000,14.2200,11.2800,1.9150,2.3000,2.8100,1.8900,1.4700,24.0500,2.5100,5.3300,44.7800,5.1600,41.1200,31.0000,37.1600,13.4500,84.2800,5.2000,6606.2998
13/7/2022 0:00,2.3400,0.5700,18.3500,23.6500,0.2000,4.9100,6.7000,0.8900,2.4400,1.1800,1.2650,7.1000,34.5500,5.2800,4.4100,13.7300,4.6000,9.3600,2.4900,20.1600,23.8500,8.2800,10.1700,28.9100,1.4000,1.0200,32.9300,22.2525,11.6000,30.7000,9.1000,36.0600,85.1100,8.1300,18.2000,6.5400,3.8300,7.7500,7.0200,6.3500,1.6700,0.6750,9.5500,36.9200,15.3400,2.6200,1.8600,11.1800,19.4600,19.0000,4.0800,3.0900,19.0600,2.9700,7.0000,4.7500,11.5700,4.4300,3.9100,6.7500,2.5700,204.2800,18.4800,94.6300,24.4500,1.6100,18.7000,293.8100,4.2200,0.7650,3.9900,9.3000,12.4700,3.2100,71.2700,5.1500,11.1800,34.7300,7.9200,2.3100,13.3100,19.1200,4.5900,17.2000,16.9900,8.1200,1.1250,19.0300,4.5300,8.2900,3.5800,3.9200,4.8900,1.3500,23.0900,24.7400,9.7200,8.4000,3.2600,4.3000,4.3600,8.2400,40.2700,6.9400,1.5300,5.9400,9.5800,14.1200,0.9450,15.6200,7.6600,171.4000,68.0000,12.2300,3.2900,4.1700,1.9600,2.3000,44.3900,2.0800,28.4500,2.1800,12.4600,3.9400,4.0200,11.2500,7.5400,0.9150,1.8300,6.9200,5.0300,15.4800,5.4500,3.3100,0.5900,29.1700,1.5750,14.1900,2.3600,8.2100,20.1800,45.8200,4.0000,4.4200,11.7000,2.7700,0.9550,69.5100,118.5500,13.7800,2.8300,1.5150,4.3000,32.1300,94.1000,3.8900,6.8800,2.7200,21.6700,16.6200,33.4600,3.5000,1.8500,5.0300,3.7900,11.1300,9.3400,1.0050,11.0200,5.5300,3.9000,4.5800,5.8500,14.3600,11.3800,1.8950,2.3100,2.7300,1.8750,1.4800,23.9600,2.5200,5.3300,45.3100,5.3900,41.6400,30.1000,37.1600,13.2200,85.4000,5.1500,6621.6001
14/7/2022 0:00,2.3300,0.5700,18.2400,23.9400,0.2100,4.9000,6.7000,0.9200,2.4000,1.2150,1.3250,7.1800,34.4800,5.3900,4.3600,14.0900,4.5800,9.2800,2.5300,19.9400,24.0500,8.1900,10.3900,29.4800,1.4100,1.0300,33.6400,21.7565,11.7800,30.8100,9.1400,36.7000,84.9100,8.1700,18.4500,6.6700,3.7700,7.6700,6.9700,6.4300,1.6700,0.6850,9.6300,37.4000,15.3900,2.6100,1.9200,11.2200,19.4800,18.9200,4.0500,3.1600,19.3300,2.9300,7.1800,4.8800,11.3400,4.4000,3.8300,6.8300,2.6000,211.1900,18.6200,93.2200,25.1100,1.7400,18.2800,296.2000,4.2000,0.8000,4.1100,9.2700,12.8000,3.2800,72.1400,5.1800,11.4100,34.5100,7.9400,2.3600,13.5700,19.1200,4.6500,16.8000,17.4100,8.1400,1.1500,18.8400,4.4400,8.3200,3.5400,3.9500,4.9200,1.3550,23.3900,25.6000,9.9500,8.6000,3.3200,4.3000,4.4500,8.2700,40.7700,7.2600,1.5750,5.9700,9.6000,14.3300,0.9700,15.8500,8.1200,171.0000,68.0000,11.9900,3.3500,4.1400,1.9050,2.3200,46.9100,2.0300,28.3000,2.2000,13.0500,4.0000,4.2500,11.4000,7.5400,0.9500,1.8550,6.9200,5.0800,15.9600,5.5300,3.3600,0.6050,29.2300,1.6150,14.2500,2.4500,8.2700,20.1700,46.8500,4.1900,4.4100,11.6900,2.8000,0.9550,70.2900,121.0200,13.8100,2.7900,1.5300,4.3200,32.4800,96.0100,3.8100,6.9800,2.6800,22.2500,16.4200,33.4600,3.5400,1.9300,5.0400,3.7300,11.1100,9.4800,1.0150,11.3700,5.8500,3.9300,4.5300,6.0600,14.3200,11.5000,1.8900,2.3300,2.7100,1.8950,1.4750,24.0200,2.4700,5.2200,45.5100,5.7400,42.6700,30.5700,37.1600,13.3800,87.1100,5.6800,6650.6001
15/7/2022 0:00,2.3100,0.5700,18.3900,24.0100,0.1950,4.9000,6.8900,0.9000,2.5000,1.2200,1.3250,7.2500,33.6800,5.2600,4.4000,13.8000,4.6000,9.2800,2.4900,19.9000,24.3900,8.0700,10.1600,29.0700,1.3800,1.0150,32.4500,21.4688,12.0100,30.5500,9.1400,36.4900,85.4200,8.0500,18.5000,6.6700,3.7700,7.6900,6.9100,6.4100,1.6600,0.6800,9.4800,36.1000,15.1900,2.5700,1.8900,11.3000,19.2700,18.6400,4.1000,3.1500,18.5000,2.9500,7.1000,4.6400,11.5900,4.4300,3.8900,6.8300,2.6100,214.7100,18.9500,93.2700,25.2500,1.6600,18.0200,299.2500,4.1500,0.7750,4.0200,9.3600,12.6400,3.1600,71.1300,5.1600,11.3600,35.0800,8.0600,2.3000,13.2600,18.8400,4.6000,16.6500,16.3300,8.1700,1.1400,18.9500,4.4600,8.2500,3.6100,3.9500,4.9900,1.3450,23.1100,25.2200,9.2400,8.2300,3.2500,4.3200,4.3900,8.1600,40.3800,7.2800,1.5450,5.8100,9.5100,14.3500,0.9500,15.6900,8.0600,167.9900,67.5000,11.5500,3.3700,4.2500,1.9550,2.3400,43.3800,2.0500,28.4500,2.2500,12.5400,3.9200,4.1800,11.4900,7.5900,0.8950,1.8300,6.7500,4.9700,15.8500,5.5200,3.3700,0.6000,28.5700,1.5900,14.3300,2.3800,7.9400,20.0500,45.2000,4.1800,4.4100,11.6200,2.7100,0.9550,70.3000,119.5700,13.9000,2.8300,1.5150,4.2400,33.1100,93.2700,3.6500,6.9900,2.7000,21.6600,16.3400,33.9500,3.4100,1.9000,5.1000,3.8000,11.1000,9.4300,1.0100,11.5200,5.9000,3.9400,4.5100,5.9400,14.3200,11.5800,1.8800,2.2700,2.6100,1.8400,1.4750,23.7700,2.4900,5.1400,45.9300,5.6100,44.1300,30.6300,37.5100,13.1700,86.3400,5.7400,6605.6001
18/7/2022 0:00,2.3800,0.5700,18.3600,24.7700,0.2050,4.9000,6.9400,0.8700,2.6500,1.2350,1.3400,7.2500,34.3800,5.4600,4.3000,14.3400,4.5100,9.2800,2.6400,20.1500,23.1000,8.1500,10.3800,29.3600,1.4350,1.0250,32.3600,21.4688,11.7400,31.1800,9.2600,36.7000,84.5900,8.1900,18.8300,6.6600,3.8600,7.7700,7.0800,6.5400,1.7150,0.6800,9.7000,36.9700,15.8400,2.7300,1.9800,11.3500,19.9200,19.1000,4.1300,3.2000,19.0000,2.9400,7.2000,4.8300,11.6400,4.4700,3.9200,6.8000,2.6600,211.7700,18.8200,94.2400,25.6800,1.6700,18.7700,296.6600,4.2900,0.7700,4.0800,9.3300,12.5600,3.2500,70.6700,5.2600,11.6800,34.5300,7.9400,2.3100,13.6800,18.4800,4.7000,17.3700,16.8900,8.3000,1.1500,19.0900,4.4400,8.4500,3.6300,3.9800,5.1000,1.3600,23.7200,26.1000,9.6500,8.5900,3.3400,4.4500,4.4500,8.2300,40.8800,7.2100,1.6200,5.6400,9.5000,14.8000,1.0300,16.0900,8.1200,173.3300,67.4000,12.1600,3.3300,4.2000,1.9550,2.4000,45.1200,2.0700,29.0000,2.2300,12.8300,3.9100,4.3000,11.5200,7.4100,0.9150,1.8900,6.7700,5.0900,16.2000,5.6300,3.4300,0.6350,29.4000,1.6000,14.3900,2.4400,8.3100,20.4000,45.6600,4.1000,4.5000,11.7200,2.7700,0.9750,70.5700,121.5700,13.9500,2.8600,1.5450,4.2100,33.1700,95.2700,3.8800,7.1600,2.7400,22.0600,16.6700,34.2000,3.4800,2.0100,5.1200,3.7700,11.7800,9.5500,1.0100,11.6800,5.8800,3.9500,4.4000,6.0400,14.3100,11.4900,1.9350,2.3100,2.5700,1.8300,1.4800,24.1900,2.5200,5.3300,46.1500,5.9000,47.2900,31.3000,37.4200,13.4700,88.0300,5.8500,6687.1001
19/7/2022 0:00,2.3700,0.5600,18.0000,24.5100,0.2050,4.8500,6.7300,0.8900,2.5600,1.2250,1.4000,7.2800,32.7500,5.4200,4.4000,14.1800,4.5500,9.2800,2.6600,20.3000,24.0000,8.1500,10.2800,29.0400,1.4100,1.0100,32.1500,21.4688,11.9600,31.0900,9.3200,35.5900,84.7400,8.1100,18.5900,6.6100,3.8900,7.7800,7.1500,6.5100,1.7750,0.6700,9.8600,36.6100,15.6400,2.6700,1.9550,11.3200,19.8200,19.1000,4.1500,3.1800,18.8100,2.9400,7.1900,4.7700,11.4200,4.4400,3.9600,6.8300,2.6300,201.6600,18.7200,94.9500,25.3800,1.6600,18.7500,290.6600,4.3100,0.7450,4.1100,9.3700,12.7400,3.1700,71.0300,5.2300,11.7100,35.2600,7.9000,2.2800,13.5500,18.4700,4.6500,17.2200,17.0100,8.2600,1.1500,18.5900,4.4200,8.3800,3.6400,4.0300,5.1800,1.3650,22.5400,25.4700,9.5200,8.6200,3.3200,4.4500,4.3200,8.2100,41.7600,7.1300,1.6400,5.4700,9.3000,14.5200,1.0100,15.8000,7.9900,167.6300,67.3000,12.5400,3.3800,4.1800,1.9700,2.3900,45.1400,2.0800,29.4200,2.2500,12.3600,4.1400,4.4500,11.2800,7.5200,0.9350,1.8550,6.7600,5.0900,16.1600,5.6500,3.3900,0.6200,28.8800,1.6700,13.8800,2.3600,8.2300,20.7600,45.9300,4.1100,4.4900,11.5900,2.6600,0.9800,70.3100,118.3300,13.6500,2.8800,1.5450,4.0300,31.6500,95.7100,3.9200,7.2400,2.7600,21.4800,16.6300,32.9500,3.4000,2.0300,5.0600,3.8000,11.1900,9.5500,1.0050,11.3700,5.6200,3.9300,4.3200,6.0200,14.3500,11.4900,1.9600,2.3200,2.5700,1.8700,1.4700,24.2200,2.5100,5.3400,46.1100,6.2100,44.9700,32.4300,37.0400,13.5200,82.7300,5.9000,6649.6001
20/7/2022 0:00,2.4400,0.5700,18.1200,25.7000,0.2050,4.8500,6.5700,0.9100,2.5400,1.2300,1.5000,7.2100,34.4200,5.3600,4.2100,15.0600,4.5300,9.2700,2.7100,20.5300,24.4500,8.3700,10.6500,29.6800,1.4300,1.0650,32.9000,21.4688,12.1300,32.2600,9.4400,36.0200,86.4500,8.2000,18.9400,6.7500,3.9600,7.9600,7.2600,6.6900,1.8250,0.6950,10.1000,37.1100,16.3000,2.7600,2.0000,11.3900,20.4100,19.6600,4.1600,3.1500,19.3000,3.0000,7.3200,5.0000,11.7900,4.4900,3.9900,6.9700,2.6500,204.9400,18.6300,96.0200,25.7700,1.6550,19.2800,291.2300,4.4600,0.7650,4.1700,9.4700,13.1100,3.3200,72.6300,5.2200,12.2300,34.8800,7.9200,2.3100,13.9300,19.0800,4.7800,17.7300,17.9000,8.4000,1.1750,19.1700,4.5100,8.5900,3.7200,4.1900,5.3100,1.3850,22.6600,25.8700,9.9400,8.8128,3.4400,4.5100,4.3400,8.1900,43.6900,7.3000,1.6700,5.4400,9.5100,15.5300,1.1150,16.4200,8.4200,174.1700,67.8000,13.4200,3.4300,4.2000,1.9600,2.4300,47.5300,2.1400,29.6500,2.2800,12.6800,4.1300,4.4700,11.4400,7.2800,0.9850,1.9700,6.9000,5.2000,16.5000,5.7200,3.4500,0.6850,29.7900,1.6450,13.8700,2.4800,8.8300,21.3600,48.4200,4.1900,4.6100,11.7000,2.7200,0.9900,70.3100,121.6200,14.5100,2.9300,1.5750,4.3400,32.4800,97.8000,4.1100,7.3900,2.8300,22.3100,17.1000,33.6400,3.5100,2.0700,5.1200,3.8200,11.3100,9.8600,1.0100,11.3700,5.5700,3.9500,4.4600,6.1800,14.3200,11.6000,2.0100,2.4700,2.6300,1.8600,1.4950,24.6200,2.5500,5.4500,46.8000,6.4300,47.4900,32.5700,37.1400,13.7900,87.6400,5.9900,6759.2002
21/7/2022 0:00,2.4700,0.5650,17.9700,26.2100,0.2200,4.8500,6.7000,0.9100,2.5300,1.2300,1.5000,7.2600,34.6200,5.4500,4.4200,14.4000,4.5500,9.2300,2.6500,20.8400,24.4600,8.4500,11.2000,30.7500,1.4250,1.0650,32.9700,21.9300,12.0000,33.2600,9.4500,36.2900,86.0200,8.1700,19.0500,6.6500,3.9100,8.0800,7.4200,6.7300,1.7950,0.6950,10.2500,36.7900,16.4800,2.8100,2.0300,11.4500,20.9200,20.1300,4.1800,3.2800,20.0900,3.0400,7.3000,5.0700,11.6400,4.3500,3.9800,7.0300,2.6600,207.4000,18.8800,97.6200,26.0700,1.6000,19.0200,295.2400,4.5500,0.7800,4.2700,9.2900,13.5600,3.4200,74.5100,5.3400,12.5300,34.9000,7.9800,2.3400,13.9900,19.6600,4.7900,17.6300,17.7000,8.6500,1.1850,19.1500,4.4200,8.4200,3.6800,4.2400,5.1900,1.3650,23.8000,26.9900,10.0900,9.3278,3.4400,4.5500,4.2700,8.2700,43.4300,7.5000,1.7050,6.2400,9.7200,15.9600,1.2400,16.7900,8.3400,174.9000,67.9900,13.8000,3.4500,4.2000,1.9750,2.4700,47.5500,2.0900,29.6600,2.3100,12.9800,4.2900,4.3900,11.5400,7.2000,1.0250,2.0400,6.9800,5.1500,16.6500,5.6700,3.5000,0.6850,30.4900,1.7050,13.8000,2.5600,9.2100,21.5800,51.1700,4.1900,4.6000,11.6400,2.6800,1.0200,70.9100,127.7400,14.9500,2.9100,1.5800,4.5000,33.2900,95.8300,4.2300,7.2500,2.7900,22.7600,17.3700,34.3900,3.5700,2.0300,5.1400,3.7900,11.0700,10.0900,1.0050,11.6100,6.7200,4.0100,4.4800,6.3300,14.1200,11.7000,1.9700,2.4200,2.6300,1.8500,1.5150,24.8700,2.5200,5.3700,47.5900,6.1700,49.1800,31.1400,37.5000,13.9200,90.5000,5.7000,6794.2998
22/7/2022 0:00,2.4900,0.5600,18.1100,26.3300,0.2200,4.9800,6.7200,0.9150,2.5800,1.2500,1.4650,7.1000,34.8900,5.3100,4.4200,14.3200,4.4700,9.1600,2.6400,21.0700,24.5200,8.4100,11.1400,30.0800,1.4350,1.0650,32.5700,22.5900,11.8000,32.6400,9.4000,36.1200,86.5000,8.1700,18.9200,6.5600,3.8700,8.0800,7.4400,6.6800,1.7850,0.7250,10.3000,36.7500,16.3000,2.7700,1.9500,11.4700,20.3400,20.4100,4.2100,3.4400,19.9300,3.0200,7.1500,4.9400,11.6700,4.3700,4.0800,7.0500,2.6700,214.0000,18.8600,97.8000,26.1000,1.4700,18.2400,293.4700,4.5000,0.7950,4.2100,9.3400,13.0400,3.4300,71.1700,5.3400,12.2100,34.8300,7.9700,2.3400,13.8500,19.7200,4.7400,17.1100,17.8300,8.6300,1.2100,19.2300,4.5000,8.3400,3.6900,4.2000,5.1100,1.3750,24.0700,26.5300,9.9000,9.3469,3.4100,4.6200,4.2100,8.2300,44.4600,7.4900,1.6400,6.1400,9.8700,15.9000,1.1950,16.9300,8.3000,174.2400,67.6800,14.1200,3.4200,4.1900,1.9800,2.4700,46.8200,2.1200,29.8800,2.3700,12.9700,4.3000,4.2900,11.5600,7.2500,1.0000,2.0400,7.1200,5.0700,16.4600,5.6200,3.4500,0.6400,30.4200,1.6850,14.0000,2.5100,9.6100,21.4000,48.9500,4.2900,4.5100,11.4000,2.6900,1.0000,71.1800,122.7500,14.6500,2.9000,1.5650,4.4800,33.5700,96.2600,4.1900,7.0300,2.8400,22.4800,17.2300,34.7500,3.5300,1.9550,5.1200,3.8200,11.0100,9.9900,1.0100,11.6100,7.0900,3.9600,4.5600,6.2400,14.0400,11.8400,2.0000,2.4800,2.5900,1.8550,1.5050,24.7500,2.5400,5.0300,47.5300,6.1400,49.2100,30.9700,37.2500,13.9100,91.2200,5.6500,6791.5000
25/7/2022 0:00,2.4300,0.5500,18.2600,25.6100,0.2300,4.9900,6.6300,0.9400,2.5900,1.2500,1.4650,7.2000,35.3400,5.4300,4.2300,14.2100,4.5100,9.1900,2.6800,21.0500,24.6400,8.5500,11.0000,29.7400,1.4500,1.0600,32.3500,22.6200,11.9300,31.9000,9.3500,36.2600,86.9200,8.2000,18.9700,6.4700,3.8800,8.1200,7.4200,6.5300,1.7300,0.7250,10.3300,37.3500,16.2300,2.7200,1.9500,11.4800,19.8700,19.7000,4.2200,3.4800,19.8800,3.0300,6.9800,5.0000,11.9500,4.3900,4.0400,7.0800,2.6700,210.5600,18.8700,97.0700,25.4900,1.3900,18.7700,291.0000,4.3500,0.7900,4.2500,9.3700,11.6700,3.2200,69.3200,5.3700,12.3900,35.1900,7.9300,2.4300,13.8500,19.2800,4.7000,17.6200,18.2500,8.4000,1.2200,19.3500,4.4400,8.3400,3.6800,4.1500,5.0600,1.3800,23.6500,26.4900,10.0000,9.0894,3.3700,4.5000,4.4600,8.2900,43.5700,7.5300,1.6300,6.0400,9.8400,15.8300,1.1800,16.6900,8.3400,174.2000,67.6700,14.1400,3.4200,4.1400,1.9800,2.4700,47.6100,2.1000,29.8700,2.3800,12.5200,4.9100,4.3500,11.5100,7.2900,1.0300,1.9700,7.3100,5.0300,16.6300,5.6600,3.4700,0.6150,29.3100,1.6900,13.6900,2.5400,9.3100,21.0000,47.8800,4.0800,4.5900,11.5300,2.7400,1.0200,70.8800,121.1900,14.6400,2.9100,1.6000,4.3800,33.4500,97.1400,4.2000,6.9900,2.8200,21.9700,16.9500,34.4500,3.5600,1.9350,5.3200,3.8200,11.3000,9.7800,1.0050,11.7100,6.9100,3.9200,4.3800,6.1800,14.2700,11.7100,2.0300,2.4300,2.5600,1.8400,1.5200,24.5600,2.5700,5.0900,46.9200,6.0900,48.3100,30.7200,37.4600,13.8200,90.2600,5.6000,6789.8999
26/7/2022 0:00,2.4000,0.5450,18.2500,25.6700,0.2100,5.2000,6.5500,0.9400,2.5000,1.2750,1.4800,7.1800,34.4700,5.4400,4.3900,14.3800,4.5400,9.1900,2.6400,21.1300,24.4300,8.5600,10.9900,29.6300,1.4550,1.0650,32.9800,22.6400,11.6700,30.9500,9.3800,35.6100,86.3500,8.1000,19.3900,6.4300,3.9300,8.0000,7.4300,6.4000,1.8000,0.7600,10.2500,38.2700,16.4700,2.7000,2.0100,11.3300,18.9700,20.1000,4.2200,3.4300,19.9500,3.0200,7.0700,5.0700,11.8100,4.4100,4.0600,7.1100,2.6800,212.5800,18.7800,96.7300,25.7900,1.4300,17.9200,286.7500,4.3800,0.7950,4.3500,9.2800,11.4200,3.3000,68.4700,5.3900,12.0800,34.5500,7.9300,2.3900,13.7800,19.0300,4.5700,16.6300,18.7000,8.4100,1.2100,19.3400,4.4500,8.4600,3.6600,4.1100,5.1600,1.3850,23.6700,26.4600,9.9600,9.2706,3.4800,4.5000,4.4900,8.3400,43.1700,7.4000,1.7550,6.1900,9.8100,15.7200,1.2100,16.1500,8.5500,175.6300,68.0000,13.9900,3.4400,4.1500,1.9900,2.4800,49.2200,2.1000,29.7200,2.3900,12.3000,5.0600,4.4800,11.6000,7.4100,1.0850,2.0200,7.2800,5.0600,16.8100,5.8400,3.5000,0.6650,28.9700,1.6000,13.3300,2.5800,9.3600,20.6500,47.7200,4.0200,4.5000,11.6900,2.7400,0.9950,70.2700,120.9900,14.4700,2.9300,1.5750,4.3500,33.9200,98.9600,4.2300,7.1700,2.8500,21.8000,17.0300,33.9500,3.6700,1.9950,5.3100,3.7900,11.3200,9.7000,1.0150,11.4100,7.3100,3.9400,4.3600,6.2300,14.1100,12.0000,2.0500,2.4400,2.6000,1.8600,1.4850,25.0300,2.5500,5.0000,45.9500,6.4800,48.7100,31.5700,36.9800,13.9400,89.1300,5.6800,6807.2998
27/7/2022 0:00,2.4600,0.5500,18.5700,25.9400,0.2200,5.0000,6.5400,0.9500,2.5500,1.3000,1.4500,7.2000,33.5000,5.4100,4.2400,14.3000,4.5100,9.3400,2.6500,21.4100,25.5000,8.4800,11.1700,29.6000,1.4700,1.0650,32.9400,22.7300,11.6900,31.3000,9.3100,35.9500,86.5900,8.1400,19.3800,6.4900,3.9200,8.0000,7.4800,6.4700,1.7650,0.7700,10.3100,37.5200,15.8400,2.7300,2.1000,11.3700,19.5700,20.4300,4.2200,3.7300,19.9000,3.0200,6.9500,4.8400,11.8400,4.3900,4.0700,7.0900,2.6900,212.6300,18.7100,98.9000,25.8100,1.4550,18.1300,291.8300,4.3900,0.8250,4.2500,9.3200,11.1900,3.3700,69.2300,5.3400,12.1400,34.5500,7.9100,2.4500,13.6500,19.0200,4.5400,16.8700,18.1800,8.4800,1.2350,19.4400,4.4600,8.5200,3.6700,4.1100,5.2000,1.3850,23.6300,26.8600,9.9800,9.3000,3.5200,4.5200,4.5400,8.2600,43.0600,7.4800,1.7500,6.0600,9.8100,15.6700,1.2000,16.4000,8.4900,173.7300,67.5700,14.0800,3.4500,4.1800,1.9900,2.4400,48.8000,2.0900,30.1300,2.3800,12.2400,5.1100,4.4600,11.5400,7.5300,1.0550,2.0100,7.3500,5.1600,16.8000,5.7600,3.5100,0.6700,28.9900,1.6400,13.4600,2.5700,9.4800,20.5900,49.0000,4.1700,4.5200,11.7400,2.7200,1.0300,70.2300,121.7400,14.4400,2.9400,1.6250,4.2800,34.1400,96.9800,4.2000,7.1700,2.8300,21.5500,16.8600,33.7500,3.6800,1.9300,5.3000,3.8000,11.3400,9.6700,1.0250,11.4100,7.1400,3.9200,4.3000,6.2000,14.3800,12.2300,2.0000,2.4400,2.6000,1.8450,1.4950,25.2300,2.5400,5.0100,46.3600,6.3300,48.1200,31.5000,37.2300,13.8600,89.5900,5.6900,6823.2002
28/7/2022 0:00,2.4800,0.5400,18.3000,26.0500,0.2200,5.0000,6.8500,0.9950,2.5500,1.3200,1.4500,7.2900,34.6000,5.3700,4.4400,14.8300,4.5100,9.5900,2.6700,21.4300,25.5100,8.2800,11.4500,30.2700,1.4950,1.0700,33.1100,22.7000,11.4400,32.4200,9.4100,36.0200,87.0100,7.6400,19.4500,6.5700,4.0000,8.0200,7.4400,6.5500,1.7950,0.8050,10.1800,38.3200,16.6600,2.7800,2.2400,11.3900,20.6500,20.8100,4.1900,3.7700,20.4000,3.0800,6.9600,4.7800,12.1200,4.4300,4.0500,7.1400,2.7200,215.5400,18.6400,99.8900,24.9100,1.4500,19.0100,291.4000,4.5000,0.8750,4.3700,9.3400,11.2500,3.5000,69.4900,5.3500,12.3100,35.0200,7.8500,2.5200,13.8900,19.2000,4.5900,17.0700,18.7000,8.6700,1.3400,19.7900,4.4600,8.3200,3.6800,4.1200,5.2700,1.3850,24.3000,27.4400,10.6800,9.5900,3.6100,4.5400,4.5200,8.5200,42.1000,7.5500,1.8800,6.1000,9.9400,16.3400,1.2750,17.4000,8.7200,178.8900,67.7000,14.4200,3.4400,4.1500,1.9800,2.5100,53.2100,2.1100,30.3300,2.4100,12.4000,5.3700,4.3900,11.6600,7.3200,1.0850,2.0300,7.5400,5.1600,16.6300,5.7000,3.4800,0.7150,30.2500,1.6650,13.9100,2.7300,9.7200,20.5900,49.2800,4.1500,4.5900,11.8700,2.7700,1.0950,69.8400,123.5300,14.7600,2.9300,1.7000,4.3600,34.0000,97.7000,4.3800,7.2400,2.8400,22.4200,17.5000,33.5100,3.7800,1.9550,5.3100,3.7500,11.2500,9.7700,1.0150,11.5100,7.2900,3.9000,4.4000,6.3000,14.3600,12.2300,2.0200,2.4600,2.6200,1.8500,1.5200,25.3700,2.5400,5.1400,46.3000,6.3900,48.9800,31.9700,37.4400,14.2000,90.9400,5.0700,6889.7002
29/7/2022 0:00,2.5300,0.5450,18.4900,26.1400,0.2150,5.0000,6.9000,1.0700,2.6000,1.3850,1.4450,7.8500,35.2000,5.4700,4.5000,14.6900,4.5400,9.5200,2.6800,21.5100,25.7000,8.3800,11.6400,31.1700,1.5400,1.0850,33.5000,22.9000,11.6500,33.1200,9.3600,35.3000,88.2600,7.7500,19.3600,6.6700,4.0200,8.0000,7.5200,6.6500,1.8150,0.8500,10.3000,38.6800,16.5900,2.9000,2.2700,11.4500,20.9700,21.0300,4.2800,3.9000,20.6500,3.1600,6.9800,4.8000,12.7400,4.5500,4.1800,7.1600,2.7300,214.2300,18.7500,100.7700,24.9800,1.4100,18.8200,289.8400,4.5500,0.9000,4.3200,9.5200,11.2600,3.5400,72.4400,5.5200,12.5300,35.3200,7.9200,2.6400,14.1600,19.1700,4.6400,17.2200,18.3400,8.7800,1.3950,20.7000,4.5500,8.5200,3.7600,4.1400,5.3500,1.3850,24.3600,28.5400,11.0400,9.5800,3.6000,4.6400,4.4700,8.7300,42.0900,7.5400,1.8600,6.0900,10.2700,16.8400,1.3200,17.8000,8.7100,181.1300,67.4900,14.5800,3.4100,4.1400,1.9800,2.5400,53.7400,2.1500,30.6000,2.4700,12.8500,5.6400,4.3900,11.7800,7.2400,1.0850,2.0600,7.8400,5.1600,16.7800,5.9400,3.5500,0.7400,30.3000,1.6900,14.5600,2.7700,10.0100,21.0400,49.5400,4.4000,4.5600,11.5300,2.7600,1.0800,70.2000,125.0600,15.2300,2.9600,1.7650,4.4000,34.2100,97.8300,4.5600,7.3000,2.9000,22.9400,17.5500,34.2700,3.8100,1.9400,5.3200,3.8500,11.1900,9.8800,0.9900,11.7200,7.3900,3.8900,4.5400,6.3400,14.5100,12.2500,2.0700,2.4800,2.6600,1.8450,1.5400,25.6900,2.6200,5.1500,46.6300,6.2100,50.1000,31.9800,37.5200,14.3100,92.9900,5.0000,6945.2002
1/8/2022 0:00,2.5400,0.5650,18.5800,26.5200,0.2200,5.1500,6.9900,1.0950,2.6400,1.4100,1.4600,7.9500,35.7500,5.5800,4.4300,15.1600,4.6000,9.7400,2.7000,21.6600,25.2200,8.4500,11.6600,30.6400,1.5300,1.1050,34.0100,22.7400,11.9400,32.8700,9.4700,35.2100,88.5500,7.7600,19.4700,6.7100,4.1000,8.0200,7.4500,6.6200,1.8200,0.8200,10.4800,39.1000,16.7700,2.8900,2.2600,11.5800,20.9400,21.1400,4.2400,3.9600,20.7200,3.0700,7.0900,4.9800,12.5000,4.5400,4.1600,7.1600,2.7000,218.4000,18.8500,101.0800,25.3000,1.4350,18.3100,294.9100,4.5700,0.9050,4.4500,9.6000,11.2000,3.4500,72.1200,5.5000,12.3200,34.8600,8.0000,2.6500,13.9100,19.5400,4.5700,17.0600,18.2100,8.7800,1.3800,20.6500,4.5300,8.5100,3.7800,4.1300,5.2200,1.3900,24.2700,27.6600,11.0500,9.6800,3.6400,4.7100,4.5500,8.5100,42.3000,7.4900,1.8050,6.0400,10.2200,16.6400,1.3200,17.1000,9.1000,179.9000,67.5000,14.3000,3.4600,4.1600,1.9900,2.5700,53.9600,2.1500,30.5800,2.4900,13.1400,5.7400,4.4000,11.8000,7.1600,1.0700,2.0700,7.8700,5.2000,17.0000,6.0500,3.5300,0.7200,30.2700,1.6750,14.4100,2.8000,10.3100,20.9100,50.2000,4.2200,4.6400,11.7900,2.7500,0.9850,70.6300,125.8700,15.2400,2.9700,1.7250,4.4300,34.5300,98.9200,4.5300,7.3800,2.9000,23.3500,17.8500,35.4000,3.8600,1.8650,5.3400,3.8900,11.3600,9.8700,0.9900,12.0100,7.1000,3.9700,4.5400,6.3700,14.7100,12.3300,2.1000,2.5000,2.7100,1.8350,1.5200,25.8500,2.6000,5.0300,46.7500,6.3400,50.2000,32.8400,38.1700,14.6500,92.6000,5.0100,6993.0000
2/8/2022 0:00,2.5700,0.5650,18.6500,26.8300,0.2050,5.0000,6.9000,1.1500,2.6700,1.4550,1.4950,7.9500,35.5600,5.5700,4.6300,14.8200,4.5900,9.7400,2.8200,22.0000,26.5000,8.5900,11.7800,31.2100,1.5250,1.1100,33.8500,22.8100,12.0500,33.2600,9.5500,35.3200,90.5200,7.7700,19.6500,6.7900,4.1200,8.0400,7.5200,6.7100,1.8000,0.8250,10.6700,38.5800,16.3500,2.8800,2.3500,11.5600,21.6200,21.2400,4.2300,4.1200,21.2800,2.9900,6.9700,4.7100,12.2800,4.4400,4.0700,7.1900,2.7100,219.2600,19.2100,101.9700,25.3800,1.4200,18.7000,296.8500,4.5900,0.9400,4.4600,9.3500,11.1600,3.5500,73.8800,5.4800,12.6900,35.3000,8.1100,2.6800,14.2600,19.2400,4.6300,17.1600,17.9000,8.7900,1.4200,20.4300,4.3600,8.2300,3.7100,4.2300,5.1200,1.3600,24.5800,28.2900,10.8100,9.5800,3.6300,4.7500,4.6000,8.7500,43.6100,7.4400,1.7650,6.2000,10.0400,16.7300,1.3250,17.7000,8.8800,178.8600,67.0000,14.7200,3.5000,4.1600,1.9900,2.6100,53.0800,2.1000,30.9600,2.4400,13.4300,5.2600,4.3100,11.8100,7.3300,1.0550,2.0600,8.0700,5.1800,17.2000,6.0300,3.5500,0.7150,30.5600,1.6800,14.4400,2.7400,10.0700,21.2200,51.5100,4.3100,4.6000,11.6300,2.7500,1.0300,70.5700,126.1200,15.3300,2.9400,1.7700,4.4600,34.4400,97.3000,4.4900,7.2400,2.8800,22.9800,17.6400,35.3400,3.7400,1.7950,5.3400,3.8200,11.4100,10.1000,1.0100,12.2300,7.3400,3.9700,4.9000,6.4400,14.7100,12.3200,2.0800,2.5500,2.6900,1.8350,1.5200,26.1500,2.5600,5.0300,47.5700,6.3400,50.7200,32.5900,38.6000,14.2900,93.5800,4.9800,6998.1001
3/8/2022 0:00,2.5500,0.5600,18.2800,27.0200,0.2000,4.9000,6.9000,1.1600,2.6700,1.4700,1.5200,8.1400,35.9800,5.7800,4.7000,14.7200,4.6800,9.8300,2.7900,21.7500,26.1100,8.5300,11.7100,30.9900,1.5100,1.1150,34.0500,22.7100,11.8700,32.8300,9.4200,34.7600,87.4500,7.7500,19.8300,6.8700,4.1000,8.0100,7.4700,6.6600,1.8000,0.8200,10.5600,38.6100,16.1500,2.9400,2.4200,11.6500,21.6100,21.3000,4.2900,4.0800,21.3500,2.8700,6.9400,4.5600,12.0700,4.4000,4.0000,7.3000,2.6700,217.9000,18.9700,100.4700,25.5900,1.4100,19.0500,296.7500,4.5900,0.9550,4.4900,9.2800,11.1700,3.5900,71.4200,5.4400,12.6000,35.5300,8.0500,2.6600,14.3200,19.4300,4.7700,17.1800,18.0200,8.6300,1.4600,20.4700,4.3600,8.0900,3.6900,4.1700,5.0600,1.3450,24.6600,28.2100,11.0600,9.7400,3.7000,4.7700,4.6300,8.6900,42.9700,7.5700,1.8000,6.1900,9.9900,16.9100,1.3600,17.4800,9.5500,176.3900,65.6300,14.6300,3.4800,4.1400,1.9950,2.5600,54.8000,2.0700,30.7800,2.4800,13.4000,5.6000,4.3500,11.8500,7.2900,1.0750,2.0900,7.9900,5.2000,17.2000,6.0200,3.4700,0.7450,30.3600,1.6950,14.2400,2.8000,11.3000,20.8300,52.1200,4.4500,4.6000,11.7600,2.7400,1.0500,70.9000,125.4200,15.3200,2.8900,1.7850,4.4400,34.6100,96.8000,4.4900,7.0900,2.8700,23.1800,17.5200,34.8200,3.7700,1.7650,5.4300,3.8400,11.4900,10.0600,0.9900,12.3000,7.4200,3.9500,4.9500,6.4500,14.6600,12.2700,2.0800,2.5800,2.6600,1.8150,1.5550,26.1800,2.5900,5.0600,47.0500,6.4200,52.3900,32.5100,38.1000,14.2600,96.9000,4.9200,6975.8999
4/8/2022 0:00,2.5800,0.5550,18.2800,27.7600,0.2000,4.9000,6.7800,1.1750,2.6700,1.4700,1.5200,8.2000,35.6100,5.6800,4.4400,14.6200,4.6400,9.8300,2.8000,21.8500,27.9800,8.6400,11.7600,31.8700,1.5300,1.1700,33.2100,22.7800,12.0100,32.7800,9.4800,35.1200,87.3000,8.0200,19.7100,6.9700,4.0600,8.1000,7.5300,6.6800,1.7800,0.8300,10.6000,38.1700,16.2100,2.9300,2.4300,11.7100,21.7400,21.2800,4.2300,4.0200,21.9000,2.9800,6.9400,4.5500,12.4400,4.4500,4.0700,7.3400,2.6900,219.9600,18.8500,101.8000,25.8400,1.4000,19.7000,294.5900,4.6100,0.9300,4.4600,9.3500,11.6100,3.7400,71.8200,5.4600,12.7000,35.2300,7.8500,2.6500,14.3500,18.9500,4.7500,17.3300,17.6600,8.6500,1.4300,20.5000,4.4300,7.5600,3.7300,4.2100,5.1500,1.3450,25.3800,28.4900,11.1300,9.6500,3.6700,4.7700,4.5900,8.7400,43.4200,7.6400,1.7950,6.1700,10.1100,16.9600,1.4100,17.6200,9.2200,175.9000,67.4900,14.8600,3.4900,4.1600,1.9900,2.5700,55.5000,2.1000,30.9000,2.4800,13.6100,5.2700,4.2800,12.0000,7.3200,1.0750,2.1200,7.9800,5.2100,15.6000,6.0200,3.5000,0.7400,30.5400,1.6650,14.5400,2.7700,10.9400,20.9000,53.5900,4.4600,4.5600,11.8600,2.7400,1.0450,71.2500,129.3400,15.4700,2.9400,1.7800,4.4300,34.3600,95.3000,4.3800,7.0000,2.8800,24.0500,17.8200,34.8200,3.7400,1.7150,5.4600,3.8600,11.4600,10.1500,0.9900,12.3400,7.7500,4.0000,5.0300,6.5000,14.7200,12.4100,2.0800,2.6900,2.6500,1.8350,1.6200,26.0000,2.5900,5.0700,47.0000,6.2200,52.8400,31.5200,37.6900,14.3200,97.5600,4.8700,6974.8999
5/8/2022 0:00,2.6300,0.5650,17.8700,27.7400,0.2050,4.9000,6.9700,1.1800,2.6900,1.4700,1.5400,8.2800,35.9800,5.8500,4.7000,15.0800,4.7100,10.0500,2.8000,21.9600,27.6500,8.5400,11.7300,31.7100,1.5250,1.1650,32.2900,22.9500,12.0100,32.8400,9.5400,35.1200,85.7300,8.0400,19.8000,7.0100,4.0400,8.1000,7.5700,6.7000,1.7300,0.8850,10.6000,38.8100,16.5400,3.0000,2.4500,11.6600,22.3100,21.4900,4.2000,4.2300,21.6400,3.0400,7.1700,4.7900,12.4600,4.4600,4.0600,7.3300,2.6900,223.8500,18.9400,101.4100,25.4500,1.4750,20.6600,296.7500,4.6500,0.9600,4.5700,9.3600,11.7000,3.6800,71.8600,5.5000,13.0000,35.3300,7.9100,2.7400,14.4800,18.6800,4.7800,17.8500,18.1400,8.7000,1.4500,20.8300,4.3800,7.6700,3.7400,4.3600,5.1600,1.3600,24.6000,28.0900,11.5900,9.5500,3.6800,4.7800,4.5900,8.6300,44.3800,7.7400,1.6900,6.2900,10.1400,16.7000,1.5050,17.6600,9.3000,176.9300,68.9500,15.0000,3.4600,4.2300,1.9900,2.5900,57.6500,2.1100,30.9100,2.4800,13.4700,5.4500,4.0500,11.8100,7.2900,1.1000,2.0400,8.2300,5.2700,15.5100,5.9900,3.4700,0.7450,30.6200,1.7050,14.6900,2.8700,11.1000,21.4500,53.9400,4.3600,4.6200,12.0100,2.7400,1.1150,73.8600,124.5400,15.5100,2.9300,1.8600,4.4400,34.4600,97.7400,4.5600,6.9500,2.8700,23.5200,17.8500,35.6000,3.8300,1.7400,5.4100,3.8800,11.6500,10.4000,0.9750,12.3000,7.8300,4.0400,5.0600,6.4900,14.6600,12.5200,2.0600,2.6700,2.5300,1.8400,1.6000,25.8700,2.6000,5.1600,47.7000,6.0000,53.4600,31.1100,38.4100,14.3100,95.0400,4.7100,7015.6001
8/8/2022 0:00,2.5900,0.5650,17.6400,27.4400,0.2400,4.9000,6.9400,1.1800,2.7200,1.4100,1.5700,8.2500,35.4600,5.7700,4.7000,15.4100,4.6500,9.9400,2.7900,22.0700,28.2000,8.5800,11.5700,31.1000,1.5400,1.1600,33.2100,22.9100,12.2300,32.7100,9.5600,34.0600,84.2600,8.0500,19.7300,6.8700,3.9000,8.1700,7.5200,6.6400,1.8450,0.8900,10.6900,39.1200,16.7800,2.9700,2.5000,11.3300,22.1100,21.2000,4.1200,4.2700,21.1600,2.9500,7.2300,4.9800,12.2200,4.3600,3.9600,7.1600,2.6800,225.0400,18.7800,102.6000,25.2100,1.5150,20.5200,295.6400,4.6000,1.0150,4.5500,9.1700,11.5000,3.6800,71.0200,5.4800,12.9500,35.0900,7.8700,2.7600,14.3000,18.9700,4.8500,17.6500,18.9600,8.4800,1.4600,20.1300,4.3000,7.7300,3.6400,4.3000,5.0400,1.3400,24.3600,27.8700,11.9000,9.9600,3.7200,4.7300,4.5600,8.4700,43.8000,7.5900,1.7250,6.2400,10.1100,16.8800,1.6100,17.2900,9.6700,176.6200,66.4500,14.4600,3.4600,4.1700,1.9700,2.5900,57.8800,2.0800,30.7100,2.4700,13.2200,5.8000,3.9500,11.7800,7.1500,1.0800,2.0600,8.2200,5.3300,15.4700,6.0700,3.4500,0.7600,30.0500,1.7600,14.5800,2.9700,10.7600,20.8000,53.0600,4.4800,4.5600,11.8800,2.7600,1.0800,71.5800,124.0200,15.0800,2.8800,1.8800,4.4200,34.5700,99.5700,4.8500,7.0500,2.8400,23.0300,17.6600,34.8800,3.9200,1.7700,5.4600,3.8400,11.1100,10.1500,0.9700,12.1200,7.9500,4.0000,4.9800,6.4300,14.5500,12.3900,2.0500,2.6800,2.6500,1.8300,1.6050,25.8000,2.5700,5.0800,46.7500,6.0400,52.8500,31.7500,38.2300,14.5500,94.0000,4.7500,7020.6001
9/8/2022 0:00,2.6000,0.5750,17.6900,27.0500,0.2400,4.9000,6.8900,1.1850,2.7000,1.3800,1.5800,8.1800,36.1000,5.8700,4.7100,15.4100,4.6000,10.0000,2.8000,21.9000,28.7500,8.4700,11.9000,32.0500,1.5250,1.1650,32.8900,22.7000,12.0000,33.8700,9.5500,34.5300,84.6600,8.0100,19.6900,6.9400,3.8600,8.1500,7.4300,6.6900,1.8450,0.9000,10.5400,38.8200,17.2900,2.9800,2.4900,11.4700,23.0400,21.1800,4.1200,4.2400,21.5800,2.9900,7.2600,5.1300,12.4600,4.3900,4.0200,7.1000,2.7400,224.5700,18.7100,101.2800,25.4400,1.6000,20.2100,296.9700,4.5900,0.9900,4.6200,9.1900,11.5200,4.0100,71.6100,5.5000,13.2600,35.1600,7.8600,2.7900,14.4700,19.3300,4.8300,17.7000,18.9500,8.7100,1.4650,20.5000,4.3300,7.6400,3.6700,4.3200,5.0900,1.3250,24.7800,28.0500,11.9300,9.9000,3.7000,4.8100,4.6400,8.3600,44.2600,7.8200,1.7450,6.2300,10.2100,16.9700,1.6950,17.7700,9.9000,178.1200,68.3000,14.8600,3.4600,4.1700,1.9900,2.6100,59.9300,2.0900,29.8100,2.4800,13.3000,5.7600,4.0200,11.8900,7.2300,1.1450,2.1200,8.3300,5.3100,15.8100,6.1200,3.4300,0.7750,30.3800,1.7400,14.7400,3.0000,10.9800,21.3800,53.7500,4.4200,4.6300,12.0500,2.7800,1.0850,71.8600,132.3200,15.6300,2.9300,1.8900,4.5300,34.0600,99.3900,4.7800,7.0300,2.8800,23.7600,17.9800,34.8700,3.9000,1.8150,5.4000,3.8500,11.3900,10.3600,0.9750,12.3900,7.9000,4.0300,5.1100,6.4500,14.6000,12.3200,2.1100,2.6700,2.6800,1.8300,1.6200,25.7800,2.5800,5.1000,47.5700,6.0600,54.1700,31.9000,38.1500,14.2800,97.4700,4.9000,7029.7998
10/8/2022 0:00,2.5700,0.5850,17.8800,26.1600,0.2400,4.9000,6.8600,1.1700,2.7000,1.4100,1.5350,8.1600,35.0200,5.6500,4.5200,15.2400,4.6200,9.9500,2.8200,22.2000,29.0800,8.5800,11.7500,30.6600,1.5350,1.1650,32.6500,23.4600,12.1700,32.4100,9.5200,34.1100,83.9200,7.9900,19.6500,6.9200,3.8900,7.9800,7.5300,6.6800,1.8250,0.8950,10.5900,38.3000,17.0600,2.9000,2.4400,11.6200,22.2800,20.9100,4.1200,4.2800,21.4900,3.0100,7.1800,4.9500,12.3500,4.4300,4.0500,7.1000,2.7300,218.1400,18.7400,101.0000,24.2100,1.7000,20.0100,292.3500,4.5100,0.9950,4.5800,9.1800,11.2700,3.9000,71.0600,5.5800,13.2000,35.1500,7.9000,2.7300,14.2400,19.3600,4.8300,17.6400,18.8300,8.5500,1.4450,19.9700,4.3200,8.0300,3.6600,4.3600,5.0200,1.3300,24.1600,27.6100,11.8000,9.9600,3.7100,4.8000,4.5900,8.4000,44.8400,7.7300,1.7550,6.2100,10.1800,16.7800,1.7200,17.5600,9.8000,176.1900,68.8800,14.8000,3.4500,4.1300,1.9900,2.6000,58.7300,2.0900,30.2200,2.4700,12.9500,5.7400,4.1800,11.4300,7.1900,1.0800,2.0700,8.2800,5.2200,15.4100,6.1200,3.4200,0.7450,30.2100,1.7100,14.7500,2.9800,10.7000,20.6900,52.9400,4.3700,4.6400,12.1400,2.7300,1.0400,71.4400,127.3100,15.4600,2.9600,1.8350,4.4300,34.1500,99.1800,4.6400,6.9600,2.8900,23.3700,17.7700,33.8500,3.8800,1.9150,5.3900,3.8000,11.4500,10.4200,0.9650,12.1300,7.8700,4.0100,4.7600,6.4200,14.5600,12.3100,2.1100,2.6800,2.7100,1.8300,1.5750,25.3900,2.5900,5.0800,47.0400,6.3700,53.4100,31.7900,38.0400,14.2000,93.8100,4.9800,6992.7002
11/8/2022 0:00,2.6300,0.6000,17.9400,26.3700,0.2650,4.9000,6.7800,1.1300,2.6300,1.3800,1.6100,8.1200,36.1600,5.9000,4.6100,15.2400,4.6000,10.2700,2.7100,22.4800,29.5000,8.5000,11.9700,31.2600,1.5600,1.1550,33.2600,23.9000,11.9000,33.8600,9.6000,35.0900,84.1900,8.0000,19.9000,6.9400,3.9000,7.9500,7.6200,6.8000,1.7950,0.8800,10.7200,39.1500,17.1600,2.9900,2.4900,11.5800,23.0600,21.3700,4.1300,4.1900,22.0900,3.0500,7.2500,5.0200,12.8200,4.4600,4.0500,7.0900,2.6900,222.7700,18.7200,100.8500,22.9700,1.7500,20.8000,295.1000,4.6500,1.0050,4.6300,9.2400,11.6600,4.0000,73.7400,5.6000,13.5200,34.8600,7.9000,2.7600,14.4800,19.5700,4.9600,17.9300,19.0800,8.8000,1.4350,20.7700,4.3900,8.1700,3.7100,4.4700,5.2300,1.3350,24.9900,27.5000,11.9900,10.1800,3.6600,4.8500,4.6100,8.4600,46.0400,7.8200,1.8200,6.2800,10.3100,17.2000,1.8000,18.5800,9.8700,179.5600,68.9100,15.3200,3.4800,4.1300,1.9700,2.6200,59.4700,2.1700,30.5300,2.4800,13.6100,5.6300,4.2500,11.6400,7.1900,1.1300,2.1300,8.4300,5.2200,15.5300,6.0700,3.4300,0.7700,30.9300,1.7250,14.9000,3.1100,11.4700,21.5400,52.9800,4.4200,4.6900,12.5400,2.8000,1.0600,72.0000,132.6000,15.8300,2.9500,1.8250,4.4800,34.6200,95.2800,4.8700,7.1200,2.9100,24.6400,18.0300,34.7500,4.0400,2.0200,5.4100,3.8900,11.5900,10.6300,0.9600,12.0500,8.0800,3.9600,4.8800,6.4500,14.5400,12.4900,2.0900,2.7600,2.7100,1.8400,1.5800,25.9300,2.6000,5.1300,48.0500,6.4600,54.1800,31.5900,38.0200,14.3500,97.1100,5.1400,7071.0000
12/8/2022 0:00,2.6000,0.6100,17.7000,25.7000,0.2600,4.8900,7.0000,1.1600,2.7200,1.3600,1.6550,8.2000,35.7900,5.9400,4.7100,15.0900,4.6500,10.0800,2.8200,22.6600,29.5000,8.5000,11.8900,30.0700,1.5600,1.1300,33.7200,24.0200,11.8100,33.1100,9.5000,34.8600,82.5700,7.9500,19.7100,6.9100,3.9300,7.9500,7.5900,6.7900,1.8500,0.8800,10.7800,38.8300,16.8900,2.9500,2.4700,11.5400,22.6700,21.1700,4.0600,4.1700,21.6500,3.0000,7.1100,5.0000,12.4300,4.4600,4.0100,7.0800,2.6800,218.5700,18.8100,100.3400,23.3500,1.7800,20.8000,292.8500,4.6100,1.0350,4.5700,9.1600,11.4500,4.0200,69.3100,5.6100,13.1000,35.1300,7.9700,2.7200,14.3800,18.8400,4.9400,17.7700,18.9400,9.0000,1.4200,20.1900,4.3000,8.1000,3.6800,4.4800,4.9900,1.3000,24.8500,27.6900,12.0200,10.1200,3.7400,4.6700,4.6600,8.5300,45.5500,7.6200,1.8350,6.2500,10.2800,16.9900,1.7000,18.6800,9.7200,178.5900,67.0100,15.0600,3.4600,4.1100,1.9750,2.6200,59.3500,2.1200,30.7800,2.4400,13.2500,5.6200,4.4000,11.2900,7.1400,1.1450,2.0900,8.2600,5.2600,15.5600,6.0000,3.4200,0.7450,30.4100,1.6700,14.8400,3.1200,10.9400,21.2900,52.0000,4.3800,4.6800,12.2400,2.7200,1.0350,71.5700,133.8500,15.5000,2.9100,1.7850,4.4400,33.5500,95.4100,4.9500,7.1800,2.8600,24.2500,17.9600,33.5900,4.0500,2.2400,5.3300,3.8200,11.1400,10.4600,0.9450,11.9100,7.4600,4.0000,4.9100,6.6300,14.3900,12.3700,2.0600,2.6900,2.7800,1.8500,1.5800,25.4800,2.5600,5.1100,47.2400,6.6200,52.8500,32.7700,38.0500,14.2700,94.7500,5.2200,7032.5000
15/8/2022 0:00,2.6300,0.6200,17.9500,25.8000,0.2450,4.8100,7.1300,1.1500,2.7100,1.3800,1.6800,8.2500,36.6700,6.1200,4.8000,15.7100,4.6000,10.3100,2.8800,22.4300,29.4000,8.4000,11.9600,30.6100,1.5300,1.1000,33.4800,24.0300,11.7900,33.9200,9.5700,35.6400,83.0600,7.9400,19.8700,7.0900,3.9000,7.9000,7.4100,6.8300,1.6450,0.8850,9.8800,38.9200,17.5500,2.9500,2.4800,11.6800,22.8300,21.5500,4.1100,4.1800,22.9000,3.0400,7.1200,5.3200,12.9300,4.5100,4.0900,7.1300,2.7300,220.0600,18.7600,100.4600,23.3900,1.7450,21.5800,293.2400,4.6800,1.0300,4.6300,9.3000,11.6000,4.1000,71.2400,5.6200,13.3600,35.1400,7.9800,2.7200,14.6100,19.3500,4.9200,18.2600,19.1300,8.9400,1.4100,20.6500,4.5300,8.0200,3.7400,4.4400,5.1200,1.3350,24.9000,28.2800,12.2300,10.1800,3.7200,4.8300,4.5100,8.6800,45.1000,7.8300,1.8250,6.2500,10.3400,17.2300,1.7750,19.3800,9.8900,180.8700,67.6000,15.0000,3.4500,4.0800,1.9550,2.6400,60.8100,2.1800,30.8100,2.4700,13.4600,5.4700,4.4000,11.6000,6.9500,1.1350,2.1400,8.1900,5.3200,15.6300,6.0600,3.4600,0.7500,30.4600,1.6950,15.4000,3.2300,10.9900,21.8200,53.2500,4.4200,4.7500,12.0700,2.7400,1.0200,71.5700,134.8700,15.7700,2.9500,1.7750,4.4900,33.4000,95.2700,4.9400,7.1000,2.8900,24.3700,18.0300,33.6400,4.0800,2.1800,5.4000,3.8600,10.9400,10.5700,0.9650,12.1100,7.6600,4.0300,4.9400,6.6100,14.5000,12.5100,2.0700,2.6500,2.7100,1.8500,1.5600,25.6700,2.5800,5.3400,47.7600,6.5500,54.2900,32.6300,38.1800,14.1800,95.8200,5.1800,7064.2998
16/8/2022 0:00,2.6300,0.6250,18.4500,25.2600,0.2550,4.8100,7.1300,1.1650,2.7300,1.3100,1.6400,8.2500,36.3500,5.7800,4.7500,15.2000,4.6400,10.4100,2.9400,22.3400,29.0000,8.3800,12.0100,31.7300,1.5450,1.0900,33.3700,23.8300,11.9200,33.5600,9.6600,36.3200,84.2400,8.0200,19.9900,6.9500,3.9900,7.9700,7.2500,6.7700,1.5900,0.8700,9.5200,40.5100,17.1000,2.9800,2.5200,11.8000,22.2700,21.6800,4.0900,4.1400,22.2800,3.0300,6.4000,5.1900,12.7000,4.4300,4.0000,7.2000,2.7300,218.3100,18.9700,101.4600,23.6900,1.7450,21.4600,296.4000,4.7100,1.0300,4.5800,9.1600,11.3900,4.0500,72.0400,5.6100,13.2800,35.1600,8.1600,2.6800,15.3500,19.4000,4.9300,18.0200,19.4300,8.9000,1.4000,20.5500,4.4100,8.1600,3.7200,4.3600,5.0700,1.3200,25.0500,27.7700,12.3300,10.1400,3.7300,4.7900,4.5800,8.6800,44.1500,7.9400,1.8400,6.3000,10.3800,17.3600,1.7400,18.8500,9.9500,182.7500,68.9400,15.0000,3.5100,4.1200,1.9500,2.6600,60.5700,2.1800,31.0400,2.4400,13.3300,5.6000,4.3800,11.6200,7.1200,1.1200,2.1400,8.1100,5.3600,15.6600,6.0400,3.5100,0.7300,30.4100,1.7000,15.0900,3.1700,11.0900,21.8200,53.1100,4.4900,4.7700,12.0000,2.7500,1.0200,72.9800,132.8100,15.7900,2.8400,1.7550,4.5000,33.9000,95.9300,5.0000,7.0800,2.8300,23.1200,18.1200,34.2400,4.0800,2.3100,5.3900,3.8000,11.0900,10.2200,0.9650,12.1700,7.5500,4.1000,4.9500,6.6700,14.6200,12.5700,2.0500,2.6700,2.6900,1.8400,1.5800,26.0200,2.5500,5.2600,47.9000,6.6100,54.1400,32.0400,38.6100,14.1700,96.7600,5.3200,7105.3999
17/8/2022 0:00,2.6200,0.6150,18.7700,25.8000,0.2450,4.9000,7.2000,1.1700,2.7300,1.2950,1.6500,8.2600,36.5900,5.9500,4.8600,15.4200,4.7100,10.4300,2.8400,22.5200,29.7000,8.2800,11.9400,31.6800,1.5550,1.1200,33.5700,23.8700,11.9300,34.1700,9.6000,36.7500,84.6400,8.0400,20.3100,6.9700,3.9600,7.9400,7.4200,6.8500,1.6300,0.8600,9.6100,40.8500,17.3700,3.0500,2.4500,12.4000,22.7700,21.8600,4.0900,4.1200,22.2900,3.0500,6.7600,5.2100,13.0100,4.4600,4.0800,7.1800,2.7400,215.4500,19.3100,99.6200,23.6600,1.7150,21.1500,292.5000,4.7800,1.0500,4.5900,9.3300,11.5200,3.8800,72.0500,5.3200,13.4600,34.8800,8.2700,2.6900,15.3700,19.4400,5.0700,17.9400,19.2300,8.9500,1.4000,21.0600,4.4700,8.3100,3.6400,4.4500,5.1200,1.3200,25.3700,28.2900,12.1900,10.1100,3.7400,4.8700,4.6500,8.8000,44.2200,7.9000,1.7400,6.4300,10.4000,17.4000,1.7200,18.6000,10.1200,183.7500,70.4900,14.1200,3.5200,4.2400,1.9500,2.6700,60.5200,2.2100,31.3200,2.4800,13.5200,5.4400,4.5700,11.7200,7.1300,1.1500,2.0900,8.1000,5.3500,15.6500,6.0700,3.5300,0.7300,31.1100,1.7300,15.3000,3.1200,11.2800,22.3400,53.7800,4.3700,4.8200,11.9900,2.7600,1.0200,73.7600,132.0700,16.3500,2.8800,1.7600,4.6500,34.0500,96.7400,5.0300,6.9100,2.8500,23.4400,18.2100,34.4000,4.1300,2.3200,5.3900,3.8200,11.2200,10.7000,0.9700,12.2500,7.2600,4.0900,4.9800,6.7000,14.6600,12.6300,2.0300,2.7200,2.6600,1.8350,1.6000,26.2200,2.5800,5.2200,48.9700,6.7800,54.6100,31.8000,39.3900,13.8700,97.5900,5.4700,7127.7002
18/8/2022 0:00,2.6300,0.6150,18.5500,25.5100,0.2300,4.9000,7.5000,1.1550,2.7300,1.2500,1.5750,8.2400,36.7300,5.6400,4.8700,15.4700,4.8300,10.4100,2.8200,22.3400,29.6000,8.1600,12.0100,31.0500,1.5550,1.1300,33.9200,23.5800,11.8400,32.9500,9.6600,36.2500,81.2700,8.0100,20.3300,6.9000,3.9400,7.9700,7.4100,6.7700,1.6400,0.8300,9.6100,41.1500,17.2000,3.0400,2.4400,12.8400,22.3800,21.9400,4.0800,3.9100,22.0600,3.0300,6.7500,5.1700,12.9500,4.4600,4.0300,7.1300,2.7100,214.2000,19.3800,100.9900,24.0400,1.7550,20.6600,299.2000,4.7700,1.0000,4.5800,9.2200,11.6000,3.9000,70.5700,5.4300,13.2300,34.8500,8.3200,2.5700,15.3100,19.1400,5.1200,17.5500,19.0800,8.8200,1.3400,21.0400,4.3000,8.3900,3.6300,4.3800,4.9500,1.2750,25.1800,27.7600,12.0700,9.6900,3.7000,4.8900,4.5700,10.2100,43.8200,7.8600,1.7700,6.4400,10.2800,17.4400,1.7050,18.6400,9.8100,182.1300,70.5700,13.9900,3.5500,4.2300,1.9650,2.6700,59.9000,2.2000,31.4200,2.4800,13.3800,5.4000,4.7400,11.5300,7.1800,1.1250,2.0500,7.7700,5.3100,15.5900,5.9100,3.5000,0.7000,31.0700,1.6350,15.2400,3.0600,10.9900,21.9200,54.1000,4.5000,4.7700,12.0500,2.7500,0.9600,72.2800,130.1700,16.2500,2.8600,1.6100,4.4700,34.0900,97.1000,4.9100,7.0700,2.8200,22.8900,18.3700,34.1000,4.1200,2.3300,5.2900,3.8100,11.0600,10.0700,0.9550,12.1200,6.6300,4.1000,4.9300,6.6200,14.1600,13.1400,1.9900,2.6600,2.7200,1.8200,1.5900,26.3700,2.5900,5.1000,48.5600,6.9300,53.5800,32.1600,39.2900,14.1100,90.6500,5.3600,7112.7998
19/8/2022 0:00,2.6600,0.6150,18.2200,25.4400,0.2300,4.9000,7.0900,1.1600,2.7200,1.3000,1.6000,8.2500,36.4900,5.8000,4.7800,16.0400,4.7400,10.1400,2.8000,22.1800,28.8200,7.8400,12.1800,30.7900,1.5400,1.1300,34.1400,23.1000,11.6800,33.0600,9.6200,36.3500,82.0000,8.0300,20.6800,6.8800,3.9500,7.9000,7.3500,6.6900,1.6950,0.8200,9.5700,41.5500,17.3900,3.0600,2.4300,12.9700,22.0400,22.0100,4.1100,3.9500,22.0000,3.0600,6.7400,5.2300,12.8600,4.4600,4.0300,7.0000,2.7100,218.8600,19.3600,99.9500,24.3900,1.8450,20.1000,294.6700,4.7800,0.9600,4.6200,9.1600,12.0200,3.7400,70.2600,5.4300,13.2800,34.7300,8.3200,2.5300,15.5000,18.1500,5.1000,17.7500,19.1600,8.6700,1.3600,20.4900,4.2600,8.5500,3.5300,4.4200,4.8900,1.2850,25.2200,27.8700,12.3400,9.8300,3.7000,4.7500,4.5700,9.9700,44.2800,7.8200,1.9000,6.3700,10.4000,17.3000,1.6800,19.1000,9.7200,182.2800,69.5000,14.4300,3.6500,4.3000,1.9700,2.6400,60.9000,2.2000,30.9200,2.4600,13.3600,5.4000,4.9300,11.3700,7.2700,1.0900,2.0600,7.7200,5.3000,15.6100,6.0200,3.5900,0.7100,31.1900,1.6550,15.1700,3.0500,10.9000,22.3300,54.1700,4.5100,4.7000,12.1000,2.7800,0.9700,73.4000,130.5900,16.2800,2.8100,1.6300,4.5100,33.7100,98.5300,4.9900,7.5200,2.7800,22.9500,18.5500,34.0900,4.1900,2.4400,5.3800,3.7300,11.0800,10.2700,0.9550,12.1500,6.3300,4.1200,4.9600,5.8000,14.1400,13.4200,1.9550,2.6000,2.7700,1.8200,1.5650,26.4800,2.5700,5.1300,48.9200,7.3600,54.3500,33.5000,39.3400,14.1500,88.8000,5.6900,7114.5000
22/8/2022 0:00,2.2100,0.6000,17.9500,25.1400,0.2150,4.9000,7.0100,1.1500,2.7000,1.2500,1.6200,8.1800,35.8000,5.8300,4.8200,15.3800,4.7600,10.2400,2.9100,21.8000,28.0000,7.7800,11.8600,29.9300,1.5050,1.1150,34.9200,22.8400,11.5400,31.8100,9.6400,35.3800,81.8200,8.0000,20.7000,6.9000,3.8000,7.8000,7.0600,6.5600,1.6750,0.8000,9.3900,41.3500,17.1400,2.8900,2.3200,13.1000,21.4700,21.5100,4.0600,3.7600,21.6200,3.0400,6.5900,5.2300,12.5200,4.4600,4.0300,7.1500,2.6900,220.4200,19.3500,98.9600,24.5900,1.7750,19.4500,295.6300,4.7100,0.9050,4.5900,9.0100,11.9700,3.6100,68.1500,5.2400,12.9500,34.4600,8.2700,2.4900,15.4900,18.2500,5.0700,17.2400,19.1000,8.5100,1.3100,20.2000,4.2000,8.6300,3.4800,4.3300,4.8400,1.2900,24.9600,27.2500,12.1200,9.6100,3.7400,4.6800,4.5500,9.8000,43.7700,7.5200,1.8950,6.5200,10.4100,16.8800,1.6800,18.4400,9.1900,178.6100,71.2000,13.0000,3.7100,4.2800,1.9700,2.6100,61.5600,2.1300,30.5400,2.4300,13.1200,5.3500,4.9800,11.2200,7.7800,1.0600,2.0400,7.5100,5.3100,15.6500,6.0700,3.5500,0.6950,30.4300,1.6200,14.7700,3.1700,10.6500,21.4800,53.7300,4.6000,4.6100,12.1900,2.7700,0.9000,72.4000,130.3000,15.8400,2.8000,1.6050,4.2300,33.8200,98.1900,4.8800,7.3900,2.7800,22.2000,17.9600,33.3600,4.1800,2.4000,5.2700,3.6600,10.9900,10.2400,0.9250,12.0500,6.4900,4.1500,4.8100,5.6100,14.1300,13.5100,1.9350,2.5200,2.8100,1.8200,1.5650,25.8900,2.5500,5.0200,48.1700,7.5400,53.5900,33.0300,39.0300,14.2300,87.6600,5.9000,7046.8999
23/8/2022 0:00,2.3100,0.5950,18.2000,27.3000,0.2050,5.0000,7.4500,1.1450,2.7000,1.2550,1.6250,8.1800,34.3400,5.7200,4.7500,15.3200,4.7400,10.3400,2.7800,21.3600,26.3100,7.9600,12.0000,35.8400,1.5100,1.0850,34.1300,22.4500,11.5400,32.1200,9.6400,34.9300,80.9100,7.9500,20.4600,6.7000,3.7400,7.7000,6.8700,6.4700,1.6800,0.8050,9.1500,41.4600,16.7800,2.9600,2.3100,12.6400,21.4500,20.6500,4.0700,3.7900,21.5300,3.0300,6.4200,5.3200,12.3100,4.4200,4.1100,7.0500,2.7600,215.0100,18.7000,97.0200,24.3400,1.8000,18.7800,289.8000,4.6600,0.9300,4.5100,8.7300,11.8400,3.4900,67.0700,5.1400,13.1400,34.0000,7.2500,2.4700,14.8900,17.8500,5.0300,16.9300,19.0400,8.4200,1.3050,19.7500,4.1400,8.3000,3.4700,4.2900,4.7000,1.2800,24.4800,26.4600,12.0800,9.4500,3.7900,4.6700,4.4600,9.5700,43.3500,7.4300,1.9500,6.5000,10.2700,16.7700,1.6550,18.2700,8.8700,172.5700,70.0500,13.0000,3.6800,4.1400,1.9750,2.5900,61.7500,2.1100,29.9400,2.4100,13.1000,5.6000,5.1000,11.1100,7.8100,1.0550,1.9800,7.6500,5.0800,15.5500,6.0400,3.5000,0.6800,29.8300,1.6150,14.5700,3.2700,10.6400,21.1600,52.8200,4.5600,4.5500,12.0000,2.7100,0.9100,72.1000,126.7800,15.3000,2.7400,1.5850,4.0900,32.9100,97.6600,4.8500,7.5600,2.8400,21.4000,17.7000,33.1900,4.1200,2.3900,5.1500,3.6300,10.7500,10.4200,0.9200,11.8900,6.0800,4.1300,4.7200,5.6500,13.9700,13.2000,1.9000,2.4800,2.8000,1.7900,1.5400,25.4000,2.5200,4.9800,47.2800,7.7500,53.0000,33.6700,37.9100,14.0700,86.1900,5.8300,6961.7998
24/8/2022 0:00,2.2000,0.6000,18.1500,27.0000,0.2050,4.8300,7.0200,1.1500,2.6900,1.2050,1.6250,8.1800,34.2900,5.6100,4.7400,15.4100,4.8300,10.3400,2.7900,21.3800,26.9900,7.9800,12.1500,36.6300,1.5500,1.1000,34.5700,22.8100,11.3000,30.6700,9.7700,35.5900,79.7900,7.9200,21.5900,6.7200,3.7400,7.6000,6.9200,6.6200,1.7000,0.8050,9.0400,41.9100,16.8400,3.0000,2.4900,12.5000,21.1000,20.9100,4.0000,3.8400,22.0700,2.9800,6.4800,5.3400,12.5400,4.4500,4.1100,7.1300,2.7500,214.4600,17.8400,97.2000,24.4800,1.8250,18.8800,288.6300,4.6400,0.9450,4.5600,8.6300,11.6800,3.4400,72.1500,5.1900,13.3100,34.5400,7.4300,2.4900,15.3100,18.1000,5.0200,17.3400,19.1200,8.5600,1.3200,19.3500,4.1600,8.4100,3.4900,4.3300,5.2100,1.2700,25.8400,26.8000,12.4900,10.3800,3.9100,4.6600,4.5000,9.4900,43.8100,7.4600,1.9100,6.3600,10.2000,16.9800,1.7450,18.6400,8.8400,173.3400,71.1000,13.1800,3.6800,4.0700,1.9800,2.5500,63.5900,2.0900,30.0100,2.4100,14.0200,5.4800,5.0600,11.1100,7.8400,1.0750,2.0000,7.5500,5.0800,15.5100,6.2400,3.4500,0.7350,30.3000,1.6200,14.3000,3.4700,10.7200,21.4500,51.6700,4.7900,4.5400,12.0700,2.7100,0.9150,72.3800,127.6000,16.1500,2.6900,1.5900,4.0500,32.5200,97.1000,4.8200,7.7200,2.8400,21.4800,18.0800,35.2400,4.2300,2.3800,5.1900,3.6100,10.7300,10.5500,0.9600,11.9300,6.4600,4.0300,4.7900,5.6000,13.9200,13.2900,1.8800,2.4900,2.7900,1.8200,1.5300,25.8000,2.5500,5.0600,47.2800,7.9000,59.7700,34.8200,37.4000,14.9500,87.1400,5.8000,6998.1001
25/8/2022 0:00,2.2400,0.5950,18.2800,27.2400,0.2000,4.9000,6.8200,1.1650,2.6500,1.1950,1.6400,8.1200,34.7300,5.6300,4.5100,15.6500,4.7800,10.1600,2.7600,21.5900,26.6200,7.9300,12.0300,37.0800,1.5800,1.1200,34.6100,22.8600,11.0200,31.4700,9.6400,36.0000,79.4100,7.9500,22.0600,6.7200,3.8000,7.5000,6.9500,6.6800,1.7550,0.8250,9.0400,42.1900,16.9100,3.0100,2.6200,12.6600,21.7000,21.1500,4.0200,3.8700,22.3500,3.0400,6.5300,5.2800,13.3600,4.4800,4.1200,7.1100,2.8300,214.8500,17.6500,97.8200,24.3600,1.8150,18.9100,289.8200,4.6700,0.9950,4.2400,8.9100,11.7000,3.6600,65.2600,5.2900,13.1600,34.2900,7.2400,2.5600,15.2000,18.1400,5.0600,16.5500,19.1400,8.6300,1.3500,20.1400,4.2200,8.5600,3.5300,4.3500,5.3000,1.2950,25.4400,28.8000,12.7100,10.5100,4.0000,4.5700,4.5600,9.4000,41.4200,7.4500,2.0700,5.5800,10.2400,16.8900,1.7250,18.7000,8.9200,176.3000,72.4700,13.5100,3.6500,4.0600,1.9750,2.5300,63.9700,2.1200,30.3000,2.4400,13.7800,5.7600,5.0000,11.1400,7.8600,1.0600,2.1800,7.7000,5.3100,15.6100,6.3400,3.4500,0.8200,27.4400,1.6650,14.6400,3.4100,10.8600,21.3100,52.8000,5.0000,4.8600,12.0900,2.9400,0.9200,72.9200,128.5300,16.0200,2.7200,1.6600,4.0800,32.4700,97.2600,4.8900,7.8200,2.8600,21.7500,18.6100,36.0000,4.2700,2.3900,5.1500,3.6900,10.8200,10.4500,1.0150,12.0500,6.4000,4.0300,4.8900,5.4100,13.9200,13.3900,1.8950,2.5200,2.7600,1.8250,1.5350,26.2300,2.5700,5.0000,47.6400,7.7900,58.8500,35.5100,36.2000,15.2500,88.0700,5.8300,7048.1001
26/8/2022 0:00,2.1700,0.5950,18.5100,27.3100,0.2200,4.9000,7.0500,1.1700,2.6400,1.2050,1.7000,8.1400,34.6600,5.4300,4.5100,16.0000,4.7500,10.0100,2.8500,21.6800,27.0300,7.7700,12.1700,36.4900,1.5150,1.1250,35.6200,22.9600,11.2000,31.2300,9.3600,35.9600,79.9000,7.9200,22.4000,6.9300,3.7800,7.5700,7.0500,6.8400,1.7600,0.8250,9.0300,42.8100,17.4200,3.0300,2.4700,12.6400,22.4100,21.2300,4.0000,3.8000,22.3500,3.1000,6.5900,5.5000,13.4000,4.5200,4.1000,7.1200,2.8000,214.8500,17.6500,98.3100,24.6200,1.8350,19.0000,295.5000,4.6500,0.9500,4.3500,8.8600,11.5800,3.5500,66.1100,5.2800,13.4700,34.9500,7.2400,2.5000,15.0700,18.0100,5.1000,17.0700,19.8700,8.2800,1.3100,20.5200,4.2400,8.7900,3.5300,4.3900,5.3700,1.2850,24.9600,28.8900,13.0200,10.7300,4.0600,4.5100,4.6000,9.6100,42.5100,7.5200,2.1300,5.4900,10.2900,17.3500,1.7250,18.6700,9.0300,178.5000,63.9900,13.2800,3.7000,4.1200,1.9800,2.5100,65.1200,2.1000,30.6100,2.4600,13.3500,5.6600,5.1300,10.9900,8.0300,1.0450,2.1500,7.5800,5.4500,15.6000,6.3500,3.4800,0.7900,28.1800,1.6300,15.2400,3.5500,10.8900,21.1700,53.6900,5.1600,5.1800,12.3300,2.9400,0.9000,70.5000,128.3400,16.1700,2.7300,1.6200,4.0800,32.7300,98.6600,4.9400,7.9100,2.9000,21.3400,18.8500,35.6300,4.2300,2.4200,5.1400,3.6700,10.9100,10.5900,1.0200,11.9700,6.2500,4.0300,4.9100,5.3300,13.8800,13.3800,1.9100,2.5400,2.9500,1.8400,1.5400,26.1500,2.5900,5.0500,47.9500,7.9700,59.1200,35.9500,36.7600,15.4100,88.0200,5.8200,7104.1001
29/8/2022 0:00,2.2300,0.5900,18.0700,26.3600,0.2050,4.9000,6.7500,1.1600,2.6000,1.1750,1.5600,8.0500,33.2400,5.3200,4.4100,15.4100,4.6900,9.7000,2.7600,21.2700,27.0000,7.7300,11.8800,34.6800,1.4900,1.1000,34.8000,22.4400,11.2800,29.9800,9.2800,35.1000,78.2400,7.9300,22.3200,6.7800,3.7400,7.6300,6.9100,6.6100,1.7450,0.7900,8.8700,42.1900,16.7800,2.9600,2.3800,12.4300,22.0100,20.4100,3.9900,3.6100,21.8400,3.0500,6.4000,5.1500,13.0800,4.4500,4.0700,7.0700,2.7600,209.4600,17.2900,96.2800,24.3500,1.6500,18.4000,294.2400,4.5100,0.9100,4.2500,8.6800,11.4800,3.4800,64.9900,5.1600,12.5500,33.5300,7.1700,2.3700,14.7400,17.5600,4.9500,16.7600,18.8900,8.1000,1.2550,20.1300,4.1300,8.5500,3.4900,4.2100,4.9700,1.2800,23.5800,27.7400,12.6700,10.3700,4.0400,4.2900,4.5900,9.3700,40.5100,7.0600,2.1000,5.4400,10.1700,16.6900,1.6500,19.8200,8.8300,174.0600,62.7500,12.5500,3.6500,4.0500,1.9650,2.4800,63.9900,2.0600,29.8400,2.4400,12.6600,5.7500,5.0000,10.2900,7.8100,1.0150,2.1000,7.4600,5.2800,15.5000,6.2500,3.3200,0.7700,27.2500,1.5400,14.0700,3.4900,9.8700,20.2000,52.2100,5.1000,5.1600,12.1900,2.9000,0.8600,70.2500,123.4500,15.7700,2.6900,1.4900,3.9800,32.0600,96.2900,4.7200,7.8500,2.8600,20.4300,18.5700,34.1800,4.0900,2.3600,5.0600,3.6100,10.7900,10.2100,0.9900,11.5000,5.9900,3.9900,5.4000,5.2600,13.8800,13.1200,1.8850,2.4400,2.9500,1.8100,1.5350,25.6500,2.5500,4.8900,47.4000,7.9600,56.2600,35.3500,36.5300,14.6100,83.0900,6.0500,6965.5000
30/8/2022 0:00,2.1800,0.6050,17.8100,26.5700,0.2025,4.9000,7.0400,1.1550,2.6100,1.2200,1.5600,8.1400,33.0500,5.3100,4.5000,15.6400,4.7700,9.7000,2.7500,21.2800,26.8000,7.7300,11.9600,36.0000,1.5200,1.1200,35.1400,22.5700,11.1200,29.7700,9.3400,35.3000,78.3900,7.9700,22.5000,6.8300,3.7200,7.6800,6.9600,6.6500,1.7450,0.8050,8.9500,41.7500,17.0100,2.9500,2.5000,12.5100,21.5900,20.3700,3.9900,3.5700,22.1500,3.0700,6.3500,5.1900,13.3800,4.4600,4.0700,7.0800,2.7700,211.7800,17.4000,96.5500,24.7000,1.6500,18.6000,293.9000,4.5200,0.9150,4.2500,8.6700,11.4800,3.5100,62.5800,5.0300,13.0100,34.2100,7.2800,2.3400,14.7800,17.9900,4.9900,17.3500,18.9500,8.2000,1.2550,20.1500,4.1700,8.4700,3.5100,4.3300,5.0000,1.2800,23.4000,27.6700,13.1500,10.7300,3.9700,4.2200,4.6900,9.4500,41.3200,6.8400,2.1400,5.3500,10.2700,16.9500,1.7000,21.5200,8.6200,175.1700,63.3500,12.5500,3.7600,4.0700,1.9650,2.4700,67.9600,2.0800,29.9900,2.4500,12.8700,5.7800,5.0600,10.2500,8.0500,1.0250,2.1300,7.7900,5.3100,15.5500,6.3900,3.3100,0.8150,27.1500,1.5600,14.0500,3.5800,10.0000,20.7600,53.8700,5.2700,5.2900,12.2500,2.8700,0.8150,70.6300,124.2000,16.0100,2.7200,1.5450,3.9500,32.2100,95.5200,4.5500,7.9700,2.9300,20.5800,18.6200,34.3500,4.1500,2.3100,5.0700,3.6100,10.8700,10.3700,1.0100,11.6100,6.0300,3.9800,5.7300,5.2700,13.9700,13.3300,1.9200,2.5100,3.0000,1.8200,1.5400,25.8600,2.6300,5.1100,47.7000,8.0600,58.3800,35.8700,36.6300,14.8000,84.6000,6.0300,6998.2998
31/8/2022 0:00,2.2100,0.6100,17.8200,26.5900,0.2000,4.9000,7.0900,1.1700,2.6400,1.2050,1.6100,8.0700,33.5100,5.2200,4.4500,15.3900,4.8400,9.8700,2.7500,21.6100,26.0000,7.6800,11.9000,36.7600,1.5150,1.1650,34.5800,22.8300,11.0900,30.3200,9.2300,35.7000,78.4500,8.0000,22.2100,6.7700,3.7300,7.7200,7.0300,6.6900,1.7100,0.8300,9.0400,40.6000,16.7200,2.9500,2.7200,12.3800,22.2400,20.4200,3.9800,3.6500,22.6000,3.1000,6.4000,5.1900,13.5100,4.4700,4.1100,7.1500,2.8000,214.3000,17.5600,97.4700,24.7000,1.6350,19.4000,293.5400,4.5300,0.9800,4.1900,8.7300,11.3100,3.5600,63.5500,5.0500,13.3200,34.4400,7.2700,2.3900,14.8500,17.5100,5.0000,17.9000,18.4200,8.2800,1.2750,19.6700,4.2100,8.3600,3.5300,4.2300,5.0300,1.2900,23.9100,29.0100,13.4400,10.5400,3.9200,4.2600,4.6500,9.5600,40.6900,7.1000,2.1400,5.4500,10.2700,17.3700,1.7350,23.0700,8.8800,177.2600,63.9600,13.0200,3.7100,4.1200,1.9900,2.4500,63.9700,2.1000,30.5900,2.4300,13.1500,5.7700,4.9000,10.4900,8.1800,0.9900,2.2000,7.8800,5.3400,15.4700,6.3100,3.3200,0.8500,27.4200,1.5750,14.4200,3.6500,10.3100,21.2800,54.4800,5.2000,5.3200,12.0700,2.8900,0.8100,71.7100,127.5500,16.0100,2.7300,1.5650,3.9000,32.1300,94.5000,4.6200,7.8900,2.9400,20.8600,18.5800,34.0000,4.1500,2.3000,5.0400,3.6200,10.9000,10.5800,0.9600,11.8700,6.2000,3.9700,5.5500,5.3500,13.9600,13.1900,1.9350,2.5700,2.9800,1.8300,1.5200,25.7000,2.6300,5.5200,47.0100,7.9600,58.7700,34.2500,36.0900,14.5300,87.7500,5.8800,6986.7998
1/9/2022 0:00,2.1200,0.6100,17.5000,26.7500,0.1900,4.9000,6.9500,1.1550,2.6800,1.1500,1.5750,8.0700,33.2100,5.3100,4.5200,15.0600,4.7500,9.8700,2.7400,21.2300,25.2600,7.3000,11.7000,36.3000,1.4600,1.1650,33.6700,22.6400,10.7800,30.2600,9.1500,34.6800,78.3000,7.9600,21.7700,6.8100,3.7100,7.6500,6.8600,6.5300,1.6350,0.7850,8.9200,37.5100,16.4700,2.8500,2.6200,12.2900,21.7500,20.1600,3.9200,3.5100,22.1800,3.0200,6.3100,5.0900,12.9700,4.4400,4.0500,7.0900,2.7900,213.9900,17.7700,96.0500,24.6000,1.6050,19.1300,293.7900,4.4700,0.9150,4.0700,8.4600,10.6000,3.3900,61.5000,4.9800,12.9600,34.7700,7.4600,2.1900,14.8600,17.6600,4.9300,17.4300,17.6400,8.1000,1.2200,19.1700,4.1200,8.3900,3.4700,4.1900,4.7200,1.2650,22.9700,28.1000,13.0100,10.1200,3.8700,4.1800,4.6400,9.4000,39.8200,6.7900,2.0300,5.4700,10.1500,16.9500,1.6800,22.3000,8.7000,174.4500,63.0100,12.6700,3.6800,4.1500,1.9800,2.4300,62.7900,2.0500,30.3000,2.4000,12.6200,5.8700,5.0000,10.4900,8.0800,0.9350,2.1900,7.4500,5.2500,15.3100,6.1600,3.3100,0.8400,27.0600,1.4400,14.1200,3.6300,9.9900,20.7200,53.7500,5.1000,5.2000,11.9400,2.9000,0.7350,70.7500,124.9400,15.5500,2.6800,1.5350,3.7800,31.9900,92.5200,4.0600,7.6700,2.8800,20.3700,18.6500,33.7200,4.0600,2.2700,5.0000,3.5500,10.8200,10.2400,0.9550,11.5800,5.9100,3.9500,5.7000,5.3200,13.8500,13.2400,1.9250,2.5100,2.9200,1.8000,1.5050,25.3700,2.5900,5.4700,46.6900,7.8900,58.2700,33.4700,36.4200,14.1800,85.3200,6.1600,6845.6001
2/9/2022 0:00,2.1100,0.6000,17.6400,26.7400,0.1900,4.9000,7.0500,1.1500,2.6000,1.1150,1.5600,8.2300,33.2400,5.4800,4.6200,14.6200,4.7700,9.8700,2.7800,21.4000,25.0100,7.2600,11.5700,35.5500,1.4200,1.1450,31.9800,22.7500,10.6600,29.7900,9.2500,34.5800,78.0000,7.9500,21.9200,6.8300,3.7100,7.6300,6.9900,6.5500,1.6400,0.7700,8.9700,36.7400,16.1000,2.8200,2.5200,12.3000,21.9000,20.1200,3.9600,3.4400,21.8400,3.0400,6.3100,5.0300,12.8300,4.4300,4.1200,7.0200,2.8000,212.8000,17.5600,96.9500,24.2400,1.6100,19.1500,295.9900,4.4200,0.9250,4.0500,8.5000,10.4500,3.4200,60.8700,4.9200,12.6100,34.6100,7.5100,2.1600,14.6400,17.5100,4.9200,17.3700,17.2000,8.1000,1.2250,19.2100,4.2300,8.3800,3.5000,4.1700,4.7200,1.2800,22.6000,28.0200,12.5900,9.9000,3.8100,4.2200,4.6800,9.2800,39.4700,6.7100,2.0600,5.4000,10.1800,16.6300,1.6200,22.0800,8.3000,177.2000,64.2000,12.4700,3.6500,4.1600,1.9600,2.4300,58.7100,2.0800,30.5400,2.4200,12.7800,5.9700,5.1000,10.2300,8.0000,0.9050,2.1800,7.3800,5.1900,15.1800,6.0700,3.3100,0.7850,26.6700,1.4300,14.0300,3.5500,9.7900,20.6800,53.6300,5.1300,5.2800,12.0200,2.9200,0.7350,71.6500,123.7700,15.4900,2.6900,1.5300,3.7200,32.1100,90.1900,3.8600,7.7300,2.8900,20.5900,18.6600,33.6100,4.0000,2.2900,5.0000,3.5400,10.8800,10.1900,0.9500,11.4100,5.8500,3.9400,5.8300,5.2900,13.8000,13.1600,1.9000,2.5000,2.8700,1.8100,1.5050,25.6800,2.5700,5.4000,46.7100,7.9700,57.0600,33.6500,36.7000,13.8200,83.3700,6.4100,6828.7002
5/9/2022 0:00,2.0900,0.5950,17.7000,26.2200,0.1900,4.9000,7.2300,1.1550,2.6200,1.1400,1.5200,8.3500,33.7100,5.5000,4.4500,14.9300,4.8400,9.8700,2.8200,21.3500,23.9000,7.1900,11.6700,35.2500,1.4700,1.1300,32.9800,22.6300,10.6500,29.4700,9.1500,34.6400,77.1100,7.9700,21.7400,6.8400,3.7100,7.5800,6.9900,6.6300,1.7250,0.7750,8.7000,37.9100,16.4500,2.8300,2.6000,12.2600,21.8800,20.3800,3.9500,3.4700,21.7400,3.0500,6.2900,5.0500,12.8400,4.4500,4.0700,7.1100,2.7900,211.1300,17.6300,96.5100,23.8800,1.7300,18.9500,294.8000,4.4000,0.9250,4.1000,8.4300,10.3800,3.3900,60.1000,4.9300,12.8400,34.9800,7.5300,2.2500,14.7900,17.2000,4.9400,16.8300,16.4100,8.2400,1.2500,18.8500,4.1900,8.3400,3.4900,4.2000,4.8400,1.3050,22.3800,27.7900,12.7200,9.8300,3.8300,4.1700,4.6000,9.1800,40.1500,6.7700,2.1200,5.4000,10.0100,16.8000,1.6700,22.9600,8.5000,179.3500,65.9600,12.4400,3.6300,4.1800,1.9600,2.4200,59.9400,2.0600,30.3400,2.4200,12.6200,6.3200,5.3900,9.8500,7.7900,0.9250,2.1700,7.4700,5.1700,15.3400,6.1300,3.2100,0.8350,26.9800,1.4850,15.0400,3.7000,9.6900,21.2700,53.6100,5.2300,5.1100,11.8800,2.9100,0.7150,70.0000,122.6200,15.2800,2.7000,1.5700,3.7000,31.7100,91.7700,3.8900,7.9700,2.8800,20.5100,18.9700,33.6200,4.1500,2.3200,4.9900,3.5400,10.7400,10.3000,0.9250,11.4000,5.7600,3.8900,5.7300,5.2000,13.8100,13.1800,1.8950,2.4700,2.9500,1.7950,1.5000,26.2300,2.5700,5.2600,46.3900,8.4900,57.2500,35.0800,36.9400,14.1500,83.7700,6.3100,6852.2002
6/9/2022 0:00,2.0900,0.5900,17.5800,25.9800,0.1900,4.9700,7.2100,1.1700,2.6700,1.1250,1.5250,8.6400,33.2100,5.3100,4.6000,14.8200,4.9000,9.8700,2.8200,21.2700,23.8000,7.0400,11.6400,35.7400,1.4700,1.1200,33.0200,22.5900,10.5900,29.6600,9.1100,34.5500,75.2300,7.9600,21.3400,6.8200,3.6600,7.5900,6.8700,6.6200,1.7600,0.7800,8.5800,37.2700,16.0400,2.8400,2.7900,12.0500,20.8000,20.3900,3.9300,3.5000,21.6500,3.0800,6.2700,5.1500,12.8500,4.4600,4.0600,7.1500,2.8400,211.6600,17.6000,96.1100,24.1000,1.7300,19.0900,294.0000,4.4000,0.9650,4.0800,8.4300,10.3900,3.3100,60.1500,4.9300,12.6500,34.8200,7.3900,2.2100,14.4100,16.9000,4.9500,16.8700,16.4400,8.3000,1.2700,18.8200,4.1800,8.1000,3.4900,4.2000,4.8000,1.3000,22.0700,27.7700,12.9600,9.8300,3.6900,4.1900,4.6400,9.0800,39.7700,6.7400,2.2300,5.5500,10.0500,16.9000,1.7650,22.8700,8.4000,178.1800,65.5000,12.1900,3.6300,4.1200,1.9750,2.4500,60.3400,2.0700,30.2400,2.4000,12.4600,6.4400,5.7200,9.8500,7.7700,0.8950,2.1800,7.3500,5.0500,14.9000,5.9300,3.2200,0.9000,26.4300,1.5000,15.2800,3.9600,9.6200,21.3300,53.7600,5.0400,5.0900,12.0900,2.8900,0.7150,70.7500,122.4800,14.8500,2.7200,1.5700,3.6500,32.1500,90.8000,3.8100,7.9400,2.8800,20.9000,19.2400,32.2300,4.1400,2.4300,4.9500,3.5400,10.7800,9.6600,0.9200,11.2700,5.8000,3.8900,5.6700,5.2000,13.7100,13.2500,1.9200,2.4500,2.9700,1.8200,1.5200,26.1400,2.5600,5.2100,46.0200,8.8000,57.7600,35.0800,36.8700,14.2900,84.2000,6.7100,6826.5000
7/9/2022 0:00,2.0200,0.5900,17.3500,26.2000,0.2000,5.0400,7.0300,1.1600,2.6800,1.1350,1.5100,8.3900,32.7300,5.5000,4.4500,14.6000,4.8400,9.8300,2.9400,20.8300,23.0000,6.7900,11.4900,35.8000,1.4150,1.1000,32.1100,22.2800,10.5200,29.9000,9.1000,34.4500,75.5400,7.4383,20.8300,6.7100,3.5900,7.5100,6.6100,6.6600,1.6700,0.7550,8.4000,36.2700,15.7800,2.7600,2.7400,11.8400,20.3500,20.2800,3.9200,3.4400,21.7600,3.0200,6.1300,4.9200,12.6200,4.4700,4.0400,7.1900,2.8100,212.2500,17.4500,94.1000,24.5700,1.6450,18.9300,293.4100,4.3600,0.9200,4.1100,8.4000,10.3400,3.2000,60.0000,4.8500,12.4400,34.4800,7.3700,2.1400,14.1500,17.4100,4.9000,16.7600,16.0000,8.2000,1.2650,18.5900,4.1400,8.3000,3.4800,4.2000,4.7300,1.2750,21.8500,27.5800,12.8400,9.6000,3.7000,4.1700,4.6400,9.1700,39.1800,6.6000,2.1000,5.4400,9.9500,17.0000,1.7250,23.0000,8.4500,172.7200,64.3100,12.1800,3.5600,4.1400,1.9950,2.4400,59.5000,2.0700,29.3100,2.4000,12.5100,6.4000,5.4100,9.5700,7.7400,0.8500,2.1800,7.2400,4.8800,14.5900,5.7400,3.2300,0.9000,26.5500,1.4600,15.5900,3.9500,9.4600,20.9000,53.7500,4.9200,5.0600,12.0300,2.8400,0.6800,71.0000,120.5300,14.7100,2.6700,1.5500,3.6200,33.5100,89.4100,3.7200,7.8100,2.8200,20.1900,18.9700,32.2400,4.0500,2.3500,4.9700,3.5000,10.8500,9.6000,0.9300,11.2900,5.6700,3.9200,5.5300,5.1100,13.6000,13.2800,1.9350,2.5300,2.7600,1.7900,1.5050,25.6800,2.5400,5.1200,45.7200,8.4800,57.5300,33.9700,36.4100,13.9500,84.1400,6.6500,6729.2998
8/9/2022 0:00,2.0700,0.5950,17.8900,26.8900,0.1900,5.0500,7.0000,1.1600,2.6800,1.1500,1.5500,8.3100,33.7400,5.3400,4.3500,14.7500,4.9100,9.8400,2.9500,21.1700,24.1100,7.0100,11.7200,37.2600,1.3800,1.1250,32.7600,22.9000,10.6600,30.8300,9.1900,35.0300,74.9300,7.4850,20.9100,6.8700,3.7300,7.5600,6.7500,6.8300,1.6500,0.7900,8.5400,36.9200,15.9600,2.7700,2.7900,11.9300,20.6400,20.7100,3.9900,3.4400,22.1000,3.0900,6.3100,5.1400,13.0600,4.5100,4.1300,7.0900,2.8700,217.1200,17.4400,95.2100,24.7500,1.6450,19.5200,299.6100,4.5200,0.9700,4.2000,8.6300,10.5800,3.3400,61.5000,4.9900,12.7500,34.5000,7.4700,2.1800,14.3000,18.1000,5.0200,17.2000,16.7800,8.3800,1.3400,19.2600,4.2700,8.5700,3.5900,4.2700,4.7800,1.2900,22.9200,28.5200,13.5400,9.7900,3.7300,4.2700,4.6600,9.3900,40.5000,6.7000,2.0300,5.6800,10.2000,17.3000,1.8500,23.8400,8.5700,178.3800,63.6000,12.5500,3.5000,4.1100,1.9600,2.4800,62.9600,2.1100,29.6200,2.4500,13.0800,6.4000,5.4400,9.7500,7.6900,0.8700,2.2200,7.4800,5.2600,14.8200,5.8300,3.2400,0.9200,26.4300,1.5000,15.7000,4.2500,9.9800,21.7900,55.7000,4.9600,5.2500,12.3900,2.8600,0.7100,71.0600,123.9100,15.2800,2.7000,1.5950,3.6700,34.3700,91.8600,3.8900,7.7700,2.8900,20.9600,19.1000,32.7700,4.1100,2.2800,5.0100,3.6100,10.8900,9.8600,0.9400,11.6400,5.9800,3.9400,5.5800,5.2000,13.8500,13.4900,2.0100,2.5500,2.7400,1.8000,1.5200,25.7300,2.5900,5.2700,46.9700,8.4800,59.0000,32.1000,36.5700,14.0000,87.3800,6.5600,6848.7002
9/9/2022 0:00,2.0700,0.6000,17.8200,27.0600,0.2100,5.2000,7.0600,1.2200,2.6900,1.1500,1.6000,8.3700,34.0500,5.4600,4.6000,15.0200,4.8700,9.7600,3.0400,21.2500,23.6100,6.9600,11.9000,37.8000,1.4450,1.1300,32.8000,23.0200,10.6800,30.3600,9.2100,34.6400,74.4000,7.4570,20.8200,6.8800,3.7200,7.6000,6.8000,6.7400,1.6500,0.7900,8.5500,38.0900,16.5300,2.7800,2.8900,11.8400,20.5000,20.7100,4.0000,3.5100,21.9800,3.0600,6.3300,5.3800,12.9400,4.4900,4.1100,7.0600,2.8400,215.0000,17.2400,95.5300,24.6200,1.6400,19.2500,298.6400,4.5200,1.0850,4.3200,8.4600,10.5900,3.2900,60.8200,4.9800,12.5600,35.7000,7.3500,2.2800,13.9400,18.0100,4.9800,16.8800,17.8100,8.2200,1.3600,19.0500,4.2200,8.5300,3.5200,4.2900,4.7700,1.2750,23.0800,28.1600,14.3100,10.0000,3.7800,4.2300,4.6500,9.3100,41.0000,6.6100,2.0200,5.5800,10.1700,17.1700,1.8050,23.7500,8.8300,177.8300,63.2000,12.5300,3.5400,4.1100,1.9800,2.4900,71.5100,2.1200,29.8500,2.4700,13.1200,6.4700,5.5400,9.6000,7.6900,0.8950,2.1400,7.7200,5.4100,14.6800,5.8600,3.3000,0.9250,25.9600,1.5400,15.7100,4.5000,10.1100,21.6300,54.8600,4.9600,5.2400,12.3000,2.8500,0.7350,70.1500,124.0500,15.3600,2.7000,1.6550,3.6700,34.2500,94.3600,4.2000,7.8500,2.8800,20.7200,18.8300,32.5500,4.2500,2.3000,4.9900,3.5800,10.8800,9.8100,0.9350,11.4200,6.0000,3.9200,5.5600,5.1600,13.8400,13.3100,1.9750,2.6000,2.7100,1.7950,1.5100,25.6200,2.5600,5.2500,47.2800,8.7400,60.4600,32.5200,35.9700,13.9400,88.4100,6.9100,6894.2002
12/9/2022 0:00,2.1300,0.5950,17.9400,26.8800,0.2250,5.2000,7.1000,1.2050,2.6900,1.0800,1.6200,8.2900,34.7200,5.5000,4.4900,14.6000,4.8500,9.9500,3.0300,21.4700,24.4000,7.1200,12.0400,37.8000,1.4600,1.1750,32.8800,23.3300,10.8000,31.4700,9.2000,35.0900,75.3100,7.2981,21.2900,6.9000,3.7400,7.5700,6.9100,6.9100,1.6650,0.7750,8.6700,39.4100,17.0700,2.8100,2.8800,11.8400,21.1800,21.1000,4.0400,3.4600,21.8100,3.0800,6.5100,5.5000,13.0200,4.4700,4.0900,6.9100,2.8700,216.2900,17.2400,96.2800,25.0600,1.6300,19.6700,296.3000,4.7100,1.1400,4.3100,8.4400,10.4000,3.3800,63.5100,5.0000,12.8500,35.6500,7.3900,2.3000,14.1800,18.2000,5.0000,17.1900,18.4000,8.4600,1.4300,19.1800,4.2200,8.5900,3.5700,4.4200,4.7900,1.2750,22.5100,28.0000,14.6400,10.1100,3.8300,4.2200,4.7000,9.4200,42.5600,6.5900,2.0000,5.7800,10.3700,17.1100,1.7500,24.3900,8.8200,181.0600,62.4100,12.9100,3.5600,4.1100,1.9650,2.5300,73.0800,2.1200,29.9900,2.4600,13.2700,6.2300,5.4900,9.9400,7.7400,0.9550,2.1400,7.7300,5.4700,14.8200,5.9200,3.3400,0.9200,26.3200,1.5050,15.4500,4.5700,10.4000,22.0400,55.8900,5.0600,5.2800,12.4900,2.8900,0.7400,70.2100,125.5100,15.6200,2.6900,1.6600,3.6700,34.5100,96.0400,4.3500,7.7100,2.8800,20.9900,19.0500,33.0200,4.2500,2.3600,5.0900,3.5900,11.1200,10.0700,0.9450,11.6100,6.1000,3.9400,5.7000,5.1700,13.8800,13.4300,1.9700,2.6200,2.7300,1.8050,1.5300,25.8500,2.6000,5.4100,47.8200,8.6000,60.3500,32.8500,35.8900,13.9600,89.2400,6.8400,6964.5000
13/9/2022 0:00,2.1200,0.5950,17.9900,26.8900,0.2350,5.2000,7.3500,1.1950,2.6400,1.1250,1.6050,8.2400,35.3200,5.5000,4.5400,14.9800,4.8200,9.9200,3.0600,21.5900,25.0000,7.2300,12.4200,38.2500,1.4850,1.1950,33.6500,23.4800,10.8800,32.3500,9.2400,35.1300,75.2500,7.2981,21.4600,6.8800,3.7100,7.6100,6.9900,6.9500,1.6700,0.8100,8.7300,39.3000,17.0200,2.8500,2.9700,12.0800,21.7900,21.5000,4.0800,3.4900,21.8600,3.1300,6.5800,5.4700,13.2900,4.5700,4.1600,6.8900,2.9100,216.7400,17.2900,97.9400,24.4400,1.6800,19.6600,295.1000,4.8000,1.1750,4.4100,8.5100,10.6000,3.3900,66.1800,5.0100,13.1200,35.0000,7.4000,2.3400,14.1400,18.3300,5.0400,17.2500,18.2300,8.5300,1.4600,19.6800,4.2400,8.5900,3.6300,4.5000,5.0100,1.2900,23.8000,28.6900,14.9500,10.3800,3.7800,4.3300,4.6700,9.4700,42.6100,6.5600,2.0100,5.7700,10.3900,17.5400,1.7750,24.7000,8.7900,182.2500,63.9200,13.2300,3.6200,4.1800,1.9900,2.5500,73.8000,2.1500,30.2800,2.5200,13.5200,6.5000,5.5000,10.1200,7.8900,0.9900,2.1300,8.0200,5.5700,14.6700,5.9800,3.3700,0.9450,26.4700,1.5300,15.4000,4.7400,10.7100,22.4300,56.6500,4.9700,5.3100,12.5100,2.8900,0.7250,62.9400,126.7600,15.8500,2.7100,1.6850,3.7000,34.7000,96.7500,4.3700,7.8300,2.9200,21.4500,18.9900,33.0700,4.3100,2.2900,5.1200,3.6200,10.9800,10.1900,0.9350,11.6900,6.1100,3.9800,5.6900,5.1400,13.9000,13.6300,1.9800,2.6300,2.7900,1.8400,1.5150,26.1200,2.6200,5.4200,48.5100,8.4600,60.7500,33.1400,35.9500,14.2800,90.9200,6.6600,7009.7002
14/9/2022 0:00,2.0500,0.5950,17.7000,26.4400,0.2150,5.1000,7.3500,1.1850,2.6400,1.0700,1.5750,8.2900,33.9700,5.4500,4.4400,14.4500,4.7500,9.9200,2.8900,21.1900,24.7000,7.1800,11.8500,36.4500,1.4550,1.1800,32.0900,22.9500,10.7300,31.8500,9.1600,34.0100,72.7800,7.2981,20.7800,6.7900,3.6500,7.6000,6.8000,6.8700,1.6500,0.8000,8.4300,38.6000,16.6300,2.7700,2.9000,12.0000,21.1000,20.8100,3.9600,3.3400,21.4400,3.0100,6.3800,5.2900,12.6500,4.3900,4.0100,6.8100,2.8700,214.7500,16.6900,94.4600,24.7300,1.6950,19.3300,289.6300,4.6300,1.1100,4.3400,8.2500,10.4800,3.3100,65.9400,4.8800,12.7400,34.5600,7.3500,2.2200,13.5000,18.0600,4.9300,16.8800,17.7700,8.2900,1.3550,18.6900,4.1000,8.3800,3.4700,4.3200,4.9300,1.2550,23.1500,28.2100,14.5600,10.1100,3.7300,4.1700,4.5800,9.2700,40.7500,6.5000,2.0300,5.5800,9.9600,16.9300,1.7050,23.6100,8.3500,176.3000,63.5000,12.5000,3.5600,4.1000,1.9650,2.5200,71.4500,2.0700,29.3500,2.4400,13.2700,6.7000,5.4900,9.6400,7.8200,0.9300,2.0600,7.7300,5.3700,14.4600,5.8700,3.3500,0.8950,25.4900,1.4700,14.8000,4.5900,9.9100,21.7300,55.5700,4.8900,5.2300,12.3100,2.8200,0.6900,62.9200,124.0900,15.0600,2.6000,1.5850,3.6100,34.8000,94.8300,4.2100,7.6900,2.8000,21.1000,18.3900,32.4400,4.3200,2.2700,5.0300,3.4500,10.7500,10.0400,0.9200,11.4400,5.9600,3.8800,5.6500,5.0700,13.4000,13.3900,1.9000,2.5600,2.7400,1.8300,1.5050,25.6000,2.5100,5.3400,46.4500,8.4800,58.4900,32.3400,35.2300,13.8700,86.4800,6.5500,6828.6001
15/9/2022 0:00,2.0500,0.5900,17.5000,25.9600,0.2150,5.1000,6.9500,1.1900,2.6700,1.1200,1.5850,8.1800,33.5100,5.4000,4.4600,14.0500,4.5300,9.9200,2.8800,21.5400,24.3300,7.1100,11.7300,36.1500,1.4250,1.1950,32.6000,23.7400,10.5700,30.9900,9.1500,34.2100,74.0200,7.2981,20.5400,6.8300,3.7400,7.6000,6.9000,6.7700,1.7050,0.7800,8.5000,38.7400,16.1200,2.7400,2.9100,12.1700,20.5300,20.7200,3.9000,3.2500,21.3900,2.9700,6.4600,5.1800,12.4600,4.3800,3.9200,6.7400,2.8700,212.7200,16.6600,95.0600,24.9100,1.8500,19.2300,287.6100,4.6300,1.0950,4.2400,8.4100,10.4900,3.3000,62.7000,4.8900,12.6700,34.0300,7.3300,2.1400,12.9800,17.8000,4.6900,16.5200,17.9300,8.2600,1.3700,18.2900,4.0800,8.5100,3.4200,4.2700,4.9400,1.2600,22.9900,27.8500,14.6300,10.0900,3.7900,4.1700,4.5600,9.3100,41.4000,6.3400,2.1100,5.5800,9.8700,16.4800,1.7150,23.5900,8.2300,176.5400,61.9400,12.5100,3.6000,4.0000,1.9650,2.4900,70.0100,2.0800,29.8200,2.3800,13.2200,6.8800,5.8200,9.6700,7.9200,0.9000,2.0400,7.7200,5.4700,14.5100,5.8700,3.3300,0.9000,25.9300,1.4950,14.4400,4.6900,9.7500,21.8200,54.6900,5.0000,5.3500,12.2900,2.8300,0.6850,63.0000,124.1300,14.8500,2.5200,1.5500,3.5900,34.5400,94.6400,4.1400,7.9600,2.7800,20.9300,18.0800,31.7400,4.0000,2.3000,5.0300,3.4700,10.5100,9.8400,0.9400,11.6600,5.8800,3.8600,5.6000,5.0100,13.3700,13.2600,1.8600,2.5400,2.7800,1.8350,1.5100,25.9600,2.5100,5.2600,46.1400,8.8700,58.7000,33.7300,35.0000,14.3800,85.0800,6.4600,6842.8999
16/9/2022 0:00,2.0300,0.6150,17.4900,26.0800,0.2100,5.1000,6.9700,1.1900,2.6800,1.0400,1.6500,8.0700,31.9900,5.3100,4.5100,14.0300,4.4800,9.6900,2.7200,21.5300,24.5300,7.1100,11.2400,35.7100,1.4200,1.2100,31.2800,23.5500,10.5600,30.9000,9.1900,34.2900,72.1000,6.5900,20.4000,6.7800,3.6300,7.6300,6.8600,6.8600,1.6350,0.7400,8.5000,38.0400,16.1400,2.7500,2.6500,12.1300,20.3900,20.5000,3.9300,2.8700,20.9500,2.9300,6.3900,5.2000,12.3200,4.3300,3.9600,6.7100,2.7800,214.2300,16.6000,94.2300,26.0100,1.7850,19.1200,285.8300,4.5600,1.0200,4.2400,8.2600,10.2700,3.2900,60.9600,4.8600,12.8500,33.9900,7.1700,2.0300,13.2000,17.5000,4.7100,16.3600,17.6200,8.3400,1.2500,17.8000,4.0400,8.2300,3.4100,4.2800,5.0600,1.2650,22.4400,28.1400,14.0200,9.7200,3.7600,4.1600,4.5100,9.1800,41.3900,6.0600,2.0100,5.4900,9.7200,16.6300,1.6350,22.5100,7.8000,172.6700,59.5700,12.5200,3.5500,3.9700,1.9650,2.4300,66.3900,2.0700,29.9600,2.4000,13.3000,7.1800,5.5700,9.5800,7.9500,0.8850,2.0800,7.4000,5.3700,14.3600,5.8100,3.3000,0.8600,25.4800,1.4100,14.1500,4.5900,9.6800,21.9500,53.9600,4.9300,5.3000,12.0500,2.8300,0.6500,63.6000,123.6700,14.7300,2.4800,1.4550,3.6900,33.6000,92.4500,3.8600,7.7700,2.7400,20.6500,17.8400,31.4000,3.8800,2.3100,5.0000,3.4500,10.2800,9.7900,0.9800,11.4700,5.8300,3.8100,5.5600,4.9300,13.0400,13.1000,1.8350,2.4900,2.6700,1.8300,1.5050,25.4100,2.5200,5.2500,45.0200,8.6300,55.7200,32.7400,34.6000,13.9000,83.5900,6.0900,6739.1001
19/9/2022 0:00,2.0300,0.5950,17.2600,26.0000,0.2050,5.1000,7.0700,1.1500,2.6200,1.0400,1.6000,8.0600,32.0000,5.4500,4.5900,14.2500,4.4600,9.7500,2.6300,21.5500,24.5200,6.9700,10.9000,35.4100,1.4050,1.2100,31.1800,23.5600,10.3900,30.2900,9.0900,34.3700,72.3200,6.5400,20.3700,6.7900,3.6200,7.5600,6.8500,6.7000,1.6050,0.7500,8.3900,37.8100,15.9300,2.7500,2.5800,11.9300,19.3300,20.5100,3.9400,2.8300,20.4800,2.9300,6.3300,5.1700,12.4200,4.3300,3.9600,6.7000,2.7500,210.8700,16.7200,94.6600,24.9800,1.7100,18.7800,282.9800,4.5500,1.0050,4.1800,8.3300,10.3400,3.2400,58.6300,4.8100,12.6300,34.0100,7.1200,2.0500,12.9800,17.3500,4.6900,16.0500,17.4500,8.1000,1.2700,17.8700,4.1300,8.1700,3.4300,4.2300,5.0500,1.2600,22.2900,27.6300,14.2700,9.7700,3.7700,4.1500,4.4900,9.1400,40.8300,6.1600,2.0200,5.4500,9.7500,16.2100,1.6350,22.7300,7.7600,173.0000,60.1000,11.8000,3.5300,3.9800,1.9750,2.4200,68.0000,2.1000,29.7000,2.3800,13.0000,7.0300,5.4600,9.4800,7.8300,0.8550,2.0600,7.6100,5.3700,14.3200,5.7600,3.2500,0.8250,25.1400,1.4200,13.4300,4.7500,9.6000,21.8500,54.1100,4.9600,5.2500,12.0300,2.6900,0.6600,62.2500,122.8900,14.4600,2.5300,1.4700,3.6400,33.4600,92.3900,3.9900,7.7100,2.7900,20.4000,17.7100,30.6700,3.9100,2.2000,4.9900,3.4900,10.4200,9.7200,0.9750,11.4200,5.6500,3.7900,5.4600,4.9100,13.1600,12.9700,1.8650,2.4900,2.6400,1.7950,1.5000,25.1700,2.5400,5.2100,45.4400,8.3100,56.5500,32.4300,34.6700,13.7800,84.4400,6.1000,6719.8999
20/9/2022 0:00,2.0600,0.5950,17.3800,25.9600,0.2000,4.9100,6.9300,1.1700,2.6700,1.0200,1.5150,8.0300,32.5700,5.2900,4.4500,14.5700,4.5600,9.7500,2.6200,21.8900,23.0000,7.0300,11.0500,35.9900,1.4250,1.1850,31.1100,23.8400,10.4400,29.8400,9.0500,35.0200,72.3500,6.6900,20.5900,6.8100,3.6600,7.6000,6.8800,6.7800,1.6350,0.7650,8.5300,39.1800,16.3600,2.7700,2.6900,11.9600,19.1300,21.6900,3.9000,2.8800,20.5600,2.8900,6.4000,5.4000,12.3700,4.3000,3.9400,6.7000,2.7900,206.9600,16.7500,96.5300,25.0600,1.8000,19.1900,283.0300,4.6100,1.0300,4.2200,8.2800,10.4100,3.2400,58.9600,4.8300,12.9400,33.5100,7.1200,2.1000,13.1800,17.3100,4.7200,16.3200,17.3000,8.0400,1.2900,17.8400,4.1200,8.2600,3.4100,4.2900,4.9700,1.2400,22.7300,28.2700,14.9300,10.0100,3.7800,4.1000,4.4900,9.2200,40.8300,6.3000,2.0900,5.4700,9.7600,16.2900,1.6900,23.2500,8.1400,172.8500,60.7000,12.1300,3.5200,4.0400,1.9750,2.4300,71.5800,2.0900,30.2200,2.3900,13.1200,7.1300,5.9400,9.4800,7.7700,0.8950,2.1000,7.7000,5.4800,14.3400,5.9100,3.2200,0.8500,24.8100,1.4450,13.9500,4.8900,9.6800,22.1700,55.5600,4.9400,5.2800,12.1400,2.7400,0.6800,62.7600,122.8300,14.8000,2.4900,1.4850,3.7000,33.2800,94.7200,4.0700,7.8300,2.7800,20.3200,17.7500,30.5200,4.0200,2.2300,4.9800,3.4400,10.4800,9.8200,0.9850,11.6000,5.5300,3.8000,5.5500,5.0000,13.2700,13.0900,1.8500,2.5400,2.6300,1.8150,1.5050,25.8200,2.5300,5.4300,46.0400,8.6300,57.6200,33.0600,34.8700,13.9100,85.5600,6.1500,6806.3999
21/9/2022 0:00,1.9600,0.6450,17.0000,25.4200,0.2000,4.9100,6.8700,1.1200,2.5300,0.9650,1.5050,8.2200,32.5400,5.4000,4.5500,14.3200,4.5600,9.6000,2.6200,21.7300,23.0000,6.8700,10.8400,35.3500,1.3850,1.1600,30.0800,23.6000,10.2400,29.2200,9.0000,34.8000,71.9900,6.3400,20.0100,6.6800,3.6300,7.5000,6.8200,6.7000,1.6200,0.7450,8.3700,37.9600,15.9900,2.7100,2.6000,11.8100,18.9800,21.7700,3.8300,2.8400,20.4500,2.8100,6.2500,5.1000,12.2500,4.2600,3.8400,6.6000,2.7500,202.8100,16.6000,95.4500,24.9800,1.7400,18.5800,281.1400,4.5700,1.0250,4.1700,8.1300,10.3700,3.1200,56.5100,4.7600,12.6700,33.8300,6.9800,2.0100,13.2600,16.9700,4.6200,15.8800,16.5400,7.8000,1.2700,17.5500,4.0300,8.2600,3.3300,4.2900,4.8900,1.2050,22.7800,27.8900,14.7800,9.7500,3.6800,4.0200,4.4400,9.2400,40.1700,6.2400,2.0800,5.4700,9.6600,16.0000,1.6450,23.2700,8.1000,170.8600,60.9900,11.9500,3.5000,4.0100,1.9750,2.4400,69.9600,2.0300,29.8200,2.3500,13.0500,7.1000,6.1600,9.3000,7.5900,0.8750,2.0600,7.5400,5.3300,14.0900,5.7400,3.2000,0.8400,24.7700,1.4400,13.6700,4.9400,9.2400,21.7800,54.2500,4.9000,5.2400,11.9200,2.6600,0.6600,62.3900,119.7600,14.8000,2.4400,1.4900,3.6200,32.7200,91.2300,3.9300,7.7500,2.7000,20.1400,17.7200,30.3200,3.9000,2.2600,4.9200,3.3400,10.2100,9.6200,0.9800,11.1000,5.5200,3.8400,5.4900,4.9700,13.0500,12.9600,1.7650,2.4900,2.7500,1.8150,1.4750,27.1000,2.4900,5.2700,45.1700,8.9600,56.5600,32.4400,34.4800,13.5400,83.0400,6.1200,6700.2002
23/9/2022 0:00,1.8950,0.6250,16.7700,24.7600,0.1950,4.9000,6.9400,1.1200,2.5000,0.9700,1.5250,8.0400,30.8900,5.4100,4.5500,14.0100,4.4800,9.4100,2.6100,21.4200,23.5600,6.6400,10.4900,33.9000,1.3600,1.1400,29.5900,23.3800,9.9300,27.7300,8.9700,32.8800,71.5900,6.2500,19.2100,6.6800,3.5900,7.5200,6.7500,6.2900,1.5800,0.7450,8.1800,38.1700,15.6700,2.6200,2.4600,11.6700,18.6500,21.4200,3.6700,2.8000,19.6400,2.7000,6.0600,5.0200,11.7800,4.1000,3.7600,6.6400,2.7000,196.5600,16.3400,93.6400,24.8100,1.7000,17.6400,278.1400,4.4100,1.0000,4.0600,7.9100,10.0300,3.0500,53.2500,4.6600,12.0600,33.7400,6.8700,1.9900,12.8700,16.8000,4.5500,15.3500,16.7600,7.5300,1.2750,16.9000,3.8900,8.3300,3.1300,4.0900,4.6200,1.1400,21.4700,26.5100,14.7000,9.2700,3.5500,3.9600,4.4100,9.1500,38.4200,6.2000,1.9750,5.3100,9.3400,15.1400,1.5700,22.3500,7.8600,165.5700,60.2000,11.4500,3.4700,3.9600,1.9650,2.4000,67.6300,1.9700,29.3500,2.2400,12.3400,7.0000,6.3300,9.0600,7.5600,0.8200,1.9500,7.4900,5.4000,13.7600,5.5700,3.0900,0.7900,24.0700,1.4500,13.2800,4.8500,8.8500,21.2100,52.3000,4.7000,5.1400,11.8300,2.6000,0.6600,60.5300,115.1300,14.1400,2.3700,1.4800,3.4700,32.0400,93.0000,3.8800,7.4200,2.5900,19.0600,17.1600,29.6700,3.8600,2.1900,4.8300,3.2900,10.0500,9.2600,0.9400,10.6500,5.3100,3.7700,5.2600,4.8600,12.9100,12.5500,1.7100,2.4500,2.7400,1.7800,1.4750,26.7500,2.3900,5.0900,43.2800,9.2000,53.3300,31.7800,33.8900,13.2700,76.5300,6.1300,6574.7002
26/9/2022 0:00,1.8800,0.6100,16.8100,24.5700,0.1700,4.9000,6.9200,1.0800,2.4900,0.9050,1.4500,7.8300,31.1000,5.2200,4.4000,13.5800,4.5100,9.5000,2.5000,21.1800,22.7500,6.3900,10.3300,35.0100,1.2750,1.1200,28.3900,23.0400,9.8700,27.6100,8.8900,33.1300,71.7500,6.3000,19.1300,6.6300,3.4900,7.4500,6.6500,6.2500,1.4700,0.6850,7.9600,36.2000,14.8200,2.6000,2.3500,11.5800,18.8100,21.0900,3.6800,2.5900,20.0000,2.6600,5.9500,4.5500,11.5400,4.0000,3.7200,6.5200,2.6700,202.3400,16.6600,93.6100,24.7900,1.4900,17.6500,284.8100,4.3600,0.9300,4.0100,7.7700,10.1400,3.0600,53.8800,4.5800,11.6100,33.2100,6.9100,1.8450,12.9700,17.2500,4.4600,15.1700,15.9400,7.3400,1.1850,16.7800,3.8200,7.8100,3.1300,4.1400,4.6400,1.1400,21.2400,26.8100,13.5900,8.8200,3.3400,3.9000,4.3800,9.1000,38.8600,6.3800,1.7900,5.0600,9.0100,15.2800,1.4900,21.9300,7.3900,163.5200,60.1000,11.3300,3.4300,4.0000,1.9050,2.3700,62.2600,1.9450,29.3500,2.2600,12.4100,6.5900,5.4000,9.1300,7.4200,0.7950,1.9250,6.9600,5.1300,13.4600,5.2000,3.0800,0.7400,23.6100,1.3400,13.3500,4.4100,8.6400,20.4100,52.5400,4.7000,5.0600,11.6300,2.5100,0.6150,59.0800,119.1500,14.2000,2.3400,1.3700,3.4500,32.9600,87.7800,3.6200,6.8800,2.6000,19.6300,16.9100,29.9500,3.5900,1.9800,4.7900,3.2400,9.9600,9.2700,0.9350,11.0100,5.4400,3.7600,5.3300,4.8300,13.0300,12.5800,1.7200,2.3100,2.5600,1.7800,1.4200,26.2500,2.3700,4.9800,44.0600,7.9100,54.1000,30.2000,34.7000,12.4200,78.9500,5.4000,6469.3999
27/9/2022 0:00,1.8400,0.6150,16.7300,24.5000,0.1750,4.9000,6.8200,1.1000,2.3800,0.9000,1.4400,7.8300,30.7900,5.0300,4.3000,13.7300,4.4700,9.4400,2.4700,21.0600,22.5400,6.4100,10.3900,35.2700,1.2900,1.1150,28.3700,23.1500,9.7200,28.0600,9.0000,33.3900,70.2800,6.2600,19.1000,6.5000,3.5100,7.5000,6.6800,6.3100,1.4600,0.6950,8.0300,37.2000,15.2200,2.5600,2.4400,11.5300,18.7700,21.1700,3.6000,2.6500,19.9600,2.6000,5.9700,4.7500,11.3600,3.9400,3.6400,6.5300,2.6500,201.9200,16.6800,93.4300,24.7000,1.5200,17.5100,284.6400,4.3200,0.9500,4.0000,7.5300,10.1000,3.0100,53.6300,4.5600,11.6300,33.2300,6.9700,1.8550,13.0000,16.4300,4.3800,15.1500,16.8200,7.4100,1.1800,16.3600,3.7400,7.8900,3.0300,4.1200,4.5500,1.1350,21.1700,27.0000,13.9900,8.9900,3.3800,3.7900,4.4500,9.1200,38.7700,6.3200,1.8200,5.0500,8.9100,15.3200,1.5150,22.0700,7.5700,162.0100,61.0000,11.3000,3.4300,3.9800,1.9150,2.3600,65.8900,1.9150,29.2500,2.2100,12.2200,6.7500,5.7300,9.0600,7.3500,0.8000,1.9150,7.1100,5.1000,13.2600,5.1900,3.0300,0.7500,23.6400,1.3950,13.2300,4.6800,8.5400,20.4900,52.2000,4.9000,5.1200,11.6400,2.5200,0.6100,57.0200,116.2300,14.0300,2.3200,1.4000,3.3800,33.0600,90.3900,3.7500,6.9500,2.5400,19.3600,16.8200,30.4300,3.7000,2.0400,4.7000,3.1900,9.9500,9.2400,0.9350,11.0400,5.3900,3.7200,5.3500,4.7600,12.9700,12.7100,1.6800,2.2800,2.5400,1.7650,1.4550,26.8100,2.3200,4.9800,44.0300,8.4500,54.7300,30.6700,34.6000,12.5200,79.6800,5.4900,6496.2002
28/9/2022 0:00,1.8300,0.6150,16.5800,24.9400,0.1650,5.0000,6.7800,1.0700,2.2700,0.8900,1.4450,7.7300,30.5100,5.2000,4.4600,13.4700,4.3900,9.0500,2.4600,20.9300,22.8100,6.6000,10.2300,35.3800,1.2600,1.1000,28.1600,23.0500,9.8400,27.7000,8.8500,33.2700,71.4300,6.2300,19.1400,6.4500,3.5000,7.4000,6.6300,6.2100,1.4400,0.6900,7.9100,37.2500,14.9400,2.6000,2.3500,11.5500,18.4900,21.1500,3.5800,2.7100,19.9300,2.5900,5.9700,4.6500,11.5000,3.9600,3.6400,6.5100,2.6400,203.0600,16.6100,92.5400,24.5600,1.6100,17.0000,282.3500,4.3500,0.9750,3.9200,7.6300,10.1000,3.0000,53.3000,4.5500,11.4600,33.0500,7.0100,1.8900,13.0500,16.5300,4.3400,15.0000,16.4600,7.3100,1.1800,16.1000,3.7500,7.8500,3.0300,4.1400,4.5400,1.1300,21.2800,26.8900,13.6400,9.0300,3.5000,3.7800,4.5300,9.2300,38.3800,6.2400,1.7900,5.0000,8.9400,15.2100,1.4650,21.9900,7.3300,158.0400,60.1000,11.3700,3.4900,3.9500,1.9000,2.3900,63.4600,1.9000,28.9900,2.2100,12.1100,6.4500,5.9000,8.9000,7.4000,0.7700,1.8900,7.1700,5.1200,13.2700,5.3100,2.9700,0.7350,23.5900,1.4200,13.3700,4.5500,8.4800,20.6700,52.1200,4.7500,5.1500,11.3900,2.4800,0.6450,56.5700,115.3600,14.0200,2.3300,1.4250,3.3600,33.2600,90.0000,3.6000,6.8600,2.5200,19.4400,16.9200,30.5500,3.6600,2.0400,4.6300,3.1800,9.9500,9.1800,0.9550,10.9300,4.5600,3.8200,5.4000,4.7400,12.9800,12.5800,1.6800,2.1900,2.5000,1.7700,1.4550,26.8900,2.3400,4.9900,43.1500,8.7800,53.6600,30.7500,34.4600,12.4600,77.1200,5.5800,6462.0000
29/9/2022 0:00,1.8400,0.6350,16.8000,25.4400,0.1750,5.0000,6.6100,1.0850,2.4600,1.0250,1.5250,7.8100,30.9800,5.1800,4.2400,13.5900,4.4800,9.2200,2.5800,21.1200,23.5200,6.6000,10.2800,35.1200,1.2750,1.1100,28.5400,23.3700,9.8300,28.5600,8.9000,33.6400,73.1400,6.2900,19.2000,6.5300,3.5300,7.4000,6.6300,6.3000,1.4700,0.7050,7.9600,38.1700,15.2600,2.6600,2.5300,11.6700,18.5500,21.1700,3.6600,2.7600,20.4000,2.5600,6.0000,4.8100,11.5200,3.9200,3.6700,6.6200,2.6900,208.3600,16.6600,93.1200,24.6400,1.7400,17.1100,286.7400,4.4400,1.0450,3.9700,7.7700,10.2100,3.1600,54.1500,4.6100,11.6300,33.7600,7.0900,1.9850,13.0500,16.8300,4.3900,14.8800,16.7800,7.5400,1.2350,16.2300,3.8200,7.8600,3.0500,4.1600,4.4800,1.1150,21.4900,27.1300,13.9300,8.9700,3.5800,3.7500,4.5800,9.5300,38.8600,6.3800,1.7650,5.0400,9.1300,15.3400,1.4950,22.3600,7.6600,159.5100,61.1500,11.6000,3.5200,3.9300,1.9100,2.4500,65.6300,1.9300,29.2700,2.2100,12.5100,6.7700,6.2800,9.0600,7.4900,0.8000,1.9100,7.4900,5.1200,13.4800,5.3200,2.9900,0.7750,23.8600,1.4500,13.4800,4.6200,8.6300,23.6900,53.1600,4.8700,5.2400,11.6000,2.5300,0.6800,57.6000,118.2300,14.4800,2.3500,1.4600,3.4300,33.8100,90.9100,3.7500,7.0200,2.5700,19.8700,17.0600,30.7600,3.6600,2.1400,4.6700,3.2400,10.1100,9.3000,0.9550,10.9900,4.6700,3.8800,5.3700,4.8900,13.0000,12.7300,1.7350,2.2100,2.6000,1.7750,1.4750,26.9800,2.3400,4.9700,44.0200,9.1800,55.0800,31.6900,34.3000,12.6000,77.0000,5.8200,6555.0000
30/9/2022 0:00,1.8400,0.6200,16.6400,25.1900,0.1700,5.0000,6.5500,1.0750,2.3700,1.0000,1.4950,7.5500,30.8400,4.9300,4.4600,13.3800,4.4400,9.0000,2.5900,20.6400,24.4400,6.8400,10.1300,34.4300,1.2650,1.0950,28.7500,22.8000,9.5900,27.7700,8.8200,32.9200,71.7600,6.2300,18.9700,6.3100,3.4500,7.3200,6.5100,6.1200,1.4850,0.7500,7.7900,38.5200,15.1900,2.6700,2.6400,11.4100,18.1600,21.5400,3.7000,3.0000,18.8100,2.5900,5.8500,4.8300,11.4800,3.9700,3.6800,6.5900,2.7100,194.5400,16.4300,90.7000,24.7600,1.7450,16.7400,285.0200,4.4500,1.0400,4.0000,7.7200,10.2300,3.2200,51.5200,4.5700,10.9900,33.1200,7.0000,2.0500,12.9700,16.2600,4.2400,14.2200,16.8200,7.4100,1.2800,15.7800,3.8300,7.8000,3.0700,4.0400,4.5000,1.1250,20.8600,26.4700,13.7000,9.0600,3.5100,3.7200,4.6000,9.4900,37.9600,6.2800,1.8200,4.8300,8.9200,15.1700,1.4900,21.2700,7.5600,152.7400,59.5000,11.2600,3.4700,3.8700,1.8950,2.4000,65.7500,1.9450,28.8100,2.2300,12.1300,6.5400,6.2900,8.8200,7.4300,0.7900,1.8650,7.8300,5.0000,13.2200,5.1700,3.0000,0.7550,23.5900,1.5200,13.5000,4.5600,8.3100,22.5500,50.1900,4.8000,5.0200,11.5300,2.4800,0.7150,57.2800,114.8500,14.0200,2.3500,1.5600,3.3900,33.8300,93.3900,3.7300,7.0900,2.5400,19.1700,16.9500,30.5800,3.6300,2.1600,4.6300,3.2700,10.0300,8.8800,0.9350,10.6000,4.7300,3.8500,5.4000,4.8500,12.3400,12.5700,1.7350,2.0900,2.6100,1.7900,1.4600,26.7900,2.3700,4.7600,42.7200,9.0100,52.0000,31.6600,33.9500,12.7300,73.5100,5.6700,6474.2002
3/10/2022 0:00,1.8200,0.6100,16.6800,25.1200,0.1750,5.0000,6.3200,1.0750,2.3700,0.9550,1.4450,7.7000,30.7000,4.8400,4.1600,13.2000,4.3700,8.9000,2.5400,20.6000,25.7300,6.8600,10.1300,33.9300,1.2400,1.0650,29.1600,22.7700,9.6800,26.7300,8.8100,32.1800,71.3200,6.2200,18.8000,6.2400,3.4500,7.3200,6.5700,6.0800,1.4950,0.7300,7.8500,38.6000,15.3900,2.6600,2.5100,11.2300,17.8900,21.5600,3.7400,3.1000,18.7600,2.6200,5.8500,4.7800,11.5200,3.9900,3.7200,6.5900,2.6400,195.0000,16.3000,90.6100,24.5400,1.7550,16.4000,283.2600,4.4700,1.0200,4.0000,7.9000,10.2600,3.1300,51.3300,4.5200,10.8500,32.8900,6.8900,2.0100,12.7500,16.1300,4.2400,13.9900,16.9300,7.3500,1.2550,15.8400,3.8800,7.9100,3.1100,4.0100,4.4100,1.1250,20.6100,26.3300,13.8200,9.3200,3.5800,3.7800,4.6400,9.5400,37.6300,6.2400,1.8600,4.6800,8.8800,15.5500,1.4550,21.2100,7.4700,151.4100,60.0500,10.9700,3.4800,3.8700,1.8650,2.4000,66.1500,1.9450,28.7300,2.2500,11.8200,6.3100,6.3000,8.6400,7.3500,0.7500,1.8650,7.6700,4.9700,13.3000,5.3200,3.0000,0.7450,23.3100,1.5050,12.9600,4.5500,8.1400,22.4300,50.3000,4.8000,4.9800,11.3000,2.4500,0.6750,56.5600,114.2800,13.9800,2.3900,1.5750,3.3500,33.5500,93.1000,3.6200,7.1700,2.5800,18.9100,16.9800,30.5000,3.5600,2.2000,4.6200,3.2700,9.9600,8.7600,0.9250,10.6500,4.7600,3.8400,5.2900,4.7500,12.3800,12.3800,1.7500,2.1400,2.6500,1.7950,1.4000,26.5000,2.4100,4.6400,42.8000,9.1400,51.4000,32.0500,33.5000,12.7800,71.5000,5.9500,6456.8999
4/10/2022 0:00,1.8750,0.6250,17.0600,26.0100,0.1800,5.0000,6.5900,1.1200,2.4700,1.0000,1.5500,7.6900,32.0800,4.8000,4.2000,13.4700,4.4900,8.9000,2.6200,21.4300,25.2000,7.1800,10.6400,35.7100,1.3000,1.1350,29.2700,23.9000,9.8400,28.6900,9.0000,33.0100,71.6800,6.3000,19.3600,6.4200,3.5100,7.3400,6.9000,6.3100,1.5550,0.7750,8.1200,40.0700,16.1400,2.7600,2.6200,11.4900,18.5900,21.9700,3.8800,3.4700,19.3300,2.7200,6.0700,5.1400,12.3200,4.1600,3.8900,6.7300,2.6800,202.3800,16.5200,94.7900,25.2400,1.8500,17.0700,287.4000,4.6000,1.0900,4.0900,8.1100,10.5900,3.3600,53.6700,4.6500,11.2000,33.2200,7.1600,2.1100,13.2800,16.4900,4.3100,14.6000,17.2100,7.7400,1.3650,16.7400,4.0600,8.5000,3.2200,4.1500,4.7300,1.1800,21.4200,27.8600,14.6600,9.9700,3.7000,3.8800,4.8300,9.9200,39.9400,6.4100,1.9850,4.9100,9.1600,15.9400,1.5900,22.7900,7.9200,158.2800,62.7500,11.5400,3.5200,3.9500,1.9300,2.4300,69.7400,2.0500,29.8700,2.3200,12.4500,6.3100,6.7000,9.0300,7.4600,0.8000,1.9500,8.2400,5.0300,13.3900,5.4900,3.0600,0.7950,24.0900,1.6100,13.2000,5.1100,8.8700,24.1800,52.1900,4.7700,5.1700,11.7900,2.5500,0.7200,57.0300,120.6100,14.4400,2.4600,1.6900,3.4900,34.4500,95.9700,3.9300,7.4700,2.6700,20.2100,17.7800,31.3700,3.7500,2.3100,4.7100,3.4100,10.3200,9.2100,0.9600,11.1200,4.9800,3.8500,5.5600,4.8000,12.7500,12.6700,1.7950,2.2200,2.6700,1.8300,1.4450,27.3500,2.4900,4.8700,44.4000,9.7400,55.0800,33.6300,33.9900,13.1400,75.9900,6.1400,6699.2998
5/10/2022 0:00,1.9400,0.6250,17.2000,26.5100,0.2050,5.0000,6.5000,1.1400,2.4700,1.0000,1.6000,7.6100,34.2900,4.9300,4.4300,13.0000,4.5300,9.2100,2.7500,22.1500,25.0900,7.2800,10.8800,37.1900,1.3300,1.1650,30.0900,24.5000,9.8300,29.8600,8.9300,34.3500,72.7400,6.2600,19.6900,6.4400,3.4900,7.4000,6.9800,6.5800,1.5900,0.8100,8.2500,40.5000,16.4000,2.9400,2.6700,11.6700,19.4400,22.5700,3.8300,3.6300,19.7000,2.7800,6.1600,5.3600,12.5900,4.1400,3.8700,6.7700,2.8300,206.6700,16.5700,97.2900,25.6500,1.8850,17.5900,290.5000,4.7200,1.0900,4.0700,8.0600,10.3800,3.5700,56.0200,4.7300,11.7100,33.2000,7.1300,2.1000,13.5500,17.3500,4.4100,15.3000,17.6200,8.2000,1.3850,17.2800,4.0300,8.5800,3.2100,4.2000,4.8400,1.1750,23.5000,28.7100,15.0300,9.9500,3.6100,3.9200,4.7800,9.8000,40.2400,6.6700,2.0800,4.9900,9.4100,16.2500,1.6100,24.1200,7.9700,162.1000,62.7500,11.7400,3.5100,3.9300,1.9250,2.4500,72.1000,2.0300,30.5100,2.3300,13.0400,6.5200,6.6200,9.4700,7.5000,0.8100,2.0300,8.4800,5.1100,13.6000,5.5600,3.1100,0.8000,24.8000,1.6550,13.8700,5.1100,9.1900,24.1600,54.1400,4.9000,5.3000,11.9500,2.6100,0.6850,57.9700,129.6000,15.3600,2.4600,1.7150,3.6100,35.6100,97.8500,4.1100,7.6100,2.6800,21.4000,18.3300,31.8700,3.8900,2.2100,4.7700,3.3700,10.3000,9.5500,0.9550,11.4000,5.5600,3.8500,5.5300,4.8000,12.8600,12.9500,1.8050,2.2900,2.7300,1.8700,1.4500,27.7100,2.4900,5.0000,45.4300,9.7600,58.1900,33.8700,33.7300,13.5400,79.0500,6.0900,6815.7002
6/10/2022 0:00,1.9050,0.6250,17.1700,26.6400,0.2050,5.0000,6.5600,1.1500,2.4500,1.0000,1.5950,7.5500,33.5700,4.8900,4.2600,13.2000,4.4900,9.1700,2.6900,21.9400,24.5600,7.3200,11.0100,37.2700,1.3050,1.1650,30.1000,24.3900,9.8400,28.9200,8.8500,34.2000,72.1100,6.3100,20.2800,6.4400,3.5700,7.3200,6.9800,6.5100,1.5950,0.8250,8.2500,40.7600,16.4100,2.9000,2.6900,11.6400,19.3200,22.3700,3.8300,3.6100,19.6800,2.7600,6.2000,5.4600,12.4300,4.1400,3.8500,6.7500,2.8200,206.0500,16.4300,96.8800,25.7200,1.9750,17.1200,290.2000,4.6900,1.0600,4.1000,7.9700,10.4400,3.4500,55.2300,4.7000,11.6500,33.4300,6.9700,2.1100,13.3800,16.8600,4.4800,14.8700,17.6000,8.2200,1.4050,16.8500,4.0200,8.5400,3.2200,4.2000,4.8200,1.1900,23.2400,28.4400,15.1800,9.9600,3.6900,3.9400,4.8300,9.7500,40.3000,6.6400,2.0700,4.8100,9.2500,16.2900,1.6050,23.8600,7.9700,163.2300,63.3000,10.7500,3.5200,3.9300,1.9250,2.4600,73.0100,2.0300,30.2700,2.3600,13.0700,6.9000,6.7700,9.4200,7.5500,0.8200,2.0200,8.5000,5.0400,13.3800,5.7000,3.1100,0.8000,24.5000,1.6400,14.3700,5.4000,9.0500,24.0700,54.0900,4.9000,5.2700,11.9100,2.6000,0.6850,57.7100,125.9900,15.4200,2.4700,1.7200,3.6300,35.5900,98.0500,4.0500,7.7500,2.6600,21.0700,18.3700,31.8100,3.9000,2.3900,4.8600,3.3800,10.4700,9.3800,0.9500,11.3500,5.6000,3.8700,5.5100,4.8500,12.8800,13.0000,1.8100,2.2600,2.7200,1.8500,1.4250,27.7100,2.4800,4.9000,45.0400,10.4600,57.8200,34.7500,33.4700,13.4700,79.3500,6.1400,6817.5000
7/10/2022 0:00,1.8950,0.6350,17.1200,26.4200,0.2150,4.9000,6.5800,1.1800,2.4450,1.1250,1.5450,7.2300,33.4700,4.7200,4.2700,12.8200,4.4800,9.0700,2.6700,21.8800,24.6200,7.1100,11.0000,36.5500,1.2850,1.1450,30.5500,24.2900,9.8100,28.3500,8.8500,34.2800,70.7300,6.2400,20.2800,6.3600,3.5500,7.3400,6.8700,6.5300,1.6050,0.8200,8.1800,40.0600,16.2000,2.8600,2.6800,11.6000,18.9900,22.3200,3.8200,3.6700,19.5400,2.7100,6.1200,5.2000,12.0500,4.1000,3.8200,6.7200,2.7800,203.0400,16.3000,96.4200,25.8200,2.0100,17.0900,288.8500,4.6400,1.0550,4.0900,7.8200,10.2600,3.3000,54.1900,4.6200,11.5700,32.4100,6.9400,2.1000,13.2500,16.8200,4.5400,14.9400,17.3100,8.1800,1.3900,16.4600,3.9300,8.5300,3.1200,4.1600,4.6400,1.1700,22.2600,27.8900,15.4300,9.3300,3.6300,3.8600,4.7600,9.8100,40.2200,6.6100,2.2600,4.7400,9.0600,16.1200,1.5950,23.7200,7.7800,161.3600,61.8000,10.6700,3.5200,3.9500,1.9350,2.4200,72.0800,1.9850,30.1400,2.3100,12.6000,6.9200,6.8500,9.1100,7.4800,0.7900,1.9900,8.6100,5.0500,13.0400,5.7700,3.0800,0.7800,24.1400,1.6600,14.2000,5.4200,8.8600,24.1000,53.2900,4.8700,5.3500,11.7300,2.5500,0.6950,57.3300,124.6600,15.1600,2.4300,1.7250,3.6100,35.3500,96.6700,3.9400,7.9000,2.6300,20.7200,18.4700,31.6100,3.8400,2.6200,4.7900,3.3100,10.3100,9.4600,0.9550,11.4100,5.4000,3.8400,5.5100,4.7800,12.6500,12.9500,1.7650,2.2400,2.7800,1.8600,1.4250,27.4900,2.4800,4.9100,44.6000,10.9600,55.9000,34.8300,33.3600,13.2400,76.5700,6.2700,6762.7998
10/10/2022 0:00,1.8350,0.6250,16.9800,25.8900,0.2300,4.9000,6.3000,1.1650,2.3300,1.0000,1.4350,7.3000,32.4500,4.7600,4.1000,13.1000,4.4600,9.0700,2.6200,21.5800,24.1600,6.8800,10.7600,35.6500,1.2550,1.1250,30.2200,23.9000,9.4500,27.1300,8.8100,34.1700,67.3200,6.1600,19.7800,6.3300,3.5300,7.2700,6.8100,6.4300,1.5950,0.7700,8.1500,40.0700,16.3100,2.7900,2.6000,11.4600,18.1900,21.9500,3.7600,3.3000,18.9800,2.6700,5.9700,5.1300,11.7700,4.0300,3.7900,6.7500,2.7000,196.9700,16.4000,94.9600,25.5600,1.9450,16.6600,283.2200,4.5500,1.0050,4.0600,7.7200,10.0000,3.2000,51.6300,4.5300,11.3900,31.7000,6.8900,1.9550,12.9800,16.4000,4.4500,14.7400,17.6300,8.1100,1.3100,16.1400,3.8700,8.3700,3.0700,4.1500,4.4700,1.1550,21.6500,27.3700,15.3400,9.3300,3.5200,3.7500,4.7200,9.6600,39.7700,5.6300,2.1700,4.6200,8.6100,15.5400,1.5300,22.8800,7.6100,159.4800,60.0000,10.2300,3.5300,3.9000,1.9500,2.3100,70.8100,1.9600,29.6400,2.2600,11.9600,6.9600,6.7000,8.8600,7.4600,0.7700,1.9550,8.2300,5.0400,12.8300,5.6200,3.0400,0.7600,23.4100,1.5950,13.8500,5.2100,8.5500,22.9600,50.7600,4.7800,5.2000,11.7000,2.4800,0.6600,56.6200,117.8300,14.9000,2.4300,1.6350,3.5200,34.7600,97.4900,3.8400,7.8200,2.5800,20.2000,17.9700,30.7800,3.7800,2.5400,4.7200,3.2700,10.3000,9.3100,0.9700,11.1300,5.3100,3.8200,5.4900,4.6700,12.5500,12.8900,1.7550,2.2100,2.7700,1.8650,1.4150,27.3100,2.4800,4.8500,44.1400,10.4500,54.6400,34.5800,33.2700,13.3100,73.5900,6.0800,6667.7998
11/10/2022 0:00,1.8300,0.6350,17.1700,25.9000,0.2100,4.9000,6.2700,1.1050,2.3800,0.9750,1.4600,7.7500,32.9700,4.6200,4.2000,12.9800,4.5300,8.9700,2.6500,21.6000,24.0800,6.9000,10.8300,35.2300,1.2550,1.1450,30.3800,23.9500,9.4600,27.1200,8.7200,34.3800,67.6400,6.2100,19.6600,6.3400,3.5300,7.2500,6.8300,6.3200,1.5450,0.7400,8.1800,39.9200,16.2500,2.7900,2.5400,11.4900,17.8200,21.5100,3.6800,3.2400,18.8600,2.6400,6.0600,5.1500,11.8000,4.0200,3.7700,6.7900,2.6900,193.8300,16.4000,94.0000,25.3800,1.9350,17.0400,282.8600,4.5200,0.9800,4.1200,7.5500,10.0700,3.0900,51.8700,4.6000,11.2100,32.3900,6.8400,1.9300,13.0000,16.3200,4.4000,14.8000,17.2400,7.9200,1.2850,15.8800,3.8400,8.7200,3.0600,4.1100,4.4600,1.1550,21.4800,27.9500,15.5700,9.5100,3.5600,3.7300,4.7300,9.6400,39.2500,5.9600,2.1600,4.4900,8.4800,15.5900,1.5550,22.3800,7.8100,158.5600,60.0100,10.2000,3.5500,3.8900,1.9500,2.3100,72.7800,1.9200,29.4900,2.2600,12.0500,7.0500,6.6000,8.8700,7.5100,0.7850,1.9500,8.1800,5.1900,13.3900,5.6200,3.0400,0.7750,23.1900,1.6000,13.9800,5.2400,8.4100,22.9400,50.9600,4.8000,5.2400,11.7300,2.5200,0.6300,57.1600,116.9500,14.5300,2.4000,1.6100,3.5000,34.4700,96.9000,3.6900,7.7200,2.5800,19.8900,18.2200,30.5500,3.6700,2.5800,4.7300,3.2400,10.3200,8.9900,0.9450,11.0000,5.3000,3.8300,5.4900,4.6000,12.6100,12.9200,1.7650,2.1500,2.7400,1.8650,1.4300,27.0700,2.4900,4.8700,44.0200,10.3700,53.9200,33.7500,33.2100,13.3700,72.8500,6.0200,6645.0000
12/10/2022 0:00,1.8250,0.6450,17.1600,25.6200,0.2300,4.9000,6.2800,1.1350,2.3300,1.0300,1.4550,7.6900,32.8700,4.6900,4.2400,12.8000,4.5500,8.8500,2.6100,22.4100,24.3500,6.7700,10.8800,34.9000,1.2450,1.1400,29.9100,24.7500,9.2200,27.5900,8.6300,34.0300,66.4200,6.3200,19.6900,6.3400,3.5000,7.2600,7.5900,6.3500,1.5100,0.7300,8.4100,39.5400,16.0600,2.7500,2.5300,11.4200,18.0400,21.6200,3.7100,3.2700,18.6500,2.6800,6.2400,5.0600,11.8100,4.0500,3.7700,6.8400,2.7000,189.9200,16.3500,96.2900,24.9800,2.0900,16.8900,279.7000,4.4800,0.9750,4.0900,7.6700,9.8300,3.0000,52.1200,4.6600,11.2200,32.4800,6.7900,1.9300,13.0300,16.2800,4.4000,14.8800,16.7600,7.8400,1.2650,15.9600,3.9200,8.7600,3.0600,4.1200,4.5000,1.1900,21.4000,27.8100,15.6800,9.2600,3.5900,3.8100,4.7100,9.6700,39.4200,5.9700,2.1300,4.4600,8.2400,16.0900,1.5600,22.3800,7.6400,158.3400,59.8000,10.4200,3.5200,3.8200,1.9400,2.2600,70.1200,1.9250,29.8800,2.3000,12.0600,6.9400,6.6500,8.7500,7.5100,0.7600,1.9400,8.0700,5.1700,13.4200,5.5100,3.0000,0.7550,23.9400,1.6050,13.9300,5.1700,8.6000,23.1300,51.1000,4.8500,5.1700,11.6700,2.4900,0.6250,56.6900,114.6300,14.4400,2.4400,1.5600,3.5000,34.2400,95.0800,3.6800,7.5300,2.6300,19.5600,17.8100,30.2900,3.7000,2.6600,4.7200,3.2700,10.3200,9.0100,0.9600,10.9800,5.1400,3.8200,5.4400,4.6000,12.5600,12.8200,1.7800,2.1700,2.7000,1.8750,1.4300,26.9500,2.5300,4.9800,44.1300,10.6800,54.7600,33.1100,32.9400,13.1700,70.8600,5.9800,6647.5000
13/10/2022 0:00,1.7950,0.6550,16.8100,26.0000,0.2250,4.9000,6.4700,1.1150,2.3300,1.0500,1.4300,7.2900,32.2400,4.6200,4.1300,12.8000,4.5400,8.7500,2.6400,23.0700,26.2000,6.7100,10.7700,34.8600,1.2600,1.1450,29.7800,25.2700,9.2100,26.7800,8.6800,34.0200,65.9900,6.2900,19.2200,6.4200,3.5300,7.2400,7.6100,6.3000,1.5200,0.7150,8.4500,39.2300,15.9900,2.6600,2.5900,11.3000,18.0400,21.3600,3.6700,3.2800,18.5800,2.6800,6.1300,4.9300,11.5000,4.0200,3.6900,6.8500,2.6500,186.2000,16.2300,98.1300,24.7400,2.0700,16.4400,276.4300,4.5200,1.0050,4.1800,7.4500,9.2600,2.9600,53.0200,4.6800,11.3500,32.5000,6.7100,1.9450,12.9600,16.2700,4.3500,14.7200,16.9900,7.5200,1.3000,15.7400,3.8500,8.2100,3.0700,4.1500,4.4600,1.1600,21.5400,27.9200,15.3800,9.3400,3.5600,3.7200,4.6900,9.7300,40.2500,5.8400,2.0600,4.7400,8.0700,15.9900,1.5200,22.0000,7.5500,157.2000,60.8000,10.7500,3.5200,3.7800,1.9250,2.2500,69.1000,1.8700,30.5900,2.3000,11.9900,6.7200,6.7200,8.5400,6.6100,0.7400,1.8950,8.1300,5.0600,13.3300,5.4700,3.0000,0.7650,24.5100,1.6050,14.0200,4.9400,8.5700,23.1800,50.0500,4.8000,5.6200,11.6400,2.4300,0.6450,56.7500,111.9700,14.1900,2.3800,1.5900,3.4800,33.7500,95.6400,3.6400,7.4700,2.5600,19.8000,17.4400,29.9900,3.7500,2.5900,4.6500,3.2300,10.2200,9.0600,0.9650,11.1000,5.3500,3.8000,5.3700,4.5900,12.4400,12.6800,1.7300,2.1000,2.6800,1.8650,1.4400,26.9900,2.5200,4.9200,44.1100,10.6000,53.4600,32.6500,32.9100,13.0200,71.7500,5.9600,6642.6001
14/10/2022 0:00,1.8400,0.6650,17.5800,26.3200,0.2250,4.9000,6.4100,1.1400,2.3900,1.0700,1.4350,7.2300,32.9000,4.8500,4.1500,13.1100,4.6000,8.8100,2.6200,23.5000,25.5000,6.8300,11.1300,35.3700,1.2450,1.1900,31.0000,25.3600,9.5000,26.7700,8.7600,34.9300,68.0500,6.2800,19.6100,6.4100,3.5400,7.2500,7.7300,6.2400,1.6050,0.7050,8.5800,40.0200,16.2700,2.7200,2.5700,11.5200,18.1100,21.7100,3.6900,3.2000,18.9200,2.7000,6.3800,4.9700,11.6100,4.0800,3.7700,6.9800,2.6700,195.6000,16.6400,98.9000,25.3900,2.0900,16.5700,280.4300,4.6000,0.9900,4.2600,7.5900,9.2600,3.0800,57.0500,4.7800,11.4900,32.1000,6.8700,1.9450,13.0300,16.7000,4.4000,15.1100,17.1100,7.5500,1.2900,16.0100,3.9200,8.3500,3.1000,3.9900,4.4500,1.1750,22.0000,28.2500,15.3200,9.3200,3.6500,3.7500,4.8100,9.9100,41.1700,5.9800,2.1500,4.7400,8.1400,16.1700,1.6350,22.2100,7.5100,160.9100,59.6800,11.0200,3.5200,3.8600,1.9200,2.3000,70.9500,1.9000,31.0800,2.3200,12.3200,6.6800,6.8600,8.6200,6.9100,0.7500,1.9650,7.9800,5.1900,13.6400,5.7400,3.0900,0.7750,25.7600,1.5850,14.2300,4.6900,8.7600,23.3800,51.5300,4.8000,5.8000,12.2300,2.5100,0.6250,56.9900,114.6100,14.4200,2.4300,1.5950,3.5000,34.1400,96.6100,3.7300,7.8000,2.6200,20.2800,17.6100,30.5500,3.8400,2.6900,4.7300,3.2600,10.7700,9.1000,0.9550,11.2800,5.4100,3.8400,5.3100,4.6400,12.5400,12.6900,1.7600,2.3000,2.7900,1.8450,1.4450,27.3100,2.5800,5.0300,44.8700,10.8200,55.2700,33.9500,33.7600,13.6600,72.0000,6.0700,6758.7998
17/10/2022 0:00,1.4350,0.6600,17.4300,26.4100,0.2250,4.9000,6.2000,1.1300,2.3800,1.0650,1.3800,7.1700,31.4000,4.5900,4.1000,12.9000,4.5500,8.8200,2.6100,23.4300,24.9600,6.6600,11.0800,35.0600,1.2150,1.1650,30.3000,25.4100,9.5500,26.4900,8.8300,34.1200,67.1300,6.3600,19.3000,6.3600,3.5100,7.3400,7.6700,6.2500,1.5450,0.6850,8.5800,39.0900,16.0500,2.5600,2.5900,11.5600,17.7100,22.2500,3.7000,3.1300,19.0700,2.7000,6.2500,4.7900,11.6800,4.0000,3.7600,6.9200,2.6600,193.6300,16.4000,98.0900,25.0800,2.0600,16.2000,276.8300,4.3100,0.9600,4.1900,7.5200,9.3500,3.0900,56.6300,4.6100,11.3500,32.9900,6.9700,1.9000,13.0100,17.1100,4.2900,14.6000,16.9100,7.1900,1.2200,16.0300,3.8800,8.3500,3.1100,3.9300,4.3900,1.1700,22.0800,27.8000,15.0700,9.1500,3.5500,3.7200,4.8900,9.8200,40.6300,6.0700,2.1000,4.5800,7.8200,16.4200,1.7150,22.1900,7.3900,154.2100,57.4000,10.7500,3.4000,3.8000,1.9350,2.2600,68.9200,1.8900,30.7800,2.3200,12.0400,7.0000,6.8700,8.5900,6.7200,0.7400,1.9700,7.6600,5.1300,13.4100,5.6200,3.0200,0.7650,24.7000,1.5450,13.8700,4.7900,8.1500,23.3500,51.1200,4.7000,5.8300,11.7300,2.4900,0.6000,56.0400,114.8100,14.0200,2.3900,1.5300,3.4100,33.8700,94.1400,3.6600,7.5700,2.5900,20.0900,17.5000,30.4500,3.7600,2.6000,4.6500,3.2300,10.4300,9.2300,0.9450,11.3600,5.5900,3.7900,5.2700,4.6400,12.2800,12.7000,1.7500,2.2600,2.7400,1.7500,1.4250,27.3900,2.5600,4.9600,44.3500,10.8000,55.0900,33.1300,33.1200,13.3900,72.5000,5.8200,6664.3999
18/10/2022 0:00,1.3700,0.6950,17.6400,27.2300,0.2150,4.7600,6.4400,1.1400,2.4500,1.1500,1.4300,7.2400,32.4700,4.8500,4.1900,13.0200,4.6400,8.9000,2.6300,23.9800,25.0000,6.7200,11.2600,36.0400,1.2700,1.1700,30.8600,25.6500,9.5600,27.4800,8.8000,34.9000,67.5400,6.4100,19.6000,6.4500,3.5500,7.3400,7.7000,6.3500,1.5400,0.7000,8.7700,39.6300,16.3900,2.5500,2.6500,11.5900,18.5500,22.0800,3.7500,3.2600,19.6500,2.7500,6.4200,4.9800,12.1800,4.1200,3.8700,6.9800,2.7100,199.0700,16.5700,99.7800,25.1700,1.9700,16.7800,275.7000,4.4600,1.0200,4.2200,7.6600,9.5100,3.2300,59.7000,4.6600,11.6000,32.0500,7.1200,2.0000,13.3400,17.6300,4.4800,15.2400,17.0700,7.2800,1.2650,16.6200,4.0300,8.4900,3.1800,4.0100,4.6300,1.1850,25.2100,28.6900,15.3700,9.2400,3.6000,3.8900,4.8900,9.9000,41.8900,6.3500,2.1100,4.6700,8.2800,16.9000,1.7850,22.6500,7.6700,162.3200,58.2700,11.1800,3.5000,3.9000,1.9350,2.2900,69.4900,1.9600,31.2300,2.3700,12.7500,7.5000,6.9100,8.9900,6.7400,0.7600,2.0000,8.0900,5.3500,13.5500,5.7200,3.0200,0.8000,25.2900,1.6100,14.4400,4.8000,8.5800,23.8400,53.2900,4.7400,5.9000,11.9500,2.5600,0.6050,58.1800,117.9300,14.8300,2.4600,1.5750,3.5900,34.3500,94.2700,3.8000,7.4800,2.6600,21.5300,17.6900,31.1000,3.8500,2.6900,4.6700,3.3300,10.6200,9.5000,0.9550,11.9400,6.2100,3.8500,5.3400,4.6800,12.5500,12.9600,1.7950,2.4100,2.7600,1.7300,1.4350,27.6700,2.5900,5.1500,44.9000,10.4100,57.7200,32.8800,33.3600,13.5100,76.7700,5.8300,6779.2002
19/10/2022 0:00,1.4050,0.6900,17.7400,27.0900,0.2950,4.7600,6.5200,1.1350,2.4500,1.1550,1.3900,7.3300,33.1600,4.5900,4.0200,12.9800,4.6400,9.0000,2.6600,23.6500,24.8600,6.7200,11.2300,36.6100,1.2650,1.1850,30.6900,25.8300,9.8800,27.8500,8.8600,35.7400,67.0800,6.6700,19.9200,6.5000,3.5800,7.3100,7.7000,6.3400,1.5250,0.6900,8.7500,39.2500,16.4000,2.6200,2.6400,11.5400,18.9900,22.1300,3.7400,3.2400,19.5900,2.7300,6.4700,4.9800,12.2600,4.1100,3.8700,7.0300,2.7600,201.3400,16.5500,100.4800,25.2100,1.9700,17.2400,276.9600,4.5500,1.0000,4.2700,7.7200,9.5100,3.2400,60.7400,4.6100,11.6400,33.0000,7.2900,2.0100,13.6200,17.6200,4.5700,15.2400,17.2100,7.3000,1.2700,16.7100,4.0300,8.2600,3.1800,3.9900,4.5200,1.1900,25.4000,29.2800,16.1600,9.3600,3.6900,3.8500,4.8900,9.9900,41.4200,6.2900,2.0400,4.6900,8.2500,16.8600,1.8450,23.0300,7.8300,162.3400,58.0100,10.8200,3.5050,3.9500,1.9050,2.2900,72.2900,1.9500,31.6600,2.4200,12.4400,7.5200,6.9300,9.1900,6.8500,0.7500,2.0000,8.0300,5.4400,13.7300,5.6400,3.0800,0.8100,25.6400,1.5900,14.2400,5.0800,8.8000,23.8900,54.0100,4.7000,6.0000,12.0200,2.5500,0.6200,58.3100,119.8500,14.9400,2.4900,1.5550,3.6300,34.6300,94.0100,3.7800,7.3800,2.6400,21.1200,17.6600,31.0500,3.7700,2.6600,4.7200,3.3400,10.6300,9.4600,0.9600,12.1600,6.4300,3.8800,5.3900,4.7300,12.6800,13.0500,1.8000,2.3800,2.7900,1.7100,1.4600,27.3500,2.5800,5.2700,44.6800,10.5200,57.7400,32.5500,33.4500,13.5900,76.4200,5.8000,6800.1001
20/10/2022 0:00,1.5000,0.6950,17.7100,26.6800,0.2750,4.7300,6.4300,1.1150,2.4600,1.1200,1.3400,7.2600,32.2500,4.6700,4.2100,12.5800,4.6300,9.0000,2.5800,23.9200,24.1300,6.6700,10.9300,33.9900,1.2350,1.1650,31.0900,25.8300,9.6700,26.5100,8.7100,35.0000,66.3800,6.5200,19.5100,6.6300,3.5400,7.2700,7.6200,6.1500,1.5550,0.6900,8.6600,38.3500,15.9400,2.5300,2.6100,11.3100,18.2800,21.6200,3.7100,3.1200,19.1000,2.7000,6.7700,4.7600,12.0200,4.0500,3.8200,6.9600,2.6300,194.8000,16.5800,100.7700,24.6100,1.9550,17.0000,271.6400,4.3900,0.9850,4.2200,7.6200,9.5000,3.1100,58.9700,4.4000,11.0500,32.0800,7.3200,1.8500,13.6400,16.8500,4.4100,15.3400,16.5200,7.0200,1.2250,16.5200,4.0000,7.8500,3.1300,3.9100,4.4000,1.1650,24.4000,28.2900,15.5700,9.2400,3.5800,3.7500,4.8500,9.9000,40.5300,6.2000,2.0500,4.5500,8.1800,16.2600,1.8400,22.7600,7.5000,157.6900,58.0000,10.3000,3.5050,3.9600,1.9300,2.2800,71.8900,1.9350,31.8900,2.3800,11.8900,7.5100,6.8900,8.9300,6.8100,0.7350,1.9950,7.9000,5.2300,13.5400,5.5200,3.0700,0.8150,24.8900,1.6250,13.8900,4.9700,8.2200,23.1800,51.3200,4.8000,6.0200,12.1600,2.5300,0.6050,57.2600,114.8600,14.6600,2.4500,1.4400,3.4900,33.8700,92.2600,3.2800,7.5300,2.6600,20.5300,17.5100,30.5900,3.6700,2.6200,4.7400,3.3400,10.9600,9.3500,0.9500,11.7200,6.0000,3.8500,5.3500,4.6100,12.5400,12.8300,1.7800,2.2500,2.8100,1.6900,1.4500,27.0100,2.5700,5.1600,44.3400,10.0300,56.3100,34.5600,33.3800,13.7300,72.4600,5.6200,6730.7002
21/10/2022 0:00,1.4650,0.6850,17.3000,26.6000,0.2800,4.9000,6.4300,1.1100,2.4600,1.1200,1.3250,7.2700,31.7400,4.7900,4.2500,12.5200,4.5500,9.0000,2.5900,23.7300,25.0000,6.4700,10.9100,33.9000,1.2650,1.1650,30.7300,25.5500,9.6300,25.6500,8.6500,34.9100,65.5800,6.4100,19.3200,6.6200,3.4900,7.2800,7.5100,6.1300,1.5850,0.6700,8.6600,38.0700,15.7900,2.4900,2.6300,11.1300,18.2000,21.4800,3.7100,3.2000,19.0700,2.6600,6.7000,4.9000,11.7500,4.0100,3.8200,6.9200,2.5800,193.2900,16.3300,99.2800,24.6300,2.0600,16.7400,267.5000,4.3500,0.9950,4.2100,7.5000,9.4900,3.0800,58.1700,4.3700,10.9800,32.4000,7.4000,1.8100,14.1200,16.5500,4.3600,15.3600,16.3600,6.8600,1.2450,15.9200,3.9500,7.9500,3.0900,3.9400,4.1600,1.1600,23.9800,28.0000,15.8200,9.2700,3.5400,3.6500,4.7500,9.6100,40.4000,6.1300,2.0700,4.3600,8.1300,15.9600,1.8550,22.7900,7.4400,157.6900,57.9000,10.0100,3.5050,3.9000,1.9150,2.2800,74.1000,1.9150,31.4000,2.3500,11.4300,7.4900,7.4200,8.7500,6.7000,0.7100,1.9600,7.9600,5.2500,13.3600,5.2800,3.0600,0.8200,24.2300,1.7200,13.7800,5.0700,7.9700,23.2000,51.9100,4.8000,5.8400,11.8200,2.4800,0.6200,56.4400,113.2700,14.5500,2.4400,1.4300,3.4000,34.5200,91.5000,3.3400,7.6000,2.6200,20.0300,17.3300,30.7900,3.7200,2.7600,4.6700,3.3000,10.7200,9.3200,0.9550,11.8400,6.7600,3.7900,5.3200,4.5400,12.3400,12.6500,1.7650,2.2500,2.8500,1.6700,1.4500,27.1600,2.5100,5.1300,43.2900,10.4900,56.0700,35.4700,32.9300,13.4200,73.2800,5.9500,6676.7998
24/10/2022 0:00,1.4900,0.6900,17.7500,26.8800,0.3100,4.8700,6.4300,1.1350,2.4600,1.1600,1.3200,7.4000,32.9300,4.8300,4.2400,12.7700,4.5900,8.8700,2.6800,23.8700,25.0000,6.5600,11.0800,34.7000,1.3000,1.1850,31.2800,25.5900,9.8400,26.6500,8.7300,35.4900,66.3900,6.4400,19.5500,6.6700,3.5000,7.2400,7.5300,6.2000,1.5650,0.7200,8.8100,39.0600,16.2700,2.5500,2.6700,11.1600,18.8200,21.6300,3.7300,3.3300,19.5400,2.7200,6.8000,5.1900,12.1000,4.0600,3.8400,7.0600,2.5700,195.9200,16.4800,100.4800,24.5700,2.0800,16.5800,273.0500,4.4500,1.0500,4.2600,7.6000,10.0100,3.1600,59.7800,4.3700,11.4500,32.8300,7.4000,1.9500,14.0800,16.9400,4.4300,15.2100,16.7700,7.1000,1.3250,16.2900,3.9500,7.8500,3.0900,4.0100,4.1800,1.1850,24.8600,28.5400,16.0900,9.4800,3.6300,3.7200,4.8500,9.5900,41.2200,6.3700,2.0700,4.5000,8.1800,16.5200,1.8800,22.8000,7.8600,161.4600,56.0000,9.9500,3.5050,3.9500,1.9500,2.3000,76.0800,1.9350,31.6300,2.3900,11.8300,7.6700,7.1000,9.0200,6.7700,0.7250,1.9750,8.3600,5.3800,13.7100,5.3700,3.1000,0.8500,24.6300,1.7650,14.0800,5.3800,8.3000,23.3000,52.5600,4.7200,5.8300,11.8800,2.5100,0.6250,56.8000,117.9400,15.1000,2.4700,1.5050,3.5900,35.1900,92.5900,3.4900,7.5900,2.6300,20.6300,17.5800,31.1500,3.6500,2.8800,4.7800,3.3300,10.8400,9.4100,0.9500,12.0700,6.9700,3.8100,5.4300,4.5800,12.5300,12.6400,1.7800,2.2700,2.8600,1.6700,1.4900,27.4900,2.5700,5.1000,44.1800,10.8500,56.8500,35.6100,33.3200,13.9100,75.8700,5.9000,6779.3999
25/10/2022 0:00,1.4900,0.6950,17.9700,27.1700,0.2850,4.8700,6.2000,1.1200,2.5000,1.1500,1.3550,7.2000,33.1900,4.7000,4.1700,12.2400,4.6100,8.5400,2.6300,23.9000,24.9800,6.5400,11.1000,34.5800,1.2850,1.1950,27.3500,25.7000,9.8800,27.2900,8.7100,36.1700,66.2800,6.5000,19.8800,6.6300,3.5400,7.2300,7.6300,6.3500,1.5600,0.7300,8.8800,38.5000,15.7000,2.5900,2.5600,11.1700,19.4300,21.8400,3.7600,3.3200,19.6100,2.8000,6.8100,5.0200,12.4100,4.1300,3.8900,7.1000,2.6100,196.0800,16.6000,101.7800,24.6800,2.0200,16.9900,276.0000,4.5200,1.0500,4.3300,7.6700,10.0900,3.2200,58.5400,4.3700,11.7400,32.7600,7.3200,1.9350,14.3200,17.1900,4.4300,15.8500,16.2600,7.2600,1.3250,16.5600,4.0300,7.7400,3.1600,4.0500,4.2800,1.2100,24.8900,28.8100,15.9100,9.2000,3.6200,3.7600,4.8500,9.6700,42.0200,6.4200,2.0700,4.6800,8.1900,16.8700,1.9700,23.0000,7.8700,165.0000,56.3000,10.0300,3.5050,3.9600,1.9500,2.3500,74.7500,1.9600,31.9500,2.4200,11.7900,7.3800,6.6600,9.0300,6.7600,0.7100,2.0800,8.2700,5.3900,13.6400,5.3700,3.1200,0.8250,24.5300,1.7450,14.2400,5.3600,8.4400,23.7100,53.7800,4.8000,5.9400,12.0100,2.5300,0.6250,57.2100,119.5500,14.6300,2.5600,1.4850,3.1100,35.2000,91.3200,3.3400,7.6600,2.6800,21.1000,17.6500,31.5900,3.6000,2.9700,4.9000,3.3800,11.0400,9.6100,0.9750,11.8800,7.0500,3.8700,5.3800,4.6900,12.6100,12.7300,1.8150,2.3000,2.7600,1.6850,1.4950,27.5800,2.6200,5.1400,44.5900,10.3600,56.8200,35.2800,33.3800,13.9500,76.4000,5.7200,6798.6001
26/10/2022 0:00,1.5200,0.6800,17.9200,27.6100,0.2850,4.9000,6.5800,1.1250,2.5400,1.1500,1.3600,7.3500,33.3200,4.8700,4.1700,12.6600,4.6300,8.5400,2.6200,24.0100,25.0000,6.6200,11.1600,34.4000,1.3350,1.1900,27.3100,25.8400,10.2600,27.9700,8.8300,36.7100,66.3500,6.5400,19.7500,6.6900,3.5800,7.2700,7.7000,6.3500,1.5650,0.7500,8.9800,38.5400,16.0400,2.6500,2.6800,11.2200,19.5200,22.0000,3.8600,3.2800,19.7600,2.9100,6.8200,5.0000,12.7500,4.3000,3.9100,7.0900,2.6400,197.4600,16.1600,102.0000,24.5500,1.9300,17.1800,275.3100,4.6100,1.0900,4.3500,7.8300,10.1500,3.2600,59.9300,4.4100,11.9000,32.2100,6.9800,2.0000,14.4200,17.2500,4.5500,16.1700,16.1300,7.6500,1.3600,16.9500,4.1500,7.6800,3.2300,4.0600,4.3400,1.2400,24.3000,28.8100,16.4400,9.3500,3.6200,3.7700,4.8200,9.6900,42.8100,6.5300,2.0900,4.6600,8.4100,16.8700,1.9350,23.1900,7.9000,166.0000,56.3000,10.0000,2.8700,3.9400,1.9300,2.3700,76.9000,2.0000,32.0700,2.4600,11.7300,7.1600,6.1900,9.1000,6.7600,0.7100,2.0700,8.5600,5.6300,13.7600,5.4300,3.1000,0.8400,24.5100,1.7850,14.4300,4.9800,8.3700,24.0600,55.0500,4.8100,5.8600,12.1500,2.5500,0.6550,58.2200,118.9700,14.8800,2.6300,1.4600,3.1200,35.4200,91.8600,3.4300,7.6100,2.7600,21.1600,17.7500,32.2400,3.6400,2.8700,4.8800,3.4800,10.9900,9.7300,0.9850,11.7100,7.1300,3.8900,5.2700,4.7600,12.8300,12.6400,1.8600,2.3600,2.7200,1.6950,1.4800,27.7900,2.6800,5.1800,44.3800,9.5200,56.8300,34.9000,32.3300,14.1000,77.2400,5.4600,6810.8999
27/10/2022 0:00,1.5650,0.6900,17.7800,27.9700,0.2800,4.9000,6.5900,1.1000,2.5200,1.1800,1.3800,7.4400,32.9900,4.9200,4.1100,12.7600,4.5900,8.7100,2.6800,23.7700,24.9900,6.6700,11.2600,34.5500,1.3850,1.1900,27.5000,24.9900,10.1300,27.9800,8.8300,36.4700,66.7000,6.6200,19.8700,6.7000,3.5900,7.2400,7.3300,6.5000,1.6050,0.7700,8.8900,39.4600,16.2700,2.7700,2.6700,11.2800,19.7600,22.1000,3.9300,3.4400,19.7500,2.9800,6.8400,5.2400,12.7200,4.2900,3.9600,7.1400,2.6400,198.2100,16.2100,102.4200,24.6900,1.9400,17.4700,275.9500,4.7200,1.1050,4.4000,7.7300,10.3600,3.2800,60.4300,4.3800,12.0900,32.2100,7.0000,2.0800,14.2900,17.4800,4.5500,16.2900,16.0700,7.6900,1.4300,16.9300,4.1600,7.8500,3.1900,4.1100,4.3500,1.2550,24.9700,28.6300,16.3100,8.7600,3.6500,3.8200,4.8700,9.7100,42.9800,6.5300,2.1300,4.6300,8.4500,16.8500,1.9400,24.0200,8.3400,166.5400,56.7600,9.9300,2.8700,3.9900,1.9000,2.3600,76.5800,1.9550,31.9000,2.4700,11.8000,7.2500,6.3100,9.1300,6.6700,0.7500,2.0500,8.9300,5.5800,13.7100,5.4900,3.1000,0.8400,24.4900,1.8850,15.0900,5.1100,8.0900,24.0800,55.1600,4.8700,5.8300,12.2800,2.5600,0.7100,57.7800,118.5400,15.2100,2.6900,1.5600,3.1700,35.7000,92.6000,3.6700,7.7600,2.7700,21.1300,17.9500,32.0700,3.7500,2.8700,4.8700,3.4500,11.1700,9.9900,0.9850,11.8900,6.9500,3.8500,5.2900,4.7300,12.9900,12.6000,1.8700,2.4100,2.7400,1.6850,1.5050,27.8800,2.7200,5.2000,44.5400,9.8300,57.1800,36.0000,32.5600,14.0300,76.7400,5.5500,6845.1001
28/10/2022 0:00,1.5600,0.6900,17.7900,27.7500,0.2550,4.9000,6.5700,1.0900,2.5200,1.1600,1.3650,7.6000,33.4600,4.9700,4.3700,12.2600,4.6200,8.8100,2.7300,23.9900,25.3100,6.8000,11.1600,34.1000,1.3500,1.2050,27.1200,25.2100,10.4200,26.9800,8.8300,36.3100,65.2500,6.6000,20.1600,6.8200,3.6400,7.2400,7.3400,6.4400,1.5950,0.7300,8.9800,37.4800,15.7000,2.8200,2.6400,11.3800,19.1300,21.9700,3.9800,3.4600,19.8400,2.9900,6.8800,4.7600,12.6100,4.3100,3.9900,7.1300,2.6400,197.0800,16.2700,103.2200,24.5400,1.8600,16.8900,274.2500,4.7000,1.0700,4.1700,7.7500,10.5500,3.2300,62.0800,4.3900,11.8600,33.3800,7.0400,2.0900,14.5200,17.4600,4.5100,16.3000,14.7600,7.6000,1.4000,16.7500,4.2200,7.7600,3.2300,4.0300,4.4500,1.2600,24.3000,28.9900,15.5300,8.4500,3.6500,3.8000,4.8800,9.7000,41.9000,6.4900,2.1500,4.5100,8.7800,16.8300,1.8600,23.1900,8.1100,166.5000,56.0000,9.6400,2.7900,4.0100,1.8900,2.3000,71.6500,2.0000,32.0000,2.4900,11.5400,7.2400,5.7000,8.7700,6.5200,0.7000,2.0200,8.9300,5.5000,13.7800,5.4100,3.0600,0.8450,24.5000,1.8400,15.1900,4.8700,7.8000,23.7100,53.8400,4.8800,5.7600,12.2300,2.6900,0.7400,57.8900,118.1300,14.8300,2.6800,1.5500,3.1000,33.9100,88.5500,3.5400,7.7700,2.8800,21.2100,17.9500,32.2900,3.6000,2.8000,4.9500,3.5200,11.3600,10.0400,0.9700,11.7300,6.8500,3.8600,5.2500,4.8100,13.2700,12.6900,1.9500,2.3800,2.7500,1.6800,1.5100,27.9900,2.7400,5.2000,44.0400,9.4200,56.2200,36.0000,32.7800,14.1800,74.6300,5.3300,6785.7002
31/10/2022 0:00,1.5750,0.7100,18.0900,28.2300,0.2250,4.9000,6.6000,1.1300,2.5500,1.1500,1.4400,7.8700,34.0000,5.4300,4.4900,12.2200,4.6500,8.6900,2.7700,24.1100,25.7500,6.8100,11.4400,35.4100,1.3500,1.2600,27.2300,25.5600,10.5100,29.0100,8.9000,37.0700,67.7000,6.5900,20.6800,6.9600,3.6200,7.2100,7.3600,6.6200,1.5900,0.7400,9.0100,37.3600,15.7300,2.8800,2.6300,11.6800,19.8500,22.1300,4.0800,3.3900,20.3200,3.0300,7.0200,4.6800,12.9400,4.3500,4.0100,7.6100,2.7000,199.7100,16.3300,104.6800,25.2700,1.8600,17.4700,280.4800,4.6300,1.0600,4.0900,7.7600,10.7700,3.3400,63.7500,4.4900,12.3900,34.1800,7.1500,2.0800,14.9400,17.8800,4.6400,16.6500,14.7000,8.0400,1.3550,17.0000,4.3100,8.3700,3.3200,4.1600,4.8000,1.2800,25.3400,29.5900,15.2900,8.6500,3.7500,3.9200,4.9000,9.9400,42.9100,6.5000,2.1200,4.6700,8.6900,17.5500,1.8850,24.4000,8.3300,169.5000,57.2000,9.9300,2.8100,4.1000,1.8950,2.3400,73.1300,2.0700,32.4200,2.6100,12.1600,7.3300,5.6500,8.3200,6.6700,0.7300,2.0600,8.7400,5.5700,13.8800,5.5700,3.0300,0.8500,24.9000,1.8250,15.4700,5.0900,8.1400,25.0300,55.8200,4.8000,5.8400,12.2400,2.7200,0.7350,58.5700,121.5900,15.5300,2.7200,1.5250,3.2100,34.0500,88.2000,3.4800,7.7000,2.9000,21.5900,18.3400,32.7700,3.6000,2.8800,5.0600,3.6000,11.4100,10.2800,0.9650,12.0500,6.9300,3.9200,5.2600,4.9000,13.2600,12.9500,1.9450,2.4200,2.8300,1.6850,1.5200,27.9400,2.7300,5.2800,45.4600,9.0300,58.1600,35.9800,33.0200,14.2700,78.0700,5.1600,6863.5000
1/11/2022 0:00,1.6700,0.7200,18.1600,28.5500,0.2950,4.8300,7.1300,1.1050,2.5400,1.1150,1.4350,7.9000,34.6800,5.3000,4.4900,12.5600,4.6800,8.7700,2.7700,24.3200,25.3300,7.1200,11.7100,36.0200,1.4000,1.2600,27.8500,25.9600,10.5900,28.6500,8.9000,37.7200,67.1200,6.6500,21.0300,6.9500,3.6800,7.2700,7.4300,6.8100,1.6350,0.7600,9.1400,38.4200,16.1600,2.8800,2.6600,11.5600,20.4500,21.6300,4.0900,3.4700,20.7700,3.0200,7.1500,4.8200,13.4400,4.4200,4.0800,7.3400,2.7700,200.6600,16.4400,106.0500,25.5000,1.9300,17.9300,283.2600,4.6900,1.0950,4.1500,7.9300,10.4400,3.4200,63.3900,4.5600,12.8800,34.3500,7.2100,2.0900,15.2400,18.3000,4.7500,16.9200,15.5000,8.1700,1.3850,17.6500,4.4200,8.8800,3.3500,4.2300,4.9900,1.3000,25.8100,29.3800,15.3400,8.7800,3.8400,3.9800,4.9800,10.0800,43.5700,6.6800,2.1900,4.8800,8.7100,17.7400,1.9350,24.7700,8.6400,172.0000,57.4300,10.1400,2.8500,4.0900,1.9100,2.3600,73.7100,2.1100,32.7000,2.6000,12.4000,7.5500,5.6300,8.7700,6.8500,0.7850,2.1200,8.8400,5.7200,14.2100,5.7900,3.1000,0.8600,25.4900,1.8500,15.5900,5.3100,8.5700,25.6300,57.1100,4.9500,6.0000,12.5200,2.7600,0.7750,58.5900,121.1500,15.4900,2.7400,1.5650,3.2600,34.7600,90.4900,3.6200,7.8500,2.9500,22.0200,18.9500,33.0500,3.7200,2.7500,5.1100,3.6200,11.6500,10.4200,0.9750,12.3400,7.0000,3.9300,5.2000,4.9000,13.4600,13.0300,1.9700,2.4400,2.9000,1.7000,1.5200,28.1900,2.7700,5.3500,46.0900,9.1500,59.2300,36.8100,33.4700,14.6600,78.2800,5.0000,6976.8999
2/11/2022 0:00,1.7150,0.7300,17.3800,28.9200,0.2550,4.8300,6.7000,1.1050,2.5400,1.1500,1.4400,8.0000,34.1100,5.3000,4.3700,12.7600,4.6400,8.8500,2.7500,24.5000,25.3800,7.2300,11.6100,35.9200,1.4550,1.2800,27.6100,25.9800,10.6700,28.5800,8.9200,37.3400,67.5300,6.6200,21.1500,6.9800,3.6600,7.2500,7.4300,6.8300,1.6500,0.7700,9.1700,39.2400,16.8200,2.8200,2.7100,11.6500,20.6700,21.2600,4.0900,3.5500,21.1700,2.9900,7.1700,4.9700,13.1900,4.3300,4.0500,7.2000,2.7500,201.4500,16.3100,105.9700,25.6200,2.1000,17.9200,282.7100,4.6600,1.1200,4.1800,7.7500,10.1700,3.4100,60.0100,4.5700,12.8100,34.4800,7.1200,2.0900,14.9900,18.4300,4.7500,17.0700,15.7300,8.1600,1.3850,17.1100,4.3900,8.6000,3.3500,4.1800,4.9500,1.2850,25.7500,29.3100,15.1100,9.0300,3.8500,3.9500,5.0600,9.9900,43.9800,6.7100,2.2500,4.9800,8.5900,17.4100,1.8700,24.8100,8.6800,168.8800,57.9000,10.3800,2.8800,4.0400,1.9150,2.3400,72.4700,2.0800,32.7400,2.6200,12.3000,7.5600,5.7500,8.6700,6.9600,0.7950,2.1300,8.9500,5.8500,14.1700,5.7500,3.0800,0.8700,26.9000,1.8800,15.2300,5.1000,8.6500,25.5700,55.7300,4.8900,5.9800,12.6000,2.7300,0.8150,58.3100,120.8300,15.3100,2.6900,1.5900,3.1100,34.7900,92.6300,3.7700,7.9100,2.9400,21.8900,19.3800,33.0000,3.8000,2.9900,5.1000,3.5200,11.7300,10.4900,0.9700,12.1800,7.0000,3.8900,5.2700,4.7700,13.4500,12.9900,1.9600,2.4600,2.9100,1.7150,1.5300,28.4200,2.7500,5.3600,46.8000,9.5300,57.7500,37.2500,33.2100,14.5400,75.6000,5.1000,6986.7002
3/11/2022 0:00,1.6300,0.7400,17.2200,28.1500,0.2750,4.8300,6.8000,1.1000,2.6200,1.1450,1.3700,7.7900,33.0500,5.1200,4.4300,12.3300,4.6400,9.0700,2.6600,23.9100,25.1300,7.0800,11.3600,35.6400,1.4450,1.2600,27.6700,25.6800,10.3800,27.9200,8.8500,37.3700,66.5700,6.5500,21.1900,6.8900,3.6500,7.2100,7.2600,6.7200,1.6150,0.7450,8.9900,37.9800,15.8700,2.8500,2.6200,11.6900,20.2800,20.7100,4.0100,3.4100,20.9000,2.9300,7.0400,4.7200,13.1000,4.2800,3.9600,7.1600,2.7300,194.4900,16.1400,104.5000,25.9400,2.0900,17.5100,278.3400,4.5300,1.0500,4.0800,7.6000,10.0100,3.3300,52.9800,4.8100,12.3100,34.2000,7.0200,1.9950,14.6400,17.6800,4.6400,16.8900,15.2800,8.0300,1.3200,16.9700,4.3200,8.2500,3.2800,4.0900,4.7900,1.2550,25.7200,28.8000,14.6600,8.8000,3.7200,3.7900,4.9700,9.7300,42.5700,6.6800,2.2000,4.8300,7.8400,16.9500,1.8000,24.2300,8.5500,166.4500,58.4000,9.7900,2.9000,3.9800,1.9000,2.3300,70.2100,2.0300,32.1500,2.5000,12.3100,7.5000,6.0900,8.4600,6.9100,0.7750,2.1100,8.6500,5.6800,14.0800,5.6500,3.0100,0.8250,28.8200,1.7900,15.0200,5.0300,8.4900,24.7400,55.6100,4.9500,5.9500,12.6100,2.7000,0.8000,57.9300,117.9500,14.9400,2.6200,1.5000,3.0900,34.2500,90.5600,3.5800,7.8200,2.8800,21.6600,18.7600,32.2800,3.6800,2.9400,5.0700,3.4600,11.8100,10.1400,0.9600,12.2500,6.7900,3.9400,5.4900,4.7700,13.4000,12.7500,1.9050,2.4200,2.8400,1.7000,1.5350,27.8600,2.7100,5.2600,45.0300,9.4100,57.3000,36.7400,32.0500,14.5000,74.0900,5.2000,6857.8999
4/11/2022 0:00,1.6400,0.7500,17.2000,28.1600,0.2950,4.8300,6.8000,1.1000,2.5900,1.1250,1.4700,7.9300,32.9700,5.3000,4.3500,12.1700,4.7400,9.1200,2.6200,24.1400,25.0300,7.2900,11.3000,35.8800,1.4500,1.2550,28.0900,25.5000,10.4800,27.7100,8.8000,37.1600,67.7400,6.4900,20.6300,6.9300,3.6300,7.2100,7.2900,6.6700,1.6300,0.7500,9.0000,38.5600,16.0400,2.8500,2.6000,11.4000,20.0100,20.9600,3.9500,3.5000,20.8100,2.8900,7.1300,4.8200,13.0900,4.2600,3.9700,7.1500,2.6900,195.3100,16.1800,103.0500,25.9000,2.2700,17.5600,275.6000,4.6900,1.0500,4.1000,7.5600,10.0900,3.3600,54.3300,4.8200,12.2000,34.4000,6.9800,2.0100,14.4500,18.1000,4.6900,16.9400,15.8700,7.9400,1.3150,16.8300,4.2900,8.1900,3.2400,4.0700,4.6900,1.2600,24.8800,28.9900,14.9600,8.8700,3.7600,3.8900,4.9400,9.6200,42.5000,6.5000,2.2600,4.8900,7.7200,16.7600,1.8900,24.2500,8.6100,170.3700,58.5000,9.5600,2.8200,3.9600,1.8900,2.3200,73.5200,2.0600,32.1200,2.4700,12.1400,7.5200,6.4500,8.5700,6.8100,0.7800,2.1100,8.7600,5.6500,14.1600,5.7400,2.9200,0.8450,29.1200,1.8400,14.9300,5.1500,8.3800,24.8200,54.0500,4.9900,5.9700,12.6200,2.6800,0.7550,57.8200,119.1100,14.9700,2.6200,1.4900,3.0600,33.4600,92.8000,3.6300,8.0000,2.8700,21.7700,18.7300,32.1900,3.8100,3.1000,5.0100,3.4900,11.7300,10.0400,0.9400,12.1800,6.9100,3.9000,5.4200,4.8200,13.5000,12.6800,1.9100,2.4400,2.8500,1.6950,1.5350,28.2800,2.6800,5.3200,45.2300,9.9700,57.9600,38.1700,32.5600,15.0200,74.8900,5.3800,6892.5000
7/11/2022 0:00,1.6550,0.7450,17.2300,28.1700,0.3150,4.8300,6.8100,1.1000,2.5800,1.1650,1.4400,7.8700,33.3900,5.2400,4.4700,12.7900,4.7400,9.1200,2.5600,23.1900,25.9900,7.4200,11.3500,34.2700,1.4600,1.2600,28.0000,24.3300,10.6100,27.8800,8.8200,37.0000,68.1600,6.5100,21.2700,7.0100,3.6600,7.2400,7.2200,6.7000,1.6350,0.7900,8.8200,40.4800,16.5300,2.8500,2.5400,11.4500,20.4500,21.1500,3.9300,3.8500,20.7800,2.8800,7.0800,5.0200,12.7600,4.2100,3.9100,7.0900,2.6900,197.4700,16.3100,103.0800,25.7300,2.1100,17.6600,277.1600,4.7700,1.1150,4.1700,7.5100,10.2500,3.2900,57.7000,4.8200,12.3900,34.1600,7.0500,2.1500,14.0400,18.0900,4.6900,16.9800,16.6400,7.8600,1.4050,16.9800,4.1800,8.1400,3.2100,4.0600,4.6600,1.2500,24.4100,29.2000,15.2900,9.0700,3.7200,3.9000,4.9200,9.6300,42.9200,6.4500,2.3000,4.9000,7.8500,17.4000,1.9100,23.9900,8.8700,168.2000,56.8100,9.6300,2.8300,3.9800,1.9000,2.3400,75.3800,2.0500,31.7300,2.4700,12.0900,7.5100,6.4500,8.6100,6.9100,0.8100,2.0900,9.2900,5.5900,13.9300,5.7400,2.9400,0.8400,29.1000,1.8900,14.8500,5.2000,8.3200,24.9700,53.7500,4.8400,6.0400,12.7000,2.7100,0.8050,58.9900,119.0900,15.1400,2.6000,1.5800,3.0300,32.3600,96.2800,3.8700,7.9900,2.8800,21.8500,18.7900,32.3000,3.9500,3.0800,5.0500,3.4800,11.6800,10.1300,0.9500,11.9900,6.9600,3.9200,5.5100,4.8400,13.5500,12.7300,1.9100,2.4400,2.8000,1.6900,1.5300,28.6400,2.7100,5.4700,45.7800,9.9600,54.6100,39.1600,32.8100,15.0000,73.3100,5.2900,6933.7002
8/11/2022 0:00,1.6650,0.7400,17.2800,28.3600,0.3200,4.8300,6.6700,1.0900,2.5600,1.1600,1.5000,7.8400,28.8100,5.0900,4.3400,11.5500,4.7200,9.1200,2.5500,23.6600,25.7500,7.5600,11.3400,34.2900,1.4600,1.2600,27.9700,24.4000,10.8100,27.5500,8.8500,36.9700,68.8800,6.5400,21.6600,6.8900,3.6900,7.3000,7.3000,6.7000,1.6350,0.7600,8.9800,40.3500,16.1800,2.7800,2.5500,11.5900,20.2300,20.6100,3.9500,3.8300,20.8100,2.8600,7.1700,4.9900,12.8100,4.2300,3.9200,7.1700,2.7100,198.3500,16.5900,104.4800,25.8600,2.0300,17.3600,280.7000,4.6600,1.1150,4.1700,7.5200,10.0600,3.2000,57.6300,4.8500,12.1000,34.4300,7.1200,2.1500,14.1100,17.9000,4.5700,16.6600,16.6300,7.6500,1.4200,17.0300,4.2200,8.1100,3.1900,4.0800,4.6200,1.2550,24.1300,29.1100,15.6700,9.0400,3.7000,3.9200,4.9600,9.7200,43.3300,6.3900,2.2400,4.9300,8.0200,17.1400,1.9500,24.3100,8.8500,169.7400,56.5000,9.6700,2.7800,4.0100,1.9250,2.3200,79.1100,2.0500,31.9500,2.4400,12.2800,7.5900,5.9500,8.6400,6.8900,0.8300,2.0600,9.4000,5.5800,14.0900,5.7700,2.9400,0.8450,29.1100,1.8800,14.6000,5.4300,8.1200,24.8500,53.0000,4.9000,6.1300,12.8700,2.7200,0.8200,59.2600,119.2000,14.9000,2.6100,1.5800,2.9800,32.5700,96.3500,3.8900,7.5700,2.8700,21.8000,18.7000,32.4100,3.9000,2.9900,5.0500,3.5100,11.7600,10.1500,0.9750,12.0500,6.9500,3.9400,5.7300,4.8300,13.6300,12.7700,1.9200,2.4600,2.7600,1.7200,1.5200,28.4600,2.7000,5.4700,46.4200,9.4100,54.8800,38.7000,33.3100,14.8800,72.2100,5.1800,6958.8999
9/11/2022 0:00,1.6800,0.7400,17.3200,28.2800,0.2900,4.7000,6.6400,1.1000,2.5400,1.1850,1.4500,7.7700,28.4900,5.0400,4.1700,12.1300,4.7500,9.1200,2.4600,23.7200,25.4500,7.6400,11.5100,33.7400,1.5000,1.2750,27.8300,24.5500,10.7100,27.2800,8.9600,37.0100,69.5000,6.5000,22.2600,6.8600,3.7000,7.2600,7.2900,6.7300,1.7200,0.8450,8.9100,41.1800,16.3000,2.7900,2.5500,11.5700,20.2100,20.5600,3.9900,4.1700,20.2500,2.9200,7.1600,5.2000,13.1500,4.2800,4.0100,7.1900,2.7300,199.6300,16.4800,104.7700,26.0000,2.0300,17.3700,279.6100,4.4100,1.2200,4.2300,7.7700,9.8900,3.0300,57.2600,4.8600,11.9700,34.3100,6.9900,2.3500,14.1000,17.9200,4.5700,16.5300,17.1200,7.7900,1.5300,17.1300,4.3000,8.1600,3.2100,4.0500,4.7000,1.2600,24.4400,28.5800,16.1200,9.1800,3.7300,4.0000,4.9700,9.6700,42.8600,6.5200,2.3100,4.9900,8.0100,17.4800,1.9650,23.5800,9.0000,171.4500,56.6000,9.4100,2.7700,4.0200,1.9400,2.3500,82.7000,2.1000,31.6600,2.4400,12.4900,7.6000,5.5700,8.6600,6.9700,0.8600,2.0400,10.0400,5.5500,15.0700,5.8100,2.9400,0.8400,29.0900,2.0500,14.7400,5.5000,8.1600,24.7000,52.8200,4.9000,6.0100,12.9200,2.7100,0.8700,58.7000,114.1100,14.8500,2.6400,1.7800,3.0000,32.6100,98.6300,4.0000,7.6400,2.9000,20.8100,18.9800,32.2700,3.9200,2.8500,5.0300,3.5700,11.9300,10.2300,0.9850,12.0000,6.8800,3.9300,5.7300,4.8300,13.6300,12.7200,1.9450,2.4800,2.7100,1.7050,1.5350,28.5300,2.7400,5.4900,46.2400,8.6100,53.5700,38.8900,33.2000,15.1100,72.6200,5.1400,6999.2998
10/11/2022 0:00,1.6650,0.7450,17.3700,27.7000,0.2550,4.7500,6.8600,1.0900,2.5400,1.2100,1.4300,7.6300,28.2000,5.0000,4.2000,11.6100,4.7200,8.8500,2.5200,23.6100,25.6900,7.5500,11.4600,33.5300,1.4800,1.2650,27.7100,24.2800,10.8400,27.0100,8.9000,36.8400,68.9800,6.5100,22.1300,6.9200,3.7100,7.2800,7.2300,6.6600,1.7000,0.8500,8.8300,40.5600,15.8400,2.7900,2.4300,11.3700,19.9500,20.5000,3.9900,4.1000,20.2300,2.9300,7.0800,5.0900,13.0600,4.2700,3.9800,7.1900,2.7300,202.5200,16.5900,104.0400,27.0700,1.9500,17.1200,282.7300,4.3400,1.2450,4.1400,7.6800,9.9500,2.9300,56.8900,4.8200,11.7800,34.0100,6.9900,2.4300,13.8400,17.5500,4.5700,16.2800,16.7800,7.8200,1.5350,17.2300,4.3000,8.2100,3.2300,4.0200,4.7400,1.2550,24.9100,28.5700,16.2500,9.0400,3.7000,3.9000,4.9400,9.5300,42.1200,6.5800,2.2300,4.9100,7.9600,17.7700,1.9900,23.0700,8.9100,169.7900,56.3000,9.1100,2.7900,4.0100,1.9550,2.3100,81.8300,2.1100,31.0000,2.4400,12.4200,7.7700,5.3100,8.7400,6.8900,0.8500,2.0400,9.9000,5.4600,14.9900,7.8300,2.9300,0.8050,33.4000,2.0500,14.0100,5.3200,8.0000,24.3600,52.4900,4.9500,5.9800,12.7200,2.6700,0.8550,59.0600,110.9900,14.6100,2.6400,1.7900,2.9200,33.0200,98.3000,4.2100,7.5200,2.9000,20.4200,18.6000,32.5000,3.8700,2.6600,5.0000,3.5700,12.0100,10.1000,1.0000,11.8200,6.8700,3.9600,5.8300,4.8500,13.5700,12.7400,1.9550,2.4600,2.6600,1.7000,1.5400,28.3600,2.7600,5.4600,46.2200,8.3300,52.4200,37.9800,33.7500,14.9900,64.7400,5.0000,6964.0000
11/11/2022 0:00,1.7200,0.7400,17.5400,28.4500,0.2750,4.7500,6.6700,1.1250,2.5900,1.2900,1.4950,7.7600,29.8000,4.8800,4.2100,12.3700,4.7300,9.5900,2.5700,24.0800,25.4300,7.8100,12.1500,36.2100,1.5500,1.2950,27.9800,24.6400,10.9500,29.2700,9.1000,37.8300,71.2700,6.6000,22.3100,7.1000,3.7500,7.3500,7.3800,6.9500,1.7600,0.8950,9.0300,42.0900,16.5100,2.8800,2.5000,11.4500,21.3800,21.0100,4.0600,4.3100,21.2200,3.0600,7.2700,5.3400,13.9200,4.4000,4.1300,7.2500,2.6900,210.5200,16.9700,105.8100,26.2800,1.9200,18.2900,292.2900,4.5300,1.2750,4.3100,8.0100,10.4700,3.0800,61.1200,5.0000,12.4100,36.9000,7.0300,2.6100,14.3400,18.1700,4.6700,17.0100,17.7600,8.1500,1.6400,18.2700,4.4700,8.3100,3.3700,4.1500,5.0600,1.2950,26.5000,29.9600,16.5700,9.3400,3.7400,4.1500,4.9300,9.7600,43.4800,6.9600,2.3100,5.1300,7.9900,18.3500,2.0600,24.4300,9.2600,179.3000,56.9400,10.0000,2.8400,4.1000,1.9100,2.3000,81.7800,2.1800,31.3500,2.4900,13.8700,8.4700,5.1600,9.2100,6.8400,0.8900,2.1300,10.2300,5.6800,15.1000,7.5800,3.0000,0.8400,34.8000,2.1900,14.8300,5.3700,9.0000,25.5200,58.5000,5.0200,5.9700,12.5500,2.7700,0.9300,61.8500,121.7000,15.6100,2.7200,1.9000,3.1000,34.4700,102.6300,4.4400,7.5000,2.9500,21.7800,19.0200,33.5300,4.0900,2.4900,5.1000,3.7200,12.1900,10.5000,1.0100,12.4300,6.7800,4.0000,5.8400,4.9100,13.9400,12.9600,1.9950,2.6100,2.6500,1.7250,1.5450,28.8100,2.7900,5.6400,47.8200,8.0400,57.8600,38.5000,34.2900,14.9600,70.0900,4.9800,7158.0000
14/11/2022 0:00,1.7500,0.7300,17.4800,27.6600,0.2700,4.8200,7.2000,1.1350,2.5100,1.3200,1.5300,7.6300,29.4000,5.0000,4.2500,13.2200,4.6500,8.7600,2.4900,23.8500,25.6500,7.7000,12.0700,35.7800,1.5950,1.2700,27.7500,24.2700,10.8800,28.6700,9.1200,37.5600,70.5400,6.5000,21.9600,7.1000,3.6500,7.4500,7.2800,6.9000,1.7850,0.9000,8.8400,44.0100,17.1000,2.8800,2.6000,11.2600,21.4200,20.8200,4.0000,4.2400,21.3900,3.0700,7.0700,6.0300,13.5500,4.3100,4.0100,7.2300,2.6200,201.7800,16.6300,105.1000,25.7500,1.9850,17.8400,286.5500,4.5400,1.3200,4.5000,7.8200,10.3500,3.0400,62.6400,5.0400,12.1200,36.4700,7.0300,2.6200,13.9000,17.6900,4.6000,16.3700,19.5500,8.0100,1.6550,18.1700,4.3800,8.1600,3.3100,4.0900,5.0400,1.2800,26.5100,29.5500,16.5800,9.9600,3.7400,4.1600,4.8100,9.1200,43.1200,7.0000,2.3300,5.0400,7.8700,18.3700,2.2000,24.5300,9.1500,177.7200,56.3900,10.2600,2.8000,3.9400,1.9100,2.3200,84.3200,2.1400,31.2600,2.4700,13.6400,8.3700,5.2500,9.1800,6.7100,0.9400,2.1000,10.1300,5.5200,15.3500,7.5600,2.9900,0.8750,32.7700,2.1800,14.8000,5.2900,9.4300,25.3500,58.3000,4.9700,5.8200,12.0500,2.6400,0.8700,61.5000,123.9000,15.4500,2.6600,1.8650,3.0300,33.3000,106.0000,4.5322,7.4500,2.8600,21.6000,19.1900,32.7500,4.3300,2.4500,5.0100,3.6800,11.8600,10.5200,1.0100,12.2800,6.7600,3.8600,5.9100,4.8300,13.5200,13.2200,1.9500,2.6800,2.6100,1.7400,1.5450,28.6400,2.7200,5.5000,46.8200,8.3000,56.9000,39.0600,33.8000,15.0700,67.3700,4.9500,7146.2998
15/11/2022 0:00,1.7750,0.7350,17.6100,28.0800,0.2600,4.8600,6.9400,1.1300,2.4800,1.3200,1.4850,7.7500,29.9900,5.0000,4.1800,12.8200,4.6400,8.7600,2.5200,23.9600,25.5000,7.6100,12.1300,36.3800,1.6350,1.2700,28.0300,24.2300,10.9200,29.4200,9.0700,37.8800,71.1200,6.5600,22.3200,7.1400,3.6500,7.5500,7.2700,6.9400,1.7350,0.8900,8.8100,43.9400,16.9400,2.9100,2.5900,11.2900,21.3800,20.8600,4.0000,4.2900,21.4300,3.0700,7.0900,6.0700,13.3700,4.2700,4.0100,7.2600,2.6500,204.5800,16.5600,106.4800,26.2000,2.0400,17.7400,290.7500,4.6300,1.3050,4.4800,7.4800,10.4100,3.0500,64.1400,5.1200,12.2700,36.2300,7.0600,2.6700,14.1300,18.1400,4.6300,15.9600,19.4000,8.0500,1.6600,17.8800,4.3300,7.9900,3.2700,4.1400,4.9900,1.2700,26.9400,29.8800,15.3600,10.1000,3.9600,4.1600,4.8700,9.2700,43.1700,6.9300,2.2500,5.1800,7.9700,18.7400,2.0500,24.5900,8.4000,179.6300,53.3000,10.3800,2.8100,3.9500,1.9100,2.3300,80.2400,2.1100,30.4900,2.4600,13.7300,8.2000,5.3200,9.2700,6.8100,0.9550,2.1300,10.1500,5.4200,15.5500,7.4900,3.0600,0.8600,33.0100,2.2100,14.4300,4.8300,9.5000,25.1400,59.0500,5.0000,5.8300,12.2800,2.6500,0.8500,62.3200,122.4200,15.3200,2.6200,1.8750,3.0200,33.4600,106.4200,4.5817,7.4300,2.8200,21.7600,19.5400,33.1300,4.2800,2.4500,5.0500,3.6200,11.8800,10.5400,1.0050,12.4000,6.9400,3.8800,5.8700,4.9100,13.5700,13.3800,1.9150,2.6800,2.6600,1.7250,1.5400,28.5700,2.6900,5.4500,46.7000,8.2300,58.0200,38.5200,33.7800,15.0100,69.4400,4.9800,7141.6001
16/11/2022 0:00,1.7650,0.7250,17.5500,27.4700,0.2550,4.9000,6.9400,1.1300,2.4700,1.2600,1.4450,7.7800,29.1900,5.0000,4.1800,12.6300,4.6500,8.5300,2.5200,23.8400,25.4300,7.5400,12.1200,36.5100,1.5800,1.2650,28.0000,24.1600,10.7100,29.0300,9.1300,35.9800,71.1300,6.5500,22.0700,7.1000,3.6700,7.6100,7.2400,6.9000,1.7400,0.8650,8.7900,44.4500,17.0000,2.9500,2.5600,11.3000,20.9100,20.8200,3.9900,4.1700,21.3100,3.0800,7.1400,6.1800,13.5000,4.2900,4.0100,7.2500,2.6300,204.3100,16.5300,104.5800,26.3500,2.1200,17.5700,289.4000,4.6700,1.1850,4.4500,7.5700,10.3900,3.0100,62.3600,5.0300,11.9900,36.2400,7.0100,2.5200,14.1000,17.7200,4.6900,16.1400,19.8500,8.0200,1.6500,17.8900,4.3500,7.8300,3.2500,4.1000,4.9900,1.2700,26.7500,30.0300,15.9700,10.3300,3.9200,4.1300,4.7600,9.1900,42.9700,7.0200,2.2700,5.1300,7.9400,18.6000,1.9800,24.8800,8.7400,177.9500,53.8300,10.1500,2.7900,3.9700,1.9250,2.3200,82.7500,2.1200,30.3100,2.4700,13.6400,8.0300,5.5400,9.2700,6.7400,0.9900,2.0900,9.8900,5.9000,15.2200,7.4000,3.0700,0.8500,31.5800,2.1600,14.3500,4.9200,9.5400,25.2000,57.9100,4.9600,5.8000,11.9300,2.6900,0.8250,62.0000,121.6900,14.8700,2.6300,1.8350,3.0200,33.0400,108.0700,4.8884,7.4300,2.8500,21.4100,19.5500,32.2900,4.2200,2.5800,5.0700,3.6200,11.7700,10.4700,1.0050,12.2700,7.0900,3.8400,6.0100,4.8400,13.6100,13.3000,1.9350,2.6400,2.6900,1.7250,1.5600,28.6100,2.6900,5.6200,46.4900,8.7100,58.2900,39.0700,33.7200,14.9600,68.1700,4.9700,7122.2002
17/11/2022 0:00,1.7800,0.7350,17.5500,27.5400,0.2900,4.9000,6.7000,1.1550,2.5000,1.2750,1.4700,7.8900,29.7000,4.9800,4.1500,12.4300,4.6800,8.8500,2.5400,23.2000,26.3700,7.5400,12.1200,37.3800,1.5200,1.2800,28.0100,24.3100,10.8900,29.2400,9.1300,36.3400,71.0000,6.6200,22.8200,7.1400,3.6600,7.5300,7.2500,6.8900,1.7150,0.9000,8.8600,43.8000,16.5800,2.9600,2.4300,11.3300,20.7500,21.0800,4.0200,4.2500,21.5800,3.1200,7.1500,6.0800,13.7300,4.3200,4.0200,7.3400,2.6800,205.0900,16.8500,105.6400,26.8500,2.0400,17.5800,293.3300,4.7300,1.2300,4.3600,7.6100,10.6800,3.0700,63.8800,5.0400,12.0800,37.0000,7.1700,2.5600,13.9500,18.4100,4.7000,16.3800,19.5000,8.1200,1.6650,18.1800,4.3200,7.8300,3.2300,4.1200,5.0200,1.2800,26.7300,30.2600,15.8600,10.0500,3.9000,4.1800,4.8400,9.0400,42.8600,7.0800,2.2700,5.1900,7.9300,19.0200,1.9800,25.6800,8.7000,179.8300,54.9800,10.3600,2.8400,4.0700,1.9500,2.2900,82.9500,2.1400,30.6000,2.4700,13.9100,8.2100,5.1800,9.3000,6.9000,0.9450,2.0700,10.0600,5.8600,15.3700,7.4800,3.1000,0.8000,27.5900,2.1700,14.2700,4.9000,9.6600,25.2700,59.1500,4.8600,5.9000,12.1700,2.7000,0.8300,62.9100,122.0400,15.0600,2.6700,1.8150,3.0300,33.5200,106.1500,4.7400,7.3600,2.8700,21.7800,19.6700,32.6700,4.0000,2.4600,5.1900,3.6600,11.8000,10.5500,1.0300,12.5300,7.1900,3.8800,6.1500,4.8800,13.7800,13.4400,1.9350,2.5400,2.7000,1.7350,1.4950,28.6100,2.7300,6.1900,47.2300,8.1600,59.0200,38.2000,34.4300,14.7500,69.3500,4.9300,7135.7002
18/11/2022 0:00,1.7400,0.7250,17.6100,28.0400,0.2900,4.8900,6.9300,1.1650,2.4000,1.2800,1.5150,7.9600,29.5500,5.1000,4.3700,12.4000,4.7200,9.0400,2.5300,23.6200,26.5000,7.5600,12.1700,37.3900,1.5200,1.2850,28.8200,24.5000,11.0200,28.8300,9.1300,36.2000,72.8000,6.6500,22.7200,7.2800,3.6900,7.6400,7.2500,6.8600,1.7200,0.9250,8.8600,43.9400,16.6200,2.9800,2.3700,11.5200,20.3100,20.7300,4.0000,4.2400,21.6200,3.1300,7.1800,6.1500,13.7500,4.3200,4.0100,7.4100,2.7300,206.1300,16.9400,105.8200,27.0900,1.9050,16.9200,294.4000,4.7000,1.2650,4.4200,7.5400,10.6000,3.0400,64.0600,5.0800,11.9600,37.0400,7.1600,2.5600,13.8500,18.9100,4.7200,16.1400,19.9600,8.0500,1.6350,18.3600,4.2800,8.0500,3.2500,4.1100,5.0300,1.2750,26.6800,30.2100,15.5100,10.0000,3.9100,4.1900,4.9000,8.9200,42.7400,7.2100,2.2700,5.1800,7.8000,18.8200,1.9700,23.8500,8.4500,179.3200,56.4000,10.2800,2.8300,4.0900,1.9550,2.2900,83.1700,2.1200,30.6600,2.4200,14.0900,8.2200,5.2800,9.4800,7.1200,0.9350,2.0700,10.0000,5.9000,15.0900,7.5000,3.1500,0.7700,26.9200,2.1400,14.1800,4.7600,9.2300,25.0300,58.8700,5.0800,5.8800,12.4000,2.7300,0.8050,62.4200,121.4300,15.0000,2.6300,1.8400,3.0200,33.4300,106.3800,4.7400,7.3800,2.8600,21.5600,20.2700,31.9000,3.9100,2.4900,5.2300,3.6700,11.9500,10.5000,1.0450,12.5100,7.0600,3.9400,5.9500,4.9400,13.9200,13.4600,1.9150,2.5200,2.7500,1.7400,1.4950,27.5000,2.7300,6.1100,47.5700,8.1900,58.8000,37.8900,34.6600,14.7500,68.9200,4.9900,7151.7998
21/11/2022 0:00,1.7550,0.7200,17.7200,27.6500,0.2750,4.9900,7.1000,1.1400,2.4600,1.2350,1.5200,8.2100,29.1300,5.3200,4.3000,12.2600,4.7800,9.0600,2.5300,23.9700,26.1900,7.8800,12.1500,36.3000,1.5050,1.2850,28.2500,24.7600,11.2400,28.4900,9.2200,35.9800,71.4900,6.9000,22.8300,7.4500,3.7200,7.5700,7.3400,6.8500,1.6950,0.9050,8.9500,42.9500,16.1500,3.0200,2.3300,11.5200,20.1000,20.8900,4.0300,4.3100,21.3900,3.0800,7.1700,6.0500,13.4900,4.3400,4.0300,7.5900,2.7500,205.8700,17.1400,106.5800,27.5100,1.9200,16.4700,296.9600,4.7100,1.2800,4.4000,7.5100,10.4800,3.0200,63.8900,5.0600,12.0700,37.8100,7.1600,2.5200,13.7300,19.0600,4.6800,15.7100,19.2100,8.0200,1.6650,18.1200,4.3000,8.2300,3.2400,4.1200,5.1000,1.2950,26.3800,29.7300,15.5100,9.7400,3.9700,4.2500,4.9000,9.0100,42.5600,7.1400,2.3400,5.3300,7.9100,18.8000,2.0300,24.4500,8.4200,177.5600,54.0000,10.0000,2.8500,4.1500,1.9350,2.3000,82.9800,2.1300,30.8300,2.4300,14.0000,8.5300,5.3800,9.3600,7.2400,0.9400,2.0500,10.0000,5.9900,15.1700,7.5600,3.1200,0.7750,26.5500,2.1200,13.7500,4.7700,9.0700,25.0600,57.8800,5.0200,5.8700,12.3300,2.7600,0.8150,63.2800,120.2700,14.8000,2.6600,1.8400,3.0000,33.6500,103.9300,4.8100,7.3100,2.8800,20.9700,20.2700,31.5600,3.8500,2.4300,5.2600,3.7400,11.8900,10.6600,1.0500,12.3500,7.1300,3.9100,6.0400,4.9300,14.2000,13.5100,1.9400,2.5400,2.7400,1.7400,1.4800,27.1400,2.7000,6.0500,47.9200,8.4500,57.5300,37.3600,35.0000,14.8200,66.3400,4.8800,7139.2998
22/11/2022 0:00,1.7650,0.7200,17.8500,27.8700,0.2900,4.9000,6.7500,1.1500,2.4300,1.2300,1.5700,8.1700,28.9100,5.2600,4.3000,12.7300,4.8300,8.7500,2.6000,23.9400,26.0000,7.8400,12.2300,36.6100,1.5300,1.2950,28.2900,24.6700,11.1100,28.0800,9.1400,35.7900,71.2900,6.7900,22.8600,7.3500,3.7000,7.5700,7.3600,6.8100,1.7100,0.9050,8.9500,43.4800,16.9300,2.9900,2.4100,11.6800,19.7900,21.0500,4.0500,4.2800,21.4000,3.1200,7.1500,6.0800,13.5500,4.3600,4.0800,7.5900,2.7600,206.2200,17.0700,107.5000,27.8200,1.9950,16.5100,297.3200,4.6900,1.2500,4.4600,7.5400,10.3000,3.0300,64.6200,5.1200,12.1600,38.1800,7.0900,2.5100,13.7700,19.5400,4.7000,15.7800,19.2000,8.0000,1.6500,18.1500,4.2900,8.2100,3.2600,4.1500,5.0700,1.2900,26.3800,30.0000,16.0600,9.8900,3.9800,4.2200,4.9100,9.1100,42.8400,7.1300,2.3000,5.4300,7.9300,18.9200,2.0800,24.4500,8.5000,176.0000,53.7000,10.0400,2.8300,4.1400,1.9550,2.3300,85.3300,2.1300,30.9700,2.4700,13.9200,8.6200,5.7700,9.4200,7.2000,0.9450,2.0500,10.0900,5.9400,15.1400,7.6500,3.1200,0.7850,26.2400,2.1500,13.7900,4.9300,9.1500,25.1200,58.1400,5.0500,5.8700,12.6600,2.7200,0.8150,63.0000,119.7300,14.8700,2.6900,1.8600,3.0600,34.0900,105.0000,4.8900,7.4700,2.9200,20.9400,20.3000,31.6500,3.9300,2.5100,5.3700,3.7100,11.8900,10.6500,1.0350,12.9800,7.4500,3.9300,6.1800,4.9000,14.0200,13.5100,1.9550,2.8100,2.7500,1.7300,1.5000,27.3900,2.7100,6.0400,48.1800,9.1100,57.6800,38.4300,34.8600,14.8400,67.7500,5.2200,7181.2998
23/11/2022 0:00,1.7550,0.7400,17.9900,28.0300,0.2700,4.9000,6.7500,1.1300,2.4300,1.2450,1.5200,8.0000,29.2000,5.1500,4.2200,12.4600,4.8500,8.3500,2.6300,24.0800,25.9500,7.9400,12.4300,36.2400,1.5300,1.3250,28.5500,24.7300,11.2500,28.0000,9.2100,35.5000,71.5700,6.9700,23.0000,7.3300,3.7400,7.4600,7.4200,6.7300,1.7550,0.9100,9.0800,43.9200,17.1500,3.0300,2.4900,11.7500,19.2900,21.8800,4.0300,4.3500,21.5700,3.1300,7.2100,6.0600,13.3500,4.3100,4.0400,7.6000,2.7600,207.5000,17.2300,108.0700,27.7300,2.0000,16.6800,297.7000,4.8100,1.2750,4.5100,7.5100,10.3000,3.0500,64.4000,5.1800,12.0900,38.2600,7.1400,2.5700,13.8500,19.1900,4.6800,15.7800,19.0700,8.0800,1.7200,18.2300,4.2500,8.4400,3.1100,4.2300,5.1000,1.2800,26.6600,29.2800,15.9500,10.0700,4.1400,4.2300,4.8900,9.0700,44.0500,7.1100,2.3800,5.5400,7.8700,18.8200,2.0700,24.2300,8.6500,178.7200,58.4000,10.0300,2.8400,4.1800,1.9550,2.3700,86.9100,2.1400,31.3000,2.4100,14.0000,8.5600,5.9300,9.4100,7.2200,0.9800,2.0500,10.3100,6.1500,15.1900,7.8000,3.1500,0.8000,26.0000,2.1900,13.9000,4.9200,9.0000,25.3500,59.0000,5.0000,6.1800,12.8500,2.7400,0.8200,63.9100,118.2500,14.9100,2.6700,1.9000,3.0600,34.2900,105.5000,4.9400,7.5200,2.9000,21.0300,20.6600,32.2100,4.0100,2.6100,5.4000,3.7100,11.9000,10.8000,1.0300,12.8000,7.5800,3.9600,6.2100,4.8800,14.1500,13.5000,1.9500,2.8700,2.7700,1.7300,1.5000,27.7500,2.6800,6.0500,48.9600,9.6200,53.8400,38.7800,35.0500,14.8800,68.0900,5.4200,7247.3999
24/11/2022 0:00,1.8200,0.7300,17.8500,28.4200,0.2900,4.9000,6.9500,1.1400,2.4400,1.3200,1.5200,8.0600,30.1800,4.9800,4.2900,12.7900,4.8200,8.2000,2.6400,23.8700,26.2700,7.8600,12.2600,36.9200,1.5350,1.3100,28.4000,24.6500,11.2100,28.3100,9.1900,35.4200,71.4700,7.0000,23.1400,7.3300,3.7000,7.5500,7.4600,6.7300,1.7500,0.9750,9.1100,44.5500,17.2400,3.0300,2.4300,11.8200,19.7800,21.8400,4.0500,4.3700,21.9100,3.1100,7.2200,6.0100,13.4000,4.3300,4.0200,7.6500,2.7300,209.6900,17.1100,108.0100,27.6600,1.9200,16.7300,299.0000,4.8500,1.2750,4.4800,7.6400,10.4500,3.0900,64.7100,5.1500,12.2000,37.7900,7.0400,2.7400,13.8500,19.2000,4.6800,15.7300,19.1700,8.1500,1.7650,18.5600,4.3500,8.2700,3.1800,4.1700,5.1300,1.2800,26.6800,29.3100,15.8000,10.1100,4.0500,4.2600,4.8600,9.0600,43.9600,6.9900,2.3000,5.5200,7.7200,18.8400,2.0800,23.7400,8.7000,177.9900,58.2300,9.9500,2.8600,4.1400,1.9400,2.3800,86.0400,2.1600,31.2300,2.3900,13.7900,8.4100,5.4100,9.5300,7.1500,0.9700,2.0600,10.5800,6.2300,15.2500,7.9000,3.1200,0.8150,25.4300,2.2300,14.4400,4.7800,8.9900,25.3100,59.0400,5.0000,6.1900,12.9500,2.7800,0.8650,64.4000,121.6500,15.1100,2.6700,1.9050,3.1900,33.6600,106.4700,5.1600,7.4000,2.9500,21.4900,20.5400,31.7700,4.0000,2.4800,5.3300,3.7600,11.9100,10.7000,1.0200,13.0900,7.4500,3.9400,6.1100,4.8900,14.2000,13.4800,2.0300,2.9400,2.7600,1.7250,1.5050,27.5800,2.6800,6.0800,48.8500,8.9800,55.2300,38.2300,34.8600,14.6300,68.5600,5.2000,7241.7998
25/11/2022 0:00,1.8100,0.7150,17.9000,28.5600,0.2750,4.9000,6.9600,1.1500,2.4800,1.2800,1.5250,8.0600,30.0700,5.3200,4.4500,12.6200,4.8400,8.2800,2.6200,23.9900,26.6000,8.1200,12.1800,37.3100,1.5500,1.3300,28.3900,24.8200,11.3800,28.7700,9.1600,36.1200,72.4400,7.0300,23.2700,7.3700,3.7300,7.6200,7.5600,6.8200,1.7550,0.9750,9.3000,44.2000,17.2000,3.0300,2.3800,11.9100,20.1000,21.8300,4.0600,4.2900,22.1300,3.1500,7.2000,6.0400,13.6700,4.4100,4.0300,7.6500,2.7500,209.5000,17.1500,109.2000,27.6700,1.9500,16.8500,299.7200,4.8500,1.2800,4.4700,7.8100,10.6300,3.0500,65.8100,5.1600,12.3600,37.9100,7.0400,2.7300,13.7600,19.1100,4.6700,15.6900,18.9400,8.3100,1.7750,18.7700,4.4500,8.2800,3.2200,4.3000,5.2500,1.2800,26.9600,29.6400,15.0500,10.1100,4.0800,4.3000,4.8700,9.0100,44.8100,7.0700,2.2600,5.5200,7.7300,18.9900,2.0000,23.5000,8.5000,177.9500,58.2400,10.0700,2.8600,4.1700,1.9400,2.3800,82.3300,2.2000,31.4900,2.4000,14.0100,8.2100,5.3900,9.7500,7.2000,0.9550,2.0900,10.6100,6.0700,15.2700,7.9500,3.1300,0.7800,25.1500,2.1900,14.2000,4.4600,9.0700,25.6300,59.3500,5.0000,6.0600,13.0200,2.7700,0.9250,65.1400,121.1200,15.5100,2.7200,1.9650,3.0900,33.9400,105.6500,5.1800,7.4500,2.9700,21.4800,20.6000,32.0100,4.0200,2.4400,5.3500,3.7900,12.0400,10.9200,1.0350,13.5100,7.3700,4.0000,6.2400,4.9200,14.2800,13.5600,2.0300,3.1200,2.7200,1.7100,1.5100,27.6100,2.7100,6.1900,49.1600,9.0700,55.2300,37.9700,35.0800,14.6100,69.0500,5.2900,7259.5000
28/11/2022 0:00,1.8050,0.7200,17.9500,28.4100,0.2700,4.9000,6.9500,1.1500,2.4500,1.2800,1.5200,8.0200,29.6800,5.0000,4.3000,12.7100,4.9000,8.5700,2.6600,23.7600,26.5000,8.0000,12.3000,37.3900,1.5200,1.3250,28.0500,24.7200,11.3600,29.0200,9.1800,35.7300,72.7100,7.1200,23.3700,7.3700,3.7400,7.5000,7.1400,6.8100,1.7100,0.9650,9.1200,43.8900,16.8900,3.0300,2.4500,11.9500,20.3900,22.5300,4.1000,4.2700,22.1700,3.2000,7.2400,6.0000,13.8000,4.4000,4.0600,7.6900,2.7800,212.6600,17.0900,108.4800,27.6800,1.9850,16.5300,300.3400,4.8800,1.2750,4.5000,7.7900,10.8400,3.0800,66.3000,5.1600,12.3800,37.6000,7.0700,2.6700,13.6700,19.2000,4.6700,15.6900,19.0400,8.1600,1.7350,18.9100,4.4300,8.3900,3.2200,4.2800,5.3000,1.2850,26.7800,29.4900,14.4900,10.0200,4.0800,4.2800,4.8200,9.0800,44.5300,7.1700,2.2000,5.4600,7.7200,19.0500,1.8500,23.4400,8.3500,178.4500,59.5000,9.6600,2.8900,4.2000,1.9500,2.3700,81.8400,2.2200,31.5900,2.4500,13.9200,8.4000,5.6800,9.8200,7.2500,0.9400,2.1000,10.5900,6.0300,15.1300,7.9300,3.1300,0.7850,24.9900,2.2100,14.1500,4.4200,8.9400,25.5800,59.8100,4.9900,6.1400,12.9600,2.7800,0.8650,64.8700,123.3500,15.5500,2.7700,1.9600,3.1100,34.0200,104.1500,4.9900,7.2500,2.9900,21.9600,20.6800,31.6800,3.9500,2.5500,5.3600,3.7900,12.0100,10.9200,1.0500,13.6000,7.2900,4.0100,6.1000,4.9500,14.2400,13.6300,2.0600,3.1400,2.7100,1.7050,1.5100,27.8400,2.7000,6.2300,48.5200,9.4300,55.7000,36.9600,34.9900,14.4700,68.8100,5.4800,7229.1001
29/11/2022 0:00,1.7900,0.7150,17.9800,28.7000,0.2550,4.8900,6.9500,1.1300,2.4400,1.2800,1.5300,8.1400,29.4000,4.9900,4.4100,12.9100,4.8300,9.0000,2.6500,23.8300,26.3500,7.9800,12.2600,37.7100,1.5250,1.3300,28.5100,24.9100,11.2300,28.0200,9.2500,35.4500,69.3300,7.0500,23.4900,7.3100,3.7400,7.5200,7.1400,6.9100,1.7300,1.0100,9.1900,44.8200,17.1100,3.0400,2.3800,12.0200,20.2000,22.4800,4.1000,4.2100,22.0900,3.1900,7.2600,6.2100,13.5900,4.4000,4.0600,7.6500,2.7700,211.4200,17.0600,108.0900,27.6600,2.0200,16.5300,302.5800,4.9000,1.2750,4.5800,7.8600,11.2000,3.0700,65.6000,5.1500,12.2100,37.2000,7.0400,2.6700,13.7300,21.0900,4.6800,15.9400,19.4600,8.0500,1.7400,18.6900,4.3700,7.9800,3.2200,4.2700,5.1800,1.3050,26.7900,29.4500,14.7100,9.9900,4.0600,4.2700,4.8000,8.9600,44.2000,7.2700,2.2300,5.3800,7.6200,18.7600,1.9050,23.5000,8.5400,178.0000,57.1100,9.6700,2.9100,4.2100,1.9300,2.3700,83.7700,2.2200,31.6900,2.4000,13.8400,8.2000,5.5700,9.9000,7.2000,0.9550,2.1500,10.5400,6.0500,14.9700,7.9700,3.1200,0.7850,24.7000,2.2100,14.2400,4.4900,8.9400,25.5300,59.2800,4.9000,6.1900,12.9600,2.7600,0.8700,65.4400,122.7500,15.5000,2.7400,1.9350,3.0500,33.5500,107.8300,5.1300,7.3300,2.9400,22.2300,20.7300,31.6800,4.0700,2.5600,5.3400,3.8000,12.0000,11.1400,1.0500,13.5300,7.2400,4.0000,6.1200,4.9600,14.1900,13.6600,2.0300,3.0000,2.7500,1.7000,1.5150,27.8900,2.7500,6.3000,48.3600,9.2600,55.5700,36.8300,34.9900,14.5800,69.5000,5.5000,7253.2998
30/11/2022 0:00,1.7200,0.7150,17.9700,28.8300,0.2600,4.8500,6.8600,1.1300,2.4100,1.2800,1.4800,8.3300,29.2000,5.0800,4.5500,12.9900,4.7800,8.7700,2.6900,23.7700,26.1000,7.9600,12.1200,37.9900,1.5150,1.3600,28.5900,24.7400,11.1900,28.3100,9.1600,35.0300,70.4700,7.0300,23.0800,7.4500,3.8100,7.6000,7.1800,6.9000,1.7800,1.1000,9.1500,45.5200,17.5300,3.0300,2.4600,12.1100,20.2600,22.4100,4.1000,4.2000,22.8400,3.2200,7.2900,6.3600,13.9500,4.4500,4.0500,7.4100,2.7600,214.0400,16.9500,107.8600,27.8400,2.1100,16.5300,300.1100,4.8500,1.2900,4.6200,8.0000,10.8900,3.0600,66.3800,5.1700,12.2600,37.8600,6.9700,2.6900,13.7100,21.9600,4.6500,16.0600,19.3800,8.1500,1.7500,19.1200,4.4800,8.0800,3.2200,4.2500,5.2200,1.3200,27.0000,29.7900,15.4000,10.0900,4.0000,4.3200,4.7800,9.1100,44.6900,7.2900,2.3200,5.4800,7.6100,19.0800,1.9350,23.4800,8.6400,178.7100,58.5500,9.7900,2.9300,4.1900,1.9500,2.3700,87.4200,2.2300,31.5400,2.3900,13.7500,8.0000,5.9500,9.8700,7.3000,0.9750,2.1000,10.6000,6.0200,14.8300,7.8600,3.1200,0.7900,25.0000,2.2300,14.5500,4.6600,8.6600,25.3700,59.4400,4.9300,6.2400,12.8700,2.7800,0.8550,65.8100,123.3100,15.3400,2.7600,1.9300,3.0600,33.4500,109.6200,5.0000,7.4000,2.9700,22.0800,20.9600,32.2800,4.0200,2.7300,5.3100,3.8000,11.9200,10.9900,1.0600,13.6000,7.3600,3.9800,6.2000,4.8900,14.2900,13.8000,2.0300,3.0400,2.7600,1.6850,1.4900,28.3100,2.7800,6.3800,48.5700,10.0400,56.9900,37.2900,34.4700,14.7800,70.6400,5.6800,7284.2002
1/12/2022 0:00,1.7900,0.7150,18.0800,28.7700,0.2500,4.8200,7.1000,1.1250,2.5500,1.2500,1.5150,8.2600,30.7800,5.1700,4.5900,13.5000,4.8100,8.8200,2.6900,23.9200,26.3600,8.0800,12.3600,38.2900,1.5800,1.3600,28.3600,24.9500,11.3100,29.3500,9.2300,36.0300,70.5800,7.0000,23.1300,7.5600,3.8600,7.5500,7.2300,6.9700,1.8450,1.1700,9.1700,46.4800,17.9100,3.0300,2.4900,12.1600,20.6000,22.8800,4.1400,4.4500,23.0700,3.2500,7.2500,6.7300,14.2200,4.4900,4.0800,7.4400,2.7700,213.0000,16.8100,108.4200,26.9800,2.0900,16.4000,298.6600,4.9800,1.3000,4.7500,8.0800,11.0000,3.1200,66.3800,5.0500,12.4600,38.4200,6.9900,2.8600,13.6500,22.5500,4.7300,16.0600,19.9600,8.2200,1.7950,19.2000,4.5000,8.1100,3.2500,4.3200,4.8400,1.3100,27.6100,29.3500,16.0100,10.5200,4.0000,4.4100,4.7800,8.9300,44.9200,7.3500,2.3800,5.6400,7.7000,19.4500,2.0200,23.1100,8.8000,182.1000,59.0000,9.9800,2.9800,4.2200,1.9150,2.4100,89.2300,2.3000,31.6800,2.4100,14.1000,7.7100,5.8800,9.4900,7.2300,1.0050,2.1700,10.9200,6.1100,14.8300,7.9500,3.1300,0.8200,25.2100,2.2600,14.2200,4.7600,9.2900,25.5300,59.7000,4.9000,6.2200,12.9500,2.8200,0.9450,65.8400,126.2300,15.8500,2.7700,2.0000,3.0700,33.5500,113.2300,5.2600,7.4300,3.0100,22.6500,20.9000,31.8000,4.2900,2.7600,5.2800,3.9000,11.7800,11.1800,1.0500,13.8400,7.4000,3.9800,6.2700,4.9600,14.2900,13.8200,2.0400,3.1000,2.7300,1.6950,1.4950,28.3700,2.8300,6.3000,49.0000,9.8900,57.6800,36.6500,34.6000,14.7800,74.9900,5.8000,7354.3999
2/12/2022 0:00,1.7250,0.7250,18.1400,28.8900,0.2550,4.8400,7.0100,1.1450,2.4500,1.2400,1.4700,8.1900,31.1300,5.2900,4.5400,13.5200,4.8400,8.9900,2.6500,23.7600,27.0000,8.0500,12.3200,38.6500,1.5700,1.3550,28.1500,24.6500,11.2800,29.4200,9.1600,35.2700,70.5600,6.9500,23.1500,7.5200,3.7600,7.5900,7.1600,6.9100,1.8000,1.2200,9.0500,45.7600,17.7500,3.0600,2.4600,12.0300,20.4200,22.5300,4.0600,4.8100,23.2400,3.2000,7.2100,6.7500,13.4900,4.4300,4.0300,7.5500,2.7500,215.4800,16.7800,106.9500,27.0000,2.0000,15.4400,301.8900,5.0200,1.3250,4.6300,7.9100,11.1600,3.1600,66.3600,4.9700,12.4400,38.9200,7.0500,2.8800,13.7400,22.8400,4.6900,15.7900,19.6800,8.2000,1.8350,18.4100,4.4000,8.0300,3.2300,4.3200,4.9000,1.3150,27.6700,28.6300,16.3400,10.3400,3.9700,4.3100,4.7100,8.4700,44.9700,7.3600,2.3200,5.4900,7.5100,19.0900,2.0800,23.1100,9.0200,180.2400,59.0500,9.7900,2.9300,4.2300,1.9250,2.3800,89.8300,2.2400,31.3800,2.3900,14.0800,7.4300,5.7400,9.3000,7.1300,1.0300,2.2100,11.0800,6.0400,14.4900,7.9000,3.1000,0.8050,24.8900,2.3300,14.0700,4.8600,9.3300,25.4000,60.9700,4.8800,6.1700,12.9200,2.8100,0.9900,66.1500,127.1300,15.5800,2.7200,2.0500,3.0700,34.1000,111.9400,5.2500,7.1500,2.9300,23.1700,20.9700,32.1900,4.1900,2.6500,5.3200,3.8300,11.5600,11.0600,1.0550,14.1700,7.4000,4.0000,6.3300,5.0000,14.1500,14.0100,1.9950,3.1700,2.7100,1.6950,1.5200,28.2300,2.8000,6.3900,48.4600,9.7400,57.9700,35.7100,34.4500,14.4700,75.1500,5.6700,7301.5000
5/12/2022 0:00,1.7850,0.7250,18.2100,28.3700,0.2550,4.8400,7.3400,1.1700,2.4300,1.2250,1.4400,8.2000,30.6400,5.2800,4.8000,13.5500,4.8400,9.0000,2.7200,23.7200,27.3000,8.0900,12.2900,38.9500,1.5900,1.3350,28.0600,24.5700,11.0600,29.5100,9.1600,35.2600,70.1900,6.8200,23.1900,7.5100,3.6600,7.5300,7.1800,6.8700,1.8950,1.2100,9.0700,46.8100,18.2300,3.1200,2.4000,12.0300,20.2000,22.5800,4.0900,4.8400,23.0600,3.2100,7.1400,6.9000,13.3800,4.4600,4.0500,7.5800,2.7500,212.0000,16.8300,106.9400,26.9500,1.9500,15.3100,300.0000,4.9500,1.2400,4.7600,8.0400,11.1000,3.1400,67.0800,4.9000,12.3000,39.4000,7.0700,2.8600,13.5700,22.9600,4.6500,15.7800,21.0300,8.2000,1.7700,18.7300,4.3900,7.9000,3.2200,4.3600,4.8100,1.3000,27.6200,28.1800,15.5400,10.4500,3.8400,4.4000,4.7100,8.6000,45.2600,7.3200,2.4000,5.4200,7.4800,19.1100,2.0300,23.0900,8.6400,180.4700,57.0500,9.5100,2.8800,4.2400,1.9300,2.3600,90.6400,2.2200,31.2600,2.3800,14.3100,7.2800,5.6500,9.4300,7.0800,1.0050,2.2300,10.9200,6.0500,14.5800,7.8400,3.1300,0.7900,25.0700,2.2800,13.7600,4.6100,9.3700,25.4600,61.0700,4.8500,6.1900,12.9100,2.7900,1.0200,66.0400,127.9700,15.5400,2.7100,2.0200,3.0600,33.6100,116.1300,5.4200,7.3400,2.9600,23.0600,20.8700,31.9900,4.3400,2.5600,5.4000,3.9000,11.6100,11.1000,1.0650,14.3300,7.4000,4.0100,6.2900,5.0000,13.9700,14.0700,2.0100,3.1800,2.7000,1.6800,1.5100,28.4100,2.8300,6.4000,48.5900,9.5500,57.5500,36.4100,34.6700,14.6200,74.7800,5.3500,7325.6001
6/12/2022 0:00,1.7750,0.7250,18.1300,28.6400,0.2400,4.7500,7.1800,1.1500,2.4300,1.2100,1.4300,8.3000,29.3600,5.1600,4.6700,13.6200,4.9000,9.0900,2.7000,23.7500,27.9500,8.1400,12.2200,38.6100,1.5950,1.3350,27.6000,24.3800,11.1600,29.3100,9.1200,35.0600,68.4400,6.9100,23.0300,7.5500,3.7100,7.4600,7.1500,6.8100,1.8200,1.2100,9.0700,46.5600,18.1600,3.1000,2.3200,12.1300,19.6700,22.4400,4.0500,4.7900,22.8000,3.1700,7.1400,6.9100,12.9900,4.4400,4.0600,7.6300,2.7500,211.9100,16.9000,106.4400,26.8100,2.0000,15.1900,300.7900,4.9500,1.2350,4.7100,7.9500,10.7900,3.0300,67.8400,4.8100,11.6400,38.8600,7.0700,2.8200,13.5700,22.5000,4.7700,15.2900,20.7000,8.1600,1.7450,18.5200,4.4000,7.9400,3.1700,4.3300,4.6200,1.2950,27.6100,27.6500,15.4200,10.5300,3.8600,4.3400,4.7700,8.7500,44.6500,7.2900,2.3200,5.4000,7.4800,18.8900,1.9650,22.8600,8.6800,176.7400,58.2500,9.2000,2.9300,4.2800,1.9300,2.3700,89.4000,2.2100,31.0300,2.3700,14.2100,7.2000,5.7700,9.3100,7.0600,0.9950,2.1500,10.7000,6.1800,14.9200,7.8500,3.1700,0.7450,25.0500,2.2400,13.6100,4.6100,8.9900,25.3900,60.4000,4.8000,6.1700,12.9900,2.8000,0.9450,66.3800,125.4800,15.3000,2.7000,2.0000,3.0600,32.8300,116.0600,5.4000,7.2500,2.9200,23.0600,21.0300,31.5500,4.3000,2.6000,5.3800,3.8600,11.6700,11.1000,1.0700,14.3200,7.0600,4.0300,6.3900,5.0400,14.0300,13.9500,1.9800,3.2300,2.6600,1.6650,1.5000,28.2500,2.8000,6.4300,48.3600,9.8100,56.1700,36.7500,34.7700,14.6600,71.8200,5.6400,7291.2998
7/12/2022 0:00,1.6800,0.7200,18.0900,28.4400,0.2500,4.8650,7.3500,1.1400,2.4800,1.1700,1.4500,8.2700,28.5500,5.2900,4.7800,13.8100,4.9800,9.0900,2.6500,23.5700,27.9500,8.0500,12.0700,36.5000,1.6150,1.3550,27.1200,24.0300,10.9700,28.0400,9.1200,33.9700,68.2500,6.8900,22.9100,7.5500,3.6800,7.5000,7.1000,6.8300,1.6400,1.0650,9.0400,46.6000,18.3100,3.0600,2.1900,11.9600,19.3600,22.1000,4.0300,4.8000,21.9900,3.2000,7.1400,7.1000,12.4000,4.4300,4.0000,7.6500,2.7300,210.6400,16.7500,105.5500,26.7100,2.0600,14.6100,299.1900,4.8000,1.2550,4.7400,7.8700,10.1500,3.0000,63.8800,4.8000,11.8500,39.1200,6.9700,2.8000,13.4100,22.0300,4.7200,15.0000,21.1700,8.1800,1.7550,18.0000,4.3200,7.9100,3.1400,4.2600,4.5300,1.3000,26.9500,27.2800,15.5300,10.5200,3.8600,4.3000,4.8600,8.5300,44.5300,7.0300,2.1600,5.5300,7.3700,18.8600,1.9350,22.5100,8.6700,173.6400,57.4500,9.3600,2.9200,4.2400,1.9400,2.3200,90.0600,2.2000,30.6500,2.3200,13.8900,7.3400,5.7900,9.0100,7.2300,1.0100,2.0800,10.7200,6.2000,14.8900,7.7600,3.1000,0.6900,24.6500,2.2400,13.7500,4.7100,8.8300,24.9000,58.3000,4.7000,6.2700,13.2400,2.8200,0.9500,65.6600,122.2500,14.6400,2.6900,2.0100,3.0000,32.8300,115.5000,5.4400,7.1700,2.9100,22.2000,20.7700,30.8400,4.3300,2.6000,5.3600,3.8500,11.8400,10.8000,1.0650,13.4500,6.9500,4.0100,6.3600,5.0400,13.7700,13.7100,1.9850,3.1900,2.5700,1.6500,1.4975,27.8900,2.7900,6.4500,47.6400,9.7000,53.1700,36.0000,34.1700,14.3300,68.8000,5.8700,7229.3999
8/12/2022 0:00,1.7000,0.7300,18.1300,28.1100,0.2300,4.8900,7.4500,1.1300,2.5000,1.1900,1.4300,8.4900,29.1600,5.2900,4.6600,13.5600,4.9300,8.9900,2.5900,23.2900,27.8400,8.1300,12.0100,36.5000,1.6400,1.3600,26.7600,23.5900,11.0000,27.9200,9.0500,33.9400,68.1400,6.8500,22.9400,7.5800,3.6900,7.5600,6.9800,6.7000,1.6450,1.1500,9.0100,46.2300,18.1400,3.0300,2.2000,11.8200,19.3800,22.0700,4.0400,4.8500,21.7100,3.2000,7.1600,6.9900,12.7700,4.4600,3.9800,7.7200,2.7100,208.5600,16.8300,105.3500,26.3800,2.0500,14.2800,297.5000,4.8500,1.2650,4.6700,7.8500,10.1800,2.9500,64.5800,3.8200,11.5800,39.8900,6.9500,2.9000,13.2700,21.8000,4.6800,14.7500,20.8000,8.0500,1.7800,18.2300,4.3300,7.8500,3.1600,4.2700,4.5100,1.3100,25.6100,27.4500,14.8900,10.3500,3.8800,4.3200,4.8500,8.6300,44.5600,7.0000,2.0600,5.4400,7.2200,19.0800,1.7900,22.5400,8.5100,171.1600,57.9600,9.1800,2.9800,4.2500,1.9500,2.2900,87.7800,2.2200,30.1200,2.3400,13.4700,7.1800,5.6400,9.1200,7.1700,0.9950,2.0400,10.9200,6.3500,15.0100,7.8600,3.0800,0.7050,23.9500,2.2700,13.7000,4.4800,8.7600,24.7600,58.4700,4.8400,6.0900,13.0500,2.8200,0.9850,65.3400,121.0300,14.4600,2.7000,2.0400,2.9600,33.0400,114.5000,5.4100,7.0900,2.9100,21.8100,20.5500,30.4200,4.1100,2.5500,5.3300,3.8600,11.7400,10.9700,1.0700,13.7900,6.9000,3.9900,6.4300,5.0600,13.9400,13.6600,1.9900,3.2300,2.5600,1.6400,1.4800,27.7500,2.7600,6.2700,47.9900,9.5700,52.8500,34.4500,34.3100,14.2800,69.4500,5.7900,7175.5000
9/12/2022 0:00,1.6900,0.7200,18.1100,28.2700,0.2600,4.8900,7.3200,1.1250,2.4600,1.1950,1.4400,8.4700,29.2600,5.2900,4.7900,13.7500,4.9900,9.0200,2.5100,23.4400,27.9500,8.0000,12.0800,37.0800,1.6100,1.3600,27.0900,23.6400,10.9300,28.1000,9.0400,34.0100,68.0100,6.8300,23.0300,7.6100,3.8000,7.4900,6.9500,6.6900,1.6600,1.1400,8.9900,47.4800,18.2200,3.0000,2.2000,11.9400,19.4400,22.0300,4.0300,4.6400,21.6900,3.1500,7.2000,7.3500,12.6700,4.4600,3.9900,7.7000,2.6900,208.6800,16.8300,104.9800,26.5200,2.0300,14.0900,298.4600,4.8900,1.2750,4.7900,8.0100,10.2500,2.9300,65.3000,3.7000,11.7900,39.1500,6.9800,2.9700,13.1100,21.5000,4.7700,14.8600,21.3900,7.9800,1.7600,18.1800,4.3400,8.0700,3.1300,4.3000,4.5000,1.3200,25.7200,27.6800,15.0400,10.4800,3.9000,4.4000,4.7900,8.7400,44.6700,6.9800,2.1400,5.4700,7.3300,18.8500,1.7850,22.8400,8.5200,168.0400,57.5700,9.1500,3.0200,4.3300,1.9450,2.2800,90.5000,2.2000,30.1900,2.3500,13.3300,7.1300,5.7900,9.1500,7.2000,1.0200,2.0400,11.1400,6.3100,15.4400,7.8000,3.1000,0.7100,24.1500,2.2400,13.9600,4.4700,8.4300,24.9900,58.7900,4.7700,6.2100,12.9500,2.8100,0.9800,65.8800,121.2200,14.6000,2.6900,2.0700,2.9600,32.6600,117.1600,5.6700,7.0600,2.8800,21.8000,20.6500,30.2000,4.1900,2.5700,5.4100,3.8700,11.7900,10.9100,1.0700,13.9400,6.8100,4.0000,6.6100,5.0600,13.8800,13.7200,1.9750,3.2500,2.5600,1.5900,1.4650,27.7600,2.7800,6.3100,47.9200,9.6900,53.5000,34.1800,34.4500,14.3200,70.0100,5.7500,7213.2002
12/12/2022 0:00,1.6600,0.7250,18.2300,28.4200,0.2400,4.9000,7.0900,1.1400,2.4500,1.1950,1.4050,8.3200,29.4600,5.2900,4.6000,13.5500,4.9700,8.7000,2.5000,23.3600,28.3600,7.7900,11.9800,36.7300,1.5500,1.3500,27.2500,23.5400,10.8000,27.9000,8.9100,33.7200,68.0800,6.8300,22.5200,7.6000,3.6200,7.4200,6.8700,6.6000,1.6200,1.1300,9.0400,46.7900,17.8800,3.0000,2.1400,12.0200,19.5900,21.8100,4.0500,4.5000,21.6000,3.2000,7.3300,7.2300,12.7000,4.4900,3.9800,7.6700,2.6700,206.5800,16.6900,105.3900,26.3100,1.9200,14.2100,298.2000,4.9200,1.2450,4.6900,7.9300,10.1400,2.9400,65.7800,3.7100,11.5100,39.3000,6.8900,2.8600,13.0600,21.5000,4.7400,15.0400,21.1200,7.9200,1.6950,18.2000,4.3900,8.0600,3.1500,4.2400,4.5000,1.3200,25.6500,27.5900,14.6500,10.1900,3.8800,4.4000,4.7400,8.6700,44.3600,6.9900,2.1700,5.4500,7.3200,19.0500,1.7450,22.7800,8.2600,171.5000,56.0100,9.1200,2.9600,4.3100,1.9650,2.2800,88.3000,2.2300,30.1900,2.3600,13.2000,7.2200,5.7100,9.1900,7.1700,1.0100,2.0100,10.7900,6.2000,15.2100,7.1900,3.0500,0.7000,24.1100,2.1400,14.0800,4.5300,8.4700,24.8800,58.0400,4.9000,6.1400,13.0100,2.7900,0.9350,65.6100,121.7100,14.5700,2.7200,1.9850,2.9600,32.4500,116.3500,5.5700,7.1100,2.8900,21.8500,20.5800,30.1600,4.1000,2.5100,5.4100,3.8700,11.7200,10.8100,1.0600,13.9100,6.7000,4.0000,6.6200,5.0000,13.8000,13.5000,1.9850,3.1600,2.5900,1.5800,1.4500,27.5600,2.7900,6.2700,47.7500,9.5000,53.5800,35.1000,34.0000,14.1000,70.6300,5.7700,7180.7998
13/12/2022 0:00,1.6900,0.7350,18.3100,28.5300,0.2400,4.8900,7.3200,1.1400,2.4200,1.1950,1.3700,8.2500,29.1500,5.2900,4.7200,13.7600,4.9700,8.7900,2.5000,23.6600,28.9500,7.8900,12.1600,36.7000,1.5250,1.3700,27.5000,24.1000,10.8700,28.0500,8.9500,33.7900,69.0000,6.9100,22.7200,7.7000,3.6900,7.4500,7.0000,6.6200,1.6050,1.1100,9.6600,46.0800,17.8800,3.0400,2.1300,12.1400,19.9300,21.7300,4.0600,4.5000,21.6200,3.2400,7.6700,6.9000,12.9700,4.4900,3.9600,7.8100,2.7200,208.8900,16.7200,106.4400,26.5500,1.9200,14.7600,297.0400,4.9400,1.2300,4.5600,8.0600,10.2600,2.9400,66.3300,3.8200,11.7400,39.5400,6.7000,2.8200,13.2500,21.2500,4.7800,15.3200,20.2300,8.0600,1.7000,18.3100,4.3500,8.0200,3.1900,4.2700,4.4400,1.2950,25.8500,27.8100,14.9000,10.1100,3.8600,4.3900,4.7900,8.8500,44.6500,7.0400,2.2100,5.6700,7.3600,19.4700,1.7000,22.9900,8.2300,172.8600,57.4200,9.2200,2.9700,4.2900,1.9700,2.3100,84.9800,2.2100,30.7900,2.3600,13.3400,7.4900,5.7400,9.2800,7.2300,0.9850,2.0400,10.8300,6.1400,15.3600,7.2800,3.0400,0.6950,24.3000,2.1600,13.9500,4.5200,8.7400,25.1200,56.8900,4.8500,6.2800,13.1100,2.8300,0.9250,65.7500,121.5200,14.6500,2.7100,1.9750,3.0400,32.5000,114.1000,5.3400,7.1000,2.9300,22.0300,20.6100,30.6400,4.0600,2.4900,5.4200,3.8600,11.9200,10.8300,1.0800,13.9800,6.9900,4.0300,6.6500,5.0700,14.0100,13.6200,1.9750,3.2100,2.6000,1.5850,1.4750,27.4500,2.8000,6.3400,48.0400,9.5900,54.6500,35.1400,34.0800,14.4500,72.9800,5.9700,7203.2998
14/12/2022 0:00,1.7350,0.7400,18.3800,28.5800,0.2200,4.8900,7.3200,1.1600,2.4800,1.3450,1.3650,8.3000,29.9300,5.3300,4.7000,13.6700,4.9400,8.7400,2.5000,23.5700,29.0000,7.9200,12.5200,37.7000,1.5550,1.3750,27.6600,24.0100,11.0800,28.5000,8.9900,33.6800,69.1400,6.9200,22.8600,7.6300,3.6900,7.4300,7.0000,6.6900,1.6250,1.1200,9.3400,46.3100,18.0100,3.0600,2.1800,12.2400,19.7000,22.2200,4.1200,4.6000,21.8500,3.2700,7.6900,7.0000,13.1000,4.5300,4.0400,7.9600,2.7400,209.9900,16.7500,106.9200,26.6000,1.9500,15.0200,299.3100,4.9800,1.2700,4.6600,8.2000,10.3000,2.8800,66.4500,3.8600,11.7900,39.1900,6.4100,2.9000,13.2600,21.2300,4.8000,15.5000,20.4600,8.0000,1.7350,18.6000,4.4000,7.8300,3.2500,4.2700,4.6000,1.3150,26.3800,28.0800,14.9700,10.1900,3.9000,4.3900,4.7500,8.9300,44.0400,7.0000,2.2200,5.8000,7.5000,19.5600,1.7150,23.0000,8.2700,174.2100,57.8500,9.2700,2.9800,4.2900,1.9550,2.3300,86.0100,2.2200,30.7100,2.3800,13.4500,7.4800,5.8000,9.2900,7.2800,1.0300,2.0400,10.9700,6.2000,15.4900,7.4900,3.0000,0.7150,24.6200,2.2300,14.0900,4.5500,9.2400,25.1600,57.0600,4.8000,6.1900,13.1200,2.8800,0.9450,65.8000,120.9700,14.8900,2.8100,2.0500,3.0900,32.9300,114.6700,5.5200,7.1600,2.9600,22.1400,21.2300,30.9000,4.2100,2.5200,5.4600,3.9000,11.8900,10.8600,1.0700,14.0900,7.1000,4.0800,6.9300,4.9300,14.0600,13.6000,2.0000,3.2700,2.6300,1.6150,1.4800,27.8000,2.8100,6.3800,48.1900,9.8200,54.9700,35.6500,34.2900,14.6700,75.1500,6.0300,7251.2998
15/12/2022 0:00,1.7100,0.7250,18.4200,28.6000,0.2200,4.7900,7.3900,1.1700,2.4600,1.2800,1.3850,8.2400,29.6800,5.4500,4.7700,13.3800,4.9200,8.6500,2.5400,23.5000,28.9900,8.0900,12.2000,37.5900,1.5650,1.3900,27.8900,23.9000,11.0000,28.1100,8.9100,33.1500,68.7500,6.9200,22.7700,7.5900,3.7200,7.4700,6.9200,6.5300,1.6350,1.1150,9.4800,45.9400,17.6800,2.9900,2.1400,12.3400,19.0100,22.0900,4.1100,4.5400,21.5000,3.2400,7.6600,7.0700,12.9800,4.5200,4.0500,7.7100,2.6800,207.8600,16.9900,106.8000,26.9200,1.9300,14.8800,297.1700,4.8900,1.2150,4.6000,8.0600,10.5500,2.8800,65.9700,3.7300,11.2700,40.0100,6.6300,2.8500,13.2100,21.8600,4.7200,15.1200,20.4100,8.0100,1.6700,18.4500,4.3400,7.9200,3.1600,4.1700,4.4600,1.2950,26.4800,28.1600,14.3200,9.8200,3.9200,4.4500,4.7200,8.8200,42.8300,6.8800,2.2400,5.8700,7.4500,19.4000,1.5800,22.8400,8.1700,171.6900,57.9000,9.1300,2.9700,4.3100,1.9300,2.3200,82.0000,2.2000,30.7900,2.3500,13.1500,7.4700,6.0700,9.3200,7.2100,0.9800,2.0100,10.8600,6.2500,15.4800,7.3800,3.0000,0.7000,24.2800,2.2000,13.9300,4.0300,9.0500,25.1200,56.6200,4.7900,6.1500,13.1100,2.8400,0.9200,65.1600,120.5000,14.4300,2.7900,2.0700,3.0200,32.3900,113.6400,5.5500,7.2300,2.9200,21.8300,21.4400,30.6800,4.1900,2.5200,5.4200,3.8500,11.8900,10.7200,1.0900,14.1800,7.0600,4.0800,6.8800,4.8100,14.0000,13.5700,1.9900,3.2600,2.6900,1.6150,1.4900,27.6200,2.8300,6.3500,47.6600,10.2000,54.6600,35.5000,34.3300,14.7500,75.8200,6.0600,7204.7998
16/12/2022 0:00,1.6650,0.7300,18.2400,28.0300,0.2200,4.9000,7.3100,1.1750,2.5500,1.2300,1.3750,8.1700,29.4800,5.4900,4.8600,13.1000,5.0500,8.4900,2.5500,23.3000,29.4900,7.9000,12.1300,36.2200,1.5050,1.4000,28.5800,23.6200,10.7600,27.7800,8.8600,32.9500,68.2700,6.8600,22.2700,7.6000,3.8700,7.5100,6.8000,6.6600,1.6250,1.1050,9.3600,45.6700,17.2800,2.9400,2.1100,12.4300,18.8200,22.5900,4.1300,4.5300,21.4400,3.2300,7.5300,6.9400,12.9200,4.6200,4.0600,7.6200,2.7100,206.8000,17.1400,105.9800,26.6100,1.9900,14.8700,291.6800,4.9000,1.1950,4.6000,8.2100,11.0600,2.8800,66.5100,3.7300,11.4100,39.7200,6.5900,2.7800,12.8400,21.3200,4.6000,15.0600,20.1300,7.8700,1.6300,18.2200,4.3600,7.8100,3.1300,4.1500,4.3900,1.3100,26.1100,27.8300,13.9200,9.7300,3.8600,4.3400,4.6900,8.6400,42.4600,6.9300,2.1600,6.0800,7.4100,19.1000,1.5300,23.0800,8.1100,169.9000,60.2000,9.1300,2.9400,4.3100,1.9500,2.2800,81.2200,2.2200,30.4000,2.3900,12.7700,7.4000,6.2400,9.1400,7.2700,0.9450,1.9850,10.6600,6.1100,15.3900,7.2400,3.0200,0.7100,24.4300,2.1300,13.7000,4.1000,8.7600,24.9900,56.3900,4.7900,6.2300,13.1500,2.8500,0.9150,65.0000,119.2100,14.4800,2.8000,1.9950,3.0600,31.7700,114.5500,5.3600,7.2200,2.9100,21.5700,21.1000,30.3800,4.1000,2.5900,5.2900,3.8800,11.8200,10.7200,1.0500,13.8500,7.0800,4.0500,6.7400,4.8700,13.9200,13.3200,1.9900,3.2700,2.7600,1.6050,1.4900,27.4800,2.8900,6.2600,46.9700,10.2800,54.5000,35.6000,34.3100,14.7500,73.5200,6.2300,7148.7002
19/12/2022 0:00,1.6500,0.7300,18.0600,28.1100,0.2300,4.9000,7.7900,1.1750,2.5500,1.3050,1.3500,8.4400,28.8000,5.4900,4.9300,13.2100,5.0100,8.4900,2.4700,23.2500,28.9900,7.8900,12.2800,36.7800,1.5300,1.3700,28.0100,23.7200,10.7800,27.3300,8.8100,32.3000,67.2000,6.8700,22.1500,7.6400,3.7800,7.5100,6.8200,6.5900,1.6250,1.1050,9.4900,45.9900,17.1600,2.9600,2.1700,12.2000,18.8100,22.3300,4.0900,4.4900,21.3500,3.1900,7.5000,6.9900,12.8500,4.5300,4.0100,7.8500,2.7200,203.3800,16.9200,105.6300,26.4000,1.9850,14.9900,288.4100,4.8000,1.2350,4.6000,8.0300,10.2000,2.8500,66.5000,3.7300,11.4500,40.2000,6.4700,2.9000,12.9400,21.0500,4.5800,15.1500,20.2300,7.8600,1.6750,17.9100,4.3400,7.9300,3.1300,4.1900,4.4100,1.2900,25.9700,27.8100,14.0700,9.6800,3.8100,4.3800,4.6400,8.7500,42.9400,6.8100,2.2000,5.8800,7.3200,19.2300,1.5050,23.7500,8.2300,168.7700,60.2000,8.9400,2.9300,4.2700,1.9600,2.2700,81.7200,2.1900,30.2600,2.3400,13.1100,7.4500,6.4900,9.2800,7.3400,0.9900,1.9750,11.0200,6.1300,15.2600,7.1000,2.9800,0.7350,24.1300,2.1700,13.5400,4.0300,8.8000,24.8800,55.9300,4.8200,6.2200,13.0300,2.8300,0.9250,65.5500,118.0200,14.0800,2.7900,2.0400,2.9700,31.4700,114.6300,5.4900,7.2200,2.8900,21.5100,20.8400,30.7600,4.1300,2.6600,5.3300,3.8400,11.7800,10.7800,1.0500,13.8700,7.0600,4.0500,6.7100,4.8500,13.7800,13.7200,1.9900,3.2500,2.7000,1.5900,1.4650,27.5000,2.8500,6.3100,46.9500,10.6000,54.8000,35.7500,34.4100,14.8800,73.2000,6.3700,7133.8999
20/12/2022 0:00,1.6100,0.7400,17.9400,27.6400,0.2250,4.9000,7.1200,1.1650,2.4500,1.2600,1.3400,8.1000,27.3600,5.2000,4.9000,12.9800,4.9800,8.4900,2.4600,23.2800,25.4500,8.0300,11.9900,35.0500,1.5200,1.3500,27.5900,23.7900,10.7000,25.7100,8.7900,30.8500,66.8900,6.8100,22.5900,7.5100,3.7200,7.5100,6.7700,6.4800,1.6000,1.0700,9.5900,45.2600,16.8200,2.8800,1.9800,12.1400,18.2200,22.1800,3.9500,4.4600,20.6400,3.0800,7.5000,6.8700,12.3300,4.4100,3.8900,7.7400,2.6700,198.6700,16.9100,105.3300,25.9300,1.9750,14.4600,285.9200,4.7400,1.1900,4.5400,7.8400,10.2000,2.5900,63.8400,3.6900,11.0200,40.1000,6.4000,2.8400,12.7500,20.6200,4.4400,14.4500,19.9300,7.6900,1.6400,17.1000,4.1800,7.6500,3.0300,4.0600,4.2700,1.2550,25.2000,26.5800,13.8500,9.6300,3.8000,4.2200,4.6500,8.6000,41.6300,5.9700,2.1500,5.8100,7.1100,18.2700,1.3500,22.7400,7.9400,166.1000,60.0000,8.7600,2.9200,4.0600,1.9450,2.2200,79.2200,2.1200,30.2800,2.2600,12.6100,7.4500,6.3700,8.7800,7.2500,0.9400,1.8600,10.7800,6.0700,15.4300,7.0800,2.9100,0.6800,23.8800,2.1300,12.8400,3.8600,8.5000,24.3100,54.1600,4.7500,6.0700,12.9700,2.7800,0.9100,63.9000,108.9000,13.8200,2.6700,2.0100,2.8300,31.0400,113.2200,5.2900,7.1300,2.7800,20.3200,20.5700,29.5600,4.0300,2.6700,5.4400,3.6500,11.8300,10.5100,1.0450,13.4200,6.8400,4.0400,6.5400,4.7700,13.6400,13.5800,1.9250,3.2000,2.6800,1.5750,1.4650,27.4000,2.7500,6.1300,45.3400,10.3200,51.4900,35.3300,34.1500,14.7500,68.6000,6.3300,7024.2998
21/12/2022 0:00,1.6700,0.7300,18.0800,27.9500,0.2300,4.9000,7.3800,1.2000,2.5500,1.2800,1.3550,8.0600,27.1400,5.1600,4.8800,13.2900,5.0500,8.4900,2.4500,23.5500,25.9700,8.0400,12.0600,35.1900,1.5650,1.3650,28.1600,24.1100,10.9700,25.6800,8.8500,30.9000,66.7200,6.8000,23.0200,7.5500,3.7500,7.5500,6.8600,6.5500,1.6350,1.1500,9.7300,46.3300,17.0200,2.9000,2.0300,12.1600,18.0100,22.3600,4.0300,4.7800,20.7200,3.1800,7.5600,7.0500,12.5000,4.4800,3.9800,7.8200,2.6700,199.6000,16.9500,104.7300,26.4600,2.0200,14.6000,287.3000,4.7600,1.2750,4.5900,8.0700,10.2500,2.5600,65.1400,3.7200,11.1000,40.3800,6.4900,3.0700,12.9300,20.6200,4.5100,14.5700,20.5300,7.8500,1.7500,17.5000,4.3100,7.7000,3.1000,4.1100,4.3800,1.3000,25.5800,27.1400,13.9800,9.7800,3.8400,4.4100,4.7500,8.6600,42.0800,6.1800,2.2400,5.9500,7.5000,18.5700,1.3250,22.4500,8.0400,167.7700,60.0000,8.8100,2.8900,4.0700,1.9400,2.2600,80.7000,2.1700,30.2600,2.3700,12.5700,7.6400,6.5300,8.9100,7.4400,0.9850,1.8550,11.2100,6.2000,15.6000,7.5500,2.9700,0.6950,23.8300,2.2100,12.6500,3.8400,8.6600,24.5500,54.2800,4.8500,6.0900,13.1700,2.8200,0.9750,64.2500,111.0700,14.0300,2.7400,2.1100,2.8300,31.1400,115.1100,5.4700,7.3200,2.8600,20.4800,20.9300,29.7500,4.1000,2.7500,5.5400,3.7500,12.0800,10.7200,1.0700,13.3900,6.8800,4.0200,6.7200,4.7200,13.6900,13.7000,1.9800,3.2400,2.7000,1.6150,1.4850,27.8100,2.8200,6.1800,45.8100,10.7800,52.4800,36.2700,34.2300,14.9900,70.2600,6.4900,7115.1001
22/12/2022 0:00,1.6350,0.7250,18.0200,28.4400,0.2250,4.8500,7.2800,1.2000,2.4800,1.3000,1.3900,7.9000,26.5600,5.2100,4.8000,13.2300,5.0300,8.5700,2.4700,23.5500,25.8300,8.1400,12.1900,35.8800,1.5500,1.3800,28.1400,24.0100,11.1600,26.2600,8.9900,30.9500,67.9000,6.8500,23.1500,7.5900,3.7700,7.5000,6.9000,6.6300,1.6300,1.1500,9.8500,46.2500,16.9700,2.8700,2.1000,12.2300,18.6600,22.3900,4.0400,4.7500,20.8700,3.1700,7.6300,7.4000,12.4200,4.5200,4.0200,7.9000,2.6800,204.9600,17.0000,105.6200,26.5000,2.0300,14.7800,290.7700,4.7800,1.3050,4.6800,8.0900,10.4200,2.7000,65.8600,3.7000,11.0900,40.3100,6.5700,3.0200,13.2500,20.9000,4.4700,14.6700,20.7000,7.9900,1.7200,17.7300,4.3400,7.7200,3.1000,4.1400,4.3900,1.3100,26.0000,27.4100,13.9200,9.7700,3.8600,4.4700,4.7900,8.8500,42.5600,6.2100,2.2800,5.9700,7.5300,19.1900,1.3000,22.9300,8.0700,168.6500,60.2000,9.0100,2.9800,4.1300,1.9450,2.2700,80.0200,2.2000,30.5200,2.3900,12.7300,7.8000,6.5300,9.1300,7.7000,1.0000,1.8850,11.1200,6.2000,15.5300,7.6700,2.9700,0.7150,24.5900,2.2200,13.0500,3.8700,8.9300,25.2400,56.4000,5.0000,6.1600,13.2700,2.8400,0.9600,64.9000,113.6100,14.0000,2.7500,2.1300,2.8600,31.2000,114.8100,5.6000,7.3100,2.9000,21.2000,20.9600,30.2700,4.1000,2.9100,5.5700,3.7700,12.1100,10.8400,1.0700,13.5900,7.1100,4.0200,6.7500,4.8000,13.7000,13.6400,2.0000,3.2700,2.6700,1.6200,1.4900,28.0800,2.8400,6.3100,46.4600,10.5300,53.2600,36.3400,34.4200,15.1700,71.4000,6.5200,7152.5000
23/12/2022 0:00,1.6200,0.7200,17.9700,28.1200,0.2200,4.8000,7.2800,1.1800,2.4200,1.2650,1.3800,8.0900,26.2000,5.3400,4.9500,13.1200,5.0700,8.4700,2.4400,23.5000,25.9000,8.1700,12.1500,35.0700,1.5450,1.3500,28.2900,24.0700,11.1100,25.4600,9.0000,30.7500,67.6100,6.7500,22.7400,7.5600,3.7800,7.5200,6.8900,6.4600,1.5950,1.1450,9.7800,46.1600,16.8500,2.8600,2.0700,12.1900,18.0400,22.2200,4.0500,4.6000,20.7000,3.1600,7.5800,7.3300,12.2000,4.5200,4.0200,7.7900,2.6600,202.0000,16.9000,104.8200,26.3100,2.0500,14.6700,289.0000,4.7300,1.2750,4.6500,8.0500,10.4100,2.6600,65.0100,3.7200,10.7900,39.9000,6.4500,2.9800,13.0200,20.7200,4.4600,14.4600,20.5700,7.5400,1.7000,17.4300,4.3400,7.5400,3.1200,4.1200,4.3500,1.3050,25.3600,27.1400,13.7900,9.8000,3.8300,4.4600,4.7500,8.8000,42.1500,6.1500,2.2100,5.7800,7.5400,19.2300,1.2650,22.7900,7.9700,167.9200,59.9900,8.7200,2.9500,4.0700,1.9500,2.2500,79.8800,2.1900,30.3800,2.3900,12.2500,8.2700,6.5500,9.0000,7.7300,0.9750,1.8800,11.0600,6.1400,15.4400,7.7300,2.9800,0.7000,24.4500,2.1800,12.4700,3.8000,8.7400,24.6400,55.8700,5.0000,6.1100,13.2100,2.8300,0.9300,64.4500,110.6200,13.9300,2.7700,2.0800,2.8500,31.4900,115.4300,5.5100,7.2000,2.8900,20.8500,20.7400,30.1800,4.0700,2.9800,5.5000,3.7500,12.0000,10.6500,1.0650,13.3100,7.1200,4.0400,6.7500,4.9300,13.6400,13.4800,1.9950,3.2400,2.7000,1.6250,1.4850,27.8900,2.8300,6.1600,46.0600,10.5200,52.3200,35.8600,34.0600,15.0000,70.0500,6.3200,7107.7002
28/12/2022 0:00,1.6200,0.7100,17.9200,28.1000,0.2250,4.9000,7.3500,1.2000,2.4100,1.2400,1.3850,8.0000,26.1300,5.2000,4.7000,13.1500,5.0400,8.3000,2.4200,23.4900,25.4000,8.2200,12.1500,34.8200,1.5450,1.3200,29.0300,23.6900,11.1200,25.5800,8.9500,30.9200,68.0100,6.4900,22.3400,7.4800,3.7400,7.4700,6.8600,6.4900,1.6350,1.1400,9.7400,46.5300,16.9200,2.8700,2.0200,12.1500,18.1100,22.2600,4.0200,4.6300,20.5800,3.1700,7.6000,7.2800,12.1200,4.5100,3.9800,7.6700,2.6400,201.8700,16.8700,103.1000,26.4100,2.0100,14.7900,285.5700,4.7000,1.2650,4.6300,8.0600,10.2500,2.6500,64.0400,3.7100,10.7800,40.8500,6.4600,3.0200,12.7900,20.8000,4.4200,14.6100,20.8300,7.4200,1.7000,17.4200,4.3300,7.3500,3.0800,4.1300,4.2200,1.3000,25.5400,26.9000,13.3800,9.5800,3.7900,4.4400,4.7300,8.7100,42.2600,6.1300,2.2400,5.7000,7.6900,19.2300,1.2300,22.9400,7.7300,167.9800,60.0000,8.8400,2.9500,4.0100,1.9500,2.2500,78.2700,2.1900,30.2200,2.3800,12.0300,8.1600,6.4400,8.9200,7.7700,0.9600,1.8550,11.1200,6.1500,15.2500,7.7400,2.9200,0.6900,24.3100,2.1400,12.1500,3.6600,8.6000,24.8600,54.4400,5.0000,6.0800,13.3400,2.8100,0.9350,64.2600,109.3000,13.8100,2.7800,2.0800,2.8800,30.5000,117.8000,5.4400,7.3800,2.8700,20.6600,20.8600,29.7800,4.1100,2.9400,5.4800,3.7400,12.0200,10.7400,1.0750,13.2100,6.7500,4.0100,6.8900,4.9000,13.4100,13.4600,1.9850,3.2500,2.7400,1.6400,1.4750,27.8700,2.8100,6.2600,46.1200,9.7600,50.8800,36.8100,34.0400,15.3200,69.3200,6.1400,7086.3999
29/12/2022 0:00,1.6400,0.6950,17.7400,28.2000,0.2200,4.9000,7.3800,1.1800,2.4200,1.2000,1.3700,8.1300,26.0800,5.3000,5.0100,13.0200,5.0700,8.3600,2.4000,23.2700,25.6400,8.1800,12.1000,34.8000,1.5250,1.3250,28.2100,23.6000,10.7700,25.3100,8.9100,30.7800,67.8100,6.5300,22.3400,7.5100,3.7400,7.4700,6.8300,6.4500,1.5900,1.1550,9.7500,45.7900,16.7500,2.8500,1.9900,12.0400,18.1200,22.2000,3.9600,4.6000,20.5900,3.1400,7.6100,7.3400,12.0600,4.4800,3.8900,7.6800,2.6300,203.5300,16.8000,102.0800,26.1600,1.9700,14.4800,285.7000,4.7200,1.2600,4.6400,7.8100,10.2200,2.6800,65.6800,3.6700,10.7100,41.5700,6.4000,3.0200,12.5600,21.1300,4.4500,14.2000,20.6600,7.4500,1.7050,17.3700,4.2400,7.3900,3.0100,4.1200,4.2200,1.2950,25.8900,27.1900,13.4200,9.5600,3.7500,4.5100,4.7300,8.7200,41.7500,6.1600,2.1500,5.7100,7.9400,19.1900,1.2650,23.0600,7.7800,166.0000,58.9500,8.7900,2.9500,3.9600,1.9500,2.2500,76.7700,2.1400,29.9200,2.3500,12.0300,8.0300,6.2200,8.9900,7.7600,0.9650,1.8350,11.0700,6.1200,15.0400,7.6900,2.8800,0.6800,24.1200,2.1300,11.8900,3.6800,8.6200,24.6000,54.0800,5.1000,5.9400,13.3700,2.8000,0.9200,64.6800,108.9300,13.7800,2.7500,2.0700,2.9000,30.4800,117.0800,5.4100,7.0900,2.9100,20.7300,20.8100,29.9400,3.9900,2.9000,5.4800,3.6600,12.0300,10.6600,1.0700,13.1600,7.0100,3.9800,6.9600,4.8800,13.0500,13.5800,2.0200,3.2400,2.7000,1.6150,1.4750,27.4900,2.7900,6.1700,45.7400,9.2800,50.4500,35.1400,33.6300,14.8800,68.7600,5.9700,7020.1001
30/12/2022 0:00,1.6550,0.6900,17.7000,28.2400,0.2250,4.9000,7.2500,1.1850,2.4300,1.2500,1.3950,7.8700,26.4000,5.1400,5.0200,13.0900,5.0200,8.3000,2.4100,23.3500,25.7200,8.0700,12.2300,35.0800,1.5200,1.3150,28.2800,23.6600,10.7600,25.6700,8.9400,30.5200,68.0200,6.6100,22.5300,7.3900,3.7300,7.4600,6.9000,6.4600,1.5950,1.1300,9.8100,45.6300,16.8400,2.8900,2.1300,12.0700,18.3500,22.1700,3.9100,4.6000,20.7600,3.1200,7.6200,7.3100,11.9800,4.4300,3.8300,7.6200,2.6300,204.1200,16.7200,102.6000,26.2000,1.9900,14.7300,287.7600,4.7100,1.2850,4.5800,7.7500,10.1900,2.7100,66.2500,3.7100,10.8500,40.9200,6.4200,2.9800,12.7300,21.2800,4.4500,14.4900,20.5100,7.5800,1.6900,17.3600,4.2000,7.4200,2.9800,4.1300,4.2600,1.2850,26.5900,27.1800,13.4600,9.5300,3.7600,4.4700,4.7500,8.7300,41.9500,6.1900,2.1900,5.7500,7.8400,19.0700,1.3200,23.1100,7.8500,166.9600,59.5000,8.9400,2.9500,3.9800,1.9550,2.2800,77.2000,2.1300,30.0600,2.3200,12.1000,7.9500,6.3600,9.1000,7.7500,0.9700,1.8400,10.9100,6.1300,15.0600,7.7200,2.8900,0.7000,24.6000,2.1100,11.9500,3.7500,8.7300,24.8400,55.2600,5.0100,6.0100,13.4300,2.8100,0.9300,64.7000,110.8000,14.1500,2.7100,2.0600,2.9600,30.9600,116.4100,5.4400,7.1400,2.8800,20.9500,20.9700,29.9700,4.0000,2.9500,5.4700,3.6300,12.0400,10.7100,1.0750,13.1400,7.2700,3.9900,6.8800,4.8900,12.9800,13.6100,2.0000,3.2800,2.7300,1.6200,1.4650,27.6600,2.7500,6.1800,45.9100,9.4200,50.7500,35.4400,33.5600,15.0000,70.2700,6.0600,7038.7002
3/1/2023 0:00,1.6050,0.6750,17.5000,27.9000,0.2200,4.9000,7.3500,1.1900,2.4700,1.2700,1.3800,8.0900,26.1200,5.2400,4.9100,13.0400,4.9400,8.0700,2.3900,22.7300,26.3900,8.0400,12.0500,34.4800,1.5200,1.3000,27.7900,23.0100,10.5400,25.8200,9.0000,30.6200,67.1600,6.4900,22.1800,7.3200,3.6800,7.4600,6.7900,6.4600,1.5800,1.1650,9.5700,45.3300,16.7600,2.8700,2.0300,11.9500,18.6700,21.8300,3.8800,4.6200,20.4100,3.0700,7.4300,7.3300,11.8600,4.4000,3.8200,7.4800,2.5900,201.2600,16.4600,101.0500,25.7500,1.8950,14.7300,281.7500,4.6500,1.3500,4.6100,7.6800,10.2200,2.6600,66.3900,3.6900,10.8200,41.2700,6.3000,3.0400,12.6100,21.3300,4.3600,14.3900,20.4000,7.5100,1.7300,17.3100,4.2000,7.2500,2.9500,4.0900,4.1600,1.2600,26.5500,27.2500,13.1900,9.4200,3.7300,4.4600,4.6600,8.5600,42.1000,5.8800,2.1800,5.6400,7.8700,18.8900,1.2250,23.1200,7.6900,164.6700,59.1000,8.7200,2.9100,3.8900,1.9450,2.2400,75.1100,2.1200,29.4200,2.3000,12.0700,8.6900,5.8200,9.0000,7.6100,0.9700,1.8200,11.1100,6.1000,14.7200,7.5900,2.8400,0.6600,24.6900,2.1200,11.7200,3.6200,8.6800,24.8400,54.3800,5.0000,5.9400,13.0800,2.7800,0.9400,64.3800,108.6100,13.8100,2.6700,2.0600,2.9700,30.4500,115.4300,5.4300,7.0800,2.8800,20.4300,20.9900,29.6100,3.9400,2.8600,5.3800,3.6000,11.8200,10.7700,1.1050,13.0700,7.0100,3.9500,6.7700,4.8400,12.8100,13.0800,1.9900,3.2400,2.6700,1.5950,1.4550,27.1200,2.7400,6.1600,45.4600,8.8300,49.1700,35.3400,33.0900,14.8000,70.1100,5.7600,6946.2002
4/1/2023 0:00,1.6550,0.6950,17.5000,28.5700,0.2350,4.9000,7.0100,1.1950,2.4600,1.2600,1.4350,8.1150,26.9600,5.2400,4.9100,13.5700,4.9400,8.5400,2.4400,23.4400,27.5000,8.2000,12.3000,35.0600,1.5200,1.3150,27.6100,23.6300,10.6100,26.4200,9.0000,31.1500,67.8700,6.5100,22.8800,7.3900,3.7000,7.4600,6.9300,6.4300,1.5800,1.1650,9.8300,46.0400,17.2200,2.9500,2.0700,11.9500,19.6200,22.4200,3.9100,4.8700,20.6800,3.1300,7.5800,7.7400,12.2500,4.4400,3.8500,7.6700,2.6400,204.3600,16.5400,103.1400,26.3400,1.9350,15.0300,284.0000,4.7300,1.4050,4.6100,7.7900,10.3400,2.7100,68.3300,3.7200,11.2500,42.0800,6.3400,3.1400,12.9100,21.8200,4.3900,14.6100,20.9700,7.6400,1.7700,17.7700,4.2600,7.3600,2.9900,4.1900,4.3300,1.2800,27.5200,27.9000,13.5500,9.5400,3.6800,4.5200,4.7000,8.6600,43.9600,5.9900,2.1900,5.7600,7.8300,19.2400,1.2550,24.0100,7.9000,169.8700,60.2400,9.4700,2.9600,3.9000,1.9500,2.2500,77.5000,2.1700,29.7000,2.3200,12.4300,8.9600,5.9100,9.1700,7.7900,1.0100,1.8600,11.4300,6.1400,14.7600,7.6900,2.8700,0.6800,25.4700,2.1800,11.9600,3.7000,9.2400,25.7400,55.5400,5.0800,6.0700,13.4100,2.8200,0.9900,65.6600,110.9200,14.1900,2.6600,2.1200,3.1100,31.3000,117.3400,5.6400,6.9600,2.9100,21.1000,21.4300,30.2600,4.0700,2.9100,5.4400,3.6300,12.0400,10.9600,1.1350,13.3900,7.5900,3.9700,7.0500,4.8600,12.9400,13.3700,2.0000,3.4000,2.6200,1.6000,1.4800,27.1400,2.7500,6.2700,46.4300,9.1200,50.7400,34.5000,33.1900,14.8000,72.6500,5.7800,7059.2002
5/1/2023 0:00,1.6750,0.7000,17.5000,28.6600,0.2300,4.9000,7.0200,1.1700,2.4500,1.2800,1.4250,8.0000,27.4700,5.0700,4.9100,13.5200,4.9300,8.5500,2.4200,23.4700,27.3000,8.0300,12.3600,34.8000,1.5500,1.3200,27.3800,23.6200,10.6500,26.9500,8.9800,31.3700,67.7300,6.5200,22.9900,7.4200,3.6800,7.5100,6.9000,6.5600,1.5400,1.2600,9.8400,46.0500,17.1900,2.9500,2.0500,11.7700,19.7000,22.5400,3.9300,4.9300,20.6600,3.1500,7.7600,7.7500,12.1700,4.4600,3.8600,7.6600,2.6000,205.4500,16.5000,103.3200,25.7600,1.9350,15.5800,280.5100,4.8000,1.4950,4.6500,7.8000,10.4600,2.7300,69.4600,3.7100,11.4800,42.0500,6.3400,3.2000,12.9000,21.7200,4.3500,15.1100,21.0300,7.8400,1.7950,17.6800,4.2800,7.2500,3.0600,4.1600,4.4400,1.2950,27.5600,28.2700,13.4400,9.8500,3.6000,4.6000,4.7200,8.6100,43.4900,5.9400,2.0900,5.7600,7.9800,19.7600,1.3200,24.0100,8.0100,172.0200,61.0000,9.7000,2.9400,3.8800,1.9450,2.2900,78.1200,2.1700,29.9400,2.3400,12.5400,8.9500,5.8700,9.1700,7.6900,1.0300,1.8350,11.6200,6.1300,14.7500,7.6300,2.8800,0.6750,26.4000,2.2200,11.9200,3.7200,9.8900,25.6800,55.3500,5.0500,6.2100,13.2800,2.8000,1.0150,66.1300,110.7000,14.1300,2.6500,2.1700,3.1000,30.8900,116.8000,5.7600,6.9000,2.9000,21.3000,21.4400,30.1100,4.0700,3.0000,5.4700,3.6300,11.9600,11.1000,1.1250,13.2300,7.7300,3.9700,6.9500,4.8800,13.1500,13.3300,1.9950,3.3700,2.6200,1.6200,1.4850,27.2100,2.7500,6.4400,46.5200,8.9800,49.6900,33.9100,33.2400,14.7700,73.0000,5.7800,7063.6001
6/1/2023 0:00,1.6800,0.6950,17.5500,28.8400,0.2250,4.9000,7.1200,1.1800,2.4400,1.3250,1.4150,8.0900,27.3300,5.2400,4.8300,14.0200,4.9000,8.5100,2.4400,23.4000,28.0000,7.8100,12.2500,34.6400,1.5800,1.3200,27.0800,23.6700,10.5400,27.1000,8.9900,31.4700,66.6300,6.5500,22.8400,7.4200,3.6600,7.5000,6.8600,6.5200,1.5550,1.3000,9.8000,47.5100,17.5700,2.9900,2.1200,11.6700,19.7800,22.9200,3.9100,5.0800,20.5800,3.1300,7.7000,8.0700,12.0000,4.4100,3.7700,7.5400,2.6100,206.0400,16.4600,103.1800,25.6700,2.0200,15.6200,278.2800,4.9000,1.5350,4.7500,7.6800,10.4600,2.6800,67.8900,3.7500,11.2600,41.4500,6.2300,3.2600,13.0000,21.4900,4.3600,15.1100,21.8000,7.8700,1.8450,17.5500,4.2400,7.3000,3.0400,4.2100,4.4000,1.2700,27.7200,29.0000,14.0100,10.1400,3.6900,4.4500,4.7600,8.6000,44.1300,5.9600,2.1100,5.6900,7.9200,19.2200,1.4300,24.2000,8.2900,172.4600,60.6100,8.6800,2.9200,3.8600,1.9450,2.2700,83.5400,2.1500,29.7600,2.2800,12.6400,8.8500,6.0400,9.0200,7.6700,1.0500,1.8200,11.7600,6.1200,14.7200,7.6900,2.9100,0.6800,26.3500,2.3300,12.0000,3.9600,9.6600,25.7900,55.5900,4.9900,6.2800,13.2700,2.8000,1.0350,66.1400,109.7500,14.0900,2.5500,2.1700,3.1300,30.4400,119.6300,5.8700,7.0200,2.8700,20.9000,21.4800,29.9500,4.2500,3.1700,5.4200,3.6100,11.9900,11.1300,1.1200,13.2900,7.4000,3.9700,6.8300,4.8500,13.1500,13.2000,1.9800,3.4500,2.5900,1.6100,1.4800,27.4400,2.7300,6.4400,47.0100,9.1300,49.8300,34.6100,33.2200,14.8100,71.6200,6.1700,7109.6001
9/1/2023 0:00,1.7000,0.7050,17.6600,29.0400,0.2250,4.9000,7.3300,1.2300,2.4200,1.3550,1.4950,8.0600,28.3400,5.2200,5.0000,14.1000,4.9100,8.6300,2.4500,23.3700,27.7900,7.7900,12.4100,35.3600,1.5900,1.2650,27.3300,23.7200,10.5500,27.6000,9.0800,31.3700,66.3400,6.6600,23.0000,7.4200,3.7000,7.5200,6.8800,6.5900,1.5800,1.3500,9.8600,48.0000,17.6400,3.0200,2.2200,11.5600,19.8300,22.9300,3.9100,5.1900,20.8800,3.1500,7.6600,7.6800,12.1800,4.4600,3.8100,7.4900,2.6100,207.5500,16.5200,103.3200,24.2500,2.0800,15.8900,277.0000,4.9400,1.5750,4.7200,7.7600,10.5400,2.7300,67.9900,3.7800,11.4400,42.4500,6.2600,3.3300,13.0400,21.5700,4.4300,15.3300,21.6300,7.9000,1.8600,17.8000,4.2700,7.3500,3.0600,4.2900,4.4200,1.2850,27.4400,29.7100,14.1700,10.5100,3.7200,4.4900,4.7400,8.6000,44.7000,5.9700,2.1700,5.8000,7.9200,19.4500,1.4500,24.2800,8.5300,174.1000,60.4600,9.0400,2.9100,3.9900,1.9450,2.2900,85.8900,2.1600,30.0000,2.2900,12.7500,8.8100,6.2300,8.9600,7.6300,1.1200,1.8600,11.9600,6.1500,14.7400,7.7000,2.9200,0.7450,25.4900,2.3600,12.6300,3.9300,9.6700,26.1900,56.7800,5.0400,6.4000,13.1300,2.8300,1.0750,66.0900,111.2800,14.4000,2.6000,2.2400,3.2200,30.0600,118.7800,6.0300,7.1100,2.9100,21.0900,21.9900,30.4500,4.4100,3.2400,5.3900,3.6400,12.0200,11.2600,1.0950,13.2900,6.8700,3.9700,6.9200,4.8700,13.3000,13.3600,2.0100,3.4500,2.6600,1.6050,1.4750,27.6900,2.7300,6.4400,47.3300,9.1800,50.4700,35.0400,33.7000,15.0900,72.0100,6.2700,7151.2998
10/1/2023 0:00,1.7100,0.6950,17.7100,28.9200,0.2250,4.8500,7.2600,1.2500,2.4100,1.3100,1.4700,7.9100,28.7200,5.0800,5.0000,14.1300,4.8800,8.6300,2.4400,23.4100,27.0000,7.7900,12.1900,35.5400,1.5750,1.2700,27.4700,23.7200,10.4400,27.8500,9.0300,32.0600,66.2800,6.6200,22.8800,7.4500,3.7000,7.4900,6.9000,6.6000,1.5650,1.3200,9.9200,47.8000,17.6900,3.1000,2.2200,11.5000,20.0800,23.0200,3.8900,5.1000,21.2800,3.1400,7.6300,7.7500,12.1900,4.4800,3.7900,7.4900,2.6100,208.0500,16.5800,103.3200,24.2100,2.0500,16.0300,275.6300,4.9800,1.4500,4.7000,7.8300,10.5900,2.7800,68.9000,3.7700,11.4900,42.9600,6.3000,3.2500,13.1000,21.6400,4.4800,15.2900,21.7700,7.8900,1.7950,17.8400,4.2900,7.2600,3.0700,4.2700,4.3600,1.2700,27.3600,29.5000,13.9100,10.3700,3.7800,4.5100,4.6300,8.3100,45.0000,6.0100,2.1600,5.8300,8.0300,19.4700,1.4300,24.2100,8.2100,173.5200,60.4600,8.9400,2.8800,3.9800,1.9500,2.3000,84.7500,2.1700,29.9300,2.2800,12.6000,8.6800,6.2000,8.9900,7.5600,1.0750,1.8650,11.7300,6.1500,14.8700,7.6900,2.8900,0.7450,24.7300,2.2700,12.3200,3.8700,9.7900,24.8500,57.3500,5.1000,6.3300,12.7700,2.8100,1.0400,66.4200,112.8300,14.3900,2.5900,2.2500,3.2100,30.5700,118.2300,6.0200,7.0500,2.8800,21.2600,21.8300,30.4600,4.4500,3.2400,5.3500,3.6600,11.8200,11.3600,1.1000,13.3400,6.3400,3.9600,6.9600,4.8600,13.2500,13.3800,1.9800,3.4500,2.6400,1.6000,1.4700,27.7800,2.7200,6.4100,46.9700,9.0700,50.5200,35.0100,33.6300,14.9400,71.6400,6.2500,7131.0000
11/1/2023 0:00,1.7400,0.7050,17.6400,29.2100,0.3000,4.8000,7.3300,1.2400,2.4200,1.3050,1.5000,7.9000,29.1800,5.2300,4.8900,14.6000,4.8500,8.6300,2.4400,23.3000,27.5400,7.7800,12.3600,36.0800,1.6200,1.3150,27.4400,24.0100,10.4500,28.3700,9.1000,32.2400,66.2000,6.6500,22.8000,7.5000,3.6800,7.5100,6.9100,6.6700,1.5800,1.3400,9.8900,48.5100,18.3000,3.0900,2.2600,11.5600,20.3000,23.0100,3.9400,5.0000,21.9000,3.2000,7.7000,7.7300,12.4100,4.5300,3.8700,7.4300,2.6100,207.0000,16.6200,103.5300,24.2100,2.0100,16.2400,278.0700,5.0200,1.5000,4.7400,7.9700,10.8100,2.8400,69.0100,3.8500,11.5800,42.0000,6.2800,3.2900,13.3100,21.6000,4.5500,15.3900,22.3000,7.9900,1.8400,18.3500,4.3400,7.3800,3.1200,4.3300,4.4900,1.2900,27.4600,30.0400,14.6300,10.4300,3.8100,4.5700,4.7600,8.2900,46.1200,6.0200,2.0900,5.8200,8.1300,19.7500,1.5000,25.3300,8.4200,174.1700,60.2500,9.0300,2.8500,4.0300,1.9550,2.3400,87.9300,2.1800,30.0600,2.2900,12.7900,8.7500,6.1400,9.1300,7.5800,1.1100,1.8700,11.8900,6.0500,14.8600,7.6000,2.9500,0.7600,24.8400,2.3300,12.1500,3.9800,10.1300,25.1100,58.0800,5.0900,6.3800,12.8700,2.8500,1.0700,66.7200,115.5000,14.6900,2.6400,2.2500,3.3100,30.9900,119.4200,6.2000,7.0600,2.9400,21.9900,21.8700,30.7800,4.5000,3.2500,5.3300,3.7200,11.6500,11.4700,1.0950,13.3000,6.3700,3.9700,6.9400,4.8800,13.2500,13.4900,2.0300,3.4200,2.6400,1.6000,1.4850,27.7300,2.7300,6.4700,47.4000,8.8400,51.1200,35.5200,33.9500,15.0900,69.2900,6.3100,7195.2998
12/1/2023 0:00,1.7600,0.6950,17.6900,29.0900,0.3000,4.8500,7.1800,1.2650,2.4000,1.3000,1.5000,7.8800,28.9000,5.2200,4.6900,14.7100,4.8300,8.6300,2.4400,23.5000,27.3500,7.7800,12.4300,35.8100,1.6550,1.3450,27.5900,24.2500,10.5300,28.6500,9.1100,31.9600,67.9900,6.7300,23.1700,7.4800,3.7300,7.5500,6.9800,6.7400,1.5950,1.3300,9.9500,49.3800,18.3700,3.1800,2.2800,11.7100,20.2300,23.1100,3.9800,5.0600,21.8700,3.2200,7.7500,7.6900,12.6200,4.5300,3.9000,7.4700,2.6600,208.4100,16.8400,105.1800,24.3700,2.0000,16.6700,281.4100,5.0200,1.5050,4.7900,8.0200,10.9100,2.9200,68.7300,3.8900,11.7000,41.9900,6.4200,3.3400,13.4800,21.7700,4.6000,15.6000,22.9200,8.1200,1.7850,18.6200,4.3700,7.4700,3.1600,4.3300,4.5800,1.2950,27.4000,30.1200,14.9400,10.5100,3.8000,4.5900,4.8000,8.3600,45.5300,5.9500,2.1300,5.9100,8.3000,20.1000,1.5650,25.4500,8.6000,177.0000,59.0100,9.1400,2.9000,4.0500,1.9550,2.3400,89.1000,2.2000,30.8000,2.3300,13.1000,8.7800,5.9200,9.3400,7.6700,1.1050,1.9100,12.0000,6.0700,14.9000,7.5800,2.9300,0.7700,25.2600,2.3300,12.2000,4.1600,10.3900,25.3200,58.3200,5.0600,6.4200,12.9300,2.8700,1.0550,66.7700,115.9300,14.9700,2.6600,2.2600,3.3200,31.0600,121.1600,6.2700,7.1300,2.9700,22.3200,22.3400,30.7600,4.5500,3.1700,5.3500,3.7400,11.6700,11.4800,1.1000,13.3500,6.3400,4.0100,6.9200,4.8900,13.3300,13.6000,2.0400,3.4400,2.6800,1.5900,1.4850,27.9000,2.7600,6.5900,47.8200,8.7200,51.2100,36.2500,34.2300,15.1900,70.6300,6.1000,7280.3999
13/1/2023 0:00,1.7900,0.7100,17.4500,28.6400,0.3000,4.8500,7.2300,1.3300,2.4400,1.3300,1.5500,8.0100,29.6000,5.1000,4.7800,14.7200,4.8800,8.3500,2.4400,23.7600,27.4000,7.7900,12.6000,35.9900,1.6700,1.3450,28.0400,24.4900,10.4500,29.0200,9.1100,33.2000,67.7200,6.7800,22.9400,7.5500,3.7200,7.5200,7.0500,6.6500,1.6100,1.3200,10.0800,49.6400,18.3700,3.2700,2.3700,11.6800,20.2600,23.4200,3.9700,5.0200,22.2500,3.2000,7.7700,7.6800,12.9100,4.5600,3.9000,7.5600,2.6700,207.8000,16.6900,106.5000,24.1000,2.0300,16.6600,282.9800,5.0900,1.5300,4.7300,8.0200,10.7800,3.0000,71.8000,3.9300,11.7800,41.7100,6.3000,3.2900,13.6000,21.7300,4.6600,15.6800,22.8000,8.1800,1.7750,18.6400,4.4200,7.5200,3.1700,4.3200,4.5600,1.3050,26.9500,30.6100,14.6600,10.2400,3.8100,4.5400,4.8200,8.4900,45.5400,5.9900,2.1900,5.9600,8.3400,19.7000,1.5600,26.1600,8.5700,178.2700,60.9800,9.3800,2.9100,4.0000,1.9500,2.3700,88.4900,2.2200,31.3000,2.3100,13.1800,8.8500,6.2200,9.4100,7.7000,1.1100,1.9200,12.0800,6.1100,14.9800,7.6300,2.9500,0.7800,25.7900,2.3400,12.2500,3.9900,10.4100,25.7000,58.9600,5.0000,6.4700,13.0300,2.9100,1.0850,66.9900,120.0500,15.4800,2.6700,2.2500,3.4100,30.9900,122.2900,6.2000,7.3000,3.0100,23.2000,22.5700,30.7100,4.6000,3.2700,5.3500,3.7600,11.7500,11.4600,1.1100,13.5100,6.3600,4.0200,7.0000,4.8700,13.4800,13.8900,2.0500,3.4700,2.6900,1.6150,1.5000,28.1500,2.7200,6.7400,48.1500,8.7600,51.9100,36.7000,33.8400,15.4200,71.0700,6.2000,7328.1001
16/1/2023 0:00,1.8300,0.7100,17.5100,29.1100,0.3000,4.8500,7.1700,1.3750,2.4500,1.3300,1.5900,7.9600,29.4900,5.2800,4.7800,14.8400,4.8700,8.4500,2.4700,23.9300,27.6900,7.7400,12.7400,37.0100,1.6900,1.3500,28.4200,24.8900,10.4700,29.5600,9.1100,33.2800,68.5100,6.9200,23.1200,7.6500,3.7700,7.5000,7.0800,6.7300,1.6100,1.3450,10.0700,49.6900,18.4900,3.3500,2.4000,11.7200,20.9100,23.6500,3.9500,5.1500,22.7100,3.2500,7.7800,7.5100,13.1900,4.5600,3.9200,7.5300,2.7000,209.9500,16.8100,107.3500,23.5900,2.0700,16.6500,286.9200,5.1100,1.5450,4.7700,7.8800,10.6800,3.1200,73.5700,3.9500,11.9000,42.1300,6.3600,3.3300,13.3900,22.3600,4.6700,15.6400,22.3300,8.2800,1.8350,19.0500,4.4000,7.5500,3.1800,4.3900,4.5900,1.3200,27.9500,30.4100,14.7500,10.4500,3.8000,4.6000,4.8500,8.5500,47.1000,5.9100,2.2700,5.9300,8.3100,19.6600,1.5000,25.8600,8.6000,180.0000,59.1100,9.6500,2.8900,4.0200,1.9650,2.4100,88.4100,2.2500,31.6500,2.3000,13.7300,8.8700,6.5200,9.6100,7.6600,1.1250,1.9550,12.4300,6.0500,15.0600,7.6500,2.9600,0.7900,26.3900,2.3300,12.1900,4.0400,10.6800,26.2600,60.3500,4.9400,6.5600,13.0100,2.9300,1.1050,67.1200,123.5000,15.8400,2.6600,2.2800,3.5000,31.4100,122.1700,6.2800,7.3400,3.0200,24.0800,22.4800,31.2800,4.7000,3.3700,5.3600,3.8300,11.7700,12.3400,1.1100,13.7300,6.5400,4.0200,6.9400,4.9000,13.6600,14.2100,2.0600,3.4800,2.7500,1.6300,1.5050,28.5700,2.7300,6.6500,48.7100,8.9700,53.9900,37.3000,33.9300,15.4600,74.3100,6.2800,7388.2002
17/1/2023 0:00,1.8450,0.7200,17.6400,29.0000,0.3200,4.8500,7.5000,1.3450,2.4300,1.3400,1.5500,8.1000,30.0200,5.4400,4.7800,14.7800,4.8600,8.4900,2.4200,23.9300,27.9600,7.6700,12.6600,36.5400,1.6500,1.3500,28.6800,24.9100,10.4200,29.4800,9.1800,33.5500,69.2200,6.9100,23.3600,7.6000,3.7100,7.5300,7.0500,6.4200,1.6050,1.2900,10.0100,49.1400,18.5000,3.4100,2.3400,11.8100,20.9000,23.7900,3.9900,4.8600,22.7500,3.2800,7.7300,7.3100,13.4500,4.6000,3.9200,7.5900,2.7200,210.4100,17.1500,107.4400,23.6100,2.0600,16.6000,290.5600,5.1200,1.4900,4.7000,8.0000,10.8300,3.0500,72.4300,3.9500,11.7300,42.3300,6.4900,3.3300,13.3700,22.7700,4.7000,15.5300,22.0300,8.2800,1.7550,19.4200,4.4300,7.6200,3.2100,4.3800,4.6700,1.3200,26.7000,30.1000,14.6200,10.4300,3.8000,4.6600,4.9000,8.5600,46.5100,6.0700,2.2400,5.7800,8.4500,19.6300,1.4950,25.8200,8.4800,179.2800,59.4500,9.4700,2.8800,4.1300,1.9700,2.3900,87.4000,2.2800,31.6700,2.3300,13.9300,8.9400,6.3700,9.6700,7.7000,1.1200,1.9500,12.2500,5.9400,15.0300,7.4900,3.0400,0.7650,26.1600,2.3400,12.4700,4.0700,10.6000,26.3200,60.2800,4.9900,6.5400,13.0700,2.9300,1.0950,67.2300,123.4700,15.8300,2.6700,2.1700,3.4900,31.9500,120.6700,6.0700,7.3800,3.0200,23.7200,22.5200,31.3700,4.5600,3.3800,5.3900,3.8700,11.8800,12.2500,1.1000,13.7100,6.5100,4.0900,6.9800,4.8800,13.6100,14.2800,2.0600,3.4700,2.7500,1.6050,1.5000,28.6500,2.7600,6.6000,49.1100,8.7400,53.4500,37.3700,34.7600,15.4700,72.6200,6.0700,7386.2998
18/1/2023 0:00,1.8450,0.7250,17.5000,29.4600,0.3000,4.8000,7.2300,1.3150,2.4900,1.3600,1.5800,7.9900,29.8100,5.4600,4.7800,14.8600,4.8700,8.5000,2.4200,23.8200,28.5400,7.7000,12.9700,37.3400,1.7000,1.3550,29.3200,24.7900,10.4000,30.0900,9.1100,33.2700,69.0600,6.7700,23.6300,7.6300,3.7500,7.5200,7.0000,6.5800,1.5700,1.2900,10.1000,49.0800,18.6500,3.3500,2.3100,11.7400,21.1100,23.9300,3.9800,4.6400,22.9200,3.2500,7.6900,7.5000,13.1400,4.5700,3.8900,7.7000,2.7300,212.1600,17.2300,107.6500,23.7300,2.1200,16.9000,292.8300,5.1500,1.5150,4.7800,7.8900,10.9000,3.0500,73.5800,3.9100,11.7000,42.5900,6.5100,3.3100,13.5700,23.4200,4.6800,15.7200,22.2000,8.3900,1.6750,19.0800,4.4200,7.4400,3.1800,4.4900,4.6100,1.3150,25.4200,29.8800,14.2100,10.4100,3.8500,4.7000,4.9100,8.4500,47.9800,6.0100,2.1700,5.8200,8.2800,19.5000,1.4950,25.4600,8.5400,179.6000,59.0300,9.5500,2.9000,4.1900,1.9750,2.3900,87.6900,2.2600,31.6700,2.3200,13.9300,8.9400,6.5600,9.7300,7.7300,1.1200,1.9450,12.0400,5.9200,15.0300,7.3800,3.0100,0.7800,26.2800,2.3300,12.7300,4.0100,10.8900,26.7200,60.9900,5.0600,6.5700,13.3300,2.9400,1.0700,67.3600,123.5800,15.7300,2.6800,2.2000,3.4600,32.6900,121.9900,6.2200,7.3600,3.0100,23.9600,22.9100,31.3700,4.5100,3.4800,5.4400,3.8600,11.9200,12.4600,1.1000,14.0500,7.0700,4.0900,6.9600,4.8800,13.5400,14.1700,2.0400,3.4800,2.7400,1.6000,1.5100,28.5400,2.7300,6.6600,49.5000,8.9900,54.3400,37.0000,34.8000,15.7600,74.4300,6.1900,7393.3999
19/1/2023 0:00,1.8250,0.7350,17.3100,29.6400,0.3050,4.8000,7.2300,1.3150,2.4700,1.3650,1.5300,8.0500,29.7000,5.4800,4.8900,15.0000,4.8700,8.7500,2.4300,23.9500,29.2200,7.6700,13.2200,37.0300,1.5850,1.3550,29.6000,24.8800,10.5700,29.3500,9.1100,33.4800,69.2900,6.7800,23.6700,7.7500,3.7400,7.5000,6.9700,6.4000,1.5600,1.3000,10.1700,49.6800,18.8100,3.3400,2.2700,11.7300,20.8500,24.0800,3.9000,4.6500,22.8500,3.2500,7.7200,7.6200,13.1400,4.5400,3.9000,7.6600,2.7100,214.2500,17.1900,108.7400,23.7000,2.1100,17.2100,295.2500,5.1900,1.5100,4.8000,7.9600,11.0000,3.0500,73.5500,3.9100,11.4400,42.6400,6.4700,3.2400,13.5300,23.1900,4.6900,15.8600,22.5800,8.2400,1.6950,19.1900,4.4800,7.5800,3.1700,4.5000,4.5200,1.3050,25.0400,30.1000,14.3400,10.6900,3.8300,4.6900,5.0000,8.5200,48.0700,6.0100,2.0900,5.6500,8.3400,19.4900,1.5000,25.7100,8.5100,181.9800,59.0300,9.4900,2.9100,4.1900,1.9750,2.3900,88.0600,2.2700,31.7100,2.2900,12.6500,8.8400,6.5800,9.6400,7.7900,1.0450,1.9450,12.1600,5.9300,15.0800,7.2900,3.0000,0.7350,26.4000,2.3500,13.2100,4.0200,10.6500,26.8700,61.0000,4.9800,6.5400,13.4400,2.9400,1.0650,67.7500,123.5700,15.6400,2.6700,2.2000,3.4300,33.3800,125.9600,6.3500,7.2400,3.0300,24.1600,22.8700,31.6600,4.5600,3.5000,5.5000,3.8800,12.3600,12.5600,1.1150,13.9900,7.0000,4.1500,6.8400,4.9800,13.7400,14.1100,2.0600,3.4400,2.8700,1.5950,1.5050,28.5800,2.7300,6.7800,49.3200,8.9300,54.3800,36.7800,34.9300,15.7300,73.6400,6.3500,7435.2998
20/1/2023 0:00,1.8400,0.7350,17.0000,29.3800,0.3450,4.8000,7.2800,1.3400,2.5300,1.3900,1.5200,8.0700,29.1600,5.5100,4.9800,14.9100,4.8300,8.7500,2.4400,24.0000,29.2900,7.7700,13.1800,37.4900,1.5650,1.3400,29.9300,24.7500,10.5300,28.5900,9.1500,33.1200,68.7500,6.7800,23.5000,7.7900,3.7400,7.5000,6.9900,6.4100,1.6100,1.2700,10.0900,49.9500,18.7600,3.3800,2.2800,11.7200,20.6200,24.1600,3.9200,4.8000,22.5700,3.2600,7.4500,7.8100,13.1600,4.5600,3.9800,7.6400,2.7200,211.6400,17.1500,108.6600,23.9200,2.1800,16.8700,299.0200,5.2000,1.5700,4.8200,7.9800,10.9500,3.0100,73.2500,3.9200,11.3800,42.0600,6.5400,3.2800,13.5900,24.3200,4.6700,15.5200,22.6000,8.1700,1.7450,19.1900,4.4700,7.6000,3.1500,4.5100,4.5400,1.3150,24.9600,29.7200,14.7100,10.6700,3.7900,4.6400,5.0100,8.4500,48.1100,6.0500,2.1600,5.7000,8.2300,19.4100,1.3750,25.4800,8.7000,180.8000,59.0000,9.2200,2.9000,4.1600,1.9750,2.3900,89.6500,2.2700,31.6000,2.3100,12.4200,8.8100,6.7600,9.4800,7.7800,1.0850,1.9100,12.5500,5.9100,15.0500,7.2900,2.9800,0.7600,26.2000,2.3300,13.3000,4.5500,10.2500,26.8100,62.1200,4.9800,6.5600,13.4400,2.9400,1.0850,67.0500,122.4300,15.3100,2.7100,2.2300,3.3500,33.3700,127.2000,6.3300,7.3500,3.0400,23.9600,22.6300,31.4500,4.5700,3.6600,5.4500,3.8900,12.3500,12.5000,1.1300,14.3500,7.1400,4.1100,6.8500,5.0000,13.7900,14.1900,2.0600,3.4600,2.9300,1.6050,1.5100,28.7900,2.7500,6.6900,49.3400,9.4800,55.1200,37.0400,34.7500,15.8400,72.8400,6.6500,7452.2002
23/1/2023 0:00,1.7900,0.7300,17.0900,29.4300,0.3200,4.7800,7.4900,1.4150,2.6400,1.4000,1.5250,8.1800,29.7600,5.5100,4.8900,14.8400,4.8700,8.9500,2.4400,23.8900,28.9100,7.6200,13.2000,38.0200,1.6000,1.3400,30.0500,24.9200,10.5400,29.5100,9.1300,33.2500,69.1900,6.8200,23.3400,7.8600,3.7300,7.5700,6.9500,6.4800,1.6100,1.2700,10.1500,49.4000,18.6100,3.4200,2.4600,11.6900,20.8200,23.9300,3.8800,4.8800,22.9300,3.2400,7.5400,7.7900,13.1400,4.5900,3.9700,7.7200,2.7300,208.7000,17.2300,108.6100,24.2000,2.1400,17.0800,298.3700,5.2100,1.5750,4.8100,7.9900,10.9300,3.0600,73.4800,3.9200,11.3900,42.6300,6.5300,3.2500,13.5900,23.6300,4.6600,15.7300,22.3800,8.2000,1.7300,19.0300,4.4900,7.6400,3.2000,4.4900,4.6100,1.3150,24.8100,30.0300,15.1600,10.5400,3.8000,4.6400,5.0200,8.3000,48.1800,6.0300,2.3200,5.6900,8.1900,19.2300,1.4700,25.6800,8.8000,182.1200,58.9900,9.2900,2.8900,4.1800,1.9650,2.4000,91.4500,2.2800,31.5100,2.3000,12.3700,8.4900,6.6500,9.5200,7.8500,1.1200,1.9350,12.6900,5.9600,15.0000,7.2500,3.0000,0.7800,26.7300,2.3200,13.2900,4.8300,10.3500,26.6300,63.2300,4.8500,6.5600,13.4900,2.9700,1.0750,67.5000,123.1400,15.2100,2.7100,2.2500,3.4100,33.3700,126.3800,6.2500,7.3600,3.0600,24.3300,22.8200,31.5100,4.6300,3.4200,5.4200,3.8900,12.3200,12.6500,1.1250,14.4200,7.2500,4.0800,6.8400,5.0200,13.7400,14.3400,2.0900,3.4100,2.9100,1.6050,1.5600,28.7100,2.7500,6.7800,48.9700,9.3500,55.3600,37.6600,34.8200,15.8300,73.8500,6.7400,7457.2998
24/1/2023 0:00,1.8150,0.7200,17.0200,28.7800,0.3000,4.7800,7.4100,1.4400,2.5900,1.3900,1.5100,8.2100,30.6400,5.3600,4.9100,15.3100,4.8100,9.1600,2.3300,23.6500,28.8100,7.6900,13.0200,38.3700,1.6350,1.3450,30.5300,24.6200,10.6600,30.0700,9.1600,34.1000,69.0500,6.7800,23.4700,7.7200,3.7000,7.6200,6.9300,6.4800,1.5900,1.2850,10.0400,49.7100,19.0100,3.4500,2.4400,11.7100,22.3900,23.8700,3.9500,4.8700,22.8700,3.2900,7.5100,7.8200,13.4100,4.6500,4.0300,7.7500,2.7600,203.4100,17.2500,108.0500,24.0100,2.1000,17.0200,297.8100,5.2000,1.5700,4.8800,8.0900,10.9600,3.0900,72.9300,3.9300,11.4000,41.9000,6.6000,3.4100,13.6000,23.1800,4.7000,15.5500,22.5100,8.3900,1.7550,19.5500,4.6000,7.5200,3.2500,4.4900,4.7000,1.3400,24.5800,30.4900,15.8400,10.7600,3.8100,4.6200,5.0600,8.1800,48.8100,5.9600,2.3500,5.7400,8.3800,19.5500,1.5400,25.9800,9.0000,184.4300,58.1100,9.1900,2.9100,4.1700,1.9700,2.4400,96.2800,2.3100,31.3400,2.3400,12.4800,8.1800,6.6500,9.6000,7.8900,1.1250,1.9800,12.8000,5.9900,15.0000,7.3000,2.9800,0.8000,26.8000,2.2700,13.2300,5.0800,10.6400,27.6000,64.9200,4.7700,6.4100,13.6000,2.9800,1.1050,68.0000,122.6500,15.5500,2.7400,2.2800,3.3900,33.3400,127.4400,6.3000,7.3600,3.1100,24.3900,22.7000,31.8900,4.8300,3.5400,5.4500,3.9200,12.7200,12.8600,1.1300,14.5400,7.0000,4.0900,6.7700,5.1400,13.7500,14.3500,2.1200,3.3900,2.9500,1.5900,1.5600,28.5200,2.7900,6.7200,49.1600,9.1700,56.0500,37.7500,34.7900,15.8800,76.3100,6.7500,7490.3999
25/1/2023 0:00,1.8450,0.7200,16.7400,28.5500,0.3100,4.7800,7.4600,1.4050,2.6100,1.3000,1.5500,8.1000,31.4400,5.3600,4.8600,15.4500,4.7900,9.2300,2.4300,23.6700,28.7500,7.6400,13.0700,38.1600,1.6350,1.3450,30.6100,24.6000,10.7800,30.8000,9.2400,34.2000,68.5700,6.7700,23.7800,7.6700,3.7000,7.6500,6.9500,6.3900,1.5650,1.2500,10.1600,49.2400,18.9000,3.5600,2.4400,11.7200,22.3700,23.8800,3.9500,4.8300,22.3600,3.2900,7.5200,7.8900,13.4700,4.6300,4.0100,7.6600,2.7400,206.0200,17.3000,108.8300,23.8200,2.1100,17.4700,296.1200,5.2200,1.5550,4.8800,8.0400,11.1100,3.1100,72.8500,3.9000,11.3800,41.4200,6.4700,3.2100,13.6500,23.2000,4.6700,15.6700,22.4800,8.4500,1.7350,19.4100,4.5900,7.5200,3.2400,4.5000,4.7100,1.3250,24.8900,30.5300,15.8900,10.9700,3.7300,4.6800,5.0400,8.5200,49.3100,5.9000,2.3200,5.7700,8.4200,19.7600,1.5400,26.8100,8.9700,185.1300,58.0500,9.2000,2.9000,4.1900,1.9750,2.4800,94.2000,2.2700,31.4800,2.3300,12.7200,7.9000,6.4200,9.5500,7.8900,1.0950,1.9800,12.7000,5.9200,14.9500,7.3200,3.0900,0.8100,26.5600,2.2800,13.2500,5.1100,10.5800,27.5000,64.5000,4.7400,6.4700,13.7300,2.9900,1.0500,67.3000,122.8800,15.7000,2.7500,2.2700,3.4300,32.9600,126.5000,6.3900,7.2400,3.0800,23.6700,22.8000,31.7000,4.7600,3.6600,5.3700,3.8900,12.7100,12.8800,1.1100,14.5000,6.8800,4.0800,6.6800,4.9600,13.7100,14.0900,2.0900,3.3400,2.9400,1.5800,1.5600,28.1400,2.7900,6.8800,49.3400,9.0400,56.1000,37.3100,34.7400,15.7100,74.1700,6.5000,7468.2998
27/1/2023 0:00,1.8500,0.7150,16.8400,28.4900,0.3150,4.7000,7.2200,1.3800,2.5500,1.3000,1.5550,8.1300,31.5500,5.5000,4.8800,15.6400,4.7800,9.1400,2.3900,23.9300,28.1000,7.7000,13.0900,38.1000,1.6150,1.3450,30.5800,24.9800,10.6500,31.4000,9.2500,34.0700,68.9500,6.7700,23.6000,7.7300,3.6900,7.7100,7.0200,6.4300,1.5400,1.2050,10.1700,49.5400,19.4400,3.4800,2.5200,11.9000,22.3400,23.9600,3.9200,4.7300,22.4500,3.3300,7.6100,7.7500,13.8000,4.5500,4.0000,7.6100,2.7900,206.5300,17.5000,109.8500,23.7800,2.0600,17.5100,294.7000,5.2700,1.5350,4.9100,8.1500,11.1000,3.1100,73.7000,3.8400,11.4200,41.3200,6.5200,3.2100,13.8500,23.1500,4.7500,15.6700,22.4900,8.5200,1.7100,19.9200,4.6000,7.4900,3.2700,4.4900,4.7600,1.3400,25.5400,30.4900,15.8100,11.1400,3.6500,4.6600,5.0800,8.5500,49.0000,5.8700,2.4200,5.7600,8.5100,19.9000,1.6200,26.6200,9.0800,187.4600,58.1000,9.0500,2.9100,4.2000,1.9650,2.5300,92.1600,2.3000,31.7900,2.3100,12.7900,7.9600,5.8400,9.6500,7.9400,1.0950,2.0300,12.6500,5.9300,14.8100,7.3700,3.1000,0.8050,26.0800,2.2500,13.3400,4.9000,10.6300,27.5000,65.1000,4.7200,6.4900,13.8600,3.0300,1.0500,66.6900,123.8900,15.8500,2.7100,2.1600,3.5000,33.6500,126.9700,6.4800,7.2400,3.1000,23.3400,22.6700,31.5300,4.7100,3.7300,5.3800,3.9400,12.8100,12.9100,1.0700,14.8200,6.9200,4.0900,6.8200,5.0000,13.7200,14.4000,2.0900,3.3500,2.9600,1.5800,1.5500,28.3500,2.7900,6.8600,49.6200,8.4400,57.5800,36.4200,35.1500,15.7300,75.3200,5.8800,7493.7998
30/1/2023 0:00,1.8100,0.7150,16.7800,28.3600,0.3200,4.5200,7.1100,1.3900,2.6000,1.2900,1.5800,8.1200,31.3000,5.3700,4.8000,15.2100,4.8100,9.1000,2.4200,23.7500,28.1000,7.6200,13.1400,38.5100,1.6300,1.3300,30.5900,25.0300,10.6600,31.8000,9.4400,33.9400,69.2800,6.8100,23.7600,7.7300,3.7000,7.6500,7.0100,6.3800,1.5050,1.2100,10.1200,49.2300,19.2100,3.4600,2.6300,12.0200,22.3600,23.7900,3.9300,4.7000,22.6500,3.3600,7.4400,7.2000,14.1000,4.6000,4.0200,7.6400,2.7700,208.7700,17.3500,109.7600,23.8900,2.0000,17.8700,293.0000,5.2600,1.5450,4.8400,8.1900,10.7500,3.2400,75.8100,3.8200,11.4300,40.5100,6.5400,3.2800,13.7200,23.1900,4.7500,15.8300,22.1900,8.3900,1.6900,20.1400,4.6200,7.4100,3.2600,4.5000,4.7400,1.3650,26.3400,31.3700,15.6800,11.0500,3.5200,4.6800,4.8900,8.5000,48.8300,5.8600,2.3900,5.7400,8.6600,19.8000,1.6650,26.5000,9.7100,186.9700,57.2000,9.2100,2.9000,4.1200,1.9800,2.5400,92.5500,2.3100,31.8300,2.3200,13.2400,7.7900,5.8800,9.9500,7.8000,1.0950,2.0500,12.7700,5.8700,14.7000,7.4600,3.0300,0.8600,25.8100,2.1800,12.9700,5.0000,10.5500,27.5400,65.8600,4.6800,6.3800,13.6700,3.0200,1.0500,66.6100,127.4100,16.0800,2.7300,2.1900,3.4700,31.3600,125.5200,6.3800,7.1700,3.1000,24.3900,22.6800,31.6000,4.6700,3.6100,5.2800,3.9600,12.5600,12.6900,1.0600,14.7900,7.1200,4.1100,6.8400,4.9400,13.7600,14.4000,2.0800,3.3300,2.9700,1.5600,1.5750,28.6000,2.8000,6.8000,49.4700,8.4000,60.5900,36.3000,34.7700,15.5500,77.6800,5.9000,7481.7002
31/1/2023 0:00,1.8500,0.7100,16.7900,28.1700,0.3200,4.5400,7.1100,1.3800,2.6100,1.2700,1.5100,8.1500,31.4500,5.4900,4.9500,15.2600,4.8000,9.1100,2.4100,23.7200,28.6000,7.6500,13.0500,38.7200,1.5650,1.3350,30.4900,25.0900,10.5600,31.8300,9.4200,33.9600,68.9700,6.8600,23.5700,7.7500,3.6900,7.6700,6.9700,6.3600,1.5100,1.1950,10.0600,49.3800,19.1600,3.4400,2.5700,11.9900,22.6000,23.7500,3.9200,4.5300,22.6900,3.3400,7.2200,7.1500,13.7700,4.5600,3.9900,7.7200,2.7300,212.4500,17.7600,110.0600,23.7500,2.0400,18.3500,298.0800,5.2600,1.4900,4.8900,8.1500,10.6400,3.2000,75.7000,3.7700,11.4200,39.8800,6.6300,3.2000,14.0700,23.5000,4.7100,15.8300,22.2400,8.3400,1.6450,19.9700,4.5500,7.5600,3.2400,4.4700,4.5800,1.3500,26.1200,31.2000,14.5700,10.8000,3.4400,4.6200,4.9000,8.5000,48.3800,5.8600,2.3100,5.8300,8.5900,19.5300,1.5700,26.2900,9.3900,187.3400,55.9000,8.9200,2.9400,4.1800,1.9750,2.5100,88.9400,2.2700,31.7900,2.3100,13.3400,7.7400,5.8600,9.8900,7.8700,1.0950,2.0300,12.5500,5.9200,14.7900,7.4700,2.9800,0.8500,25.5300,2.1400,13.0100,4.7500,10.4000,27.7400,66.8500,4.7500,6.3400,13.7400,3.0600,1.0000,66.6200,125.6200,16.0900,2.7000,2.1400,3.5100,32.1000,126.6400,6.2500,7.1100,3.0500,24.2100,22.6700,31.5800,4.5400,3.4200,5.2400,3.9300,12.5300,12.6700,1.0500,14.4800,7.0900,4.0800,6.8200,4.8200,13.8100,14.5200,2.0600,3.3400,2.9100,1.5500,1.5750,28.7100,2.7800,6.8400,49.6500,8.4000,60.5400,36.2600,36.0800,15.4500,76.8000,5.8900,7476.7002
1/2/2023 0:00,1.8500,0.7200,17.0400,27.9800,0.3100,4.7000,7.1100,1.4300,2.6500,1.2650,1.5400,7.9000,32.8000,5.5400,4.9000,15.4100,4.7900,9.3900,2.3800,23.6000,29.2100,7.6400,12.9800,38.2500,1.6200,1.3550,30.5500,25.2800,10.6300,31.5500,9.4700,34.2900,68.6000,7.0000,23.2300,7.8200,3.7300,7.6100,6.9700,6.4200,1.4800,1.1500,10.0600,49.5500,19.3400,3.4800,2.5500,12.0300,22.8700,23.9100,3.9400,4.5500,22.4200,3.4300,7.2700,7.3800,14.0300,4.6500,4.0800,7.7200,2.7400,212.5000,17.8800,110.1500,24.0000,2.0600,18.3200,301.5200,5.2700,1.4650,4.9100,8.2900,10.6700,3.1500,74.4300,3.8000,11.3800,38.7600,6.6200,3.1700,14.0300,23.6100,4.7600,17.1100,22.3300,8.4000,1.6000,20.2100,4.6100,7.4800,3.3000,4.4000,4.6800,1.3750,25.9400,31.2000,14.7100,11.0700,3.4400,4.6600,4.9100,8.5500,47.9900,5.7800,2.3000,5.9000,8.6700,19.1700,1.5350,25.5700,9.7000,187.0000,54.8000,8.8800,2.9500,4.1400,1.9700,2.5100,90.2500,2.3000,31.7300,2.3400,13.5000,7.6500,5.8200,9.7900,7.8000,1.1300,2.0400,12.6400,5.8100,14.8000,7.4100,3.0100,0.8150,25.4900,2.0800,12.9800,4.7700,9.6500,27.7500,65.3700,4.7700,6.4000,13.8600,3.0600,1.0050,66.1400,121.5300,16.2200,2.7400,2.1400,3.5600,32.2300,128.4300,6.4800,7.0400,3.0800,24.0800,22.5500,31.3200,4.6300,3.4700,5.3000,4.0400,12.6000,12.4400,1.0450,14.4300,6.8300,4.1500,6.7000,4.8600,13.9400,14.5800,2.0900,3.3500,2.9100,1.4900,1.5900,28.4000,2.8300,6.8700,49.6500,8.2700,59.5000,35.7500,36.1100,15.5400,76.8600,5.8400,7501.7002
2/2/2023 0:00,1.8700,0.7100,16.9600,28.0200,0.3200,4.7500,7.4000,1.5250,2.5700,1.2900,1.5300,8.0900,34.2100,5.7600,4.9700,15.4300,4.8100,9.3900,2.3900,23.5000,28.5500,7.6200,13.0900,39.6000,1.6650,1.3300,30.7200,25.1600,10.6700,33.1800,9.5800,35.4400,69.0000,7.0400,23.5400,7.9000,3.7000,7.4600,7.0500,6.5200,1.4550,1.2250,10.0200,48.8500,19.2300,3.5400,2.6200,12.0800,23.3100,24.1900,3.9700,4.7200,22.8800,3.5300,7.2200,7.3500,14.9300,4.6800,4.1200,7.7300,2.7800,216.9000,17.9800,109.7300,23.1300,2.0500,18.6100,304.5800,5.2400,1.5150,4.8500,8.3600,10.5900,3.3300,74.6200,3.8100,11.5600,40.0300,6.6800,3.3600,14.0200,23.7500,4.8800,17.5700,22.2400,8.3400,1.6800,20.3900,4.6200,7.4000,3.3600,4.4400,4.9100,1.3700,26.6200,31.8000,14.5700,11.2700,3.4000,4.7500,4.8300,8.4000,48.1700,5.8500,2.2800,5.9700,8.7400,19.7500,1.5700,25.7600,9.5100,190.3700,54.7700,9.1000,2.9300,4.1800,1.9700,2.5200,88.3500,2.3400,31.5000,2.4000,13.6300,8.0300,5.7500,10.0700,7.7400,1.1200,2.1000,13.2200,5.7400,14.6200,7.3300,3.0100,0.8600,25.9300,2.1400,13.1000,4.8000,9.3900,27.6500,67.0900,4.8100,6.3200,13.2000,3.0500,1.0550,66.3100,125.1300,17.0200,2.7600,2.2200,3.6400,32.0000,125.4300,6.4600,6.9300,3.0600,25.3700,22.8700,31.4000,4.7200,3.5800,5.2800,4.0700,12.3100,12.6000,1.0300,14.7100,6.8800,4.1200,6.9200,4.8100,14.0600,14.5200,2.0600,3.2300,2.8700,1.6400,1.5900,28.6000,2.7900,6.8500,50.0500,8.1700,63.5300,35.4000,36.2600,15.2100,82.6000,5.8100,7511.6001
3/2/2023 0:00,1.9000,0.7200,17.3100,28.6200,0.3250,4.9000,7.0900,1.5600,2.6300,1.2600,1.5450,8.1700,34.5600,5.9000,4.8600,15.5400,4.8200,9.3900,2.4200,23.9200,29.2900,7.6700,13.1900,39.8600,1.7100,1.3500,30.9600,25.7500,10.8700,33.4000,9.6500,36.4500,70.7200,7.1000,24.1500,7.8900,3.7200,7.4900,7.1900,6.5600,1.4850,1.1850,10.0600,47.9100,18.9900,3.5500,2.5700,12.2600,22.8100,24.1900,4.0500,4.5200,23.4100,3.5900,7.2000,7.2000,15.2900,4.7500,4.2500,7.8900,2.7600,221.9600,18.1500,111.1500,24.0100,2.0700,18.7000,313.8100,5.2700,1.4350,4.8900,8.5800,10.7300,3.3300,72.9400,3.8500,11.6300,40.1900,6.8100,3.2500,14.4300,24.3400,5.0300,17.7600,21.9500,8.4500,1.5800,20.9500,4.7600,7.4600,3.5000,4.4100,5.1500,1.3500,26.8300,32.1200,14.6400,11.2500,3.4200,4.8700,4.7300,8.5000,48.1000,5.8000,2.2100,6.0800,8.9700,19.9300,1.5600,25.7900,9.4000,190.4300,54.0000,9.2300,2.9400,4.1400,1.9800,2.5600,88.7900,2.4400,31.9000,2.4300,13.6100,7.7100,5.7900,10.3400,7.7400,1.1150,2.1700,12.6900,5.7100,14.9700,7.1500,3.0400,0.8000,26.9500,2.0800,13.0700,4.8900,10.2900,27.7500,68.6400,4.7000,6.4200,13.2000,3.0800,0.9750,67.1600,126.6700,17.3200,2.8000,2.0700,3.6400,32.3100,122.9400,6.1900,6.9900,3.1000,25.6300,22.7100,31.8400,4.6800,3.4600,5.2500,4.1900,12.3300,12.5700,1.0250,14.6300,6.7800,4.1500,6.9200,4.6800,14.1800,14.7900,2.0800,3.2500,2.9200,1.7050,1.5900,28.8300,2.8200,6.9300,50.6800,8.2200,62.0000,35.6300,36.5100,15.1000,81.9900,5.9100,7558.1001
6/2/2023 0:00,1.8400,0.7100,17.3000,28.4100,0.3150,4.8500,7.0400,1.5950,2.5600,1.2550,1.5400,8.1900,33.6300,5.7200,4.8400,15.5300,4.8200,9.3900,2.4200,23.8500,29.2000,7.7500,12.9500,39.3300,1.6900,1.3500,31.0500,25.5800,10.8700,33.3200,9.4900,36.3800,71.1100,6.9600,24.6700,7.8200,3.7400,7.4700,7.1300,6.4200,1.5400,1.1550,9.9600,48.2000,19.1200,3.5400,2.4200,12.2700,22.5100,24.1300,4.0200,4.4100,23.0200,3.5200,7.3200,7.2600,14.8100,4.7300,4.1800,7.9000,2.7500,220.2800,18.1400,110.7500,24.5900,2.1200,18.4100,311.9200,5.2200,1.4050,4.9500,8.3700,10.4800,3.2800,72.2400,3.9200,11.2200,40.0400,6.9300,3.2300,14.2600,24.2700,4.8500,18.0000,21.9600,8.5400,1.5550,20.4300,4.6600,7.4800,3.4500,4.2100,5.0200,1.3300,26.7300,31.4600,14.4400,11.1400,3.5300,4.6700,4.6000,8.4500,47.8100,5.7900,2.2300,5.8900,8.6700,19.5300,1.5000,24.7400,9.2800,188.9700,54.0400,9.2300,2.9700,4.1500,1.9700,2.5700,88.6000,2.4100,31.8800,2.3800,13.4600,7.3800,5.9400,10.3000,7.8600,1.0800,2.1800,12.5800,5.8300,15.1600,7.2100,3.0300,0.7650,26.4000,2.1100,13.4400,4.7700,10.0800,27.1100,67.1900,4.7000,6.4900,13.2800,3.0500,0.9500,66.4700,124.4500,17.1400,2.7700,2.0500,3.5500,32.0300,124.0100,6.1500,7.0100,3.0700,25.5700,22.4400,31.1400,4.6100,3.5300,5.3600,4.0800,12.3600,12.4000,1.0350,14.6500,6.7000,4.1400,6.8700,4.8000,14.0300,14.7200,2.0700,3.3200,2.9300,1.6650,1.5800,28.6800,2.8000,6.9000,50.5500,8.4600,60.1900,36.0500,36.5400,15.1800,80.8300,5.9800,7539.0000
7/2/2023 0:00,1.8400,0.7250,17.2700,28.1800,0.3250,4.8500,7.0400,1.4650,2.5400,1.2500,1.5350,8.0000,33.7000,5.7200,4.8900,15.4100,4.8100,9.0400,2.4700,23.7300,29.5500,7.9300,12.9300,38.9300,1.6950,1.3200,31.0600,25.6600,10.8000,29.1900,9.5300,36.1200,70.5700,6.8800,24.2100,7.7500,3.7500,7.4600,7.2100,6.3000,1.5850,1.1750,9.9600,48.0100,19.0500,3.5200,2.4200,12.2600,22.0200,24.2400,3.9200,4.4200,22.9200,3.4500,7.1800,7.2800,14.6500,4.6800,4.1100,7.8700,2.7500,216.8900,17.9700,110.3000,24.4800,2.1600,17.8500,308.0700,5.2000,1.4050,4.9200,8.2800,10.4200,3.3000,71.3100,3.9500,11.1200,39.5500,6.8300,3.2500,14.1500,23.8100,4.8800,18.1000,22.0500,8.3400,1.5550,19.9600,4.6200,7.4100,3.3500,4.1800,4.7400,1.3200,26.7100,31.2300,14.4500,11.1000,3.5200,4.5800,4.6700,8.3100,47.0800,5.6900,2.2000,5.9500,8.7000,18.4100,1.4650,24.7900,9.1700,190.3300,53.9000,9.5400,3.0300,4.0500,1.9700,2.5500,89.0900,2.3900,31.7300,2.3600,13.2300,7.2600,6.1600,10.2900,7.9400,1.0650,2.2100,12.4700,5.7600,15.2900,7.2200,2.9800,0.7450,26.4400,2.1400,13.2400,4.7600,10.0100,26.7200,65.9700,4.7100,6.4800,13.3100,3.0400,0.9700,65.9500,123.6900,16.9000,2.6700,2.0800,3.4900,31.6900,122.9000,6.2100,7.0500,3.0400,25.7400,22.3900,30.1000,4.6400,3.6700,5.3900,4.0000,12.4700,12.1600,1.0100,14.6500,6.5900,4.1200,6.8200,4.8100,13.9500,14.5900,2.0500,3.2900,2.9300,1.6700,1.5650,28.9000,2.7900,6.8500,49.8900,8.6200,59.1100,36.1600,36.1000,15.0800,80.8200,6.1900,7504.1001
8/2/2023 0:00,1.9200,0.7250,16.7000,28.4000,0.3100,4.9000,6.9900,1.4950,2.5200,1.2500,1.5150,8.1300,33.1800,5.5000,4.9700,15.4500,4.8300,9.4000,2.4600,23.9000,29.4000,7.9400,12.9000,39.5800,1.6950,1.3650,30.8200,25.7900,10.8000,30.2100,9.6300,36.5000,70.3800,6.8700,24.6500,7.8100,3.7600,7.4800,7.2600,6.3200,1.5450,1.1800,10.0800,48.1000,19.4100,3.9700,2.4300,12.0100,22.2800,24.3300,3.8800,4.3800,22.9800,3.4100,7.3100,7.3300,14.7700,4.6200,4.1200,7.8700,2.7200,216.3800,17.9800,110.3200,24.3900,2.1500,17.4000,306.2000,5.2500,1.4150,4.9100,8.2400,9.3100,3.2900,70.4500,3.9000,10.7900,39.4500,6.7600,3.2300,14.1900,23.6400,4.9500,18.6100,22.4800,8.3900,1.5650,19.9800,4.5800,7.3600,3.3300,4.1800,4.6300,1.3100,26.8900,31.1300,14.7300,11.3100,3.4900,4.6000,4.8000,8.2500,46.6900,5.5200,2.2100,6.0300,8.5700,18.0800,1.5200,24.4300,9.2200,195.2300,58.1000,9.3700,3.0900,4.0200,1.9700,2.5700,91.1900,2.4000,32.0600,2.3400,13.3800,7.2000,6.1100,10.4100,8.0400,1.1050,2.2000,12.6000,5.7200,15.6700,7.2400,2.8700,0.7700,27.0000,2.1000,13.2000,4.9400,10.1300,26.5100,67.6000,4.7300,6.5500,13.4100,3.0600,0.9300,65.7700,124.4500,16.8600,2.5800,2.0800,3.4800,31.8000,124.1900,6.4100,7.0300,3.0200,25.1900,22.8900,29.2100,4.7400,3.6700,5.4200,4.0000,13.0400,12.1900,1.0500,14.6100,6.5700,4.1100,6.8300,4.7600,14.0600,14.3000,2.0400,3.3100,2.9300,1.6900,1.5800,29.0500,2.7500,6.9300,49.6900,8.5400,58.2900,36.3900,35.9900,15.1800,81.5800,6.0600,7530.1001
9/2/2023 0:00,1.8300,0.7300,16.2800,27.9800,0.3100,4.7000,7.1500,1.5300,2.6200,1.2400,1.4850,8.2000,32.9200,5.8100,4.9100,15.0000,4.8100,9.4100,2.5000,23.9000,29.4000,7.1200,12.8200,39.4600,1.6750,1.3450,30.9700,25.9200,10.8000,30.3700,9.5600,36.3400,70.4800,6.8000,24.9500,7.8100,3.7700,7.5500,7.2700,6.3200,1.5500,1.1550,10.0500,48.1200,19.1900,3.8100,2.4300,11.9700,22.1900,24.3900,3.8400,4.3100,22.9800,3.3900,7.2600,7.2900,14.5400,4.6000,4.0900,7.7300,2.7500,214.5500,17.8300,110.2100,24.5000,2.0200,17.2500,305.2400,5.2500,1.4600,4.9600,8.2900,8.6900,3.2600,70.8500,3.9600,10.9100,39.6900,6.6600,3.2200,14.0000,23.6300,4.9600,18.2300,22.5200,8.5100,1.5600,19.7300,4.5100,7.2700,3.2900,4.1900,4.6200,1.2850,26.6700,31.8900,14.6400,11.2400,3.4700,4.5800,4.6500,8.3600,46.5600,5.3900,2.2000,5.9200,8.4000,18.0000,1.4550,24.3600,9.0600,194.0900,54.5400,9.3500,3.0900,3.9800,1.9800,2.5600,90.9600,2.2900,31.9500,2.3400,13.3400,7.2300,5.8100,10.2500,7.9600,1.1150,2.2100,12.3900,5.6900,15.4200,7.0500,2.9100,0.7600,26.4400,2.0400,13.1800,4.7800,9.9900,26.6200,67.5900,4.6200,6.5400,13.2000,3.0300,0.9400,65.4500,124.4300,16.8800,2.5700,2.0500,3.4900,31.6800,123.8500,6.4200,7.0300,2.9400,25.2000,23.0400,28.8400,4.6900,3.5700,5.4200,3.9100,12.7400,12.1600,1.0300,14.6100,6.4500,4.1100,6.7900,4.7000,14.0300,14.1500,1.9700,3.2100,2.9200,1.7000,1.6000,28.7600,2.7400,6.9100,49.3900,8.0400,57.3500,36.4700,35.7100,15.0900,79.6400,5.7900,7490.2998
10/2/2023 0:00,1.8350,0.7350,16.1900,27.7900,0.3050,4.6500,7.1100,1.4950,2.6200,1.2200,1.4600,8.1400,32.0700,5.7900,5.0400,14.5200,4.8300,9.1000,2.4500,23.8400,29.4000,6.9500,12.4500,38.3400,1.5750,1.3150,30.7700,25.7100,10.5900,29.9500,9.5200,35.9000,70.0600,6.7400,24.9200,7.7700,3.6900,7.5000,7.2500,6.2500,1.5100,1.1200,9.9700,48.0000,18.8700,3.6100,2.5400,11.9400,21.8500,23.9500,3.8400,4.0400,22.5400,3.3500,7.2000,7.1100,14.4400,4.5700,4.0400,7.7700,2.7000,211.6800,17.9300,109.9500,24.7300,1.9500,16.9500,304.9600,5.1900,1.3950,4.8700,8.2900,8.9000,3.0600,71.4400,3.9300,10.8200,40.5200,6.8200,3.1200,13.7100,23.4600,4.9400,18.2100,22.0000,8.3700,1.4750,19.7800,4.5000,7.2500,3.2500,4.1400,4.5600,1.2650,25.8300,31.2400,14.5300,10.8700,3.4700,4.5800,4.7100,8.2800,46.6200,5.5800,2.1600,5.7800,8.3000,17.8500,1.4400,24.3300,8.7800,191.4900,54.3200,9.0300,3.1100,4.0300,1.9800,2.5500,89.6500,2.2700,31.6800,2.3100,13.1700,7.2700,5.3100,10.1300,8.0100,1.0700,2.0800,12.0100,5.6400,15.4900,7.0600,2.9200,0.7600,25.9100,1.9250,13.0600,4.7800,9.5800,26.5200,65.2700,4.7000,6.5100,13.2300,3.0100,0.8900,64.7000,121.1100,16.7700,2.5600,1.9800,3.4800,31.2600,122.5500,6.2600,6.9500,2.9300,24.4800,22.9900,28.7800,4.5800,3.4800,5.4200,3.9000,12.8200,12.1700,1.0250,14.3400,6.5000,4.0700,6.8500,4.6700,13.9700,14.3800,1.9750,3.2100,2.9000,1.6800,1.6000,28.5300,2.7100,6.8100,49.3300,7.7400,54.4400,35.8600,36.0100,15.0200,78.0000,5.4500,7433.7002
13/2/2023 0:00,1.7500,0.7250,16.2800,28.0900,0.3250,4.6500,6.9200,1.4950,2.6300,1.1650,1.4650,8.1200,31.7500,5.8100,4.9400,14.6800,4.7900,8.9200,2.4600,23.7000,30.1900,6.8900,12.3800,38.3900,1.5550,1.3150,31.3300,25.7000,10.6600,29.9800,9.4500,35.6800,69.5400,6.7500,25.0200,7.7500,3.4500,7.4900,7.1600,6.0600,1.5150,1.1250,9.8900,47.8700,18.8000,3.5700,2.5500,11.9000,21.7000,23.8500,3.8700,4.0200,22.6800,3.3500,7.2600,7.1100,14.5600,4.5700,4.0300,7.7800,2.6700,209.7600,17.9700,109.3000,24.7400,2.0200,16.9100,305.0100,5.0400,1.4200,4.8100,8.3000,8.7100,2.9300,71.2100,3.9500,10.6900,39.4000,7.1000,3.1200,13.7900,23.2500,4.6300,18.2500,22.1400,8.2000,1.5050,19.8500,4.5300,7.1900,3.2500,4.0600,4.5700,1.2800,25.5300,30.8500,14.5100,10.8500,3.4900,4.5600,4.9200,8.2200,44.2500,5.7600,2.2300,5.8000,7.7900,17.6500,1.4000,23.8400,8.3600,190.4000,53.6400,8.6800,3.1000,4.0400,1.9800,2.5200,90.7900,2.2100,31.3800,2.3100,13.0900,7.3300,5.4000,9.9300,8.0000,1.0650,2.1000,11.9600,5.6700,15.6200,7.0300,2.9000,0.7600,25.9400,1.9100,13.0500,4.8500,9.4400,26.0500,65.6000,4.8000,6.5100,13.4000,3.0300,0.8900,63.5500,119.1400,16.7000,2.5500,2.0100,3.5000,30.5900,122.3200,6.2200,7.0700,2.9400,24.1200,23.5300,28.3000,4.5800,3.5700,5.4000,3.9000,13.0100,11.7900,1.0000,14.2000,6.1900,4.1000,6.8100,4.6300,13.9600,14.1900,1.9950,3.1200,2.9300,1.6750,1.5750,28.4600,2.7100,6.8000,48.8100,7.9300,54.7600,36.6200,36.0600,15.1400,76.8800,5.6600,7417.7998
14/2/2023 0:00,1.8200,0.7250,16.4400,25.6400,0.3100,4.7900,7.0600,1.5250,2.5700,1.1750,1.4800,8.0500,30.4000,5.8100,4.9000,15.7200,4.8200,8.7200,2.4300,23.8600,30.6500,6.9400,12.4500,38.9500,1.5500,1.3150,31.2000,25.7500,10.7000,30.2400,9.5100,36.0400,69.2500,6.7200,25.1100,7.7800,3.3400,7.5200,7.1800,6.1700,1.5450,1.1300,9.9600,47.7200,19.1300,3.6900,2.6500,11.9000,20.6800,24.1100,3.8800,4.1300,22.9500,3.3700,7.5800,7.2000,14.4900,4.6000,4.0400,7.9200,2.6700,209.0800,18.0300,109.2500,24.5900,2.1100,17.2500,307.7500,5.0600,1.4200,4.8400,8.5000,8.7300,3.0900,70.0800,3.9200,10.9200,40.6700,7.0900,3.1200,13.8000,23.3500,4.5600,18.2600,22.1800,8.2700,1.5050,19.8900,4.6000,7.4100,3.2600,4.1100,4.6000,1.3000,25.9100,31.3700,14.4100,10.9200,3.4400,4.5800,4.8200,8.3000,44.8200,5.8000,2.3200,5.8800,7.8500,16.8900,1.3800,23.9300,8.3600,191.6600,54.0000,8.8200,3.0600,4.0800,1.9850,2.5300,87.0300,2.2200,31.6100,2.3200,13.2800,7.3600,5.4100,10.0000,7.9000,1.0550,2.1100,12.0200,5.6900,15.8300,7.0600,2.9100,0.7650,26.8000,1.9500,13.0400,4.8500,9.6900,26.5600,65.0500,4.7500,6.4500,13.2900,3.0300,0.8900,63.8400,122.1700,16.4800,2.5200,2.0200,3.3900,30.7300,121.5000,6.3000,7.1100,2.9700,24.3700,23.2900,28.6800,4.6400,3.5700,5.4100,3.9000,12.6500,11.9300,1.0300,14.3900,6.2200,4.1400,6.7500,4.6900,13.9500,14.3300,2.0100,3.1600,2.9100,1.6800,1.5900,28.5600,2.7000,6.8000,48.7000,7.9100,56.4800,36.2300,36.2800,15.2200,78.5400,5.6400,7430.8999
15/2/2023 0:00,1.8450,0.7250,16.4500,25.7900,0.3050,4.8000,7.0000,1.5300,2.6000,1.1600,1.5050,7.9200,31.0000,5.8100,5.0400,15.7700,4.8000,8.3100,2.4600,22.8300,30.4400,7.0600,12.5100,39.9800,1.5500,1.3100,31.4500,24.7800,10.8400,30.1900,9.5400,36.0000,70.0200,6.7300,24.9900,7.8500,3.2600,7.5200,7.0200,6.2100,1.5050,1.1200,9.6100,47.9400,19.3500,3.7400,2.6700,11.9900,20.4000,24.2000,3.8900,3.9900,22.8100,3.3900,7.4900,7.3100,14.5200,4.5900,4.0500,7.8500,2.6900,225.2800,18.0600,103.0000,23.6000,2.1600,15.7500,304.9100,5.1000,1.3700,4.8400,8.5900,8.5500,3.0600,69.4700,3.9700,10.8500,39.7900,7.0100,3.0300,14.0700,23.3500,4.5900,18.2900,22.0000,8.9400,1.4900,19.8100,4.6000,7.3800,3.2600,4.1000,4.5800,1.3000,26.0000,31.0700,14.1200,10.9100,3.5000,4.5300,4.8300,8.3800,44.8300,5.6800,2.2600,5.9700,7.8900,16.4000,1.3450,23.7900,8.1600,190.9000,55.1000,9.4500,3.1000,4.0400,1.9750,2.5400,86.6500,2.2100,30.3100,2.3200,13.6400,7.3100,5.7300,10.0600,7.9800,1.0450,2.1100,11.7300,5.7400,15.8100,7.1100,2.9000,0.7900,26.9400,1.9150,13.1800,4.7200,9.6400,26.6500,65.4700,4.7500,6.4700,13.2700,3.0200,0.8600,64.0900,122.5800,16.8400,2.5400,1.9550,3.4900,31.0200,123.3300,6.2500,7.0600,2.9800,24.5500,23.6000,29.0600,4.6200,3.8300,5.4900,3.8400,12.6000,11.9700,1.0400,14.5000,6.0600,4.1400,6.6600,4.7500,13.9300,13.3400,2.0500,3.1500,2.9800,1.6850,1.5700,28.9200,2.7000,6.7500,49.3500,8.1900,56.8100,35.3500,35.9800,15.4600,79.1400,5.7700,7352.2002
16/2/2023 0:00,1.8950,0.7350,16.7600,26.6300,0.3150,4.8000,7.1900,1.5050,2.5400,1.1450,1.4450,8.0300,32.4900,5.8700,4.8800,15.9000,4.8100,8.3100,2.4800,22.7600,30.5000,7.1400,12.7400,41.1200,1.5200,1.1350,31.9200,24.9200,10.7800,31.8800,9.5000,36.3500,70.2500,6.7700,25.9900,7.9500,3.4600,7.5800,7.0600,6.5300,1.5300,1.1300,9.5700,48.1200,19.7400,3.8500,2.5400,12.2200,21.2200,24.9500,3.9700,3.9600,23.3200,3.4700,7.4500,7.5300,15.0600,4.6700,4.1300,7.9100,2.7500,226.6200,18.2400,101.5000,23.2600,2.1700,17.3200,302.9900,5.2600,1.3600,4.8700,8.7700,8.7500,3.1800,72.3500,3.9700,11.0500,40.1500,6.9100,2.9700,14.1500,23.8700,4.5900,18.4400,22.3200,9.6100,1.4550,20.2300,4.7500,7.6000,3.4300,4.1600,4.6400,1.3200,26.7900,31.5600,14.0500,10.9200,3.5900,4.6700,4.7800,8.7200,45.5500,5.8200,2.3300,6.1000,8.0400,17.1500,1.3850,24.0300,8.2800,194.1100,54.8500,10.0500,3.0800,4.1200,1.9750,2.5600,86.6700,2.2800,30.5100,2.4100,13.7300,7.2600,5.5200,10.2500,8.0400,1.0800,2.1200,11.3800,5.7800,15.9500,6.8800,3.3300,0.7850,27.1600,1.8850,13.4700,4.6900,10.0100,27.2000,63.2700,4.7600,6.5700,13.4000,3.0600,0.8500,66.8500,128.5800,17.2500,2.5900,1.9300,3.4900,31.2300,123.6800,6.2900,7.0100,2.9700,25.2600,23.9800,33.2000,4.6600,3.8300,5.6700,3.9400,12.8000,12.5000,1.0300,14.8100,6.2000,4.2200,6.6800,4.7800,14.1500,13.8400,2.0900,3.1500,3.0300,1.6800,1.5700,29.2600,2.7500,6.8100,51.3200,7.9600,58.6200,35.0000,36.4900,15.4900,82.4100,5.6600,7410.2998
17/2/2023 0:00,1.8650,0.7300,16.5900,26.9800,0.3150,4.8000,7.1300,1.5000,2.5400,1.1400,1.3800,8.0800,32.4700,5.6500,4.9900,16.0300,4.8300,8.5500,2.4900,22.7800,30.6900,7.1400,12.6300,40.3800,1.5200,1.1200,31.7700,24.6700,10.8600,31.6000,9.2500,35.5000,67.9700,6.7500,25.9700,7.8400,3.4200,7.5100,7.0300,6.3300,1.4850,1.1150,9.6100,48.0000,19.8200,3.8400,2.5200,12.1300,20.9600,24.6300,3.9400,3.9200,23.0000,3.2700,7.3900,7.4900,14.5100,4.6200,3.9800,7.6800,2.6900,224.9900,18.2400,100.9700,23.8800,2.1400,18.1000,298.4000,5.2400,1.3350,4.7900,8.6800,8.6300,3.0700,71.2600,3.9400,11.1900,39.4300,6.7800,2.8900,14.1900,24.2100,4.4800,18.5900,22.2600,10.0400,1.4500,19.8800,4.6500,7.7800,3.3000,4.1500,4.5800,1.3000,26.7600,30.7200,13.5400,10.7000,3.5300,4.6200,4.8300,8.4900,45.5300,5.6900,2.2700,6.1800,7.7600,17.1000,1.3450,23.8800,8.2900,189.0000,54.8000,9.7600,3.1200,4.1400,1.9800,2.5500,85.0700,2.2300,29.8500,2.3900,13.6800,7.2800,5.2000,10.1900,7.9400,1.0450,2.1000,11.3900,5.7700,16.0600,7.0000,3.4300,0.7650,26.9200,1.8800,13.1100,4.4400,9.8600,27.3000,63.5500,4.6700,6.6000,14.3900,3.0200,0.8350,66.7600,126.4300,16.9800,2.5600,1.9050,3.4800,31.2600,124.2600,6.2800,6.8500,2.9400,24.7800,24.3900,33.4500,4.5300,3.8600,5.6500,3.8800,12.7800,12.9000,1.0400,14.3100,6.1400,4.2100,7.1000,4.7000,14.0700,13.7200,2.0900,3.1400,3.0100,1.6750,1.5700,29.1500,2.7300,6.8500,51.0900,7.5500,56.5400,34.5100,36.6900,15.3700,77.7600,5.6000,7346.7998
20/2/2023 0:00,1.8200,0.7350,16.6400,26.8500,0.3050,4.8800,6.9100,1.4900,2.5800,1.1450,1.4450,8.0000,32.4300,5.6500,4.8600,15.9300,4.7400,8.5500,2.4700,23.0100,28.7300,7.0100,12.6600,40.0000,1.5050,1.1000,32.3100,24.7400,10.8100,31.7200,9.1900,35.8000,68.4800,6.7000,25.8300,7.8000,3.4400,7.5300,7.1400,6.2700,1.4300,1.1100,9.7900,48.4600,17.8400,3.7300,2.3800,12.1800,21.2300,24.4000,3.9200,3.9300,22.9400,3.2600,7.5700,7.6700,13.6300,4.5900,3.9400,7.4800,2.6800,224.6000,18.3000,102.2300,24.1100,2.1100,17.9500,298.4000,5.1700,1.3600,4.6900,8.6800,8.5200,3.0000,71.0400,3.9500,11.2700,38.9900,6.8800,2.8800,14.0200,23.9400,4.4000,18.6500,22.5800,9.9200,1.4650,19.8000,4.5700,7.8200,3.2700,4.2000,4.5100,1.2700,27.0000,30.8900,13.2400,10.7000,3.5100,4.6200,4.8200,8.4600,45.9800,5.6000,2.2100,6.3900,7.7800,16.7100,1.2900,24.0800,8.3300,190.7300,53.1100,9.7000,3.0600,4.1100,1.9850,2.5300,81.8500,2.2300,30.3000,2.3600,13.7000,7.2300,5.1100,10.1000,7.0200,1.0200,2.0800,11.2200,5.7800,15.9600,6.9800,3.5000,0.7200,27.1400,1.8850,13.0100,4.2000,9.8200,27.2300,62.0000,4.7200,6.5800,14.9200,3.0200,0.8300,66.8000,125.6500,16.7500,2.5700,1.9150,3.5500,31.3900,125.1500,6.3100,6.7700,2.9100,24.3200,24.4400,32.7700,4.4800,3.7700,5.6400,3.8900,12.8100,13.2400,1.0000,14.3200,6.1400,4.2100,6.4900,4.6700,14.0900,13.8500,2.0500,3.1100,3.0300,1.6800,1.5950,28.5500,2.7000,6.8300,50.3500,7.5000,56.4500,34.1800,36.8000,15.3900,76.9100,5.5600,7351.5000
21/2/2023 0:00,1.8450,0.7250,16.4900,26.8500,0.3200,4.9000,6.8500,1.4800,2.5800,1.0900,1.4450,7.6100,32.4000,5.4700,4.7800,16.0900,4.7600,8.3600,2.5000,22.8400,28.5000,6.9500,12.6300,37.6900,1.5050,1.0950,31.6900,24.6200,10.7600,31.4800,9.1400,35.6400,68.8300,6.6700,26.3800,7.7600,3.4400,7.5200,7.1200,6.3900,1.4300,1.0450,9.7900,48.3000,18.6200,3.7200,2.3800,12.0300,21.2200,24.2600,3.9100,3.9800,22.7100,3.2600,7.5100,7.8100,13.5800,4.5600,3.9600,7.2700,2.6800,223.8600,18.1300,101.5200,23.7300,2.1300,17.5600,298.4400,5.0600,1.3800,4.7600,8.6400,8.4600,3.0500,71.3600,3.9200,11.5200,39.2000,6.6900,2.8900,13.1700,23.6500,4.3900,18.6000,23.3000,10.1000,1.4500,19.6100,4.6300,7.7600,3.2400,4.2000,4.5100,1.2650,29.0900,30.9400,13.4200,10.6300,3.5300,4.0000,4.8100,8.1500,45.8700,6.3400,2.2700,6.3900,7.6200,17.0100,1.3400,24.0600,8.4300,190.3900,54.0000,9.2200,3.0600,4.0800,1.9950,2.5200,84.9700,2.2100,30.1000,2.3400,13.7100,7.1600,5.1600,10.1100,7.1700,1.0650,2.0600,11.0000,5.7700,15.9500,7.0100,3.5300,0.7100,26.9900,1.8950,12.9800,4.3900,9.8700,26.8600,62.2700,4.7800,6.4000,15.0000,3.0100,0.8650,65.9200,125.5600,16.8700,2.5600,1.8950,3.5800,31.3200,126.1300,6.5200,6.8100,2.8900,23.9000,24.6400,32.7200,4.5800,3.7400,5.5900,3.7600,12.7500,13.3500,1.0400,14.2500,6.3000,4.1600,6.0800,4.7000,14.0700,13.6700,2.0500,3.0600,2.9400,1.6750,1.5800,28.3900,2.6600,6.7200,49.7700,7.4000,55.7900,34.5000,36.7200,15.4200,77.3300,5.6900,7336.2998
22/2/2023 0:00,1.8200,0.7350,16.2700,26.8300,0.3150,4.9000,6.8200,1.4300,2.5800,1.0200,1.4400,7.8500,30.8900,5.5800,4.8300,15.9700,4.5400,8.3600,2.4800,22.8700,28.3700,6.9200,12.6300,36.9000,1.5350,1.0750,32.2500,24.9300,10.6500,30.4500,9.1500,35.8800,68.3700,6.6200,27.0700,7.7900,3.3600,7.5300,7.0700,6.5700,1.4650,1.0150,9.7900,48.3400,18.6300,3.6500,2.3400,12.0300,20.8300,23.9600,3.9000,3.8400,22.4300,3.2700,7.4400,7.5600,13.3600,4.5400,3.9600,7.3000,2.6500,225.5800,18.1900,99.2000,24.0600,1.9850,17.8900,295.7000,4.9000,1.3400,4.6300,8.6000,8.3900,3.0400,54.3700,3.9300,11.9300,40.7800,6.6900,2.8000,13.0800,23.5000,4.3700,18.4800,22.8900,9.9700,1.4300,19.7000,4.6400,7.8700,3.2100,4.1800,4.4900,1.2650,28.7000,30.3900,13.2400,10.5000,3.5000,4.0100,4.7900,8.2600,45.5100,6.2500,2.1700,6.2600,7.6800,17.0200,1.3200,23.8500,8.2800,190.2900,56.2000,9.0300,3.0800,4.0600,1.9850,2.5000,83.9100,2.2300,30.0600,2.3400,13.7000,6.9100,5.2000,9.9800,7.3300,1.0450,2.0600,10.6400,5.7500,15.8900,7.9000,3.4400,0.7050,26.7000,1.8900,13.0600,4.2600,9.5600,26.8500,61.2000,4.8900,6.4700,15.0500,2.9900,0.9000,65.9100,122.8100,16.5200,2.5400,1.8500,3.5900,31.2500,125.5100,6.3300,7.0200,2.9900,24.2500,24.5500,32.7000,4.5900,3.7000,5.7400,3.8100,12.7700,13.3300,0.9950,14.2900,6.2900,4.1500,6.4600,4.6700,14.0700,13.7000,2.0500,3.0600,2.9400,1.6850,1.5650,28.4800,2.6800,6.7300,49.2200,7.5100,58.2100,34.5800,37.4500,15.3500,77.2700,5.8400,7314.5000
23/2/2023 0:00,1.8150,0.7250,16.4500,26.9000,0.2950,5.1000,7.0000,1.3800,2.6200,1.0700,1.4500,8.0500,30.9100,5.6000,4.8900,16.0100,4.6200,8.2000,2.4000,22.6600,28.6800,6.9300,12.6800,37.1600,1.5250,1.0850,32.5500,24.7600,10.8000,31.1600,9.0500,35.8900,67.6300,6.7400,27.2100,8.0400,3.3600,7.5000,7.0000,6.6700,1.4300,1.0200,9.8000,46.6900,18.5900,3.6900,2.3200,12.0700,20.9400,24.1400,3.8900,3.8000,22.5200,3.2600,7.3400,7.6200,13.2900,4.5400,3.9800,7.3600,2.6500,225.0000,17.9000,99.9000,23.9100,1.9250,17.9300,298.7300,5.0100,1.3450,4.6600,8.4700,8.4700,3.0500,55.2100,3.9000,13.0000,40.7300,6.7400,2.7800,13.2600,23.7900,4.3500,18.5000,22.8300,10.1300,1.4500,19.7800,4.5700,7.9600,3.2200,4.1400,4.3000,1.2800,28.8300,29.2900,13.3000,10.6200,3.5500,4.0500,4.7300,8.2100,42.9300,6.3400,2.1900,6.6000,7.5200,17.0100,1.3250,24.7400,8.4600,188.8400,59.5700,8.9100,3.2800,4.0900,1.9950,2.5000,85.0300,2.2000,29.7600,2.4300,13.5100,7.1300,5.3500,9.9400,7.4200,1.0500,2.0000,10.4400,5.7800,15.8900,8.0000,3.4500,0.7100,25.9500,1.9600,12.3600,4.4800,9.4900,27.0400,61.5900,5.0700,6.0300,15.1300,3.2500,0.8600,67.9100,122.2100,15.8900,2.5600,1.7850,3.5500,31.6700,123.4000,6.3700,6.9300,3.0200,24.4000,24.5400,33.2300,4.5100,3.7800,5.8500,3.7500,12.7900,13.4900,0.9900,14.5400,6.5500,4.1700,6.5000,4.7000,14.0900,13.7700,2.0900,3.0700,2.9900,1.6850,1.5550,28.6000,2.7000,6.7200,48.4800,7.3600,60.6600,34.3700,36.9400,15.2000,76.4200,6.0300,7285.3999
24/2/2023 0:00,1.8400,0.7150,16.5500,26.8700,0.2900,5.1000,6.9100,1.3750,2.5900,1.0700,1.4700,7.9500,31.4100,5.9100,4.9600,16.0000,4.6300,8.2000,2.3200,22.6700,27.7400,6.9200,12.7000,37.9000,1.5150,1.0800,33.0100,24.7900,10.8900,31.8100,9.0800,36.8800,67.8100,6.7400,27.1200,8.0100,3.3500,7.5100,7.0700,6.8000,1.4500,0.9950,9.8000,45.9400,18.4600,3.6800,2.5400,12.9700,21.5700,24.3200,3.9400,3.7000,22.7500,3.3400,7.3600,7.5800,13.5300,4.6100,4.0100,7.4300,2.6700,226.1900,18.0800,101.2200,24.3800,1.9000,18.0500,299.4800,5.0500,1.3300,4.5500,8.5000,8.2800,3.0900,53.2900,3.9600,13.6200,41.3600,6.8600,2.7000,13.4200,24.0500,4.4300,18.4800,22.4400,10.1300,1.4500,19.9700,4.6200,8.0100,3.2200,4.1800,4.3300,1.2950,29.1500,29.1100,13.4500,10.4700,3.5200,4.0600,4.7700,8.2100,43.2400,6.3100,2.2900,6.5400,7.7100,17.0500,1.3650,25.0100,8.5000,188.9100,57.9500,8.7000,3.3500,4.1200,1.9900,2.5000,84.9100,2.2500,29.8500,2.5000,13.5300,7.1600,5.3800,10.0500,7.4400,1.0300,2.0300,10.4100,5.8100,15.9000,8.0800,3.4500,0.7400,24.8500,1.9400,12.0600,4.5300,9.3900,27.3200,61.5500,5.0000,6.1600,15.3000,3.1600,0.8750,67.9000,124.8100,16.4100,2.5900,1.7000,3.6400,31.8600,118.9200,6.2200,7.0100,3.0900,24.4700,24.7100,33.1000,4.4100,3.8000,5.8600,3.8400,12.9500,13.5300,1.0150,14.6800,6.5500,4.1800,6.4000,4.7200,14.1200,13.9500,2.0900,3.1000,3.0500,1.6750,1.5650,29.0200,2.7300,6.8100,48.7300,7.3000,63.1200,34.6000,37.0300,15.2700,77.6300,6.1400,7307.0000
27/2/2023 0:00,1.8400,0.7150,16.9200,26.8800,0.2900,5.2500,6.9100,1.3400,2.5900,1.0550,1.4550,7.7600,30.7500,5.6600,4.7100,15.4300,4.6200,8.6000,2.3200,22.7300,27.3200,6.9000,12.5600,37.9500,1.4700,1.0450,32.5300,24.8300,10.8600,31.4500,8.9400,36.5300,67.8200,6.7700,27.0000,7.9500,3.2300,7.5100,7.0800,6.6300,1.4150,1.0150,9.7800,44.5500,18.4600,3.5900,2.4600,12.8600,21.5600,24.1700,3.8800,3.6100,22.4400,3.2600,7.3400,7.0900,13.1700,4.5300,3.9700,7.4100,2.6600,226.7800,18.0500,101.3900,24.9900,1.8700,17.4800,297.7900,5.0000,1.2950,4.4100,8.3800,8.0000,3.0500,49.8600,3.0200,13.5400,41.0100,6.8000,2.6600,13.1700,23.6500,4.3300,18.6500,20.8100,10.2100,1.3900,19.5000,4.6000,7.7900,3.2000,4.1600,4.2600,1.2750,28.5300,28.5500,12.9100,10.2100,3.4600,4.0300,4.7000,8.1400,43.0000,6.1100,2.2800,6.3700,7.5600,16.8900,1.3150,24.1800,7.9700,188.4500,57.8000,8.5500,3.3000,4.0700,1.9950,2.5000,79.5000,2.2000,29.9900,2.4600,13.3800,7.2600,5.4000,10.0300,7.4900,0.9600,1.9700,10.1700,5.7500,16.1400,8.1500,3.4800,0.7000,24.6900,1.9150,11.9000,4.2000,9.0700,27.2000,60.1500,5.0000,6.2800,15.1200,3.1800,0.8700,67.6200,122.0000,16.2100,2.5600,1.6550,3.5900,31.5200,115.4600,5.8000,6.8900,2.9800,24.0800,24.4600,32.8300,4.2900,3.5600,5.7800,3.7600,12.8200,13.2700,1.0100,14.6800,6.5700,4.1600,6.4200,5.0000,14.1200,13.8100,2.0600,3.1500,2.9800,1.6550,1.5500,29.2400,2.6400,6.7800,48.5400,7.2300,62.2500,35.1300,36.9700,15.4000,75.7700,6.1700,7224.7998
28/2/2023 0:00,1.7100,0.7200,16.5300,27.1300,0.2850,5.2000,6.9500,1.3200,2.6500,1.1200,1.4850,8.0300,31.0300,5.7600,4.8500,15.9700,4.6100,8.3800,2.3800,22.5300,26.2500,6.9000,12.6900,39.1600,1.5050,1.0350,32.9600,24.6500,10.7300,31.9700,8.9600,36.5400,68.0400,6.8400,27.6800,8.0300,3.3100,7.5100,7.0600,6.6900,1.4150,1.0650,9.7800,45.2000,19.0600,3.6400,2.5800,12.8700,21.1400,24.7000,3.8800,3.7900,22.6900,3.3100,7.4900,7.3700,13.3100,4.6000,3.9900,7.4900,2.6600,222.2200,18.1800,100.6900,24.8000,1.8950,17.8800,296.3000,5.0900,1.3950,4.4700,8.4300,8.1800,3.1000,49.9600,3.1600,13.6900,40.8000,6.8300,2.7200,13.0900,23.6600,4.3100,18.8000,21.4000,10.2800,1.4700,19.8600,4.7100,7.8700,3.2100,3.8500,4.3600,1.3150,29.0800,28.7000,13.1300,10.4200,3.4400,3.9600,4.6500,8.1000,41.8400,6.2400,2.3400,6.5600,7.6400,17.0000,1.3600,24.1000,8.2000,189.5200,59.8900,8.5600,3.3400,4.0700,1.9850,2.5100,82.5600,2.2700,30.0000,2.5200,13.4800,7.3300,5.4300,10.2700,7.6000,0.9800,1.9450,10.3700,5.8100,16.2000,8.0100,3.5300,0.6950,24.3900,1.9650,11.8600,4.1700,9.2300,27.3400,61.0100,5.0300,6.4200,15.0800,3.2200,0.8950,67.5500,122.8700,16.5400,2.5500,1.7400,3.6000,31.4300,116.7300,5.8800,7.0000,2.9800,24.1800,24.4800,32.2100,4.3400,3.5300,5.8300,3.8400,12.8500,12.9800,1.0100,14.9000,6.9800,4.1600,6.6200,5.0700,14.1800,14.0100,2.0400,3.1600,3.0100,1.6700,1.5550,29.1600,2.7300,6.8800,48.2400,7.2300,63.0000,35.9100,36.9200,15.1700,77.7000,5.8600,7258.3999
1/3/2023 0:00,1.7100,0.7150,16.5500,27.2900,0.2950,5.1500,7.0800,1.3600,2.6700,1.1600,1.5050,8.0700,31.0100,5.9000,4.9500,15.9900,4.5900,8.4900,2.3400,22.0700,27.2500,6.8800,12.6400,38.5900,1.5250,1.0550,33.1800,24.3700,10.6500,31.2100,9.0700,36.7400,67.5600,6.6900,27.1000,8.0300,3.2900,7.5400,6.9000,6.6500,1.4350,1.1100,9.7200,46.2200,19.8200,3.6500,2.5800,13.0300,20.6800,24.6000,3.8600,3.8800,22.4200,3.2500,7.4800,7.6600,13.0000,4.5500,3.9700,7.4500,2.6100,223.4100,17.9900,99.0500,24.6000,1.8800,17.9400,292.8500,5.1100,1.4500,4.5300,8.3400,8.3100,3.0300,48.8700,3.1800,14.1100,40.2800,6.6400,2.8300,12.9800,23.6000,4.2900,18.8000,22.1200,10.1400,1.5050,19.4300,4.6000,7.8500,3.1600,3.7600,4.2400,1.2750,28.9900,28.1300,13.5700,10.7700,3.4500,3.7900,4.6500,8.0900,42.3200,6.1900,2.2400,6.4700,7.5600,16.1600,1.4050,24.2500,8.3700,188.9000,59.2000,8.7600,3.3300,4.0600,2.0000,2.5100,86.0000,2.2200,29.3800,2.4600,13.2300,7.5000,5.4500,10.5500,7.5800,0.9850,1.8950,10.6600,5.7400,16.2700,8.0200,3.4200,0.7150,24.4800,2.0600,11.8200,4.2100,9.1600,27.4300,60.9000,4.9800,6.4400,15.2400,3.1900,0.9550,66.5800,120.9200,16.3100,2.5000,1.8050,3.5900,31.5200,119.6300,5.8300,7.0600,2.9400,23.8200,24.5700,32.0400,4.4700,3.5400,5.8500,3.7800,12.9000,12.9800,1.0250,14.7400,6.7700,4.0400,6.5800,4.9800,14.0300,13.6900,2.0300,3.2100,3.0400,1.6650,1.5600,29.0800,2.7100,6.8300,48.2500,7.2200,61.8600,36.8000,36.7700,15.4800,77.4600,6.1600,7251.6001
2/3/2023 0:00,1.6550,0.7200,16.5300,26.8200,0.2950,5.1500,7.0500,1.4450,2.6900,1.1400,1.4900,8.0200,30.3300,5.8800,4.9800,16.0200,4.6100,8.4900,2.2900,21.6400,27.9900,6.8200,12.7300,38.5700,1.5600,1.0650,32.9500,23.7100,10.5100,30.6900,9.0500,36.6700,66.6300,6.6400,27.1600,7.9500,3.3100,7.5500,6.7700,6.4700,1.4450,1.1300,9.5300,48.0500,19.9700,3.5700,2.6000,13.0700,20.0200,24.3700,3.8100,4.0300,22.0200,3.2000,7.4000,7.8600,12.9100,4.5100,3.9200,7.4200,2.6000,222.9300,17.4200,97.0700,24.7000,1.9250,17.5800,291.8000,5.0800,1.4950,4.6400,8.1600,8.4600,3.0400,49.6000,3.2800,14.4000,39.5200,6.5800,2.9400,12.7800,23.8800,4.2800,18.7400,23.0600,9.9800,1.5450,19.3800,4.5600,7.8800,3.1100,3.7200,4.2000,1.2800,28.3300,27.7000,13.9200,10.9800,3.4300,3.8200,4.6100,8.1100,42.2800,6.2700,2.1600,6.4200,7.4100,16.2500,1.4400,23.8400,7.8000,184.8600,57.6400,8.6000,3.2800,4.0000,1.9900,2.4900,90.0300,2.1900,28.8300,2.4600,12.9200,7.8300,5.6900,10.2500,7.4700,1.0350,1.9100,10.9700,5.7900,16.2500,8.0500,3.3800,0.7300,24.5500,2.1400,11.5600,4.0800,8.5800,27.2800,60.2300,4.9000,6.5300,15.1500,3.1700,0.9850,66.1600,119.3800,16.0500,2.4700,1.8200,3.5400,31.3000,124.4400,6.0800,7.1100,2.9300,23.3100,24.7300,31.8100,4.7000,3.6700,5.8100,3.7500,12.7500,12.8000,1.0400,14.8400,6.9700,4.0400,6.7300,4.9400,13.9200,13.7700,2.0500,3.1300,3.0300,1.6750,1.5500,28.8200,2.6700,6.8700,47.8000,7.5200,62.4900,37.5900,36.2500,15.3100,75.2300,6.1500,7255.3999
3/3/2023 0:00,1.6800,0.7200,16.5600,26.8900,0.2950,5.3900,7.0500,1.4250,2.7000,1.1000,1.4450,8.0200,30.4800,5.9900,4.9400,16.1000,4.6100,8.5200,2.3000,21.7300,27.8300,6.8300,12.6400,38.6800,1.5500,1.0550,31.0500,23.8500,10.5300,31.1300,9.1200,36.7100,66.8700,6.6600,26.9200,7.9900,3.2900,7.5700,6.8100,6.4800,1.4650,1.1300,9.6000,48.3200,20.2900,3.5700,2.6000,13.0900,19.9700,23.7200,3.8000,3.8700,22.1900,3.2000,7.3600,7.9500,12.8400,4.4900,3.9300,7.4000,2.6100,223.2800,17.4900,97.7500,24.5000,1.9350,17.6400,293.0200,5.0200,1.4850,4.6900,8.2300,8.2900,3.1000,49.2500,3.2800,14.0200,41.4500,6.5800,2.8900,12.8700,24.1600,4.3000,18.8600,22.7600,9.9300,1.5050,19.1600,4.5800,7.8500,3.1100,3.7100,4.0800,1.2800,28.5200,27.8700,13.8700,10.9200,3.4500,3.8000,4.6500,8.0500,42.3500,6.3200,2.1300,6.3800,7.4000,16.2000,1.6300,24.0100,7.8000,185.4700,58.0000,8.6900,3.2900,4.0200,1.9900,2.4900,89.4200,2.1800,29.1500,2.4800,13.5600,7.7200,5.7700,10.1900,7.3900,1.0300,1.8650,10.9300,5.7400,16.2200,8.0400,3.3400,0.7300,24.6800,2.1800,11.6000,4.1800,8.6200,27.0400,60.0900,4.8900,6.5100,15.0500,3.2000,1.0400,66.9300,120.1000,15.8300,2.5000,1.7900,3.5200,31.7600,126.4300,6.0400,7.2000,2.9600,23.4800,24.7000,32.3200,4.7600,3.6800,5.8000,3.7300,12.7300,12.7200,1.0150,14.7700,7.0100,4.0900,6.7200,4.9500,13.9400,13.5800,2.0400,3.1000,3.0500,1.6800,1.5600,28.7800,2.6500,6.8800,48.0500,7.4900,62.9300,37.7900,36.4800,15.3100,75.6200,6.2000,7283.6001
6/3/2023 0:00,1.7150,0.7250,16.5900,27.1400,0.3000,5.3900,7.0300,1.4200,2.6300,1.0400,1.4650,8.1900,31.5000,5.9300,4.9300,15.6100,4.6400,8.4300,2.2900,22.0900,27.0000,6.8800,12.7700,39.1500,1.5550,1.0350,31.2600,24.2000,10.3800,32.3100,9.0400,37.3200,67.4700,6.6000,27.2800,7.9100,3.2900,7.5300,6.9200,6.5900,1.4450,1.1600,9.4500,48.3900,20.3900,3.6600,2.5400,13.1300,20.6200,24.0000,3.8300,3.9300,22.4112,3.2200,7.3700,7.9800,13.0700,4.5300,3.9700,7.4700,2.5800,226.0800,17.6500,98.6000,24.6300,1.8950,17.9300,294.5000,5.1300,1.4550,4.6500,8.3300,8.4300,3.2300,49.9000,3.3000,14.3800,41.6500,6.6100,2.9100,12.8500,24.5200,4.3200,19.2700,22.2000,9.9800,1.5050,19.5700,4.6600,7.7600,3.1500,3.8100,4.2100,1.2850,29.8700,27.7000,13.8000,10.6100,3.4700,3.8700,4.7400,8.2000,43.2000,6.5100,2.1400,6.4200,7.4500,16.3700,1.7200,24.6000,7.4500,189.9900,58.8000,8.8900,3.3100,4.0200,2.0000,2.5000,89.1100,2.2300,29.4800,2.4900,13.8100,7.8500,5.6100,10.4900,7.3000,1.0200,1.9150,10.8400,5.7100,16.2800,8.0500,3.3300,0.7150,24.9600,2.1100,11.8400,4.1000,8.9500,27.5300,61.0000,4.8000,6.5800,14.9300,3.1700,1.0950,67.2200,120.0100,16.2000,2.4900,1.7400,3.6300,32.3800,125.3700,6.0300,7.1400,3.0200,24.0000,24.8500,33.0900,4.7200,3.5200,5.8200,3.7900,12.8300,13.1100,1.0200,14.6700,7.2700,4.0800,6.7300,5.0000,13.9900,13.5000,2.0900,3.1300,3.1000,1.6750,1.5100,28.6200,2.6700,6.9700,49.2100,7.3300,63.0000,37.2100,36.9500,15.4000,78.4700,6.1400,7328.6001
7/3/2023 0:00,1.7400,0.7300,16.6300,27.2500,0.2850,5.3800,7.3700,1.4250,2.6300,1.0050,1.4850,8.1100,31.7000,5.9900,4.8900,16.1600,4.6400,8.4300,2.3200,22.3700,26.9400,6.8900,12.3000,39.4900,1.5400,1.0300,31.8000,24.5000,10.3500,32.8000,9.0900,37.3400,68.0400,6.7100,27.3600,7.9800,3.3500,7.5700,6.9800,6.7400,1.4350,1.1750,9.5000,47.9300,20.3700,3.7600,2.4300,13.3000,20.6400,24.2800,3.8200,3.9200,22.4608,3.2500,7.4000,8.0500,13.0900,4.5400,3.9500,7.5400,2.5600,230.8000,17.8100,98.9000,24.6300,1.8550,17.8900,296.9000,5.1700,1.4200,4.6400,8.3500,8.4400,3.2700,49.7600,3.4100,14.6000,41.6100,6.7200,2.8800,12.9400,24.4200,4.3500,19.4300,22.5200,9.9700,1.4750,19.7000,4.6900,7.6100,3.1800,3.8700,4.2700,1.2800,29.8700,27.7300,13.7500,10.7200,3.5200,3.8100,4.7700,8.4100,43.6000,6.3700,2.2000,6.5200,7.4900,16.3700,1.6550,24.6300,7.3700,193.0000,58.8400,8.8400,3.3900,4.0500,1.9950,2.5300,88.7300,2.2500,29.7100,2.4700,14.0100,7.6500,5.6500,10.6400,7.3100,1.0050,1.9350,10.6500,5.8200,16.3200,8.1100,3.4300,0.6900,25.4300,2.1100,12.0900,4.1600,9.0100,27.9400,61.7600,4.8700,6.5800,15.2700,3.1700,1.1000,67.5000,120.8500,16.2600,2.5000,1.7500,3.6100,32.7200,125.0000,5.9800,7.3300,3.0500,24.0600,24.6700,32.9600,4.6300,3.5400,5.8200,3.8200,13.0000,13.4400,1.0150,14.9300,7.2600,4.1000,6.8500,5.0500,14.0800,13.5200,2.0900,3.0900,3.0300,1.6800,1.5050,28.6800,2.6700,7.0000,49.9800,7.3100,63.0900,37.6200,37.3500,15.7800,79.5800,6.3200,7364.7002
8/3/2023 0:00,1.7100,0.7450,16.6200,27.2400,0.2800,5.3000,6.9800,1.4400,2.6800,1.0200,1.4850,8.0200,31.4000,5.9300,4.9400,16.0800,4.5900,8.4300,2.2100,22.1100,27.0700,6.7600,12.0200,39.5500,1.5100,1.0300,31.7500,24.3300,10.2900,32.9400,9.0800,37.3100,67.3500,6.6500,27.5900,7.9900,3.3300,7.5500,6.9400,6.7300,1.4300,1.1400,9.3900,47.6300,20.1400,3.7400,2.3600,13.3200,20.4000,24.2200,3.8200,3.7200,22.4608,3.2200,7.3800,7.7700,12.7600,4.4900,3.9200,7.5600,2.5600,233.2900,17.7600,98.4100,24.9800,1.8250,18.0700,297.1000,5.0900,1.3900,4.6400,8.2700,8.4400,3.2200,47.8700,3.3300,14.6100,42.0000,6.6900,2.7600,12.8600,24.2300,4.2800,19.7000,22.2000,9.9800,1.4200,19.7400,4.6800,7.6300,3.1600,3.8100,4.1400,1.2700,29.7400,28.1700,13.4300,10.6000,3.4700,3.7400,4.8200,8.4000,43.5100,6.3800,2.1700,6.4138,7.4200,16.2500,1.6200,25.0300,7.3300,190.8400,59.3000,8.6500,3.3500,4.0500,1.9900,2.5200,87.3500,2.2500,29.4500,2.4800,14.1400,7.8600,5.5100,10.5200,7.2200,0.9600,1.9100,10.3500,5.7400,16.3200,8.1800,3.4400,0.6650,25.5100,2.0100,12.0500,4.1000,8.7300,27.7500,62.4400,4.8500,6.7700,15.3500,3.1500,0.9800,67.1900,120.7700,16.2500,2.4500,1.6500,3.6200,32.5300,124.8800,5.7100,7.3200,3.0400,24.0300,24.6200,33.5200,4.5300,3.5700,5.7600,3.8000,12.9200,12.9700,0.9950,14.9600,7.3800,4.1200,6.8200,5.0100,14.0800,13.5500,2.0900,3.0700,3.0400,1.6800,1.5050,28.8000,2.6400,7.0700,49.9400,7.0300,62.9900,34.9000,37.1300,15.6200,78.6200,6.3100,7307.7998
9/3/2023 0:00,1.7250,0.7450,16.6900,27.5100,0.2800,4.9700,7.0100,1.4800,2.6300,1.0150,1.5000,7.8600,31.5600,5.9600,4.8100,16.0500,4.6200,8.3200,2.2900,22.3800,27.2300,6.9000,11.8400,39.7800,1.5150,1.0400,31.9800,24.4900,10.3600,32.5700,9.0900,37.8000,67.1100,6.7000,27.6100,7.9900,3.3600,7.5700,6.9600,6.7100,1.4350,1.1350,9.4300,46.5900,20.4500,3.8100,2.3800,13.4500,19.7700,24.5300,3.8400,3.7500,22.4608,3.2300,7.3800,7.8800,12.7700,4.5300,3.9700,7.6000,2.5400,231.2800,17.7400,98.7200,25.2000,1.8550,17.9500,290.5000,5.1400,1.4100,4.6500,8.2800,8.6100,3.2600,48.0200,3.3400,14.8000,43.1600,6.6900,2.7400,12.8400,24.0000,4.2600,19.5600,22.1100,9.9900,1.3950,19.6100,4.6600,7.7300,3.1800,3.8500,4.1000,1.2750,29.7400,28.3700,13.8100,10.8500,3.4700,3.8300,4.9000,8.4300,43.6800,6.5100,2.2100,6.5026,7.2500,16.4500,1.6900,25.0100,7.4500,190.7800,59.0000,8.7100,3.3500,4.0600,1.9900,2.5400,89.0100,2.2600,29.8900,2.5100,13.9200,7.6500,5.8200,10.3400,7.3600,1.0000,1.9200,10.3700,5.7700,16.1700,8.1500,3.4700,0.6700,24.6500,2.0300,12.2600,4.2800,8.7100,28.0000,62.4900,4.9100,6.8000,15.3000,3.1700,0.9600,67.5700,122.6800,16.3600,2.4600,1.6600,3.5200,32.1500,121.2300,5.7200,7.4000,3.0300,24.6800,24.6000,33.7500,4.4800,3.6700,5.8200,3.8300,12.9800,13.0900,1.0000,15.0500,7.2100,4.1400,6.8200,5.1400,14.1400,13.3500,2.0900,3.0700,3.1000,1.6850,1.5050,29.0400,2.6500,7.0700,50.3000,7.4200,64.5700,35.3000,37.1700,15.6200,87.0000,6.6500,7311.1001
10/3/2023 0:00,1.6950,0.7350,16.4700,26.8800,0.2800,4.7000,7.1800,1.4500,2.6300,1.0100,1.5100,7.9400,31.2000,5.8100,4.7000,15.4400,4.6100,8.0500,2.2800,21.7900,26.8900,6.8500,11.3600,38.8500,1.4550,1.0100,31.3100,23.8500,10.2500,31.7600,9.0800,36.4400,67.3600,6.7800,27.4600,7.9400,3.3100,7.5000,6.7900,6.5900,1.4050,1.1400,9.1500,45.0100,20.1100,3.7500,2.3100,13.2800,19.2500,24.0500,3.7900,3.7900,22.4608,3.1700,7.1700,7.4800,12.3700,4.4400,3.9000,7.4500,2.4900,229.7100,17.6800,95.5100,24.4400,1.8150,17.8200,286.0500,5.0700,1.4000,4.5500,8.1700,8.5000,3.2800,47.0000,3.2600,14.1900,42.2100,6.6500,2.7700,12.4400,23.6500,4.2800,18.8600,21.5100,9.6200,1.4150,19.2800,4.5900,7.5100,3.1200,3.8300,3.9700,1.2450,29.4600,27.9400,12.8100,10.4100,3.3800,3.7500,4.8700,8.4000,43.4900,6.5200,2.0800,6.5125,7.1500,16.2000,1.5550,24.5200,7.1000,184.6600,59.7200,8.5500,3.3200,3.9300,1.9850,2.5200,83.5000,2.2100,29.0000,2.4700,13.5300,7.6700,5.5700,10.2200,7.2500,0.9550,1.9300,10.5500,5.5900,15.7700,8.3500,3.3600,0.6600,24.1800,1.9650,12.0300,3.9800,8.3700,27.5100,61.3800,4.8500,6.5300,15.0200,3.0800,0.9350,67.4000,122.4800,16.3100,2.4400,1.6500,3.4800,31.9400,117.2800,5.4100,7.2000,2.9800,23.8100,24.2000,33.8500,4.3300,3.5900,5.7300,3.7500,12.6200,12.9400,0.9900,14.6700,6.9100,4.1200,6.6300,5.2500,14.2100,13.0400,2.0500,2.9000,3.0100,1.6900,1.4900,28.2500,2.5900,6.8900,49.9400,7.1300,63.5500,34.0500,37.2000,14.6900,86.7300,6.6300,7144.7002
13/3/2023 0:00,1.6650,0.7250,16.4400,26.7700,0.2850,4.7800,6.9700,1.4750,2.5900,1.0150,1.4550,7.9800,30.9800,5.7800,4.8000,15.4300,4.5700,7.9500,2.3100,21.4900,26.4100,6.8700,11.3200,38.6000,1.4450,0.9950,31.0700,23.3900,10.1500,31.4000,9.0900,35.5700,66.2000,6.7900,26.5500,7.9300,3.2900,7.4200,6.6600,6.5200,1.4100,1.1900,9.0400,45.8300,19.9000,3.6700,2.2900,13.0800,19.1300,23.7200,3.7800,4.3600,22.6000,3.1500,6.9500,7.5600,12.1800,4.3800,3.8300,7.2300,2.5100,226.3600,17.5000,95.1200,23.7300,1.8050,17.8700,283.2300,4.9900,1.4600,4.5600,8.1000,8.3600,3.2100,46.7600,3.2500,13.9900,42.2200,6.6500,2.8000,12.3500,23.3800,4.1600,18.5100,21.7600,9.4300,1.4750,19.1400,4.5400,7.4700,3.0500,3.8200,3.8700,1.2250,28.3500,28.0700,12.7200,10.4100,3.3200,3.6600,4.7700,8.3900,42.9100,6.3500,2.1100,6.2658,7.0400,15.8100,1.5050,24.4200,6.9200,182.1300,59.9000,8.4000,3.2600,3.8600,1.9700,2.5100,83.0200,2.1900,28.5400,2.4800,13.4700,9.0900,5.5200,10.0400,7.0400,0.9050,1.9500,11.0800,5.5100,15.4700,8.2300,3.3300,0.6650,23.0000,2.0300,11.7700,3.8900,8.1500,27.0000,61.1400,4.8200,6.5000,14.6200,3.0700,1.0300,67.1500,124.0500,16.0100,2.4000,1.7950,3.4100,31.1000,118.4600,5.5700,7.2400,2.9100,24.0200,23.8000,33.5800,4.2900,3.5400,5.6000,3.7000,12.3600,12.6800,0.9900,14.5600,6.7200,4.0800,6.6000,5.1000,14.2200,12.9700,2.0300,2.8900,3.0700,1.6600,1.4900,27.9100,2.5700,6.7900,49.5000,7.1300,63.0000,34.1500,36.8000,14.9300,86.3900,6.8600,7108.7998
14/3/2023 0:00,1.6250,0.7350,16.1600,26.4900,0.2800,4.7800,7.4200,1.4850,2.5900,1.0050,1.4100,8.0000,30.9600,5.9400,4.9500,14.9300,4.6000,7.9600,2.3000,21.4100,26.1500,6.8100,11.4100,37.9300,1.4200,0.9750,30.3100,23.0400,10.1800,31.1600,9.0400,34.9700,66.4800,6.7600,25.3000,8.0400,3.2500,7.4000,6.4700,6.4000,1.3650,1.1900,8.9000,45.0300,19.4800,3.5900,2.1800,13.0200,19.3000,23.1000,3.7600,4.4800,22.0800,3.1400,6.5600,7.4000,12.0500,4.3700,3.7800,7.2900,2.5100,223.8800,17.3500,95.2800,21.9000,1.7450,17.1600,279.1300,4.8800,1.4300,4.4900,8.0200,8.1400,3.2400,46.0900,3.2300,13.6500,42.2400,6.6000,2.8100,12.1500,23.2800,4.1500,18.0600,21.4500,9.2200,1.5300,19.1600,4.4800,7.2500,3.0500,3.8100,3.7500,1.2300,28.1100,28.0100,12.3100,10.1500,3.1600,3.6300,4.6500,8.3900,42.6700,6.3200,2.0300,6.2658,6.9900,15.6900,1.4200,24.2400,6.6200,176.5300,58.9700,7.9000,3.1900,3.8000,1.9350,2.4300,79.8300,2.1900,28.1000,2.5100,13.0700,9.9700,5.2400,10.0500,6.8800,0.8800,1.8900,11.2400,5.4300,15.1200,8.1800,3.2200,0.6200,21.4000,2.1200,11.8400,3.6600,7.9100,26.4100,60.8700,4.7800,6.3900,14.0800,2.9900,1.0900,66.4300,125.2400,15.9600,2.4200,1.7900,3.4000,30.7900,117.5200,5.5600,7.1100,2.8900,23.4300,23.2300,33.4800,4.1600,3.3500,5.4800,3.7700,11.9100,12.5000,0.9600,14.2700,6.5600,4.0500,6.5000,5.0500,14.1800,12.6300,2.0100,2.7200,2.9500,1.6450,1.4800,27.8700,2.5400,6.6600,48.8800,6.7500,61.5300,33.2000,36.3900,14.2600,85.1000,5.7000,7008.8999
15/3/2023 0:00,1.6350,0.7250,16.2300,26.7600,0.2850,4.8000,7.0200,1.4700,2.5400,0.9900,1.4450,8.1000,30.7300,5.9900,4.7500,15.0300,4.6600,7.9500,2.4100,21.6500,26.1800,6.9800,11.2400,38.7100,1.4400,1.0100,30.5500,23.2900,10.2400,31.9500,9.0400,34.4900,66.5500,6.8400,25.5400,8.0100,3.3000,7.4000,6.6200,6.4700,1.3750,1.1500,9.0900,45.5600,19.6500,3.6000,2.2300,13.0900,19.2200,23.4300,3.8000,4.5000,21.9100,3.1400,6.7500,7.6500,12.0800,4.4200,3.8500,7.3600,2.5000,226.8100,17.5100,95.4000,22.4100,1.8400,17.3700,284.1000,5.0000,1.4150,4.5200,8.0800,8.3000,3.2300,45.3000,3.3100,13.3400,42.3000,6.6900,2.7200,11.9700,23.4700,4.2000,18.1900,21.7300,9.4300,1.5200,19.0600,4.5500,7.2900,3.1200,3.8000,3.8700,1.2300,28.4900,27.7400,12.4400,10.1200,3.2700,3.5300,4.7700,8.3900,42.7300,6.4000,2.0800,6.2658,7.0700,15.6000,1.4600,23.5000,6.5800,178.1000,59.0000,8.2800,3.2600,3.8200,1.9250,2.4500,80.4900,2.2300,28.3100,2.6000,13.4200,11.9000,5.2900,10.1800,7.0000,0.8850,1.8800,11.1000,5.4900,15.3100,8.1500,3.3400,0.6200,21.4100,2.1300,12.6000,3.6800,8.0100,26.8500,62.2200,4.8500,6.4200,14.4100,3.0200,1.1200,66.2300,126.5200,16.0600,2.4400,1.7800,3.4200,31.2800,119.5500,5.6000,7.1700,2.9400,23.2700,23.5400,34.0400,4.2000,3.4100,5.5800,3.8900,12.1400,12.4500,0.9850,14.3500,6.6800,4.0700,6.5800,4.9800,14.3800,12.8600,2.0400,2.7500,2.9700,1.6600,1.4900,28.0300,2.5800,6.8300,48.8800,7.0000,62.6200,32.8600,36.6400,14.3000,88.4700,5.7500,7068.8999
16/3/2023 0:00,1.6200,0.7200,16.2400,26.4400,0.2700,4.8000,6.9600,1.5050,2.5500,1.0050,1.4050,8.1700,30.5300,5.9800,4.7100,14.6900,4.5600,7.8900,2.3700,21.1900,25.7000,6.8700,11.1700,38.0300,1.4150,0.9800,29.7400,22.7200,10.2900,31.3100,8.8800,34.3000,66.0700,6.8100,25.6000,8.2300,3.3000,7.2300,6.4800,6.4100,1.3150,1.1300,8.8200,43.3900,19.1000,3.5100,2.0600,13.0800,19.0000,23.1800,3.8300,4.6000,21.8400,3.1200,6.4700,7.3400,11.9900,4.4100,3.8300,7.4400,2.4900,230.2500,17.7400,95.3000,20.8400,1.7100,16.7300,289.2800,4.8400,1.4500,4.4400,8.0100,8.1400,3.1900,45.0100,3.3300,13.1800,42.5600,6.6500,2.7200,11.9800,23.4900,3.8900,17.5400,21.0400,9.2800,1.5600,19.2200,4.5100,7.0900,3.1400,3.7600,3.9000,1.2250,27.5000,27.1000,12.1100,9.8900,3.2000,3.5200,4.6800,7.5000,42.2300,6.2700,1.9950,6.2658,7.2500,15.2500,1.5250,22.6100,6.4300,175.1300,58.8000,7.7600,3.2600,3.7700,1.8850,2.4450,78.4900,2.2200,27.8200,2.5600,13.1500,12.4200,5.1200,10.1700,6.9900,0.8650,1.8950,11.1500,5.3400,15.3200,8.0400,3.2400,0.5800,21.2400,2.1500,12.3800,3.5700,7.7000,26.0200,63.0100,4.8200,6.3000,14.0900,2.9900,1.1200,66.4800,126.8900,15.9900,2.4500,1.7950,3.3800,31.6500,114.7300,5.5600,6.8200,2.9300,23.1100,23.1400,34.2600,4.0000,3.3000,5.6200,3.8500,12.0500,12.1800,0.9800,14.1200,6.8600,4.1000,6.4100,4.9600,14.4100,12.7800,2.0200,2.6300,2.8500,1.6050,1.4950,27.7100,2.5700,6.7000,48.8300,6.6500,62.3800,31.0900,36.6400,13.5400,88.4400,5.4900,6965.5000
17/3/2023 0:00,1.6700,0.7250,16.3600,26.1400,0.2750,4.8000,7.3200,1.5100,2.5900,0.9350,1.4050,8.2700,30.1700,5.6800,4.9500,14.8600,4.5400,8.0600,2.4100,21.2400,25.1500,6.8700,11.1200,38.0400,1.4400,0.9850,30.3300,22.8100,10.2300,32.1500,8.9700,34.7100,67.1300,6.7500,25.5400,8.2700,3.3100,7.2700,6.5100,6.5700,1.3400,1.1050,8.9300,43.3900,19.7400,3.5600,2.0700,13.1800,19.1100,23.1700,3.7800,4.4500,21.4500,3.0800,6.5700,7.3600,11.7700,4.3600,3.7800,7.4100,2.4200,228.9500,17.8000,96.4500,21.2100,1.7650,17.2800,287.2600,4.7800,1.4450,4.4600,7.8400,8.2200,3.2200,45.2500,3.3900,13.2300,43.0700,6.6500,2.5800,11.8400,23.4700,3.9800,17.6600,21.4200,9.2600,1.5050,18.9800,4.3600,7.1000,3.0800,3.7700,3.8300,1.1950,28.0200,27.3400,12.2000,10.0500,3.2300,3.5000,4.6900,7.4200,42.2400,6.1600,2.0700,5.8000,7.1400,15.5100,1.6500,22.9900,6.5800,175.7900,59.1700,8.0500,3.2800,3.8000,1.9400,2.4800,80.3100,2.1600,28.2800,2.5000,13.2300,13.2300,5.1900,10.2100,6.8900,0.8650,1.9300,10.8900,5.4300,15.3500,8.1000,3.1700,0.6200,21.1900,2.1200,12.1000,3.6700,7.9800,26.4400,64.6400,4.7600,6.4700,14.3800,3.0100,1.1300,65.6700,128.8900,16.1200,2.4100,1.7550,3.4000,31.4300,114.8000,5.6700,6.9300,2.8700,23.2600,23.1000,33.8600,4.1500,3.1900,5.6100,3.9100,12.1500,12.3600,0.9750,13.9100,7.2300,4.1200,6.3700,5.0600,14.1700,12.9100,2.0100,2.6700,2.9200,1.6250,1.5000,28.1100,2.5100,6.7400,49.0900,6.6800,63.8000,31.9400,37.0600,13.9400,89.4700,5.5800,6994.7998
20/3/2023 0:00,1.6300,0.7100,16.0700,26.4000,0.2700,4.8750,7.0200,1.5850,2.5500,1.0100,1.3500,8.1000,29.9200,5.7000,4.8600,14.4900,4.5800,8.2500,2.3800,21.1200,25.3500,7.1100,11.2300,37.2600,1.4100,0.9900,29.5900,22.4900,10.1200,31.4600,9.0000,34.5100,66.5800,6.6800,24.3500,8.1600,3.2900,7.2500,6.4600,6.4500,1.3100,1.2000,8.8600,42.9600,19.1600,3.4600,2.0300,12.9100,18.7400,22.6600,3.7400,4.7300,21.5800,3.0200,6.2000,7.1700,11.2100,4.2600,3.7500,7.4200,2.4900,225.3200,17.5700,96.0800,20.5200,1.6900,16.8600,284.9000,4.7700,1.5750,4.3700,7.7800,8.1600,3.2400,46.1400,3.3700,13.1900,42.0000,6.5400,2.8400,11.6000,23.2500,3.9800,17.3600,20.8000,9.0000,1.6700,18.4400,4.2900,6.7200,3.0300,3.6900,3.7200,1.1800,27.7000,26.5900,11.7700,9.9000,3.1200,3.4200,4.4900,7.3700,41.7500,6.1000,1.9350,5.9500,7.0300,14.8900,1.4950,22.1000,6.2200,167.7800,60.4200,7.6400,3.1800,3.7500,1.9000,2.4700,77.1300,2.1100,27.8600,2.4700,12.9500,12.5000,4.9000,10.0800,6.8100,0.8600,1.9050,11.8200,5.3400,15.1200,7.9800,3.2500,0.5950,20.3200,2.3200,12.0100,3.4800,7.4900,25.5300,62.5900,4.8200,6.2200,13.7000,2.9800,1.1000,64.4400,131.2000,16.0300,2.4000,1.8900,3.4000,30.9700,113.9900,5.7200,6.7400,2.7400,23.2400,22.6600,33.8200,4.0200,3.0900,5.4600,3.8200,11.6000,12.0600,0.9750,14.0900,7.0700,4.1400,5.9200,5.0000,14.1100,12.6300,1.9600,2.5500,2.7900,1.6000,1.4700,27.6700,2.4700,6.6600,48.2500,6.3700,61.8800,31.0000,36.4500,13.4800,89.3600,5.4000,6898.5000
21/3/2023 0:00,1.6450,0.7050,16.2900,26.7300,0.2850,4.8800,6.6000,1.5850,2.5500,1.0450,1.3200,8.0000,30.4900,5.7800,4.7000,14.7200,4.5300,8.1400,2.4100,21.4200,25.4100,7.0500,11.3700,37.1000,1.4250,1.0400,29.7500,22.7500,9.9700,32.0000,8.9500,35.1400,65.9500,6.6200,24.8600,8.2100,3.3600,7.2400,6.5800,6.5600,1.2900,1.2100,9.0300,43.5300,19.3000,3.5000,2.0600,13.0700,19.0900,22.8000,3.7400,4.7300,21.6200,3.0600,6.3300,7.2200,11.4100,4.2900,3.7300,7.4100,2.4300,226.5800,17.4500,96.5200,20.5500,1.6600,17.1000,284.9900,4.8000,1.5750,4.4100,7.8000,8.3200,3.2600,48.7100,3.4300,13.3800,41.6700,6.5900,2.9000,11.7500,23.4700,3.9900,17.6700,20.7700,9.1000,1.6400,18.5500,4.3000,6.8000,3.0200,3.7200,3.7700,1.2000,28.2400,26.6800,12.0000,9.9900,3.2400,3.4300,4.5400,7.4800,42.2300,6.2300,1.9700,5.9200,7.2400,14.9600,1.5000,22.7600,6.4100,173.3300,59.0000,8.0100,3.2000,3.7900,1.9150,2.4800,77.4900,2.1100,28.0100,2.5100,13.1100,13.1200,5.3200,10.0800,6.8300,0.8800,1.8950,11.6400,5.3900,15.0500,7.8200,3.2900,0.5750,20.9600,2.3000,12.3400,3.5200,7.7300,25.7900,64.5000,4.9000,6.3300,13.8700,3.0100,1.1100,64.2300,133.8300,16.1100,2.4100,1.8850,3.4300,31.3100,115.1000,5.6100,6.7700,2.7600,23.4700,23.0900,33.9900,4.0800,3.2100,5.5700,3.8500,11.8600,12.1600,0.9900,14.0900,7.1000,4.1200,5.8800,4.9000,14.2200,12.7500,1.9750,2.5900,2.8700,1.6000,1.4850,27.9500,2.4900,6.7000,48.9500,6.6000,62.5400,31.1800,36.5200,13.5200,88.9600,5.6000,6955.3999
22/3/2023 0:00,1.6000,0.7050,16.4300,26.8500,0.2850,4.8900,6.8500,1.5450,2.5000,1.0200,1.2850,7.9900,31.0600,5.6100,4.6700,14.9800,4.5000,8.1500,2.4600,21.4300,25.5400,7.0700,11.3300,37.3000,1.4150,1.0500,30.6000,22.8500,10.0400,31.6400,8.9000,36.2000,65.8500,6.4300,25.7500,8.2500,3.3900,7.2500,6.5700,6.5700,1.3500,1.1600,9.0000,43.8400,19.5900,3.4800,2.1900,13.2200,19.2100,23.0400,3.7200,4.5700,21.7600,3.0400,6.3300,7.2000,11.2800,4.2600,3.7200,7.3400,2.4300,228.6700,17.7300,97.1400,20.9500,1.6800,17.6100,287.5000,4.7400,1.5200,4.4400,7.6600,8.3500,3.4000,49.2000,3.4000,13.5000,42.2000,6.6900,2.8100,11.9600,23.7700,3.9600,18.2700,21.0300,9.2100,1.5700,18.5100,4.2500,7.0100,2.9700,3.7600,3.7800,1.1950,28.1400,26.8200,12.0400,10.0900,3.2100,3.4300,4.6300,7.5000,42.6200,6.1900,2.0400,5.9900,7.3300,15.0900,1.5150,23.4400,6.5000,174.1000,58.5500,8.3200,3.2100,3.8000,1.9000,2.5300,79.0300,2.0600,28.0500,2.5100,13.0700,13.0000,5.6000,10.0500,6.9700,0.9050,1.9050,11.2200,5.4400,15.3500,7.9400,3.3100,0.5900,21.5500,2.1900,12.5200,3.6000,7.8500,25.8000,65.1400,4.8200,6.4400,14.2900,3.0200,1.1000,64.8800,132.2500,16.3800,2.3900,1.7900,3.4600,32.0200,115.4500,5.7700,6.9900,2.7800,23.4200,23.2400,34.1600,4.1600,3.3100,5.7200,3.8500,11.9700,12.3000,0.9950,14.2700,7.2200,4.1700,5.9200,4.9000,14.2100,12.9800,1.9650,2.6700,2.9500,1.5950,1.5200,28.5400,2.4900,6.9400,49.5000,6.7300,63.9900,32.8000,37.3200,13.7900,89.6600,5.5800,7015.6001
23/3/2023 0:00,1.5950,0.7150,16.3300,26.6500,0.2850,4.8900,6.8200,1.5000,2.4800,1.0200,1.2800,8.1900,31.0000,5.5300,4.7700,14.5900,4.5400,8.0600,2.4800,21.3300,25.3500,7.0300,11.2600,37.0800,1.4000,1.0500,30.4900,22.7600,10.0100,31.0000,8.9800,36.2000,65.8300,6.4800,25.4300,8.3700,3.3800,7.2500,6.5000,6.5000,1.3300,1.1650,8.9000,43.5100,19.3000,3.5400,2.1500,13.3300,18.6800,23.7600,3.7100,4.5700,21.6700,3.0100,6.2500,6.8000,11.0600,4.2300,3.7600,7.4100,2.4200,223.3900,17.8100,97.0300,20.6300,1.6000,17.3100,288.1800,4.7000,1.5100,4.3900,7.6100,8.2200,3.3900,49.4500,3.3500,13.3500,42.5400,6.7100,2.8700,12.0200,24.2000,3.9700,18.0800,20.3300,9.4400,1.5750,18.4700,4.2100,6.8900,2.9800,3.7200,3.6700,1.1900,27.9400,26.1400,11.8400,10.0000,3.1800,3.4500,4.5700,7.5000,41.7900,6.1100,2.0100,5.9700,7.2400,14.8800,1.4300,23.1900,6.2900,171.0000,57.9800,8.0000,3.2300,3.7800,1.9200,2.4900,76.7400,2.0700,27.6300,2.4400,12.8200,13.1800,5.5400,9.8900,7.0000,0.8800,1.9350,11.4400,5.4600,14.9900,7.9200,3.3000,0.5700,21.1100,2.2400,12.1500,3.4300,7.6700,24.9500,64.2200,4.8100,6.4400,14.0600,3.0100,1.1150,63.7000,131.6400,16.1600,2.3800,1.8100,3.3700,31.6500,114.1800,5.8100,6.9000,2.7400,22.9800,23.0200,34.0900,4.0700,3.2600,5.7100,3.8400,11.9400,12.0900,0.9750,14.1800,6.8400,4.1900,5.8800,4.8900,14.2000,13.0100,1.9550,2.6100,2.9400,1.5550,1.5050,28.9100,2.4800,6.8600,49.6000,6.5400,63.7900,32.5900,37.3700,13.6800,88.9000,5.5000,6968.6001
24/3/2023 0:00,1.5950,0.7200,16.3400,26.5500,0.2800,4.7700,6.8200,1.5050,2.5400,1.0600,1.2700,8.3300,31.5000,5.7700,4.6500,14.6700,4.6000,7.7900,2.4800,21.2000,25.1800,7.4500,11.2500,37.2500,1.4200,1.0500,30.2300,22.5200,9.9800,30.7100,8.9500,36.6000,65.4000,6.5000,25.2300,8.3000,3.3600,7.2500,6.4000,6.4700,1.3250,1.2200,8.7200,43.6400,19.3600,3.5400,2.1600,13.3200,18.4800,22.6700,3.7400,4.5900,21.9000,3.0200,6.1500,6.6000,10.8100,4.2200,3.7300,7.5000,2.3900,225.8900,17.8700,95.8400,20.7500,1.5400,17.4500,288.4900,4.7000,1.5200,4.4300,7.5500,8.2700,3.3800,48.9700,3.3000,13.5100,42.2900,6.7300,2.9500,12.0500,24.5200,3.9800,18.1800,20.3200,9.5300,1.6100,18.4500,4.1900,6.8900,2.9900,3.7100,3.5700,1.1900,28.1100,26.4000,11.9600,10.1300,3.1700,3.4600,4.5300,7.4700,41.8400,6.1200,2.0100,5.9900,7.1400,15.0300,1.4900,22.7100,6.3300,169.6000,58.6700,8.2000,3.2000,3.7900,1.9600,2.5100,77.2100,2.0900,27.1800,2.4500,12.9700,13.0500,5.4900,10.0600,6.9300,0.8800,1.9400,11.5300,5.4900,14.9500,7.9200,3.2300,0.5700,20.8600,2.3300,12.2100,3.5600,7.7800,25.3300,64.9900,4.9000,6.4300,14.0200,3.0200,1.1550,63.6500,131.7400,16.0300,2.3700,1.8550,3.3800,31.5400,114.4300,5.8600,6.8500,2.7400,23.0500,23.1700,33.7500,4.1200,3.3700,5.6500,3.8500,11.8000,12.0600,0.9850,14.2900,6.8100,4.1700,5.9100,4.8100,14.1300,12.9400,1.9550,2.5900,2.9300,1.5600,1.5150,28.8700,2.4900,6.9200,49.6000,6.4800,63.4200,32.5600,37.4600,13.7100,87.7000,5.4100,6955.2002
27/3/2023 0:00,1.5950,0.7100,16.5200,26.8800,0.3150,4.7850,6.8800,1.4900,2.4900,1.0500,1.2550,8.2500,31.7400,5.5500,4.7300,14.8300,4.5800,8.2900,2.5100,21.2300,25.5000,7.6900,11.4600,37.4100,1.4250,1.0550,29.8700,22.4400,10.0400,30.6800,8.8700,36.6300,65.5700,6.4600,25.0100,8.2900,3.4200,7.2000,6.4000,6.4100,1.2850,1.2450,8.6800,43.5500,19.5300,3.5700,2.1400,13.5000,18.5200,22.9100,3.7600,4.7200,21.9400,3.0300,6.0500,6.5000,10.8700,4.2300,3.7500,7.6100,2.4000,230.1700,17.9400,95.0700,20.9700,1.5400,17.4700,288.9400,4.7200,1.5450,4.4600,7.5800,8.3000,3.3800,49.1300,3.3500,13.3000,42.7900,6.9200,2.9700,12.1800,24.4400,3.9800,18.2100,20.3200,9.4900,1.6300,18.8400,4.2400,7.0000,3.0100,3.6900,3.6600,1.1850,27.6800,26.6800,11.9800,10.1600,3.2100,3.5300,4.5700,7.2600,41.7900,6.1800,2.0000,5.8200,7.3500,15.4200,1.5250,22.6800,6.3600,167.0000,59.0000,8.3700,3.2500,3.8800,1.9150,2.5400,76.4100,2.0900,27.4100,2.4800,12.9400,13.1500,5.4200,10.1000,7.0000,0.8650,1.9200,11.8300,5.5200,15.1100,8.1700,3.2800,0.5550,21.1500,2.3300,12.4600,3.4400,7.8000,24.7000,65.1700,4.8700,6.5000,14.1500,3.0400,1.1850,65.2100,131.9800,16.3300,2.3700,1.8850,3.4300,32.0600,113.7500,5.8800,6.7400,2.7500,23.2200,23.2900,34.5700,4.1200,3.4100,5.7100,3.9100,11.8900,12.1000,0.9850,14.2100,7.0300,4.2100,5.9500,4.8200,14.1200,12.9700,1.9600,2.5800,2.9500,1.5600,1.5500,29.3200,2.5200,6.9000,49.3700,6.3800,63.5800,31.4700,37.5500,13.6200,88.9800,5.3900,6962.0000
28/3/2023 0:00,1.5900,0.7250,16.5100,26.8500,0.3300,4.8200,7.1500,1.4600,2.4500,1.0650,1.3150,8.3800,31.6400,5.7800,4.8000,14.9900,4.6200,8.1400,2.5600,21.5300,25.5100,7.7600,11.5500,37.4000,1.4350,1.0600,30.7000,22.6400,10.0700,30.9000,8.8200,36.6300,64.6100,6.3000,24.9300,8.2300,3.4100,7.2000,6.4800,6.3800,1.3850,1.1950,8.7700,44.4000,19.6300,3.5300,2.2300,13.4500,18.6300,22.5800,3.7600,4.6600,21.8900,3.0500,6.3000,6.5500,11.1700,4.2500,3.7800,7.6600,2.4000,230.3100,17.9200,96.0600,21.5500,1.6100,17.4100,285.0000,4.7600,1.5200,4.5200,7.5100,8.1900,3.3700,49.5400,3.3500,13.3400,42.5300,6.8800,2.9300,12.3300,24.4100,4.0900,18.3100,20.5600,9.3700,1.6250,18.9100,4.2500,7.1500,3.0000,3.7400,3.6300,1.1900,27.5900,26.9900,12.7900,10.2600,3.1900,3.5800,4.6600,7.2500,42.1700,6.2000,2.1000,5.9000,7.3800,15.4500,2.5700,23.2500,6.5400,170.3900,59.0000,8.6800,3.2600,3.9200,1.9400,2.5100,80.9800,2.1000,27.6600,2.5100,12.9700,13.0900,5.6500,10.1000,6.9200,0.8900,1.9550,11.7400,5.6000,15.0800,8.1700,3.3000,0.6050,21.6000,2.2900,12.8400,3.8500,7.7700,26.0900,65.2000,4.8500,6.4900,14.2900,3.0100,1.1850,64.6700,134.7600,16.5200,2.3700,1.8800,3.5300,32.2200,114.4400,6.0900,6.9500,2.7600,23.3500,23.1700,34.4900,4.1900,3.5100,5.7000,3.9200,12.0400,12.1800,0.9750,14.2500,6.8100,4.1900,5.8200,4.7700,13.9900,13.1900,1.9700,2.5500,3.0400,1.5900,1.5550,29.3000,2.5500,6.9000,49.5800,6.7700,63.9700,32.9700,37.5600,14.0100,86.4300,5.5300,7034.1001
30/3/2023 0:00,1.6050,0.7300,16.6500,26.8300,0.3450,4.8200,7.0000,1.4700,2.6000,1.0600,1.3400,8.6100,32.1000,5.8800,5.0000,15.1500,4.6300,8.1700,2.6100,21.6900,24.8200,7.9100,12.1400,38.1100,1.4650,1.0800,30.5800,22.8700,10.1400,31.0600,8.8500,37.3600,65.0200,6.4000,25.2000,8.2100,3.4000,7.2500,6.5100,6.4100,1.4050,1.2250,8.7000,46.0800,19.8000,3.5800,2.3200,13.4400,18.9100,22.8000,3.7600,4.5800,22.0900,2.9800,6.3500,6.9400,11.0000,4.1500,3.7600,7.8100,2.4000,231.0500,18.0500,97.7500,21.5000,1.6200,17.8600,285.5000,4.8200,1.4900,4.8000,7.4600,8.1500,3.4700,49.8000,3.3900,13.5200,42.9900,6.7300,3.0300,12.2900,24.4100,4.1600,18.5300,21.6100,9.6500,1.6100,18.6600,4.2100,6.9600,3.0100,3.7200,3.6700,1.1550,27.2900,27.1800,12.5900,10.5300,3.2000,3.6500,4.7000,7.4000,41.9800,6.3800,2.1400,5.8800,7.2100,15.4900,2.5900,23.6000,6.3400,171.7700,58.5200,8.8100,3.3000,3.8900,1.9400,2.5100,79.9300,2.0700,27.6700,2.5100,13.3100,13.4600,5.5500,10.3300,6.9800,0.9000,1.9950,12.0300,5.6800,15.2300,8.2900,3.3600,0.6500,22.2100,2.3500,13.1200,3.9900,7.7400,26.1500,64.6100,4.8400,6.6000,14.5300,2.9000,1.2300,65.1000,137.7200,17.1700,2.3500,1.9950,3.6900,32.1800,117.2500,6.2800,6.9800,2.7400,23.8300,23.1500,34.6100,4.3200,3.4700,5.7700,3.9100,12.0600,12.3300,1.0050,14.3800,6.8400,4.2000,5.8000,4.8300,14.2100,13.0300,1.9700,2.6200,3.0400,1.6300,1.5800,29.7300,2.5400,6.9700,49.7600,6.6700,64.6000,33.8400,38.0500,14.2100,88.7700,5.6000,7122.2998
31/3/2023 0:00,1.5850,0.7200,16.6900,26.5300,0.3400,4.8800,7.2900,1.4550,2.5500,1.1100,1.3050,8.7000,31.8300,5.9500,4.9900,15.5100,4.6900,8.2600,2.6400,21.6600,25.1000,8.0500,12.3600,38.0800,1.4600,1.0500,30.4900,22.9300,10.1200,31.6300,8.8800,37.2000,65.0200,6.2900,25.5100,8.1600,3.3600,7.3000,6.4900,6.3800,1.4150,1.2800,8.6700,47.2300,20.1500,3.5200,2.3600,13.4300,19.1000,22.6500,3.7800,4.7600,22.1300,3.0000,6.2400,7.1400,11.0000,4.1900,3.7600,7.8000,2.3800,236.6900,18.0200,98.3200,21.5900,1.6250,18.0700,288.3000,4.7500,1.5500,4.8000,7.5100,8.1900,3.5100,49.8700,3.4300,13.4900,43.5600,6.7700,3.1200,12.2100,24.8600,4.0700,18.4800,22.4900,9.7900,1.7000,18.7900,4.2400,6.9100,3.0400,3.5800,3.5900,1.1550,27.5600,27.3100,12.7700,10.6200,3.1300,3.7700,4.6900,7.4000,42.4700,6.3900,2.1400,5.8500,7.2300,15.8700,2.5800,24.2400,6.3400,175.6600,58.4500,8.6800,3.3600,3.8500,1.9350,2.5200,80.5900,2.0800,27.7200,2.5100,13.5200,13.5000,5.6800,10.4600,7.0500,0.9000,1.9700,12.3100,5.7100,15.3900,8.2900,3.4200,0.6500,21.9600,2.3800,13.5100,3.9400,7.8500,26.0900,63.8700,4.8000,6.6200,14.5900,2.8700,1.2700,66.5400,138.0300,17.3500,2.3500,2.0800,3.6800,32.3900,120.1400,6.3300,6.9000,2.7500,23.9200,23.1000,34.8400,4.3700,3.4300,5.8500,3.9800,12.1100,12.5500,0.9950,14.5400,6.9000,4.2200,5.8100,4.8800,14.2100,13.0700,1.9450,2.6600,3.0300,1.6250,1.5900,30.2000,2.5900,7.0200,50.2500,6.7300,65.1400,33.3400,37.9000,14.4100,89.4200,5.8000,7177.7998
3/4/2023 0:00,1.5750,0.7300,16.8700,26.9500,0.3300,4.8900,7.0200,1.4900,2.5500,1.1000,1.3500,8.4000,31.6100,5.9700,4.9300,15.7000,4.6800,8.1100,2.6100,21.8900,24.6600,8.2100,12.5600,39.0100,1.4550,1.0850,30.4200,23.2200,10.2800,32.4100,8.9400,37.7000,65.9900,6.3300,25.5800,8.1800,3.3900,7.4800,6.5200,6.5300,1.4650,1.2200,8.7200,46.9700,20.0000,3.5700,2.4900,13.4700,19.6900,23.0400,3.8400,4.5900,22.1300,3.0200,6.2600,7.1000,11.2800,4.2400,3.8200,7.7800,2.3800,237.7000,18.0700,99.2700,22.0800,1.6400,19.0500,290.9100,4.8800,1.5050,4.7900,7.6400,8.3000,3.5500,49.6700,3.3700,13.8600,42.6600,6.7400,3.1100,12.4700,24.7600,4.1000,18.7900,22.0300,9.8900,1.6550,19.2300,4.3200,6.8700,3.0600,3.6800,3.7600,1.1850,26.9000,28.2400,12.6600,10.7600,3.1600,3.8000,4.7400,7.5700,43.2800,6.5700,2.2800,5.9100,7.2600,16.3800,2.6000,25.0600,6.6200,176.9700,58.2800,8.6100,3.3500,3.8500,1.9200,2.5600,80.7200,2.1200,27.9100,2.5300,12.5000,13.0400,5.7900,10.7100,7.0600,0.9050,1.9700,12.1700,5.7300,15.4500,8.2700,3.4100,0.6500,22.2300,2.3000,13.7500,3.8000,7.9900,26.3200,64.6200,4.7500,6.7000,14.5400,2.8900,1.1800,67.3600,137.9500,17.6500,2.3900,1.9850,3.7800,32.8400,118.8000,6.2800,7.0700,2.7900,24.2100,23.9500,35.1000,4.3400,3.4000,5.8400,4.0800,12.2100,12.8000,1.0300,14.8400,7.0100,4.2200,5.7900,4.8600,14.2900,12.9700,1.9950,2.6700,3.0200,1.6500,1.5800,30.4100,2.6100,7.2100,51.1800,6.8900,66.6600,34.2300,38.1800,14.7200,90.7500,5.8800,7223.0000
4/4/2023 0:00,1.6100,0.7200,16.7500,27.4000,0.3450,4.8900,7.1700,1.4350,2.5400,1.1000,1.3800,8.6300,31.9300,5.8700,4.9500,15.7600,4.6800,8.1100,2.6200,21.8000,24.3100,8.1600,12.7400,39.2400,1.4750,1.0950,30.9300,23.2700,10.1900,32.3000,8.9000,37.5600,67.1000,6.3300,26.2400,8.1700,3.3400,7.4500,6.5100,6.5800,1.5100,1.2550,8.7100,45.9400,19.9800,3.6200,2.4000,13.5200,20.0300,23.1200,3.8600,4.6300,22.8900,3.0400,6.3200,7.1200,11.0100,4.2500,3.8000,7.8500,2.3800,242.2500,18.2000,98.9800,21.9600,1.6700,18.9000,291.4700,4.9300,1.5200,4.8600,7.7300,8.2600,3.6200,51.2400,3.3300,13.9400,42.3000,6.8100,3.2200,12.2900,24.9000,4.1900,19.1100,21.8800,9.8400,1.7350,19.4200,4.2900,6.9000,3.1200,3.7200,3.6400,1.1650,27.0600,28.5400,12.5400,10.9900,3.1800,3.8600,4.8000,7.5300,43.9200,6.5600,2.3300,5.9200,7.3400,16.2800,2.5900,25.6100,6.5200,179.4600,57.6800,8.6300,3.4100,3.9000,1.9300,2.5300,79.1500,2.1700,28.0700,2.5700,12.0800,13.5300,6.0600,10.7100,7.1600,0.9000,1.9600,12.6000,5.6400,15.5400,8.2600,3.4500,0.6300,22.2900,2.3300,13.6400,3.6900,8.0000,26.5600,64.4000,4.8300,6.7900,14.7000,2.9100,1.2400,68.3100,140.1800,17.9000,2.4200,2.0300,3.8200,32.5400,117.7400,6.3000,7.2000,2.8100,23.9800,23.6700,35.8700,4.3600,3.4100,5.9300,4.1500,12.1300,12.9800,1.0500,15.0400,7.0900,4.2500,5.8300,4.9300,14.3800,13.2800,2.0200,2.7100,3.0800,1.6900,1.5900,30.8300,2.6300,7.3100,51.5000,7.2800,67.7600,34.4100,38.4200,14.8700,92.3500,6.0100,7236.0000
5/4/2023 0:00,1.6000,0.7150,16.7200,27.2800,0.4050,4.8800,7.1500,1.5150,2.6300,1.1000,1.3900,8.8000,32.1600,5.9800,4.9100,15.5800,4.7100,8.1100,2.6500,21.7800,25.1000,8.2000,12.9700,39.2700,1.4950,1.1100,30.7500,23.3000,10.2300,31.5000,8.9200,38.3200,67.7700,6.3200,26.5100,8.1800,3.3600,7.3700,6.4800,6.5700,1.5000,1.3600,8.6300,45.2400,19.7000,3.6700,2.3800,13.6100,20.1900,23.0100,3.8500,4.7700,22.7200,3.0200,6.2900,6.9100,11.0100,4.2000,3.7600,7.9000,2.4300,242.9400,18.2600,99.0600,21.9500,1.6300,19.1500,293.6000,4.9500,1.5950,4.7400,7.7100,8.4300,3.6300,52.4100,3.3200,13.8100,42.6700,6.8700,3.3500,12.3200,25.1000,4.1800,18.8600,21.5900,9.9100,1.8050,19.2000,4.3300,6.9000,3.1100,3.7100,3.7500,1.1450,26.9900,28.1000,12.4000,11.0700,3.1600,3.9000,4.9400,7.3900,44.0200,6.5800,2.3400,5.9500,7.4100,16.3100,2.6600,25.8000,6.2100,178.1700,58.2800,8.2800,3.4300,3.8800,1.9500,2.5300,78.9200,2.1400,28.0400,2.5700,12.0500,13.1600,5.9900,10.9000,7.2200,0.8950,2.0400,12.9900,5.6700,15.8900,8.2600,3.4400,0.6200,22.3600,2.4000,13.8000,3.7300,7.9000,26.9400,64.4000,4.8100,6.7800,14.9100,2.9600,1.3400,68.5200,142.1500,17.9700,2.4000,2.1600,3.8300,32.8500,116.6300,6.2900,7.1600,2.8200,24.8900,23.9100,36.0500,4.2700,3.3500,5.9700,4.1300,12.2300,12.9900,1.0450,15.0800,7.3700,4.2600,5.7800,5.0500,14.5600,13.3300,2.0000,2.7100,3.1800,1.6700,1.5800,30.9000,2.6500,7.2400,51.3800,7.0000,68.0700,34.2200,38.5000,14.9700,93.4800,5.9500,7237.2002
6/4/2023 0:00,1.5800,0.7250,16.7800,27.3200,0.4250,4.7500,7.1500,1.5800,2.5200,1.1000,1.3800,8.7900,31.7600,5.9300,4.8900,15.4500,4.7300,8.2400,2.6100,21.7700,24.8900,8.3200,12.7900,38.1800,1.4700,1.0950,30.9400,23.1900,10.4500,31.2500,8.9600,37.4000,69.9400,6.3800,26.1700,8.1400,3.3300,7.3800,6.4200,6.5000,1.5050,1.3700,8.6900,45.0500,19.4900,3.6700,2.2300,13.6900,19.7500,22.5300,3.8100,4.7100,22.6300,2.9800,6.2000,6.7600,10.6500,4.1800,3.7200,7.9000,2.4600,246.4000,18.3700,99.0100,21.8200,1.6100,18.7200,300.1800,4.9500,1.5650,4.6200,7.6300,8.2600,3.5000,51.2000,3.2300,13.4200,42.7000,6.8200,3.3800,12.3200,25.4500,4.1400,18.3800,21.5700,9.7500,1.7600,18.8600,4.2400,6.8800,3.1000,3.6700,3.7900,1.1400,26.4900,27.2000,12.2400,11.0800,3.1300,3.8800,4.9800,7.5200,43.9500,6.4000,2.2700,5.9000,7.3900,16.1500,2.5900,24.9400,6.0600,176.9500,59.6100,7.9700,3.4300,3.8900,1.9400,2.5300,76.1600,2.1600,27.8800,2.5600,12.0600,13.0100,5.8600,10.8700,7.2300,0.8450,2.0500,13.1800,5.6900,15.9100,8.2900,3.4600,0.6000,22.8000,2.3900,13.8000,3.6100,7.7300,26.5800,63.4000,4.7800,6.5700,14.8400,2.9500,1.3700,68.3100,139.5500,17.5600,2.3600,2.2000,3.7700,33.1300,116.3100,6.2900,7.1400,2.7700,24.8000,23.7400,36.2200,4.1900,3.3100,5.9500,4.1000,12.3700,12.8700,1.0600,14.7300,7.4500,4.2700,5.7200,5.0700,14.6300,13.1400,1.9450,2.7100,3.1900,1.6800,1.5850,30.9800,2.5900,7.2000,51.1800,6.9400,66.5000,33.8900,39.0300,15.0000,91.0300,5.9200,7219.0000
11/4/2023 0:00,1.6100,0.7150,16.6600,27.5600,0.4500,4.7500,7.1800,1.7250,2.5300,1.1000,1.4000,8.3000,32.3300,5.9300,4.7700,15.9600,4.7400,8.4900,2.6100,22.1500,24.7000,8.5400,12.9500,37.9900,1.5250,1.1200,31.0900,23.5600,10.5000,32.0100,9.0000,37.9600,69.8800,6.3500,26.6100,8.0500,3.4300,7.3400,6.5200,6.5900,1.5450,1.4300,8.7900,45.9800,19.9500,3.7600,2.3000,13.8200,20.2300,22.6700,3.8800,4.7600,22.5200,3.0500,6.2700,6.8500,10.8100,4.2100,3.7400,7.9100,2.4600,247.8200,18.5300,99.7600,22.1900,1.6650,18.9200,301.7500,5.0000,1.5700,4.7700,7.6000,8.4000,3.4900,51.8000,3.3900,13.7400,42.6000,6.8500,3.5100,12.5500,24.9000,4.2500,18.5800,22.1900,9.6000,1.7600,19.1400,4.2800,6.9700,3.1000,3.7000,3.7800,1.1350,26.8000,27.6000,12.5500,11.4100,3.2000,3.9400,5.0100,7.5700,44.6000,6.4000,2.4100,5.9500,7.5400,16.6000,2.6200,25.4500,6.2900,178.9100,60.3200,8.0400,3.4700,3.9700,1.9350,2.5400,78.8700,2.2000,28.2500,2.5800,12.4600,12.9400,5.8600,11.1200,7.2400,0.9050,2.0400,13.4600,5.7500,16.1100,8.3000,3.4900,0.6300,23.4800,2.3900,13.9000,3.6900,7.7700,26.7500,63.4300,4.7400,6.6400,14.9900,2.9600,1.4500,69.1100,140.8400,17.6600,2.3900,2.2000,3.8800,33.2500,118.5400,6.7000,7.2200,2.7400,25.0300,23.6500,36.3400,4.2700,3.3400,5.9800,4.2500,12.4700,13.2000,1.0650,14.7500,7.4200,4.2900,5.7300,5.1200,14.6000,13.7000,1.9650,2.7800,3.2200,1.6800,1.5900,31.7600,2.6300,7.2300,51.8800,6.9500,65.7200,34.1700,39.4000,15.4000,90.9500,5.7800,7309.8999
12/4/2023 0:00,1.6450,0.7150,16.4900,27.7400,0.4300,4.7500,7.1300,1.7350,2.5300,1.1000,1.4400,8.6900,32.6900,5.8200,4.8100,16.4300,4.7100,8.0400,2.6800,22.1200,25.1000,8.4500,13.0400,37.6100,1.5650,1.1200,31.1100,23.6100,10.4500,32.1300,8.9700,37.8100,70.1500,6.3300,26.5900,8.0800,3.4200,7.3100,6.5000,6.6000,1.5200,1.4700,8.7600,46.8400,20.0500,3.7700,2.2900,13.8700,20.4800,22.8600,3.8800,4.8500,22.6500,3.0300,6.2800,7.3300,11.1000,4.2300,3.7400,7.9800,2.4500,248.1800,18.6200,99.2300,22.3600,1.6500,18.9000,303.8900,5.1200,1.6300,4.8400,7.6300,8.4400,3.4800,53.0000,3.4300,13.8200,42.1400,6.9200,3.5300,12.3400,25.0000,4.2900,18.4500,22.5500,9.6300,1.7950,19.2000,4.2700,7.0700,3.0900,3.6700,3.8500,1.1600,27.0100,27.4800,12.5800,11.6500,3.2400,3.8600,5.0200,7.6500,45.3500,6.4600,2.3500,5.8700,7.8600,16.8500,2.7200,25.6000,6.3700,179.6000,62.2000,7.9300,3.5000,4.0000,1.9550,2.5700,77.4100,2.2200,28.1100,2.5400,12.5300,13.1500,5.8300,12.0200,7.3900,0.9350,2.0200,13.7000,5.8000,16.1200,8.2900,3.5000,0.6350,23.5100,2.4100,13.7800,3.5400,7.8400,26.7300,63.4800,4.8000,6.5000,15.0100,2.9600,1.4500,68.6400,141.3400,17.7200,2.4000,2.2500,3.9200,33.4600,121.7500,6.8000,7.2200,2.7800,25.1900,23.8100,36.5700,4.3800,3.3500,6.0000,4.1800,12.4500,13.2200,1.0700,14.8800,7.4300,4.2700,5.7800,5.1200,14.7500,14.0100,1.9650,2.8100,3.2000,1.6800,1.5900,31.3300,2.6200,7.2400,52.1000,6.7300,66.0000,34.1600,39.5100,15.3400,91.5100,5.8400,7343.8999
13/4/2023 0:00,1.6300,0.7100,16.5100,28.0400,0.4350,4.8000,7.0000,1.6900,2.5100,1.1000,1.4400,8.7600,33.0500,5.9300,4.7900,16.4900,4.7200,7.8300,2.6900,22.0900,25.0000,8.4400,13.1000,38.3500,1.5800,1.1150,30.9200,23.7700,10.3000,32.0400,8.9200,37.0500,69.8800,6.1600,26.8700,7.9900,3.4200,7.2300,6.4900,6.5800,1.5200,1.4850,8.7900,46.4000,20.2200,3.8400,2.3200,13.8500,20.4700,23.0600,3.8900,4.9100,22.6400,3.0100,6.3700,7.0400,11.2600,4.2300,3.7500,8.0800,2.4400,250.3900,18.1500,98.2200,22.6700,1.6450,21.1800,302.1800,5.1300,1.6650,4.8300,7.7100,8.3600,3.5000,50.9700,3.5200,13.8900,42.7300,6.8900,3.5300,12.3500,24.8400,4.2600,18.7100,22.1400,9.5300,1.8200,19.4600,4.2800,7.0500,3.1000,3.6300,3.8500,1.1750,27.5000,26.8600,12.7500,11.6100,3.2100,3.9700,5.0100,7.6200,45.5200,6.4700,2.3900,5.8000,8.1100,16.9500,2.7300,25.7300,6.4000,178.8200,62.0000,7.9000,3.5000,3.9900,1.9400,2.5700,78.0200,2.2100,28.1300,2.5300,12.8500,13.3900,5.9000,12.2200,7.3900,0.9850,2.0400,13.8000,5.7600,16.1600,8.2900,3.4700,0.6500,23.4400,2.4400,13.8700,3.5700,7.7300,26.7300,63.8400,4.7400,6.4600,14.9900,2.9700,1.4500,67.7500,142.6300,17.7400,2.3900,2.3200,3.9500,33.3600,120.8600,6.9500,7.2500,2.7600,25.1100,23.7600,36.3600,4.3400,3.2600,5.9800,4.1400,12.4300,13.1700,1.0550,15.1000,7.4500,4.2500,5.7200,5.2100,14.7200,14.0100,1.9650,2.8500,3.1800,1.6900,1.5900,31.6300,2.6400,7.3000,51.7500,6.9100,66.9700,34.5200,39.0700,15.4100,91.5000,5.9400,7324.1001
14/4/2023 0:00,1.6600,0.7100,16.4800,28.2000,0.4250,4.8400,7.1600,1.7600,2.5700,1.1000,1.4400,8.6200,33.3500,5.6300,4.8100,16.4400,4.7000,7.8300,2.6700,22.2500,25.2000,8.6000,12.9200,38.7200,1.6050,1.1150,31.0100,23.9800,10.3400,32.6100,8.9600,37.1600,70.4200,6.2800,26.7900,7.9900,3.4100,7.2600,6.4300,6.7400,1.5050,1.5100,8.8500,46.4500,20.0400,3.8900,2.4200,13.9300,20.4500,23.5600,3.8800,4.9400,22.8900,3.0100,6.5800,6.9800,11.2900,4.2500,3.7400,8.1200,2.4600,248.0700,18.1800,99.1100,22.8400,1.6250,21.6200,301.4000,5.2000,1.6900,4.7600,7.6500,8.2900,3.5100,53.2800,3.5300,14.1100,41.3700,6.8900,3.6400,12.6200,24.8300,4.3100,18.8400,22.4300,9.5400,1.8600,19.1800,4.2800,6.9800,3.1200,3.6700,3.9300,1.1800,27.3300,27.6300,13.4300,11.6800,3.2200,3.9800,5.0100,7.7600,45.5500,6.5600,2.2600,5.8100,8.1900,17.0000,2.7200,25.7700,6.5900,180.0200,60.8400,7.6900,3.4900,4.0000,1.9500,2.5900,79.1300,2.2200,28.4600,2.5300,13.0500,13.0300,5.8000,12.1500,7.4500,0.9700,2.0900,14.4000,5.8200,16.0600,8.2900,3.4600,0.6600,23.8600,2.4900,14.0800,3.7500,7.8800,27.0100,63.3400,4.7800,6.5000,14.9900,3.0100,1.5100,67.8300,142.9400,17.8800,2.3800,2.4200,3.9300,33.4200,120.9400,7.0400,7.3100,2.7400,25.0200,23.7300,36.2900,4.4400,3.2900,5.9300,4.2000,12.4600,13.3200,1.0550,15.2000,7.7300,4.2700,5.7800,5.2400,14.7400,14.1000,1.9650,2.8300,3.2100,1.6750,1.5200,31.6400,2.6200,7.3700,51.6500,6.8700,67.0900,34.7800,39.4600,15.4400,91.6500,5.8400,7361.6001
17/4/2023 0:00,1.6700,0.7050,16.5500,27.6100,0.4350,4.8400,7.1000,1.6800,2.5400,1.2100,1.4500,8.5100,34.0100,5.7000,4.8000,16.5000,4.7300,7.6900,2.6100,22.2600,26.2500,8.6700,12.9600,38.9100,1.5950,1.0950,31.0200,24.2100,10.2400,32.6200,9.0000,37.7100,70.2900,6.4200,26.5800,8.0000,3.3900,7.2500,6.3600,6.7600,1.5000,1.4250,8.8400,46.6100,20.0800,3.8900,2.4500,14.0000,20.7300,23.9700,3.9100,4.8500,23.2000,3.0400,6.5000,6.9200,11.5600,4.3200,3.8000,8.0800,2.4800,248.6100,18.2200,99.7400,22.7800,1.6200,21.4800,301.8600,5.2100,1.6150,4.8000,7.7700,8.3900,3.5000,52.7600,3.5000,14.2900,41.3000,6.9200,3.5600,12.4700,24.6500,4.2200,18.7500,22.5100,9.5200,1.7900,19.4200,4.3400,6.9800,3.1700,3.6800,3.8200,1.1850,27.5000,27.8000,13.5400,11.6000,3.2200,3.9900,4.9200,8.0200,45.7200,6.7300,2.2900,5.8400,8.0500,17.0000,2.7000,25.8500,6.7200,180.6500,60.2500,7.7900,3.5200,3.9900,1.9450,2.6000,80.5000,2.2600,28.6700,2.5200,13.0900,13.4500,5.2500,12.1300,7.4500,0.9850,2.0900,14.0400,5.7800,16.0100,8.2800,3.4600,0.6600,23.8000,2.3900,14.0200,3.8000,7.9500,26.8000,63.4900,4.8200,6.6200,14.8400,3.0200,1.4600,67.4500,143.3000,18.1600,2.4100,2.1500,3.9600,33.6100,121.2500,7.0100,7.3200,2.8100,25.2300,23.4900,35.8200,4.4600,3.2600,5.9300,4.2800,12.4700,13.3900,1.0700,15.2900,7.8900,4.2700,5.7400,5.2300,14.7900,14.2800,1.9900,2.8000,3.1800,1.6800,1.5150,31.7800,2.6400,7.3500,52.0900,6.8100,67.8600,34.7300,39.2900,15.4800,92.6100,5.8600,7381.5000
18/4/2023 0:00,1.6800,0.7150,16.5000,27.3300,0.4200,4.8400,7.0200,1.7150,2.5300,1.2600,1.4500,8.6800,33.8200,5.6100,4.8000,16.5300,4.7000,7.4100,2.6400,22.2800,26.1500,8.6500,13.0500,38.5600,1.5850,1.0950,30.3200,24.2000,10.4000,32.5900,8.9100,37.7300,68.5400,6.5000,26.6000,7.9800,3.4000,7.3500,6.3000,6.7500,1.5000,1.3900,8.8400,46.5800,20.3000,3.9200,2.4000,13.9900,20.6200,23.9300,3.8500,4.7200,23.0800,3.0100,6.5000,7.0500,11.4900,4.2800,3.7300,8.0500,2.4900,247.4500,18.0000,99.4000,22.8500,1.6250,21.4900,300.2400,5.2100,1.5850,4.7800,7.7300,8.2800,3.4100,52.2000,3.5000,14.2500,41.5000,6.8900,3.5300,12.2800,24.4900,4.1800,18.8200,22.5800,9.5200,1.7850,19.1900,4.3400,6.9000,3.1500,3.6500,3.7800,1.1900,28.1500,27.5800,13.9000,11.5500,3.2200,3.9700,4.9500,8.1000,45.4000,6.7000,2.2400,5.8600,7.8300,16.6300,2.7700,25.3000,6.7700,180.2400,60.3100,7.9500,3.5500,3.9700,1.9400,2.6100,82.1100,2.2700,28.7600,2.5400,13.1700,14.2000,5.2600,12.0800,7.3900,0.9850,2.0800,14.0300,5.7300,16.0100,8.3000,3.4600,0.6450,23.6600,2.3600,13.8600,3.9600,7.8600,26.6400,62.4500,4.8000,6.5700,14.8100,3.0500,1.4150,66.2500,142.2000,18.0700,2.4000,2.1600,3.9400,33.3600,121.8400,7.0100,7.1800,2.7900,25.1000,23.2400,35.8300,4.4300,3.2800,5.8900,4.2600,12.3600,13.3000,1.0800,15.1900,8.8900,4.2600,5.9000,5.1900,14.7600,14.0500,2.0000,2.7600,3.1000,1.6950,1.5000,31.4000,2.6100,7.3600,51.9000,6.9700,67.8600,33.9000,38.5500,15.3800,91.4500,5.8500,7360.2002
19/4/2023 0:00,1.6850,0.7050,16.5400,27.1600,0.4100,4.8600,6.9700,1.7650,2.5000,1.2800,1.4350,8.6000,33.0500,5.8400,4.7500,16.7500,4.7200,7.5000,2.5900,22.2300,26.8900,8.7300,13.1000,38.3700,1.5700,1.1350,30.2800,24.1400,10.4300,31.7100,8.9200,36.9600,68.5000,6.4800,27.2400,7.9300,3.3700,7.2500,6.2900,6.6900,1.4950,1.3950,8.8100,47.2700,20.7200,3.8500,2.3800,13.9100,20.1200,24.1200,3.8500,4.7500,23.0100,3.0000,6.5300,7.1400,11.5000,4.2800,3.7600,8.1300,2.4800,247.9600,18.0300,99.3700,22.7900,1.6350,21.2500,299.7000,5.2600,1.6400,4.7600,7.6900,8.2100,3.2600,50.9100,3.4200,14.0000,41.3700,6.8400,3.5500,12.1700,24.7400,4.1500,18.7900,22.6200,9.5700,1.8550,18.8800,4.3400,6.8900,3.1700,3.5900,3.7900,1.1950,28.1500,27.2300,14.4500,11.7200,3.2000,3.9900,4.9600,8.2000,44.6200,6.7400,2.1600,5.6400,7.7000,16.6400,2.7300,25.2000,6.7600,180.2900,60.0000,7.7900,3.5800,3.9500,1.9400,2.6000,84.3100,2.2600,28.6100,2.5500,13.0500,14.1400,5.2600,11.6900,7.4800,0.9900,2.0800,14.2300,5.8500,16.0500,8.2700,3.4800,0.6400,23.5500,2.3500,13.7500,4.0900,7.9000,26.3100,62.4500,4.7300,6.5500,14.8900,3.0600,1.4050,66.0400,140.8900,17.8800,2.4100,2.1800,3.8600,32.9500,123.1900,7.0500,7.1200,2.7900,24.6500,23.1000,35.7300,4.5000,3.2400,5.9300,4.2200,12.3900,13.2900,1.0800,15.1000,9.3700,4.2700,5.9600,5.3000,14.7400,14.0000,2.0100,2.8300,3.1100,1.7300,1.5000,31.2100,2.6200,7.3400,51.6000,6.9800,67.9900,33.8600,38.4800,15.4100,92.0000,5.7400,7365.5000
20/4/2023 0:00,1.6550,0.7000,16.5400,27.3800,0.4350,4.8600,7.0400,1.8250,2.4600,1.3700,1.4800,8.5100,33.4900,5.6000,4.8600,16.6100,4.7000,7.5000,2.6100,22.5700,26.0600,8.5400,13.0600,38.4800,1.5350,1.1300,30.3300,24.4600,10.3700,31.5000,8.9100,37.8000,68.9000,6.5300,27.0000,7.8800,3.4100,7.2900,6.3600,6.6200,1.4800,1.3600,8.9300,46.0600,21.1300,3.9100,2.2900,13.9100,20.2700,24.2000,3.8700,4.3400,22.9800,3.0000,6.2500,7.0900,11.6600,4.3100,3.8000,8.0800,2.4800,248.2500,18.2400,100.9200,22.5000,1.6750,21.0600,299.8700,5.2100,1.6500,4.7700,7.8100,8.0700,3.2600,52.1100,3.3900,14.0300,40.9100,6.7900,3.4900,12.2300,24.6400,4.1100,18.9400,22.4200,9.4900,1.8000,19.1800,4.4200,6.8800,3.2000,3.6200,3.8700,1.1950,27.9000,28.1900,13.8900,11.5500,3.2500,4.0300,4.9400,8.0900,44.6400,6.6800,2.1300,5.6900,7.5900,16.7000,2.7200,26.1200,6.5300,181.6300,61.5200,8.0400,3.5900,4.0000,1.9600,2.6000,79.7100,2.2600,29.1000,2.5400,13.2700,13.6500,5.2100,11.6200,7.5700,0.9850,2.0600,13.6300,5.7300,15.9300,8.2900,3.5200,0.6300,24.1400,2.3400,13.5300,3.8900,8.1000,26.4300,62.5400,4.6300,6.5500,15.0900,3.0400,1.3750,65.7200,140.2400,17.9000,2.4300,2.1700,3.8800,33.2300,120.3300,6.9300,7.0900,2.8000,24.5700,22.7900,36.0400,4.4600,3.2800,5.9400,4.2000,12.3700,13.3000,1.0600,15.1900,9.7900,4.2800,5.8500,5.2600,14.7900,14.0400,2.0200,2.9800,3.0700,1.7350,1.4950,31.6400,2.6500,7.4100,51.9400,6.9700,67.6200,33.6900,38.7600,15.4000,92.0000,5.6100,7362.2002
21/4/2023 0:00,1.6800,0.7000,16.5000,27.5800,0.4250,4.8600,6.9300,1.7700,2.4900,1.3650,1.4250,8.1100,33.6300,5.8100,4.8100,16.3400,4.6800,7.3400,2.6000,22.2900,26.0500,8.6000,13.0200,38.4300,1.5250,1.1500,30.3600,24.3300,10.4700,31.5200,8.9100,37.5000,69.1500,6.5300,27.4600,7.9300,3.4600,7.2600,6.0400,6.6800,1.4950,1.3750,8.7300,45.0200,20.7000,4.1300,2.2700,14.1200,20.3000,24.5100,3.8500,4.4500,23.0900,3.0400,6.1600,6.9000,11.3900,4.2800,3.7700,7.8700,2.4700,249.4200,18.2100,99.8000,22.8300,1.6700,21.0900,301.7500,5.2700,1.6550,4.6600,7.6800,7.9600,3.2600,51.8300,3.4200,14.1500,41.1500,6.8100,3.5200,12.2100,24.8000,4.1400,19.0000,21.4900,9.4500,1.8150,19.1000,4.4100,6.9000,3.1600,3.6300,3.8800,1.1950,28.2700,28.2500,13.8300,11.1200,3.2800,4.0500,4.9700,8.1700,44.8400,6.6300,2.1400,5.6100,7.7600,16.5200,2.7200,26.6500,6.8400,183.0800,62.2400,7.8900,3.6100,3.9600,1.9700,2.5600,78.7000,2.2600,28.7700,2.5000,13.0800,14.2200,5.3300,11.5900,7.6400,0.9650,2.0600,13.7500,5.5900,16.1200,8.2800,3.5100,0.6250,24.1900,2.3100,13.5000,4.0200,8.0000,26.8900,62.8000,4.7400,6.6200,15.0500,3.0700,1.3750,65.8900,139.5300,18.2200,2.4300,2.1400,3.9100,33.5600,117.0000,6.7400,7.1600,2.8100,24.1900,23.4000,36.2600,4.4500,3.2700,6.0300,4.2100,12.3400,13.3100,1.0550,15.1500,10.0000,4.2900,5.7200,5.2700,14.8000,14.0500,2.0200,2.9100,3.0700,1.7200,1.4950,31.6000,2.5900,7.4000,52.0300,7.3800,68.0000,33.6900,38.6900,15.4400,91.8700,5.6600,7330.3999
24/4/2023 0:00,1.6400,0.7050,16.5800,27.7200,0.4200,4.8800,7.1500,1.8150,2.4500,1.3600,1.4200,8.6500,33.2000,5.7900,4.9100,16.0700,4.7200,7.3400,2.6100,22.2500,25.6600,8.5600,13.1700,38.9600,1.5350,1.1400,30.4400,24.2200,10.5800,31.7000,8.9000,37.9700,69.1000,6.5700,27.4900,8.0100,3.4900,7.2400,6.0200,6.6600,1.4550,1.3850,8.7300,44.1700,20.6400,4.1400,2.3200,14.1800,20.3100,24.6600,3.8800,4.4600,23.4100,3.0700,6.2800,6.7000,11.3900,4.3300,3.8200,7.9900,2.4800,251.5400,18.3400,100.1100,22.8600,1.6600,20.9600,304.3400,5.1900,1.6450,4.6400,7.7800,8.1900,3.3200,51.7200,3.5200,14.1600,41.8900,6.8700,3.4400,12.4000,25.3000,4.1400,19.1900,20.7600,9.4600,1.7950,19.3500,4.4600,6.9200,3.2100,3.6500,3.9300,1.2050,28.5800,28.8100,13.9700,11.0100,3.3000,4.1400,4.9600,8.2300,45.0000,6.6600,2.1300,5.7200,7.5300,16.6800,2.7200,26.8800,6.7200,181.4500,63.5000,8.0000,3.5900,4.0000,1.9500,2.5700,80.3600,2.2900,28.7900,2.5100,13.2300,14.0500,5.2500,11.6300,7.7000,0.9500,2.0700,13.5900,5.6500,16.1500,8.3500,3.5200,0.6200,24.4800,2.2900,13.6300,4.2300,8.1600,26.6600,63.1700,4.6900,6.6100,15.1300,3.1000,1.3300,66.7500,140.0200,18.1700,2.4600,2.1300,3.9200,34.2500,113.1800,6.5300,7.1000,2.8600,24.3400,23.2300,36.3700,4.1200,3.2400,6.0600,4.2700,12.4000,13.4500,1.0600,15.3400,10.1600,4.3000,5.7100,5.3000,14.9300,14.0400,2.0600,2.8900,3.1000,1.7350,1.5050,31.5800,2.6200,7.4300,52.3900,7.2200,69.3800,33.5400,39.0000,15.3500,92.3700,5.5400,7322.0000
26/4/2023 0:00,1.6350,0.7100,16.4900,27.4400,0.3850,4.8000,7.4000,1.8050,2.5300,1.3400,1.3800,8.5200,33.3300,5.6000,4.8000,15.4300,4.7700,7.3400,2.6200,22.3100,25.9300,8.3900,13.4100,38.5300,1.5200,1.1400,31.0700,24.2100,10.4200,31.7800,8.8500,37.6200,69.0500,6.6000,27.4500,8.1200,3.4600,7.2200,5.9400,6.7000,1.4800,1.4050,8.6900,44.0000,19.8900,4.0900,2.3400,14.3700,20.1000,24.8800,3.8700,4.5100,23.3200,3.0900,6.0500,6.5000,11.1800,4.3400,3.8400,8.1000,2.5000,251.0300,18.3700,99.8900,22.6000,1.6550,20.9600,305.7200,5.2400,1.6600,4.5600,7.7400,8.1200,3.3200,50.9200,3.4400,14.2300,41.5000,6.8700,3.5600,12.3000,25.4800,4.1900,19.3100,20.6600,9.4300,1.8800,19.4300,4.4300,6.8100,3.2300,3.6400,3.9400,1.2000,28.0000,28.8600,13.4000,10.9900,3.1800,4.1000,4.9700,8.2400,44.8900,6.6100,2.1400,5.8000,7.4900,16.5500,2.7300,26.8100,6.6600,181.2500,62.8700,7.9400,3.5800,3.9800,1.9500,2.5600,72.5900,2.3300,28.8400,2.5000,13.2700,14.2800,5.3400,11.5500,7.7500,0.9450,2.0500,13.7900,5.6200,16.0900,8.3100,3.4900,0.6200,23.8200,2.2900,13.3900,3.9800,8.0400,26.6200,62.0700,4.7900,6.6800,15.2400,3.1300,1.3350,65.8000,140.1500,18.2900,2.4700,2.1400,3.8800,34.2000,111.9400,6.6000,7.1300,2.8500,24.4000,23.7800,35.7300,4.1600,3.1600,6.0400,4.3800,12.5400,13.6300,1.0550,15.1500,10.3900,4.3300,5.4200,5.2700,15.1900,14.1300,2.0600,2.8300,3.1300,1.7300,1.5050,31.6600,2.6200,7.4800,52.6400,7.1500,68.8000,33.9200,39.1900,15.2600,93.5700,5.5300,7316.2998
27/4/2023 0:00,1.5350,0.7150,16.3000,26.7300,0.3850,4.8400,7.0900,1.8050,2.5100,1.3550,1.3800,8.6400,33.0800,5.8800,4.7300,15.3500,4.7700,7.3200,2.6300,22.2600,25.2300,8.3800,13.1200,38.5800,1.5300,1.1300,31.0300,24.1200,10.4300,31.4400,8.8000,37.0100,68.6300,6.5500,27.2900,8.2000,3.4100,7.2000,5.7800,6.5600,1.4600,1.4200,8.6100,44.3300,19.4700,4.1100,2.4100,14.3200,20.0200,24.8900,3.8600,4.5900,23.4900,3.0700,6.0400,6.3900,11.0700,4.3000,3.7900,8.0000,2.4600,249.2400,18.4600,99.1000,22.5000,1.6600,20.9300,304.0000,5.2000,1.6400,4.5900,7.7000,8.1000,3.3000,49.9100,3.4500,14.0500,41.3000,6.8100,3.6000,12.1700,25.2000,4.1700,19.1800,20.8600,9.3700,1.8900,19.2700,4.4000,6.8000,3.1800,3.6000,3.8900,1.1900,28.1600,28.3400,13.4800,10.8300,3.1900,4.1500,4.9600,8.1000,44.5100,6.5700,2.1500,5.9900,7.4100,16.4000,2.7400,26.5700,6.4900,180.7100,61.9100,7.8900,3.5500,3.9400,1.9500,2.5200,72.0500,2.3300,28.7300,2.4700,13.1800,14.3000,5.3400,11.5000,7.6900,0.9500,2.0200,13.8700,5.5300,16.0200,8.3500,3.4100,0.6250,23.8500,2.3000,13.3200,3.9600,8.0400,26.3000,61.6900,4.7000,6.5500,15.1700,3.0900,1.3400,65.5900,139.8200,18.0000,2.4400,2.1800,3.9300,33.7300,112.1700,6.6200,7.0900,2.8300,24.3900,23.6800,35.6800,4.1400,3.0900,5.9100,4.3800,12.4000,13.5500,1.0550,15.2700,10.5300,4.3500,5.4100,5.3100,15.1400,14.0000,2.0600,2.8600,3.1200,1.7250,1.4950,31.7800,2.6000,7.3700,52.3500,7.2900,68.7500,33.6600,39.1600,15.1400,92.9300,5.5100,7292.7002
28/4/2023 0:00,1.5850,0.6950,16.4000,26.7600,0.3850,4.9000,7.2300,1.9300,2.5000,1.3550,1.3700,8.8700,33.4900,5.8800,5.0900,15.6500,4.8500,7.7500,2.6200,22.4700,24.9700,8.3000,13.1100,38.1700,1.5200,1.1350,29.9300,24.3500,10.2800,31.9500,8.7700,37.9100,68.4700,6.5400,27.4700,8.2100,3.4200,7.1700,5.8000,6.5500,1.4700,1.4150,8.6400,44.4000,19.8700,4.1200,2.6300,14.2500,20.5500,25.0000,3.8800,4.4300,23.7600,3.1200,6.0300,6.4700,11.1300,4.3500,3.8600,8.0100,2.4200,246.6400,18.2000,99.3600,22.4000,1.6500,20.9200,300.5800,5.2500,1.6150,4.6000,7.7800,8.1500,3.3300,50.4200,3.5500,14.1500,41.2500,6.7900,3.5600,12.0100,25.6300,4.2100,19.6700,20.9400,9.5500,1.8750,19.3100,4.4100,6.8000,3.2500,3.6100,3.9200,1.2000,28.2900,28.1600,13.7500,10.9700,3.1900,4.2700,4.9800,8.1200,44.4500,6.7600,2.1300,6.1000,7.4500,16.9400,2.7400,26.5500,6.4300,182.6000,61.4600,8.1200,3.5600,3.9000,1.9400,2.5650,73.6800,2.4100,28.8400,2.5000,13.5700,14.2000,5.3100,11.4800,7.7200,0.9500,2.0600,13.4600,5.5700,16.2000,8.3400,3.4300,0.6550,24.5300,2.2300,13.3000,4.2400,8.2200,26.0400,61.4400,4.6800,6.6000,15.3300,3.0700,1.3150,64.6700,140.8900,18.2300,2.4600,2.1300,4.0800,33.7100,112.2500,6.5100,7.0700,2.8800,24.4200,23.7100,35.4400,4.2400,3.0500,5.9300,4.4500,12.4800,13.5100,1.0500,15.1000,10.1500,4.3700,5.4300,5.3700,14.9900,13.9300,2.1000,2.9400,3.1000,1.7300,1.5100,31.4500,2.6100,7.4000,51.9700,7.2000,68.5600,33.6800,38.8300,15.0400,93.3400,5.5600,7309.2002
1/5/2023 0:00,1.6200,0.7000,16.5000,26.8500,0.3750,4.7900,7.4500,1.8500,2.6000,1.3700,1.4150,8.8800,33.9800,5.9500,5.0300,15.6000,4.8300,7.7400,2.6000,22.5600,25.4500,8.5500,13.1500,37.5600,1.5250,1.1550,29.7400,24.5200,10.4300,32.3800,8.7700,38.1000,68.3600,6.5600,27.3000,8.1600,3.4400,7.1800,5.9200,6.6400,1.4850,1.3800,8.7500,44.1800,19.9600,4.1400,2.5600,14.2800,20.7000,25.5000,3.8800,4.3600,23.4200,3.1300,6.1800,6.4400,11.2300,4.3800,3.8800,8.0600,2.4200,246.3400,18.3000,100.4400,22.5300,1.6700,21.0000,302.4300,5.3900,1.6200,4.6700,7.8800,8.0300,3.3900,50.4500,3.5700,14.1900,40.7900,6.7700,3.5100,12.0400,25.5200,4.2800,20.1600,20.9500,9.5300,1.8300,19.5500,4.4500,6.9500,3.2900,3.6400,4.0600,1.2050,27.8400,27.6000,13.5800,10.9400,3.2300,4.3200,5.0000,8.0500,45.1800,6.7100,2.1300,6.1100,7.4900,16.7400,2.7100,26.4600,6.4200,183.7700,62.7200,8.1600,3.5100,3.9000,1.9450,2.5800,73.1400,2.3800,29.1900,2.5400,13.5500,13.8000,5.4200,11.4500,7.5800,0.9500,2.0500,13.4400,5.6100,16.3900,8.3800,3.4600,0.6500,24.9000,2.2000,13.3000,4.1000,8.5400,25.9000,60.4800,4.5400,6.7400,15.4700,3.0800,1.3000,65.5200,139.1200,18.4600,2.4700,2.1200,4.2200,35.9300,112.2600,6.3800,7.2300,2.8800,24.1300,23.9300,35.8000,4.2100,3.0600,5.9100,4.5000,12.5900,13.6000,1.0600,14.9000,10.4600,4.3800,5.4300,5.5000,14.9200,13.8700,2.0900,2.9500,3.0700,1.7500,1.5100,31.8000,2.6100,7.4600,52.0600,7.3900,67.0000,33.9200,38.9000,15.2900,92.4700,5.5900,7334.6001
2/5/2023 0:00,1.6400,0.7050,16.4800,26.7100,0.3850,4.7900,7.4200,1.9200,2.5500,1.3350,1.4550,8.5300,33.5100,6.0000,4.8600,15.1100,4.8000,7.7400,2.5800,22.5500,25.5100,8.5500,12.9000,37.2800,1.5050,1.1450,29.5400,24.4200,10.3800,32.3600,8.7700,37.8000,68.1000,6.4300,27.4700,8.0300,3.4500,7.1900,5.8400,6.5600,1.4450,1.3300,8.6200,43.6300,19.6900,4.0600,2.5200,14.1300,20.8500,24.9300,3.7900,4.3500,23.1400,3.1000,6.1100,6.4000,10.8300,4.2800,3.7700,7.9600,2.5600,245.6900,18.1100,100.1000,21.4500,1.6500,20.7100,301.7100,5.3100,1.5600,4.6400,7.6600,8.0100,3.3300,49.9800,3.6000,14.0300,40.2400,6.5300,3.4800,11.9600,25.5200,4.3700,20.3500,20.8400,9.5900,1.8150,19.2700,4.3200,7.1000,3.2300,3.6000,4.0800,1.1800,27.8700,27.2500,13.5200,10.8300,3.1900,4.2300,5.0000,8.0000,44.6100,6.8000,2.0600,6.0900,7.4700,16.5500,2.7200,26.4300,6.3400,181.2200,61.2200,8.0600,3.4900,3.9000,1.9400,2.5800,72.9700,2.2800,29.0900,2.4700,13.7700,14.1800,5.3100,11.3900,7.6300,0.9250,2.0300,13.2500,5.5400,16.1300,8.3700,3.4300,0.6300,24.5200,2.1500,13.1600,4.1000,9.0600,25.5900,60.8300,4.5100,6.5400,15.4100,3.1000,1.2800,65.0100,137.1500,18.1600,2.4300,2.0800,4.1700,34.8200,111.1400,6.3100,7.1500,2.8100,23.9500,23.5500,35.6100,4.1600,2.9900,5.8900,4.3700,12.4800,13.3700,1.0750,14.8700,10.7800,4.2800,5.4000,5.3900,14.6400,13.8200,2.0700,2.9300,3.0200,1.7500,1.5000,31.4200,2.5700,7.2600,51.3600,7.2200,67.4700,33.3800,38.5800,15.1000,92.1500,5.5600,7267.3999
3/5/2023 0:00,1.6050,0.7150,14.9100,26.4700,0.3750,4.8000,7.4000,1.9600,2.5600,1.3550,1.4400,8.8100,33.2200,5.9100,4.9900,14.8100,4.8000,7.5000,2.5000,22.1600,25.0350,8.5800,12.6800,36.7500,1.5050,1.1300,28.7500,24.0300,10.1600,30.5200,8.7300,37.6700,68.4900,6.4300,26.7900,8.1000,3.4300,7.1900,5.8100,6.5000,1.3950,1.3700,8.4500,43.2700,19.4100,3.9800,2.4500,14.1300,20.6300,24.9100,3.7700,4.4200,23.1300,3.0600,6.0000,6.2500,10.8300,4.2300,3.7100,8.0300,2.5300,244.4400,18.0600,98.2900,21.9200,1.6500,20.5300,299.5900,5.3200,1.5950,4.5700,7.5000,8.0100,3.2300,49.7500,3.5300,13.7400,40.9500,6.4100,3.6100,11.8400,25.8500,4.3100,20.8000,19.9900,9.4300,1.9000,19.0700,4.2800,7.0800,3.1800,3.5700,3.9600,1.1700,27.2200,26.4400,13.8000,10.8000,3.1200,4.2500,4.9500,8.0900,45.4800,6.6700,2.0100,6.0800,7.4000,16.5500,2.7500,26.2000,6.2900,179.1000,61.3200,8.0300,3.5200,3.8800,1.9450,2.5700,71.9300,2.2800,28.5500,2.4400,13.7000,14.1500,5.2800,11.4300,7.5200,0.9300,2.0300,13.5500,5.4600,15.7700,8.3800,3.3500,0.6150,24.1300,2.1700,12.7000,4.2000,8.9400,25.6000,60.2500,4.5100,6.5100,15.2500,3.0800,1.3450,61.8700,137.3400,17.7600,2.4200,2.1400,4.1000,35.3300,108.7700,6.3100,6.9700,2.8000,23.5700,22.8400,35.7900,4.0800,2.9200,5.8400,4.3200,12.4000,13.4500,1.0600,14.6700,10.7600,4.3100,5.3400,5.4700,14.4900,13.7500,2.0300,2.9000,2.9600,1.7300,1.4950,31.0800,2.5500,7.2800,51.4400,7.1900,67.3900,32.6300,38.9600,14.8000,90.9700,5.5500,7197.3999
4/5/2023 0:00,1.6250,0.7100,15.0300,26.7400,0.3800,4.8000,7.4000,1.9200,2.5400,1.2900,1.4150,8.7000,33.8700,5.7000,4.9500,15.2400,4.8300,7.5000,2.5300,21.2500,25.4500,8.8500,13.0400,37.1000,1.5100,1.1050,29.1800,23.4600,10.3200,30.9100,8.7800,38.2000,69.2800,6.6700,26.7300,8.1800,3.4700,7.1500,5.7800,6.5400,1.4100,1.3800,8.4000,43.9700,19.8000,4.0000,2.5100,14.1600,21.3600,25.0300,3.8000,4.4800,23.1500,3.1300,6.0800,6.2700,11.1000,4.3100,3.7600,8.0000,2.5500,245.6000,18.1700,95.7600,21.6900,1.6500,20.5600,300.1000,5.3600,1.5900,4.6400,7.7400,7.9700,3.1700,50.7600,3.6500,13.8000,41.1700,6.3700,3.8700,12.0400,25.3400,4.3500,21.0500,20.2800,9.5800,1.9350,19.4100,4.3400,6.9300,3.2600,3.5900,4.0300,1.1800,26.5100,26.4300,13.9300,10.9200,3.1400,4.3400,4.9800,8.1400,46.3800,6.5100,2.0500,6.3500,7.6200,16.6500,2.7500,25.8900,6.4400,177.7400,61.2100,8.3000,3.5800,3.9100,1.9350,2.5800,68.6300,2.3300,26.7200,2.4900,13.7100,13.8200,5.1900,11.5000,7.7100,0.9250,2.0100,13.8900,5.4900,15.9700,8.4000,3.3300,0.6150,24.1700,2.2200,12.9200,4.2300,8.9300,25.7500,60.1900,4.6700,6.3500,15.2500,3.1300,1.3500,60.4900,138.9200,18.2000,2.4800,2.1800,4.2300,35.2600,110.1400,6.4300,7.1000,2.8700,23.7500,23.3600,35.9100,4.1200,2.9200,5.8800,4.4200,12.3600,12.4900,1.0750,14.7000,10.9500,4.3300,5.3200,5.5600,14.6800,13.6800,2.0500,2.9100,3.0100,1.7400,1.4950,31.4800,2.5700,7.3300,51.5600,7.0100,68.2200,32.9500,38.8700,15.2300,92.6300,5.4200,7193.1001
5/5/2023 0:00,1.5750,0.6950,15.2200,26.7500,0.4100,4.8000,7.2000,1.9500,2.5500,1.2700,1.4200,8.6600,33.6400,5.8000,4.9900,15.2400,4.8500,7.5400,2.5900,21.3500,25.6000,8.8900,12.8900,36.6900,1.4900,1.1250,29.3500,23.8000,10.4100,31.4000,8.7500,37.5700,69.1500,6.6000,26.4200,8.1900,3.4500,7.1300,5.8200,6.5100,1.4100,1.3700,8.4100,44.0500,19.6300,3.9900,2.5800,14.1800,21.3300,25.1800,3.8300,4.5800,23.1100,3.2000,6.0100,6.3200,11.3100,4.3900,3.8200,8.0200,2.6100,245.5900,18.2500,96.1300,21.7500,1.5750,20.8200,301.0500,5.3900,1.6000,4.6200,7.9800,8.1000,3.2200,51.3000,3.6300,13.8200,41.1700,6.4300,3.9600,11.9900,25.1800,4.4100,21.3400,20.2500,9.4900,1.9650,20.0000,4.4300,7.0000,3.2900,3.6000,4.1000,1.1900,26.6000,26.2600,14.3800,10.9800,3.1000,4.4000,4.9600,8.2500,46.1400,6.7600,2.0800,6.3000,7.7700,16.8300,2.8500,26.2300,6.5800,177.3500,60.8700,8.3300,3.5800,3.9400,1.9500,2.5700,70.4000,2.3600,26.5800,2.5200,13.5000,14.0000,5.0600,11.6400,7.9000,0.9350,1.9800,14.1000,5.4800,16.0700,8.4200,3.3700,0.6350,24.3800,2.1900,13.0700,4.4000,8.7300,25.6500,60.2800,4.7000,6.3200,15.3500,3.1500,1.4250,60.4300,138.3900,18.0900,2.5300,2.2000,4.1400,34.6800,109.3700,6.5800,7.1600,2.9000,23.6000,23.4400,35.7300,4.1300,2.8900,5.8300,4.5200,12.5000,12.7000,1.0950,14.5500,10.9400,4.3300,5.3400,5.4900,14.7300,13.6800,2.0700,2.7500,3.0100,1.7400,1.4850,31.6100,2.6000,7.2100,51.5100,6.8000,68.0000,33.1000,39.0800,15.4500,92.0800,5.2600,7220.0000
8/5/2023 0:00,1.6050,0.6950,15.4000,27.0400,0.4100,4.8100,7.2100,1.8600,2.5300,1.2950,1.4150,8.5100,34.1300,5.9400,5.0600,15.5600,4.8400,7.5400,2.5900,21.7400,25.1300,8.9200,12.6400,37.0600,1.5100,1.1300,29.7900,23.8300,10.4800,32.5900,8.8200,37.7800,69.7300,6.6000,26.5900,8.1500,3.4900,7.1400,5.9000,6.5400,1.4500,1.3350,8.6200,44.7200,19.8100,4.0200,2.6900,14.1800,21.2200,25.1100,3.9100,4.5600,23.1100,3.2800,6.1300,6.5500,11.3100,4.4200,3.8900,8.0500,2.6500,243.9000,18.0900,97.1200,21.9900,1.5800,20.9000,301.2700,5.5000,1.5800,4.6200,8.0500,8.4200,3.2600,51.9800,3.6800,13.9200,41.6500,6.4100,3.9200,12.1100,25.0500,4.4800,21.7400,20.6400,9.4400,1.9650,19.9600,4.4300,7.0000,3.3100,3.6700,4.2400,1.1900,27.2100,26.9700,14.8900,11.5400,3.1900,4.4200,4.9800,8.3600,46.1000,6.8400,2.1500,6.2900,7.7900,16.7800,2.8500,26.0200,7.3700,173.5000,60.7000,8.5400,3.5700,3.9500,1.9550,2.5700,71.4100,2.3900,27.1000,2.5300,13.6400,13.8500,5.2100,11.7700,8.0400,0.9550,2.0100,14.0100,5.5200,16.6400,8.4200,3.3400,0.6550,25.1000,2.2200,13.3000,4.6000,8.9600,25.6500,59.9700,4.7700,6.3700,15.4600,3.1400,1.4200,61.1800,139.9900,18.2300,2.5600,2.1900,4.1700,34.3800,111.9600,6.7000,7.3000,2.8800,23.7000,23.6800,35.9100,4.2000,2.9200,5.8600,4.5800,12.5800,12.8300,1.0800,14.7100,10.8800,4.3300,5.3500,5.5200,14.6900,13.4400,2.0600,2.7300,3.0100,1.7550,1.5000,31.9000,2.6400,7.2800,51.5000,7.0600,68.1500,34.0500,38.6400,16.0100,93.1200,5.3600,7276.5000
9/5/2023 0:00,1.5900,0.6900,15.3200,26.5700,0.4150,4.8000,7.3700,1.9200,2.5400,1.2900,1.4250,8.7200,34.1600,6.0400,5.0300,15.2900,4.8700,7.5400,2.6300,21.7700,24.7500,8.7900,12.4900,36.7800,1.5000,1.1250,29.6400,24.0000,10.4600,32.1300,8.7900,37.5000,69.7100,6.6300,26.4900,8.1700,3.5200,7.1800,5.9100,6.4600,1.4400,1.3100,8.5800,44.4700,20.2200,4.0000,2.6700,14.1500,21.2800,24.9300,3.8100,4.4000,23.0600,3.2200,6.1000,6.6500,10.8300,4.3700,3.8000,8.0900,2.6500,243.0400,18.1200,97.3400,21.9600,1.5450,20.7100,299.8200,5.4700,1.5450,4.6000,7.9500,8.3300,3.2400,51.5100,3.7300,13.9700,41.3000,6.3500,3.9000,11.7100,25.0100,4.3800,21.5200,20.5800,9.2500,1.9350,19.8200,4.3900,6.9500,3.2300,3.6600,4.2000,1.1950,27.7300,26.6400,14.6300,11.4100,3.2100,4.3300,4.9300,8.1700,46.2200,6.8400,2.0700,6.2200,7.8800,16.6100,2.8700,25.2800,7.3300,177.4300,59.8700,8.6100,3.6000,3.9700,1.9500,2.5500,73.5000,2.3300,27.3600,2.4800,13.8300,13.7400,5.1700,11.7600,8.1200,0.9300,1.9900,13.9900,5.5000,16.4200,8.4300,3.3100,0.6550,25.3800,2.1400,13.1900,4.6900,8.8100,25.4900,59.9000,4.8300,6.3900,15.3000,3.1200,1.3950,60.5800,139.1400,18.2500,2.5100,2.1900,4.1700,34.3400,111.4400,6.6900,7.2700,2.8200,23.4600,23.5700,35.3400,4.1800,2.9300,5.8700,4.4400,12.5300,12.6200,1.0800,14.6600,10.6000,4.3300,5.2300,5.5800,14.8100,13.4200,2.0600,2.7500,3.0500,1.7600,1.4900,31.9000,2.6200,7.2000,51.3500,7.0500,67.9900,33.9700,38.5500,16.4700,92.0700,5.3800,7264.1001
10/5/2023 0:00,1.5650,0.7000,15.2300,26.9100,0.4450,4.9000,7.4500,1.9200,2.5700,1.2900,1.4050,9.0000,34.2800,6.1800,5.2000,15.0500,4.8800,7.5800,2.6600,21.7000,24.9000,8.8400,12.4900,36.6500,1.4800,1.1000,29.8400,24.1100,10.4400,32.0200,8.7400,37.9900,69.8600,6.6000,26.4000,8.2600,3.5200,7.1700,5.6600,6.4900,1.4150,1.3000,8.5900,44.4500,19.5500,3.9900,2.8700,14.1300,21.3900,24.4700,3.8500,4.3600,23.0400,3.2300,6.0800,6.5200,10.8400,4.3800,3.8100,8.0600,2.6700,244.9300,18.1300,97.8500,22.0500,1.5300,20.6500,303.2000,5.3300,1.5350,4.5700,8.0200,8.8400,3.1800,50.8900,3.7600,14.0200,42.0100,6.3600,3.9000,11.8000,25.0300,4.4400,21.4000,20.6300,9.3500,1.9250,19.7900,4.4000,7.1000,3.2800,3.6600,4.1800,1.1900,27.9000,27.1500,14.4800,11.3000,3.2700,4.3100,4.8900,8.2000,45.8700,6.8100,2.0400,6.2800,7.9400,16.6700,2.8900,25.3700,7.5700,177.4800,60.0900,8.5300,3.5700,3.9600,1.9500,2.5500,72.5300,2.3400,26.2600,2.5100,13.9100,13.7500,5.2600,11.7800,8.0200,0.9250,1.9750,14.0300,5.4800,16.4700,8.4100,3.3300,0.7100,25.2000,2.1200,13.1200,4.5500,8.9600,25.3700,59.7100,4.8200,6.3200,15.2100,3.1400,1.4050,61.0200,137.6500,18.2200,2.5300,2.1700,4.1800,34.3500,110.9200,6.6000,7.2000,2.8400,23.4800,23.7700,35.6400,4.1500,2.9900,5.9200,4.4800,12.3300,12.5800,1.1000,14.6600,10.9500,4.3100,5.3100,5.6300,14.7800,13.1800,2.0600,2.7900,3.1000,1.7550,1.5000,32.0600,2.6300,7.1600,51.3500,7.0900,68.2000,33.7400,38.5800,16.3900,92.2400,5.4600,7255.7002
11/5/2023 0:00,1.6000,0.7150,15.3100,26.6900,0.5000,4.8900,7.3500,1.9350,2.6000,1.2200,1.4250,8.7900,34.5200,6.1000,5.1200,14.9400,4.9000,7.6700,2.7000,21.1300,24.9000,8.7600,12.6200,37.1400,1.4650,1.0950,30.4400,24.3100,10.2700,32.1700,8.7300,38.5300,68.1100,6.5200,26.6300,8.2700,3.5100,7.1800,5.6000,6.5400,1.4200,1.2950,8.6100,44.0000,19.3700,4.0000,2.8300,14.2100,20.9000,24.7100,3.8400,4.2200,23.4700,3.2100,6.1000,6.4400,10.9600,4.3500,3.8300,8.1300,2.6500,245.7000,18.1000,98.3500,21.7900,1.5350,20.8900,302.0000,5.1800,1.4900,4.5000,7.9700,8.7700,3.1900,51.1700,3.6900,14.4600,41.4100,6.4000,3.8800,11.8100,24.8400,4.4100,21.6800,20.2200,9.3500,1.9100,19.9700,4.4000,7.8100,3.2600,3.6400,4.2800,1.1950,28.1000,27.0100,14.6900,11.1900,3.2900,4.4400,4.8800,8.1900,45.8900,6.7400,2.0100,6.4500,7.9100,16.6700,2.9300,25.4900,7.3800,179.5000,60.3000,8.3000,3.5300,3.9500,1.9600,2.5600,73.5800,2.3500,26.3700,2.5000,13.7900,13.3700,5.1700,11.7800,8.0000,0.9500,1.9800,13.8800,5.4500,16.6100,8.3500,3.3500,0.6850,25.2000,2.1100,13.2800,4.7800,9.0200,25.3700,59.7700,4.8500,6.3500,15.1600,3.1000,1.4250,60.9200,138.7100,18.0500,2.5400,2.1500,4.1900,34.6500,109.0100,6.5000,7.1800,2.8300,24.3700,23.7000,35.6800,4.0600,3.0100,5.8800,4.4800,12.3800,12.7700,1.0950,14.6600,11.3000,4.3200,5.3000,5.5800,14.8000,13.1800,2.0600,2.8300,3.1200,1.7350,1.5100,32.5200,2.6300,7.1900,51.3000,7.0000,70.2100,33.8100,38.5700,16.4400,93.1600,5.4000,7251.8999
12/5/2023 0:00,1.6100,0.7250,15.4400,26.7500,0.5000,4.8000,7.4700,1.9150,2.5400,1.2750,1.4300,8.9200,34.1500,5.9300,5.1000,14.6800,4.8800,7.6700,2.7500,21.0900,24.6700,8.7800,12.5600,37.5700,1.4600,1.1050,30.3100,24.5000,10.2600,32.4000,8.7100,38.6900,68.5400,6.5700,26.7600,8.2500,3.5200,7.1500,5.7000,6.5300,1.4000,1.3000,8.7700,43.4800,18.9600,4.0200,2.7600,14.2800,21.1500,24.6900,3.8300,4.2200,23.8400,3.2500,6.1200,6.2000,11.2800,4.3800,3.8300,8.0200,2.6800,247.5900,18.2100,98.9600,21.8500,1.5200,21.0200,306.3600,5.2600,1.4400,4.4600,8.0700,8.9600,3.2700,51.0800,3.6900,14.5900,40.9400,6.4000,3.7800,11.8300,25.0600,4.4600,21.6000,20.1000,9.2100,1.8800,20.1600,4.4200,8.2700,3.3000,3.6600,4.3000,1.2100,28.1400,27.6400,14.7500,11.1500,3.2300,4.4400,4.8900,8.1300,46.3700,6.7700,1.9950,6.4700,8.1600,16.5200,2.9700,26.0500,7.3800,179.0800,59.9800,8.4500,3.5200,3.9700,1.9700,2.5900,74.0200,2.3500,26.4100,2.5400,13.7300,14.0500,5.1800,11.7800,8.0600,0.9150,1.9900,13.5800,5.4000,16.7000,8.3500,3.3400,0.6650,25.5300,2.0600,13.5700,4.7800,9.1000,25.4100,60.8100,4.7900,6.2500,14.6100,3.1300,1.3350,60.9900,139.0500,18.2100,2.5400,2.0700,4.1900,35.1800,107.9600,6.1400,7.1200,2.8200,24.3200,23.6300,35.7900,4.0200,2.9800,5.9400,4.4800,12.3800,12.8000,1.1100,14.8800,11.3200,4.3200,5.3800,5.5700,14.8400,13.3100,2.0300,2.8400,3.1100,1.7350,1.5150,32.5900,2.6500,7.1600,51.6900,6.9400,70.9700,33.6600,38.6600,16.4400,93.8400,5.3700,7256.7002
15/5/2023 0:00,1.6200,0.7250,15.4800,26.8600,0.4700,4.9000,7.1600,1.9600,2.5500,1.2550,1.4450,8.8100,33.9900,6.0400,5.0700,14.8400,4.8600,7.6400,2.7400,21.1300,24.6300,8.8500,12.5700,37.0000,1.4450,1.0850,30.4000,23.5300,10.2500,32.0400,8.6900,39.5100,68.7500,6.5900,26.6700,8.2200,3.5100,7.1500,5.6700,6.4200,1.3950,1.3400,8.6300,43.8500,19.4800,4.0100,2.7400,14.4200,20.8500,25.0100,3.8500,4.3200,23.6200,3.2600,6.1000,6.2900,11.6000,4.4200,3.8500,7.9300,2.6500,248.6300,18.3300,98.5000,21.8200,1.5000,20.9800,307.8100,5.3300,1.4900,4.5400,8.1600,9.0100,3.2700,50.8500,3.6900,14.1800,41.1700,6.3500,3.9400,11.6500,24.9700,4.5100,21.4700,20.3800,9.1800,1.9350,20.3900,4.4500,8.0800,3.3300,3.6600,4.2800,1.2250,27.9400,27.6300,14.6700,11.1600,3.2200,4.3900,4.8900,8.0300,46.3800,6.8300,2.0300,6.4800,8.1900,16.8200,2.9300,25.7600,7.3100,174.8400,60.1000,8.4500,3.5400,3.9300,1.9650,2.6000,73.7500,2.3500,26.4600,2.5500,13.6000,14.2000,5.1300,11.8500,8.1300,0.9200,1.9750,13.9700,5.3900,16.4100,8.3600,3.3700,0.6550,25.5200,2.1200,13.4000,4.7300,9.0300,25.2000,60.2000,4.8200,6.3700,14.7700,3.1300,1.3850,61.4000,136.7000,18.1300,2.5400,2.1500,4.1400,35.0100,108.9600,6.0900,7.1700,2.8400,24.0300,23.8600,36.2400,4.0400,3.0100,5.9700,4.5200,12.2800,12.8300,1.1050,14.8800,11.0700,4.3500,5.3000,5.6000,14.9300,13.2900,2.0500,2.8400,3.1800,1.6350,1.5000,33.0200,2.6600,7.1700,51.8300,6.8900,71.2000,33.9200,38.8300,16.5800,94.2700,5.3700,7267.1001
16/5/2023 0:00,1.5900,0.7150,15.4400,26.6600,0.4550,4.9000,7.4200,1.9700,2.5500,1.2500,1.4300,8.8700,36.8000,6.0100,5.1000,14.6400,4.8700,7.7500,2.6900,21.1300,24.4600,8.8400,12.2700,36.2000,1.4450,1.0900,30.2400,23.5400,10.1300,30.8800,8.6500,39.3600,67.7500,6.5100,26.4200,8.2200,3.5000,7.1300,5.6200,6.2800,1.4050,1.3250,8.5900,44.0800,19.2900,4.0000,2.7400,14.4300,20.3500,24.9000,3.8100,4.3100,23.4400,3.2300,6.0800,6.3100,11.5500,4.3800,3.8100,7.9500,2.6400,248.3300,18.1700,97.5900,21.6300,1.5200,20.9600,304.2000,5.3100,1.4450,4.5600,8.0500,8.8400,3.2900,50.4500,3.6300,13.3400,40.7300,6.3100,3.8900,11.5600,25.0300,4.5600,21.4100,20.3000,8.8200,1.9400,20.2300,4.4300,8.0800,3.3200,3.6200,4.2400,1.2150,26.5600,27.0100,14.8500,11.2400,3.1900,4.3700,4.9000,7.9300,46.1100,6.6600,2.0600,6.4600,7.9900,16.5500,2.8300,25.1400,7.2200,174.3500,60.2000,8.5300,3.5400,3.8600,1.9600,2.6000,73.3900,2.3300,26.4600,2.5300,13.0200,14.3000,5.0900,11.8100,8.1300,0.8900,1.9800,13.7700,5.3500,16.3600,8.3000,3.3000,0.6550,25.3000,2.1200,13.0400,4.7900,8.8200,25.0400,59.8200,4.8400,6.3000,14.6500,3.1200,1.4000,60.7400,134.9500,17.9400,2.5100,2.1300,4.2000,34.5700,108.7700,6.1700,7.1800,2.8100,23.7600,23.8100,35.9000,4.0600,2.9800,5.9200,4.4800,12.2200,12.6400,1.1050,14.8600,11.3600,4.3400,5.2200,5.4900,14.8500,13.0800,2.0300,2.8300,3.1500,1.6000,1.5100,32.9000,2.6400,7.2500,51.5500,6.8400,70.1600,33.8800,38.2700,16.3300,92.3900,5.4000,7234.7002
17/5/2023 0:00,1.5950,0.7150,15.3200,26.7100,0.4450,4.9000,7.4800,1.9750,2.5600,1.2350,1.4200,9.2000,37.4300,5.8300,5.0700,14.3900,4.8700,7.8000,2.7000,20.9200,24.4100,9.0100,12.2900,36.5700,1.4250,1.0700,30.7200,23.5800,10.1000,31.3300,8.6700,39.2400,67.8500,6.5500,25.8600,8.2100,3.5200,7.1200,5.5700,6.2600,1.4100,1.2800,8.5700,43.7200,19.1100,4.0400,2.6900,14.3900,20.2200,25.1400,3.7900,4.2200,23.4400,3.2100,5.9900,6.3100,11.5000,4.3500,3.8100,7.8900,2.5800,246.1800,18.1100,97.1400,21.6300,1.4650,21.1700,304.2200,5.3300,1.4200,4.5200,8.0100,8.6400,3.3600,49.4400,3.6700,13.5000,41.4100,6.2800,3.8000,11.4700,25.2400,4.6200,21.4200,20.2500,8.7900,1.8800,20.0400,4.4200,8.0300,3.2800,3.6000,4.1900,1.2100,26.2100,26.9900,14.6800,11.1100,2.9400,4.3400,4.8600,8.0000,45.9300,6.5500,2.0600,6.5500,7.9400,16.2500,2.7800,24.9200,7.2400,172.1400,59.1000,8.3500,3.5100,3.7900,1.9550,2.6100,72.1700,2.3300,26.1900,2.5100,12.9500,14.3000,5.0800,11.7100,8.0700,0.8650,1.9600,13.6200,5.3000,16.0000,8.3300,3.3100,0.6400,24.8900,2.0600,13.1100,4.7400,8.8800,24.8000,59.6300,4.7500,6.3600,14.6700,3.1200,1.3900,60.5400,136.7100,18.0500,2.5000,2.0900,4.1700,34.2700,108.4300,5.8700,7.1300,2.7900,23.7800,23.7000,35.7000,4.0000,2.9000,5.8900,4.4300,12.1200,12.5200,1.1200,14.9300,11.3100,4.3500,5.2600,5.4800,14.7900,13.1200,2.0400,2.8500,3.1600,1.5800,1.4950,33.0100,2.6500,7.3300,51.0000,6.8000,70.8600,34.0000,38.1200,16.3400,94.1000,5.3400,7199.2002
18/5/2023 0:00,1.6000,0.7250,15.3600,26.7500,0.4650,4.8600,7.4800,1.9400,2.5200,1.2350,1.3900,8.9200,37.6200,6.1700,5.1300,14.6700,4.9100,8.0000,2.6900,20.9600,24.7400,9.0000,12.3400,36.9600,1.4250,1.0800,30.6700,23.6400,10.2000,31.1400,8.7000,38.0400,67.9500,6.5300,25.8600,8.3100,3.5100,7.1300,5.6100,6.2600,1.3500,1.2600,8.6200,44.2400,19.4700,3.9900,2.7300,14.5100,20.3100,25.2300,3.7700,4.1900,23.3700,3.1900,6.0500,6.4800,11.4100,4.3300,3.7700,7.7800,2.6000,247.0000,18.1700,98.0000,21.8700,1.4850,21.1300,302.8200,5.3600,1.3850,4.5400,8.1400,8.6300,3.3400,49.4700,3.6700,13.6100,40.9500,6.3300,3.7800,11.5300,25.1500,4.6700,21.3900,20.5300,8.8000,1.8250,20.1400,4.3500,7.8000,3.2200,3.6000,4.2200,1.2000,26.2100,27.0700,14.8600,11.3400,3.0200,4.3100,4.9600,7.9800,46.1900,6.6300,2.0600,6.5700,7.9300,16.1000,2.8100,25.1300,7.4500,173.5900,58.5000,8.3600,3.5100,3.7500,1.9550,2.6400,76.0200,2.3000,26.4000,2.5300,13.1600,14.4900,5.2700,11.7300,8.1100,0.8900,1.9600,13.4500,6.0500,15.8600,8.3600,3.3300,0.6800,24.7100,2.0400,13.0000,4.9200,8.9700,25.0100,59.9700,4.7100,6.4500,14.6300,3.1100,1.3850,60.1400,136.9000,18.1300,2.4800,2.0800,4.1500,33.9700,109.9800,5.9600,7.2500,2.7700,23.8500,23.9600,35.7000,4.0600,2.8600,5.9200,4.4100,12.3800,12.6100,1.1000,15.1100,11.3800,4.3300,5.3100,5.4800,14.7400,13.1800,2.0000,2.8100,3.1900,1.5750,1.5000,33.3800,2.6400,7.3900,51.2300,7.1700,70.7200,34.0600,38.1000,16.4100,102.4900,5.4200,7236.7998
19/5/2023 0:00,1.6150,0.7250,15.4400,26.8600,0.4950,4.8000,7.6900,1.9200,2.5300,1.2350,1.3650,9.0800,37.8100,6.1600,5.1700,14.5700,4.9400,8.5200,2.7000,21.2300,24.8050,8.8700,12.4100,36.9300,1.4050,1.0900,30.9600,23.9700,10.2000,31.1100,8.7100,38.5000,67.8900,6.5200,27.3800,8.3300,3.5300,7.1300,5.7200,6.2800,1.3750,1.2550,8.7300,44.1600,19.3300,4.0300,2.8200,14.4800,20.6700,25.3300,3.7600,4.1800,23.7200,3.1900,6.1100,6.4000,11.6300,4.3400,3.7900,7.8500,2.5800,247.9900,18.1900,99.8000,22.0700,1.4550,21.3200,304.4500,5.3900,1.3650,4.5400,8.1100,8.7900,3.4200,49.1600,3.6800,13.7400,40.6100,6.3400,3.7200,11.7100,25.3600,4.7200,21.4000,20.5200,8.8500,1.8150,20.2700,4.3400,7.8800,3.2300,3.6400,4.3100,1.2150,26.1700,27.0000,15.0100,11.2800,3.0200,4.3400,5.1900,8.0000,46.4300,6.6900,2.0400,6.5700,7.9300,16.1500,2.8100,25.1600,7.3800,176.5100,59.7200,8.4300,3.5200,3.7800,1.9550,2.6600,76.0200,2.3400,26.8000,2.5300,13.2600,14.3200,5.1100,11.8100,8.1600,0.8900,1.9900,13.3100,5.7700,15.6500,8.3200,3.3500,0.6750,24.7600,2.0400,13.2800,4.9900,9.0600,25.1600,60.5700,4.8400,6.5200,14.5900,3.1100,1.3900,60.3600,139.9400,18.3800,2.4900,2.0700,4.2000,33.6900,109.4200,5.8500,7.2400,2.7800,24.3700,24.2200,35.9300,4.0600,2.8100,6.0200,4.4400,12.6200,12.7000,1.1000,15.2500,11.4600,4.3700,5.4200,5.5400,14.6200,13.2500,2.0200,2.9100,3.2100,1.5750,1.4700,33.7200,2.6700,7.4100,51.1700,6.8600,71.2000,34.2400,38.2500,16.4500,108.0000,5.3100,7279.5000
22/5/2023 0:00,1.5950,0.7300,15.4600,26.8200,0.4800,4.9000,7.1300,1.9300,2.5500,1.1800,1.3500,8.9500,37.7800,6.0700,5.1100,14.9100,4.9500,8.4900,2.6900,21.0600,25.0000,8.8800,12.3500,37.4400,1.4100,1.0800,31.0800,23.7900,10.1300,30.8100,8.6800,38.7500,68.3000,6.4900,26.4400,8.3700,3.5300,7.1400,5.6000,6.2100,1.3950,1.2600,8.6000,44.2000,19.3600,3.9900,2.7400,14.4800,20.5100,25.3800,3.7400,4.2100,23.6700,3.1600,5.9900,6.3500,11.4800,4.3100,3.7600,7.8200,2.6000,244.9700,18.1400,98.9000,21.9100,1.4500,21.2200,307.2400,5.3800,1.3650,4.5000,8.0600,8.4800,3.4400,48.9700,3.6400,13.5000,40.5000,6.3000,3.7200,11.3500,24.8300,4.5900,21.2800,20.5600,8.7700,1.8200,20.1200,4.3300,7.8900,3.2300,3.6000,4.3500,1.2100,26.0000,26.9700,14.8800,11.2900,2.9900,4.3200,5.2000,7.9800,45.2700,6.6600,2.0400,6.7900,7.8800,16.0500,2.7700,24.1800,7.3100,176.5700,58.6400,8.2500,3.5200,3.6700,1.9550,2.6600,74.7400,2.3100,26.5700,2.5500,13.2900,14.7000,5.1500,11.9500,8.2900,0.8800,1.9750,13.1900,5.6300,15.8300,8.2800,3.3100,0.6600,24.5200,2.0000,13.2100,4.8100,8.9700,24.5700,60.3500,4.7600,6.5000,14.7400,3.0900,1.3850,59.8200,138.5100,18.2600,2.4700,2.0400,4.1900,33.8800,109.2400,5.8200,7.3800,2.7900,24.2900,24.2200,36.2500,4.0300,2.8000,5.9700,4.3900,12.7600,12.2100,1.0950,15.3200,11.4800,4.3400,5.3900,5.5200,14.6900,13.2500,1.9650,2.9000,3.2200,1.5700,1.4550,33.6600,2.6600,7.4600,50.8500,6.8300,73.0100,34.6300,38.1700,16.4600,109.5000,5.2100,7263.2998
23/5/2023 0:00,1.6050,0.7250,15.2000,26.8500,0.4900,4.9000,7.5500,1.9450,2.5200,1.1900,1.3700,9.1400,37.6900,5.9800,5.1900,14.5100,4.9200,8.4500,2.6600,21.2600,24.3800,9.0100,12.3500,37.2200,1.3900,1.0800,30.9400,23.9700,10.0500,30.4800,8.7200,38.7300,67.9700,6.4000,26.5400,8.3000,3.5200,7.1500,5.7000,6.1800,1.4000,1.2450,8.6800,43.8000,19.1900,3.9500,2.7700,14.3800,20.4300,25.4300,3.7400,4.2200,23.5600,3.1600,5.9700,6.2300,11.5300,4.3600,3.7400,7.8300,2.5900,244.7500,18.0300,99.4400,22.1200,1.4400,20.8900,309.2000,5.3700,1.3500,4.4600,8.1000,8.5500,3.4200,49.0000,3.6200,13.5100,40.4000,6.2700,3.6700,11.3700,24.3100,4.5900,20.9400,20.4500,8.7100,1.8450,20.2500,4.3400,7.7700,3.2300,3.5900,4.4200,1.2150,26.1900,26.5400,14.7300,11.3500,3.0300,4.3800,5.1800,7.9600,45.3200,6.6000,2.0100,6.6700,7.8200,15.9500,2.7600,23.6700,7.3400,180.2700,59.2600,8.1700,3.5100,3.6100,1.9500,2.7000,74.0300,2.3300,26.6700,2.5600,13.2300,14.3700,5.3300,12.0000,8.2200,0.8700,1.9750,13.0900,5.6100,15.8200,8.2500,3.3500,0.6950,24.8400,1.9400,13.1500,4.7700,8.9500,24.3700,60.5000,4.8700,6.3600,14.9400,3.0500,1.3750,58.8900,139.1900,18.4400,2.4900,2.0300,4.1700,33.9500,109.3800,5.7500,7.4000,2.8000,24.3000,24.3800,35.1700,4.0100,2.7600,6.0000,4.4500,12.9200,12.1200,1.1300,15.7500,11.8400,4.3500,5.3400,5.4800,14.6000,12.9500,1.9800,2.9300,3.2300,1.5600,1.4750,33.4900,2.6700,7.3000,49.9100,6.8900,72.9600,34.7300,37.9400,16.4000,110.4300,5.1600,7259.8999
24/5/2023 0:00,1.6000,0.7300,15.2600,26.7700,0.4800,4.9800,7.5300,1.9850,2.5800,1.1800,1.3450,8.9500,37.5600,5.9800,5.0800,14.5400,4.9000,8.4500,2.7000,21.2300,23.8200,8.9600,12.4000,36.9000,1.3750,1.0700,31.2400,23.9600,10.0700,29.7700,8.6700,38.4700,68.3100,6.4400,26.1600,8.2500,3.5100,7.1100,5.6800,6.1400,1.4150,1.2750,8.7300,42.8200,18.9900,3.9000,2.8000,14.3700,20.2500,25.2700,3.7200,4.3100,23.3600,3.1500,6.0500,6.0900,11.4000,4.3300,3.7200,7.7700,2.6000,243.6900,18.1800,99.9300,22.1700,1.3800,20.5900,305.6200,5.3300,1.3550,4.3800,8.0700,8.2900,3.4100,48.2900,3.5400,12.8500,39.8600,6.3200,3.6500,11.3000,23.5400,4.6700,20.7900,19.6200,8.6800,1.8650,20.1000,4.3100,7.6900,3.2000,3.4900,4.3700,1.2100,25.4800,26.0000,14.5500,11.3100,2.9700,4.3100,5.2200,7.8800,44.1200,6.5300,2.0700,6.6300,7.8100,15.7700,2.7300,22.0400,7.4600,177.4400,60.4400,7.9600,3.5400,3.6200,1.9600,2.6800,71.8200,2.3300,26.6100,2.5700,13.0100,13.7400,5.2500,11.6800,8.2100,0.8500,1.9550,13.0800,5.4800,15.5800,8.3200,3.3600,0.6700,24.5600,1.9550,13.0800,4.6900,8.8800,23.8400,59.8100,4.8800,6.4800,14.7400,3.0700,1.4050,58.4300,138.8900,18.0000,2.5100,2.0600,4.1100,33.7000,107.0600,5.6200,7.5000,2.7600,24.3000,24.1500,34.6400,3.9900,2.6900,5.9800,4.3900,12.9900,11.9000,1.1200,15.9000,11.5000,4.3500,5.3600,5.4400,14.5900,12.7600,1.9250,2.9600,3.2500,1.5550,1.4750,33.3600,2.6500,7.5800,49.6200,6.7100,72.9100,35.0900,38.1400,16.4600,108.7500,5.0800,7213.7998
25/5/2023 0:00,1.9500,0.7200,15.1900,26.8400,0.4650,5.1300,7.4100,1.9650,2.5400,1.1400,1.3300,9.2600,38.1800,5.8600,5.0400,14.1500,4.9000,8.4500,2.7300,20.8900,24.1300,9.1200,12.4700,38.4800,1.3800,1.0450,31.6300,23.3500,10.1000,29.0300,8.6500,38.0600,67.7200,6.3400,25.5100,8.1400,3.5200,7.1300,5.6400,6.0800,1.4250,1.2650,8.6500,42.1500,18.7400,3.9900,2.7500,14.2600,20.0000,25.4400,3.7100,4.1300,23.1800,3.1500,5.9800,5.9100,11.3700,4.3100,3.7400,7.8100,2.6000,244.0400,18.2200,97.7200,22.3300,1.3250,20.4100,306.3000,5.3500,1.2900,4.3500,8.0400,8.2700,3.4000,45.6900,3.5300,12.4400,40.2500,6.3000,3.4900,11.3300,23.9900,4.7500,20.4600,19.0000,8.7300,1.7450,19.9300,4.3000,7.7100,3.1900,3.4700,4.2900,1.2150,25.2700,25.5200,14.2000,11.0500,2.9400,4.3100,5.1700,7.8900,43.7400,6.5000,2.0500,6.5800,7.7700,16.0000,2.7000,21.0700,7.4200,173.5000,60.0600,7.8300,3.5900,3.6400,1.9500,2.7000,69.5900,2.3400,26.0400,2.5500,12.8500,13.8000,5.0800,12.1900,8.2500,0.8250,1.9150,12.6100,5.3900,15.5000,8.2700,3.3500,0.6550,24.4700,1.8700,12.9900,4.6300,8.5700,23.4800,59.4400,4.8000,6.4300,14.5300,3.0500,1.3450,57.9500,137.2400,18.0000,2.4800,1.9450,4.1900,33.9000,105.4000,5.4900,7.4800,2.7500,24.0300,24.0100,34.9800,3.8800,2.6500,5.9500,4.3400,12.8500,11.7000,1.1200,16.3000,11.9500,4.3300,5.3900,5.4700,14.5900,11.7600,1.9150,2.9100,3.2300,1.5600,1.4700,33.2700,2.6500,7.5500,49.0100,6.4100,73.6500,34.9100,38.1800,16.2200,111.2800,5.0000,7138.2002
26/5/2023 0:00,2.0600,0.7150,15.0900,26.8700,0.4650,4.8900,7.3800,1.9800,2.5500,1.1550,1.3100,9.2950,37.8500,5.8200,4.9500,14.2800,4.8900,8.3800,2.7000,20.9200,24.0000,9.1500,12.2600,39.8500,1.3850,1.0650,31.5400,23.4700,10.0700,29.0500,8.6000,38.3900,67.7100,6.3300,25.6700,8.1600,3.5100,7.0800,5.6700,6.1400,1.4100,1.2600,8.6600,42.7500,19.0400,4.0000,2.7500,14.0300,20.1900,25.6100,3.6700,4.0900,23.3500,3.1200,6.0600,6.0300,11.2500,4.2900,3.7200,7.6600,2.5700,245.0000,18.1100,98.1600,22.3400,1.3250,20.8500,304.1800,5.0800,1.2950,4.4300,8.0200,8.3900,3.4500,47.0000,3.5200,12.3800,39.5500,6.2600,3.4700,11.4600,22.4800,4.7600,20.8400,19.6200,8.8000,1.7500,19.8100,4.2600,7.7400,3.1300,3.4900,4.3000,1.2000,25.6000,25.8200,14.2500,11.2000,3.0300,4.2900,5.2000,7.8700,44.0300,6.4600,2.0100,6.6500,7.7400,15.8000,2.7000,21.3300,7.3700,174.0000,61.0200,7.8300,3.5700,3.5600,1.9450,2.7100,69.8200,2.3000,26.2300,2.5200,12.9300,13.6600,4.9500,12.6100,8.2200,0.8450,1.9300,12.5500,5.4700,15.3200,8.3500,3.3300,0.6650,24.6300,1.8350,13.0700,4.5400,8.6900,23.5300,59.8800,4.7700,6.4300,14.7100,3.0000,1.3200,57.4400,137.8100,18.0200,2.4800,1.9500,4.1600,33.3100,107.7700,5.4900,7.4500,2.7300,23.9500,24.1600,34.6500,3.9300,2.6200,5.9400,4.3400,13.0600,11.8100,1.1250,16.7600,11.8300,4.3600,5.3300,5.4700,14.5900,11.7600,1.8950,2.8900,3.2200,1.5500,1.4500,33.0500,2.6400,7.6000,48.9300,6.3000,74.9000,34.8800,37.9800,16.0200,110.6700,4.9700,7154.7998
29/5/2023 0:00,2.1500,0.7150,15.1100,26.9300,0.4650,5.0900,7.3700,1.8750,2.5600,1.2450,1.3300,9.2000,37.9500,5.9900,5.0900,14.4300,4.8800,8.2600,2.7000,21.1600,24.4700,9.3900,11.7500,39.2400,1.4050,1.0850,31.7800,23.7400,10.1000,28.6800,8.6700,38.0800,68.7600,6.3800,25.5000,8.1800,3.5500,7.0800,5.7700,6.1400,1.4250,1.2700,8.7700,43.3600,19.2000,3.9600,2.7600,14.0700,19.8600,25.8400,3.7300,4.2300,23.4000,3.1700,6.1300,6.1200,11.6300,4.3800,3.7700,7.7200,2.5900,245.1500,18.2200,99.5700,22.4000,1.3700,20.8100,308.1100,5.0800,1.3050,4.4300,8.1800,8.4200,3.4200,47.7200,3.5700,12.2700,39.2500,6.2600,3.4100,11.5500,22.7500,4.8200,21.1800,19.8600,8.7700,1.7550,20.1700,4.3300,7.7500,3.1400,3.5000,4.4200,1.2250,25.7000,21.7100,14.4400,11.4500,3.0200,4.3200,5.2100,8.0000,43.9500,6.4900,2.0400,6.7800,7.8100,16.0400,2.7400,21.3300,7.6500,176.2800,61.3300,7.9900,3.5900,3.6500,1.9400,2.7700,71.4000,2.3500,26.5700,2.5700,13.1100,13.5100,4.8500,12.9500,8.4600,0.8700,1.9250,12.6300,5.4700,15.3800,8.3700,3.3200,0.6650,24.9700,1.8550,12.9700,4.5400,8.9200,23.5100,60.3100,4.7900,6.4200,14.8000,3.0200,1.3200,57.7400,136.0000,18.3000,2.5200,2.0000,4.2100,33.0600,109.1000,5.6300,7.5200,2.8000,24.1200,24.0000,35.2400,3.9500,2.6400,6.0000,4.4100,13.1800,11.7000,1.1550,16.4400,11.1100,4.3600,5.3500,5.4700,14.7300,11.8000,1.9150,2.8600,3.2200,1.5700,1.4600,33.3000,2.6800,7.4600,49.0500,6.1300,74.6300,35.2400,38.2100,16.2500,109.7300,4.8000,7217.3999
30/5/2023 0:00,2.1200,0.7200,15.1400,26.8700,0.4700,4.8200,7.3500,1.8600,2.5700,1.2500,1.3350,9.2000,38.1400,5.7700,5.0600,14.3800,4.8600,8.2600,2.6900,21.1100,23.8100,9.4300,11.6500,38.7900,1.4100,1.0900,31.8600,23.4100,10.0800,28.4900,8.6600,37.6600,68.5300,6.3900,25.5200,8.1100,3.5500,7.0500,5.7800,6.1900,1.4250,1.2750,8.7700,43.4900,18.9900,3.9400,2.7900,13.9900,19.7900,26.0000,3.7000,4.2800,23.5500,3.1600,6.2900,6.1000,11.3800,4.3400,3.7300,7.7100,2.6100,244.9500,18.2100,99.1800,22.6500,1.3650,20.9200,308.2400,4.9500,1.3100,4.4600,8.1000,8.4200,3.4900,48.8200,3.5800,12.4300,38.4600,6.1900,3.4000,11.7600,22.5000,4.7100,21.0500,19.8200,8.7200,1.7550,20.0500,4.2700,7.7100,3.0900,3.4700,4.4000,1.2150,25.6800,22.2100,14.5800,11.5000,3.0200,4.2700,5.2100,8.0100,43.5100,6.4900,2.0100,6.7800,7.9400,15.4700,2.7700,21.0400,7.6200,175.1000,60.8000,8.0000,3.5700,3.6500,1.9450,2.7600,72.4200,2.3400,26.5200,2.5300,12.9500,13.7000,4.8100,12.8400,8.5300,0.9100,1.9100,12.7000,5.5000,15.3800,8.3700,3.2900,0.5350,24.9100,1.8250,13.1800,4.4700,8.8800,23.4500,60.4000,4.7300,6.5900,14.8500,3.0200,1.3350,58.3600,137.2900,18.1800,2.5000,2.0000,4.2200,33.2200,109.3000,5.8400,7.4900,2.7600,24.1800,23.4400,35.3400,3.9900,2.6400,6.0000,4.3600,13.3800,11.6000,1.1400,16.2900,11.3200,4.3900,5.3300,5.5500,14.7100,11.8300,1.8850,2.8600,3.2300,1.5500,1.4550,33.1900,2.6900,7.4000,49.3000,6.0500,74.9900,35.1000,38.2600,16.3400,109.9100,4.7600,7209.2998
31/5/2023 0:00,2.1600,0.7100,14.9500,26.7800,0.5400,4.8000,7.3900,1.8850,2.5600,1.2600,1.3000,9.1400,37.8900,5.9900,5.0400,14.2000,4.8000,8.2600,2.7100,20.6800,23.9900,9.3900,11.5500,38.7200,1.4500,1.0950,31.4100,22.9200,10.0400,28.6000,8.6800,37.1500,67.4300,6.4000,25.2800,8.1700,3.5600,7.0800,5.4700,6.1700,1.3900,1.2850,8.5900,42.0200,18.5200,3.9900,2.7400,13.7400,19.6200,25.6300,3.7300,4.3200,23.2300,3.1500,6.2000,6.0000,11.2000,4.3100,3.7200,7.6800,2.6000,243.4100,17.9800,96.7800,22.3600,1.3200,20.7300,306.3900,4.9000,1.3400,4.4900,8.2100,8.5300,3.4500,48.3100,3.5900,12.3500,38.7200,6.1700,3.4400,11.8000,22.2100,4.6400,21.1300,19.2200,8.7500,1.7600,19.6300,4.1900,7.6300,3.0500,3.3700,4.4000,1.1950,25.0000,21.8200,14.2600,11.2400,2.9600,4.2000,5.1900,7.8600,42.5900,6.3500,1.9900,6.8000,7.9000,15.0100,2.7600,20.5700,7.5100,170.7400,59.5000,7.8900,3.5700,3.5500,1.9500,2.7500,70.7900,2.3000,25.9700,2.5200,12.7500,13.8400,4.6100,12.7100,8.4500,0.8950,1.8850,12.9100,5.4500,15.2900,8.3300,3.2900,0.5450,24.7400,1.8250,13.0700,4.4100,8.9400,22.4100,59.3500,4.6500,6.6500,14.6200,2.9700,1.3600,57.3700,137.5300,18.1600,2.5100,2.0200,4.2000,32.4500,107.0000,5.7500,7.2900,2.7100,23.5300,23.3800,35.1900,3.8800,2.6000,5.9300,4.2600,13.3000,11.4200,1.1400,16.3800,11.7000,4.3600,5.3000,5.4700,14.8400,11.6200,1.8550,2.8300,3.1700,1.5450,1.4500,32.1200,2.6700,7.3800,47.6700,5.6600,74.8300,34.3000,37.5400,16.2900,109.9500,4.5600,7091.2998
1/6/2023 0:00,2.1500,0.7150,14.9400,27.0700,0.5200,4.8000,7.3100,1.9600,2.5200,1.2700,1.2800,9.2300,37.9400,6.1000,5.0800,14.2200,4.8500,8.2600,2.7100,20.6000,23.7500,9.2100,11.5100,39.6600,1.3850,1.1150,31.9400,22.7300,10.0700,28.5000,8.6800,37.6300,67.9300,6.3900,25.3600,8.0900,3.5600,7.0300,5.4700,6.1100,1.4050,1.3250,8.5700,42.0700,18.8000,4.0200,2.8700,13.7300,19.4500,25.5200,3.7300,4.4500,23.5900,3.1700,6.2000,5.6800,11.3800,4.3100,3.7400,7.7900,2.6300,248.2500,18.1300,96.8000,22.3500,1.3050,20.7200,310.2900,4.9200,1.4050,4.3700,8.0900,8.4000,3.5100,48.1100,3.5700,12.2000,38.5700,6.2500,3.4600,11.9000,22.3500,4.6000,21.3500,19.3700,8.7000,1.8300,19.8000,4.1700,7.7300,3.1000,3.3600,4.2900,1.2150,24.8600,20.4600,13.7500,11.0800,2.9700,4.1800,5.2000,7.8800,42.4000,6.5100,2.0100,6.7100,7.7900,14.8700,2.7300,20.2700,7.4500,170.4900,59.6200,7.8800,3.6400,3.5800,1.9350,2.7400,68.2600,2.3200,26.0400,2.5200,12.7500,14.1500,4.7500,12.5900,8.4400,0.8700,1.9050,13.3100,5.4400,15.2300,8.3600,3.2700,0.6050,24.4900,1.9100,13.1800,4.3400,8.8000,22.3800,61.6500,4.7000,6.7900,14.6300,2.9600,1.4200,57.7900,134.8100,18.2000,2.5100,2.0600,4.0900,32.6700,107.4200,5.6500,7.3400,2.7000,23.6600,23.4200,35.4400,3.8600,2.4800,5.9800,4.3500,13.3600,11.3800,1.1500,16.4700,11.6600,4.3900,5.2900,5.5400,14.6600,11.5400,1.8750,2.8500,3.2000,1.5300,1.4400,32.6600,2.7200,7.3700,47.9300,5.8100,75.5000,34.1600,38.0900,16.4500,112.0300,4.4500,7110.7998
2/6/2023 0:00,2.2300,0.7100,14.7100,26.7300,0.5850,4.8000,7.3700,1.9900,2.5600,1.2750,1.3200,9.1800,38.2500,5.9500,5.0600,14.7400,4.7700,8.2400,2.7000,20.5400,23.7100,9.3700,11.6800,39.6100,1.4150,1.1300,31.7600,22.7700,10.1300,28.5000,8.7200,37.8800,67.4500,6.3800,25.0900,8.0800,3.5900,7.0500,5.5100,6.0500,1.4300,1.3550,8.5600,43.2500,19.5900,4.1400,3.0400,13.3800,19.6600,25.9600,3.7100,4.5000,23.7100,3.1700,6.2500,6.0000,11.5800,4.3200,3.7400,7.8200,2.6700,245.0100,17.8200,96.9100,22.1600,1.3300,20.8400,308.0000,4.9200,1.4250,4.3900,8.2500,8.4200,3.5200,47.9300,3.5600,12.5000,38.0500,6.1600,3.5300,11.9700,22.2100,4.5600,21.0700,19.6900,8.8000,1.8750,19.8800,4.1800,7.7800,3.0900,3.3600,4.3200,1.2100,24.8100,21.7500,14.0900,11.3900,3.0000,4.2100,5.1300,7.7200,42.3900,6.5300,2.0500,6.8300,7.7700,14.7900,2.7600,19.6300,7.6300,171.0000,59.8000,7.8300,3.5800,3.5400,1.9500,2.7500,69.5000,2.3400,25.7900,2.5200,12.6800,13.5300,4.7900,12.7100,8.3700,0.8750,1.9400,13.6200,5.4000,15.2900,8.3700,3.2500,0.6700,24.4100,1.9050,13.4300,4.4700,8.7500,22.2600,62.1500,4.7200,6.6800,14.6200,2.9000,1.4400,57.8500,136.9800,18.3200,2.5100,2.1100,4.1100,33.0000,110.1500,5.9600,7.4400,2.7200,23.5700,23.7200,35.8100,3.9300,2.4900,5.9200,4.3900,13.3000,11.2600,1.1500,16.5100,10.8200,4.3400,5.3000,5.5000,14.6200,11.4100,1.8600,2.8500,3.2200,1.5450,1.4450,32.7700,2.7200,7.3200,47.8000,5.8900,76.6300,34.5500,37.5500,16.4000,111.8700,4.4200,7145.1001
5/6/2023 0:00,2.2600,0.7050,15.1200,26.9300,0.5700,4.9300,7.3600,2.0000,2.5800,1.2050,1.3800,9.3300,38.8200,6.0300,5.1300,14.9800,4.7700,8.2400,2.6800,20.7700,23.6000,9.3700,11.8200,39.1500,1.4450,1.1400,31.7300,23.1200,10.1100,29.2100,8.7100,38.3000,67.5400,6.3700,25.5800,8.0600,3.5900,7.0200,5.5400,6.3500,1.4200,1.3350,8.6200,44.0000,19.8100,4.2400,3.0900,13.4600,19.9000,26.2700,3.7300,4.2900,23.6500,3.1600,6.3600,6.2000,11.7500,4.3300,3.7600,7.8300,2.6500,248.2500,17.8800,97.5000,22.4500,1.3600,21.0500,310.7300,5.0200,1.4050,4.4600,8.2500,8.4200,3.5500,48.5500,3.6400,12.7300,37.8700,6.2000,3.6400,12.0700,22.2000,4.6100,21.5800,20.4000,8.8600,1.8600,20.1600,4.2200,7.7400,3.0700,3.4100,4.4800,1.2200,25.0600,22.5500,14.4200,11.6300,3.0200,4.2400,5.1200,7.7200,43.1800,6.7400,2.0600,6.8200,7.7200,14.9700,2.7800,20.6600,7.8500,173.7800,59.7700,7.9900,3.5700,3.5700,1.9050,2.7500,70.3000,2.3500,26.0500,2.5600,12.9900,12.6700,4.8000,12.5600,8.4000,0.9000,1.9750,13.5600,5.4100,15.3400,8.3300,3.2800,0.6700,25.0500,1.8500,13.5700,4.5600,8.9500,22.6000,65.1400,4.7400,6.6200,14.8500,2.9200,1.4650,58.8600,138.0800,18.7500,2.5300,2.1100,4.2200,33.2500,111.5900,6.0500,7.5200,2.7300,23.4800,24.1700,36.2100,3.9800,2.4900,5.9300,4.4100,13.3400,11.5200,1.1550,16.4400,10.9900,4.3700,5.3400,5.4400,14.6500,11.5200,1.8850,2.9000,3.2300,1.5150,1.4400,32.6400,2.7400,7.3400,48.7800,5.9400,76.0600,34.8100,37.9200,16.5900,109.8100,4.4300,7216.2998
6/6/2023 0:00,2.2800,0.7050,15.0300,26.5600,0.5450,4.9600,7.3000,1.9800,2.4900,1.2150,1.3850,9.2000,38.4300,5.9700,5.1500,14.9400,4.7300,8.2400,2.6700,20.3400,23.5800,9.5400,11.5800,38.5100,1.4100,1.1250,30.8900,22.7400,10.1400,28.4500,8.7000,37.3600,60.6400,6.3300,25.3700,7.9400,3.5500,7.0000,5.4500,6.2600,1.4200,1.3100,8.4900,43.6000,19.7500,4.1900,3.0900,13.3800,19.6100,25.8400,3.7200,4.3500,23.4700,3.1500,6.2200,6.1500,11.4600,4.3100,3.7600,7.7500,2.6400,238.3600,17.7200,96.5600,21.8900,1.3600,21.0000,307.7200,4.9500,1.3500,4.4000,8.2200,8.3000,3.3500,47.9300,3.6300,12.7400,33.2100,6.0800,3.5000,12.0500,21.9200,4.6900,21.4300,20.3600,8.6300,1.8350,19.9400,4.1800,7.7000,3.0600,3.3000,4.5400,1.2050,25.0000,22.1500,14.3600,11.5200,2.9500,4.1500,5.0900,7.7200,42.4100,6.5100,2.0200,6.7700,7.5500,14.8100,2.7300,19.9200,7.7800,171.2700,59.7400,7.9800,3.5500,3.4800,1.9050,2.7200,69.4300,2.3400,25.7600,2.5600,13.2000,13.2000,4.9700,12.4800,8.4700,0.9000,1.9700,13.4900,5.2900,15.1700,8.3500,3.2000,0.6500,24.8100,1.8800,13.5000,4.6500,9.0300,22.0000,63.0200,4.6700,6.3500,14.7600,2.8400,1.4600,57.5400,135.9900,18.4300,2.5200,2.0900,4.2000,33.2600,111.3300,6.0400,7.4600,2.7300,22.9600,23.6300,35.2900,3.8900,2.5600,5.9000,4.3500,13.1400,11.3200,1.1250,16.2600,11.0200,4.3200,5.4400,5.4100,14.4400,11.3600,1.8700,2.8700,3.2000,1.5000,1.4200,32.0200,2.6900,7.2200,47.7400,6.2000,75.7400,34.5400,37.4500,16.3300,111.2700,4.6200,7129.6001
7/6/2023 0:00,2.3000,0.6950,14.9500,26.7700,0.5700,4.9900,7.3500,2.0700,2.5200,1.3000,1.4350,9.2000,38.7000,5.9600,4.9600,14.9900,4.6900,8.1500,2.6700,20.0300,23.6000,9.6900,11.5200,38.6700,1.4100,1.1100,30.7600,22.7300,10.1500,28.0400,8.7200,37.9700,61.3700,6.2600,25.3800,7.8000,3.5400,7.0200,5.4200,6.2900,1.3050,1.3500,8.3800,43.6200,19.9100,4.1800,3.0900,13.5000,19.6900,25.9600,3.7100,4.4900,23.6600,3.1400,6.1800,6.0100,11.2900,4.2900,3.7400,7.7300,2.6300,242.7300,17.6800,95.6900,22.1400,1.3500,21.0100,308.8600,5.0000,1.3400,4.4400,8.3400,8.3000,3.3200,47.3500,3.6200,12.5900,32.2700,6.0800,3.5100,12.1100,21.8000,4.6300,21.4200,20.1600,8.5500,1.8400,19.8700,4.1600,7.9100,3.0400,3.3200,4.5200,1.2050,24.8200,22.9400,14.3600,11.5600,2.8100,4.0800,5.0700,7.5600,42.9600,6.4500,1.9500,6.9700,7.4000,14.7000,2.7700,19.8000,7.7900,172.2400,59.5400,8.0400,3.5500,3.4900,1.9200,2.6900,69.3500,2.3300,25.3000,2.5600,12.9800,13.3100,5.0000,12.4900,8.4100,0.8700,1.9550,13.4400,5.2100,15.0200,8.3600,3.1900,0.6650,24.7400,1.8650,13.4800,4.6400,9.1600,21.8300,63.4800,4.7000,6.3400,14.7000,2.8400,1.4800,57.8900,134.0200,18.8000,2.4900,2.0700,4.2900,33.2400,111.6300,5.8600,7.3900,2.7100,22.6900,24.1500,34.9900,3.8300,2.5600,5.8500,4.2800,13.0200,11.3200,1.1450,16.3000,10.9600,4.3300,5.2400,5.4200,14.3100,11.3800,1.8800,2.9000,3.1100,1.5250,1.4200,32.4900,2.7100,7.2800,48.0000,6.1400,76.5000,34.4000,37.4000,16.4300,112.1100,4.5000,7118.0000
8/6/2023 0:00,2.2900,0.7050,15.0900,26.4000,0.5550,4.8900,7.4600,2.0200,2.5100,1.2900,1.4600,8.9600,37.9100,5.8500,4.9000,15.0600,4.6700,8.1500,2.6700,20.1900,23.5200,9.9000,11.6600,36.7900,1.3950,1.1150,30.7400,22.6800,10.2400,27.5700,8.7600,37.5200,61.9900,6.2400,25.1800,7.7100,3.5900,7.0300,5.3900,6.1800,1.3500,1.3150,8.3300,44.1300,19.9800,3.9400,3.1000,13.6200,19.3700,26.0300,3.6800,4.5000,23.0000,3.0700,6.1400,6.0400,10.9400,4.1700,3.7000,7.6500,2.6200,240.7200,17.7100,95.8900,23.1800,1.3700,20.0000,305.7500,4.9500,1.3300,4.4800,8.2700,8.4300,3.2200,45.7500,3.6600,12.2700,32.7000,6.0900,3.3900,12.0100,21.8200,4.5800,20.8300,20.5000,8.1800,1.7700,19.4000,4.0300,7.6200,2.9500,3.2300,4.4200,1.1550,24.5600,23.0800,14.2200,11.4900,2.8400,3.9600,5.0800,7.5100,42.3800,6.4200,1.9750,6.9500,7.2200,14.4900,2.7400,18.7700,7.7400,170.6600,61.4500,7.9500,3.5600,3.5800,1.9100,2.6500,69.1600,2.2500,25.1600,2.5200,12.8300,12.9200,5.4300,12.1200,8.3900,0.8650,1.9300,13.1400,5.2000,14.9900,8.4000,3.1600,0.6800,24.4400,1.8150,13.2300,4.7200,9.0200,21.1200,62.7600,4.7400,6.2200,14.9400,2.8400,1.4200,58.1700,130.0000,18.7300,2.4600,2.0100,4.0400,32.2500,114.0000,5.8100,7.4400,2.6200,21.6400,24.3200,34.8900,3.9100,2.6700,5.8900,4.1200,13.0000,11.0500,1.1400,15.9200,10.4600,4.3200,5.2400,5.3100,14.2400,11.3600,1.8500,2.8400,3.0100,1.5300,1.4250,32.2900,2.7000,7.1200,47.4600,6.4800,73.9400,34.7900,37.5400,16.4400,106.2100,4.7000,7099.7002
9/6/2023 0:00,2.3500,0.7100,14.9400,26.3600,0.6250,4.8900,7.2000,2.0500,2.4900,1.3000,1.4800,9.0200,37.8700,5.6500,4.9000,15.0300,4.6500,8.2700,2.7300,20.2500,23.3100,9.8500,11.4400,37.3200,1.4050,1.1100,30.8400,22.8500,10.1500,27.4800,8.7500,38.0700,61.4200,6.1700,25.3300,7.9100,3.5700,7.0400,5.4100,6.1300,1.3400,1.3500,8.3500,44.7200,19.8400,3.9900,3.1300,13.5400,19.3400,26.0300,3.6800,4.5700,23.6000,3.0700,6.0600,6.3100,10.9900,4.1400,3.6800,7.6900,2.6400,239.4800,17.7200,95.8000,22.7800,1.3850,19.7100,305.3000,4.9900,1.3600,4.5600,8.1400,8.5600,3.2200,46.2600,3.6000,12.2400,32.4700,6.0500,3.4400,12.0900,21.5000,4.6000,20.9700,20.7900,8.3200,1.8100,19.6100,4.0100,7.5700,2.9400,3.2100,4.4000,1.1450,25.2300,23.7600,14.5800,11.6800,2.7800,4.0200,5.1100,7.5500,42.4000,6.1600,2.0000,6.9500,7.0500,14.3600,2.8000,18.2000,7.6600,172.1000,63.2900,8.0600,3.5500,3.5400,1.9000,2.6300,69.7800,2.2400,25.2000,2.4900,12.8800,12.8900,5.4000,12.1500,8.4800,0.9800,1.9400,13.3500,5.1600,15.0500,8.4000,3.1500,0.6950,24.5600,1.8600,13.0700,4.7500,9.1800,21.2700,63.0800,4.8700,6.1900,14.9900,2.8400,1.4550,57.7000,130.8900,18.6600,2.4400,2.0400,3.9800,32.1500,114.5800,6.0200,7.3900,2.6100,21.6000,24.4100,34.9400,3.8900,2.6900,5.9100,4.1000,13.1200,11.1000,1.1400,15.8300,10.2800,4.3100,5.2100,5.2400,14.3200,11.4900,1.8650,2.8800,3.0200,1.5050,1.4200,32.3800,2.7100,7.0800,47.5800,6.4000,75.8800,34.7300,37.5700,16.2900,109.0800,4.6900,7122.5000
13/6/2023 0:00,2.4300,0.7200,14.8400,26.1900,0.8350,4.9100,7.0950,1.8500,2.4800,1.2800,1.4750,8.9600,38.5500,5.6300,4.8700,15.0600,4.6300,8.1500,2.7100,20.3000,23.1000,9.9500,11.3600,37.7500,1.4050,1.1200,30.6200,22.9300,10.1500,28.6300,8.6300,38.6600,60.7600,6.1100,26.8500,7.8300,3.5700,7.0100,5.4100,5.9500,1.3150,1.2550,8.3700,44.2900,19.9500,4.0200,3.2500,13.6400,19.4900,26.1400,3.6500,4.4800,24.1600,3.0300,6.0600,6.0700,11.0300,4.0900,3.6300,7.6600,2.6700,239.9700,17.9000,96.5200,22.7800,1.3850,20.2300,308.5200,5.0000,1.2900,4.5400,8.0000,8.3300,3.3800,43.5500,3.6200,12.4800,32.7000,5.9600,3.3600,12.3300,21.7300,4.5200,21.5400,20.8000,8.5000,1.7900,19.6200,4.0200,7.3400,2.9000,3.2000,4.4500,1.1550,25.1400,24.0100,14.7000,11.7200,2.7700,4.0300,5.1000,7.5800,42.2300,6.1400,1.8950,7.1400,6.9400,14.2900,2.8000,19.0900,7.7400,175.6600,63.2900,8.1500,3.6100,3.5800,1.8800,2.6400,67.9200,2.2300,25.2200,2.4800,13.0800,13.0200,5.3200,12.5800,8.5100,0.9050,1.9700,13.1600,5.0900,15.3600,8.4200,3.1400,0.7600,24.8100,1.7750,13.1800,4.7400,9.3600,21.3300,65.3500,4.7700,6.3900,14.9800,2.8200,1.4550,57.9300,133.6500,18.8000,2.4100,1.9850,4.0400,32.2900,112.8800,6.0300,7.2500,2.6200,21.8400,24.6700,35.2100,3.9000,2.6300,5.9400,4.0900,12.9700,11.1600,1.1450,16.1200,10.6700,4.3400,5.1700,5.3100,14.3500,11.3800,1.8450,2.9100,2.9700,1.4850,1.4050,32.2700,2.7000,7.1600,48.0200,6.2800,79.8100,34.2700,38.1500,16.2000,113.6200,4.4800,7138.8999
14/6/2023 0:00,2.4300,0.7200,15.0200,26.2800,0.9200,4.9800,7.3600,2.0700,2.4900,1.3000,1.4800,8.9000,39.0900,5.9300,5.0800,15.1500,4.6500,8.1500,2.7400,20.5600,23.0000,9.7700,11.3900,37.1000,1.3900,1.1300,30.5300,22.9200,10.0400,28.0500,8.6800,38.0800,60.8200,6.1300,26.7200,7.5300,3.5700,7.0100,5.4600,5.8700,1.3350,1.1900,8.4200,45.9000,20.5300,4.0600,3.1100,13.7700,19.7600,26.3500,3.6200,4.2100,24.1000,3.0500,6.1500,6.2100,10.8800,4.0600,3.6300,7.6900,2.6900,237.4700,17.8900,97.3700,22.8200,1.3850,19.9500,287.2500,5.0700,1.2850,4.5500,7.8700,8.1500,3.4500,43.1400,3.6900,12.4000,32.0000,5.9300,3.3400,12.2900,21.5600,4.5800,21.3400,21.7000,8.5400,1.7450,19.6900,4.0200,7.4300,2.8800,3.2100,4.5500,1.1350,25.7200,23.6800,15.1400,11.8900,2.7200,3.9900,5.2300,7.5700,42.2300,6.1400,1.9800,7.1900,7.0700,14.5100,2.8600,18.8100,7.6800,178.0500,64.0000,8.3500,3.6100,3.5900,1.9050,2.6600,71.3200,2.1800,25.5100,2.4600,13.2300,13.1900,5.3100,12.6300,8.5500,0.9200,2.0000,13.0400,5.0700,15.1600,8.4900,3.2100,0.7200,25.1800,1.7650,13.2800,4.8800,9.4300,21.2500,64.7600,4.8500,6.3900,15.1200,2.8100,1.4300,57.5000,132.5000,18.7900,2.3700,1.9550,4.0800,31.9900,116.1500,6.1800,7.2900,2.5900,21.6000,24.8200,35.0100,3.9000,2.4900,5.9400,4.0700,13.1400,11.0900,1.1350,15.8700,11.0000,4.3500,5.1000,5.4000,14.2700,11.4200,1.8600,2.9300,2.9400,1.4700,1.4250,31.7900,2.7100,7.1100,48.2000,6.2600,78.3000,34.6500,38.3700,16.2900,111.3400,4.5200,7161.7002
15/6/2023 0:00,2.4600,0.7250,15.0000,25.9100,1.0300,4.9100,7.1200,2.1200,2.5000,1.3000,1.4750,8.9000,39.7700,5.6200,4.8300,15.2100,4.6300,8.1500,2.7700,20.6000,23.0100,9.6600,11.6000,37.0800,1.3600,1.1350,30.9400,23.1300,9.9600,27.7000,8.7100,38.1500,61.0700,6.2000,27.5100,7.5500,3.7300,7.0000,5.4600,5.8200,1.3100,1.1600,8.4700,46.2500,20.8500,4.1500,3.1300,13.8700,19.3400,26.8300,3.6100,4.0700,23.9400,3.0800,6.1900,6.3200,10.7900,4.0600,3.6100,7.7200,2.7300,236.8400,17.9900,97.9900,22.7700,1.4400,19.8100,279.5000,5.1600,1.2750,4.6200,7.9400,8.0700,3.4200,42.6200,3.7200,12.4700,32.2100,5.8900,3.3000,12.0900,21.5600,4.6000,21.6200,22.4800,8.6300,1.6850,19.9000,4.1000,7.3500,2.9200,3.2700,4.5800,1.1450,25.5900,23.5500,14.7400,11.8500,2.6200,4.0000,5.4700,7.6200,42.5900,5.9900,1.9400,7.1100,7.1800,14.1800,2.9100,18.5500,7.1800,182.2000,66.5100,8.5400,3.5500,3.6000,1.9300,2.6200,70.4000,2.2100,25.6500,2.3900,13.3400,12.9100,5.5400,12.7200,8.6000,0.9000,1.9500,12.8000,5.0200,15.2900,8.4800,3.2500,0.7100,25.3200,1.7250,13.1300,4.6600,9.5200,21.5800,66.1300,4.8900,6.5200,15.1300,2.8300,1.4000,57.1700,132.8100,18.8200,2.3600,1.9050,4.1400,31.8100,117.7500,6.0500,7.3000,2.6000,21.5600,24.9600,34.7400,3.9200,2.5600,5.9700,4.1500,13.1900,11.2500,1.1300,15.7300,10.8900,4.3400,5.0300,5.3900,14.3400,11.3200,1.8550,2.9600,2.9900,1.4500,1.4200,31.8200,2.7000,7.2200,48.4600,6.4100,79.1400,34.4400,38.4900,15.8200,113.7900,4.5100,7175.2998
16/6/2023 0:00,2.3800,0.7300,14.8900,26.2300,1.2500,4.9000,7.1700,2.1500,2.4500,1.3300,1.4900,8.7900,40.0100,5.9200,4.8900,15.4000,4.6200,8.1700,2.7700,20.9100,24.8000,10.6000,11.7000,37.0700,1.3900,1.1500,30.8000,23.2800,9.8100,28.5000,8.7100,38.5700,61.8600,6.2800,27.2800,7.6600,3.7600,7.0400,5.5100,6.0000,1.3550,1.2500,8.5300,46.4200,21.0300,4.1500,3.2000,13.8500,19.4700,26.8300,3.6000,4.2700,24.5000,3.1100,6.3100,6.3700,10.7900,4.0700,3.6300,7.7500,2.7800,238.8300,18.0900,99.3500,22.8200,1.4900,20.0000,277.8600,5.1400,1.3600,4.5900,7.9900,8.1900,3.4800,43.8800,3.7600,12.7900,32.9200,5.9600,3.3700,12.2700,21.7600,4.6800,21.4600,22.5100,8.8500,1.7550,20.2100,4.1100,7.4100,2.9100,3.2700,4.6100,1.1650,26.2000,24.3000,15.0900,11.9400,2.7000,4.0400,5.5100,7.8000,43.0700,5.8200,2.0000,7.2300,7.2700,14.4500,3.1500,18.8100,7.3500,184.4000,66.4200,8.6200,3.5700,3.6200,1.9400,2.6200,73.0000,2.2500,25.8500,2.3900,13.7800,12.5400,5.7300,12.9200,8.6900,0.9450,1.9600,13.2900,5.0800,15.3100,8.4800,3.2100,0.7400,25.6000,1.7700,13.2300,4.8900,9.4400,21.8600,68.8100,4.8800,6.6500,15.2800,2.8400,1.4500,57.5700,137.4400,19.2200,2.3600,1.9550,4.1900,31.7000,118.0000,6.2800,7.6000,2.6200,22.1500,25.4500,35.0700,3.9300,2.7600,5.9500,4.1600,13.2700,11.3100,1.1050,15.8900,11.4100,4.3400,5.1200,5.5000,14.4400,11.4000,1.8650,3.0000,2.9800,1.4500,1.4500,32.2600,2.7000,7.2200,49.0300,6.9400,80.0800,35.6300,38.6200,15.8500,116.7200,4.6700,7251.2002
19/6/2023 0:00,2.4000,0.7200,15.1200,26.3600,1.1350,4.8200,7.1600,2.1500,2.4500,1.3800,1.4350,8.8000,40.2000,5.6200,5.0000,15.2400,4.6600,8.1700,2.8000,21.1500,24.4100,10.7500,11.6800,37.3100,1.3950,1.1550,30.6200,23.6200,10.0400,28.5500,8.7900,39.0600,61.8700,6.4200,27.4900,7.6600,3.8600,7.1000,5.5400,5.9800,1.3550,1.2550,8.5600,46.1000,20.8900,4.1100,3.1900,13.9900,19.5900,27.0300,3.6400,4.2300,24.6700,3.1500,6.3700,6.3200,10.8800,4.0800,3.6500,7.7600,2.8200,241.6400,18.3300,100.5100,23.2200,1.5050,19.6200,284.4400,5.1500,1.3850,4.6200,8.0100,8.1000,3.5000,45.6600,3.8200,12.8400,33.5000,6.0400,3.4300,12.4600,22.1800,4.7100,21.3200,22.3300,8.8100,1.7800,20.5300,4.1500,7.3800,2.9300,3.3000,4.6900,1.1650,25.8700,24.2200,14.9000,11.4300,2.7300,4.0500,5.5700,7.9000,43.2700,5.9400,2.0300,7.2400,7.2800,14.5600,2.9600,18.6900,7.2400,184.0300,66.9800,8.5600,3.6000,3.6700,1.9400,2.6300,73.3900,2.2700,26.0600,2.4100,13.7600,12.4800,5.4000,13.0300,8.8000,0.9350,1.9700,13.4100,5.0800,15.3300,8.4900,3.2200,0.7300,25.5500,1.7850,13.3300,4.8200,9.5300,21.9200,68.4900,4.8500,6.6100,15.4400,2.8900,1.3950,58.0900,138.0000,19.4000,2.3300,1.9700,4.2200,32.1800,116.6300,6.2300,7.5700,2.6400,22.2300,25.2600,35.3900,3.9100,2.6600,6.0400,4.2100,13.5300,11.2000,1.1100,16.0900,11.4500,4.3800,5.1400,5.5200,14.6300,11.4700,1.8800,2.9900,3.0000,1.4450,1.4400,32.2800,2.7300,7.1800,49.4800,6.7400,80.5600,35.5200,39.5400,15.8600,118.2100,4.5800,7294.8999
20/6/2023 0:00,2.4200,0.7150,15.2600,26.6900,1.0300,4.8100,7.0000,2.2200,2.4900,1.3450,1.4450,8.7300,40.1800,5.6900,4.8000,15.5500,4.6700,8.4600,2.8400,21.4300,23.9400,11.0600,11.6400,37.4700,1.4000,1.1700,30.8300,23.8000,10.0600,28.7000,8.8000,39.7000,62.5000,6.1900,28.4500,7.6700,3.8700,7.1000,5.6000,6.0500,1.3600,1.2700,8.6600,46.7200,21.0900,4.0800,3.1800,14.1300,19.7900,26.9900,3.6900,4.3300,24.6500,3.1700,6.5900,6.3600,11.1200,4.1700,3.7100,7.7800,2.8200,241.9100,18.4700,101.6200,23.3900,1.5450,19.6000,283.5000,5.2200,1.3800,4.6700,8.1000,8.0600,3.4900,44.3800,3.8800,13.0200,33.9400,6.0600,3.4300,12.7900,22.2200,4.7400,21.3700,22.4000,8.9200,1.7800,20.7300,4.2100,7.4500,2.9600,3.3200,4.8500,1.1800,26.7700,23.9200,15.2300,11.6800,2.7300,4.0500,5.6500,7.9300,43.5200,5.9100,2.0800,7.2300,7.4300,14.6500,2.9600,18.7300,7.3100,185.2000,66.6500,9.0600,3.6000,3.6700,1.9200,2.6200,74.0600,2.3100,26.5000,2.4200,14.1100,12.7000,5.3900,13.0500,8.8000,0.9350,1.9900,13.3400,5.1200,15.4500,8.4500,3.2700,0.7400,26.2400,1.7800,13.6200,4.9400,9.7100,21.0300,69.8100,4.8700,6.5800,15.6800,2.8900,1.3950,58.2100,137.2500,19.3500,2.3300,1.9450,4.2600,32.3100,117.4000,6.3200,7.7400,2.6800,22.0600,25.5500,35.5800,3.9400,2.6300,6.1600,4.2900,13.7500,11.2400,1.1150,16.1600,11.6100,4.4200,5.0900,5.5600,14.6400,11.5300,1.9100,3.0000,3.0600,1.4350,1.4450,32.5100,2.7600,7.2200,49.8400,6.7800,80.7700,36.3100,39.9300,16.0900,119.8800,4.5400,7357.7998
21/6/2023 0:00,2.4100,0.7150,15.0800,26.6900,1.2450,4.8500,7.2700,2.1200,2.4900,1.2700,1.4450,8.7200,39.7000,5.8800,4.9000,15.5000,4.6400,8.6300,2.9000,21.2200,23.9500,11.0400,11.5600,37.3400,1.4000,1.1600,30.6300,23.6800,10.0700,28.5900,8.8000,39.5200,62.6500,6.1700,28.9300,7.6800,3.9000,7.0800,5.6300,6.0400,1.3700,1.2350,8.7200,46.2200,21.0800,4.0800,3.1900,14.0600,19.8100,27.4200,3.7000,4.2800,24.6100,3.1500,6.6100,6.2900,11.0700,4.2100,3.6900,7.8400,2.7200,240.3400,18.6000,101.6800,23.1400,1.5200,19.1100,283.6200,5.2500,1.3600,4.6100,8.1900,8.1500,3.4700,44.4200,3.8900,12.9500,33.6700,6.1600,3.3500,12.5200,22.1100,4.7700,19.9000,22.0200,8.9500,1.7450,20.4700,4.2400,7.5200,2.9400,3.2400,4.9700,1.1850,27.1500,22.9800,15.0900,11.6200,2.7200,4.0400,5.6500,8.0400,42.4800,5.9500,2.0400,7.2000,7.4200,14.8800,2.9100,18.3600,7.4300,180.4700,65.7500,9.4300,3.5900,3.6500,1.9200,2.5900,73.2500,2.3300,26.5300,2.3900,14.3000,12.6600,5.3700,12.7800,8.8500,0.9100,2.0000,13.0400,5.1200,15.4100,8.4400,3.3000,0.7350,26.2300,1.7400,13.7700,5.0500,9.7500,20.0100,69.3100,4.8500,6.4200,15.8000,2.8800,1.3800,57.5000,136.4900,19.1400,2.3300,1.9450,4.2000,32.0900,115.7900,6.2500,7.6700,2.6800,22.2000,25.3400,35.5400,3.8500,2.7500,6.1500,4.2400,13.7600,10.9500,1.1200,16.1500,12.2800,4.4200,5.0500,5.2600,14.4800,11.6300,1.9050,2.9900,3.0500,1.4200,1.4300,32.7000,2.7900,7.0900,49.0600,6.7900,80.1000,35.6400,40.2800,16.1400,118.5400,4.5100,7314.8999
22/6/2023 0:00,2.3400,0.7200,14.8500,26.2600,1.3300,4.9300,7.2400,2.0800,2.5100,1.2600,1.3800,8.7000,39.0700,5.8800,4.9600,15.0500,4.6300,8.6400,2.8800,21.0400,24.2100,11.0300,11.2000,35.9000,1.3750,1.1350,30.1900,23.3000,9.9900,27.4800,8.8300,38.5200,62.0600,6.1300,28.8000,7.7200,3.9000,7.0900,5.5100,5.9700,1.3700,1.2550,8.5900,45.1200,20.4600,4.0400,3.1200,14.1800,19.2800,27.5100,3.6300,4.2100,23.5100,3.1400,6.4900,6.0400,10.7600,4.0800,3.6300,7.7000,2.5900,236.2800,18.3700,100.0800,22.9600,1.5050,18.4800,281.9900,5.1800,1.3350,4.5000,7.9300,8.0400,3.4500,43.9800,3.8000,12.7500,33.1800,6.1500,3.3100,12.1200,22.0100,4.7400,19.1700,21.5300,8.7100,1.6000,20.1600,4.1400,7.4600,2.8700,3.2300,4.8000,1.1650,26.4700,21.9900,15.1100,11.4000,2.7300,3.9800,5.6400,7.9100,41.7400,5.2400,2.0100,7.1300,7.1400,14.4700,2.9500,18.1000,7.1300,175.6700,65.3200,8.8500,3.6000,3.6000,1.9250,2.5600,73.1100,2.2800,26.1500,2.3300,13.9000,12.2500,5.2400,12.4200,8.6800,0.8950,1.9500,12.6200,5.0300,15.1000,8.4600,3.2800,0.7050,25.3400,1.6800,13.3100,4.9600,9.5000,19.7600,67.0200,4.7800,6.3200,15.6000,2.8200,1.2850,56.6100,133.2900,18.7200,2.2700,1.9500,4.0900,32.0100,114.3900,6.0800,7.6300,2.6000,21.6100,24.9200,35.1100,3.8000,2.6500,6.0600,4.1000,13.5700,10.8000,1.0950,15.3800,12.5000,4.3400,4.9800,5.1200,14.3000,11.5000,1.8450,2.8200,3.0200,1.4150,1.4200,32.2900,2.7100,6.8800,48.4200,6.7200,76.9000,35.3500,39.8300,15.9700,113.3300,4.4500,7195.5000
23/6/2023 0:00,2.3500,0.7050,14.8200,25.8900,1.3450,4.9300,7.3500,2.0300,2.4900,1.2050,1.3500,8.8500,38.7300,5.8800,4.9000,14.8400,4.6900,8.6400,2.8800,20.7500,23.5000,11.0600,11.1700,35.9200,1.3300,1.1200,29.8000,22.8200,10.0100,27.6100,8.7300,38.0300,61.6300,6.1000,28.1500,7.7500,3.8400,7.0000,5.3700,5.8900,1.3250,1.2250,8.4300,44.6000,20.0900,3.9800,3.0500,14.0500,19.1900,27.2500,3.5500,4.0500,23.4000,3.0300,6.3300,6.0200,10.6500,3.9000,3.5700,7.7100,2.5600,227.9600,18.4000,98.5100,22.6700,1.5000,18.0700,282.0000,5.1100,1.2850,4.4400,7.6700,7.9600,3.4400,43.4800,3.7500,12.6600,33.8000,6.2700,3.3000,12.0500,22.0500,4.8500,18.8100,21.4100,8.5800,1.5150,19.6300,4.0200,7.3800,2.7800,3.2200,4.7700,1.1350,25.6100,21.7100,15.0600,11.2200,2.7000,3.7900,5.6500,7.8300,41.6800,5.1500,1.9550,7.0800,7.0000,14.3900,2.8700,18.0300,7.1500,172.7800,65.0900,8.6600,3.6000,3.5900,1.9200,2.5600,71.9600,2.2000,25.7800,2.2800,13.5800,12.0100,5.0500,12.2400,8.5700,0.8850,1.9300,12.3000,5.0200,14.9000,8.4600,3.2000,0.6900,25.1000,1.6550,12.9500,4.9000,9.3000,19.6200,65.1300,4.8100,6.2000,15.4000,2.8000,1.2300,54.9200,132.7000,18.2600,2.2300,1.8700,4.0700,32.2000,113.1300,5.9500,7.3000,2.5000,21.5900,24.4000,34.7400,3.7200,2.6300,5.9900,4.0100,13.4800,10.7000,1.0800,15.2300,11.7800,4.3200,4.9100,5.1000,14.2200,11.4400,1.7900,2.7100,2.9500,1.4100,1.4100,31.9500,2.6300,6.7900,48.0700,6.6600,76.8000,33.7400,39.8600,15.6500,111.3400,4.3800,7099.2002
26/6/2023 0:00,2.3300,0.7050,14.8000,25.7400,1.5150,4.8600,7.3000,2.0400,2.4900,1.2200,1.3550,9.0500,38.8500,5.7100,4.9700,14.9900,4.6900,8.6400,2.9200,20.6800,23.4000,10.9800,11.1600,36.2700,1.3250,1.1100,29.6200,22.7700,9.9300,27.5600,8.7000,37.8600,61.7900,6.1700,28.2300,7.7100,3.8400,6.9900,5.3300,5.8600,1.3300,1.2400,8.3400,44.4500,20.2900,3.9900,3.1200,14.0700,19.0300,27.4300,3.5600,4.2500,23.3700,3.0800,6.2900,6.0100,10.5200,3.9100,3.5900,7.7700,2.5200,227.9100,18.2800,97.9300,22.3800,1.5050,17.9200,280.0000,5.1000,1.3150,4.5000,7.6200,7.8400,3.4500,43.5200,3.7500,12.6600,32.9600,6.1900,3.3500,11.9400,21.7500,4.7900,18.5700,21.3400,8.6100,1.5250,19.5700,4.0700,7.5600,2.7600,3.2000,4.8000,1.1450,25.8000,21.6100,14.6700,11.1600,2.6800,3.8300,5.5600,7.8500,41.5500,5.2400,1.9450,7.1100,7.0000,14.6900,2.8700,18.3000,6.9800,172.6500,64.4700,8.6200,3.5800,3.7600,1.9150,2.5800,69.4200,2.2000,25.5700,2.3000,13.4800,11.9500,4.8900,12.3000,8.5000,0.8800,1.9100,12.5500,4.9600,14.9600,8.4300,3.2100,0.6900,25.1500,1.6950,13.0900,4.8300,9.4400,19.7300,65.4600,4.7400,6.0600,15.2200,2.7800,1.2900,54.4500,133.7700,18.2300,2.2400,1.8800,4.0800,32.1400,112.7400,5.9300,7.3200,2.5100,21.6900,24.4400,34.7100,3.7100,2.5600,5.9700,4.0000,13.3800,10.6600,1.0700,15.3200,11.5600,4.3100,4.9000,5.0400,14.3100,11.3000,1.7950,2.7300,2.9300,1.4050,1.4100,31.9000,2.6000,6.7300,48.3000,6.5600,77.2800,33.7700,39.5400,15.6000,113.1900,4.4200,7078.7002
27/6/2023 0:00,2.2900,0.7150,14.8500,25.7100,1.5000,4.9600,7.2000,2.0200,2.4800,1.2000,1.3650,9.0300,38.7100,5.7500,4.8900,15.1600,4.6900,8.6500,2.9500,21.0100,23.2500,10.7700,11.0800,35.9900,1.3400,1.1200,29.5900,23.1200,10.0300,27.5800,8.6700,37.4200,61.5500,6.1500,28.0100,7.6900,3.8300,6.9900,5.3800,5.8800,1.3150,1.2300,8.3700,45.1100,20.4500,3.9500,3.0900,14.0800,19.4000,27.2500,3.5900,4.1300,23.0800,3.1100,6.3000,6.1200,10.7500,4.0000,3.6600,7.7500,2.4900,226.4700,18.4100,98.4300,22.5000,1.5250,17.8500,279.0500,5.1200,1.3000,4.5300,7.8300,7.7600,3.4600,43.7500,3.7900,12.6200,32.9300,6.2700,3.3300,11.7700,21.9200,4.7600,18.4500,21.9500,8.6700,1.5300,19.8100,4.1800,7.6800,2.8200,3.2500,4.8300,1.1750,25.2200,21.2100,14.8500,11.1200,2.7300,3.9500,5.5500,7.8400,42.1500,5.3100,1.8950,7.0500,7.1300,15.0000,2.8800,18.1500,7.0400,174.0000,64.4200,8.8300,3.4400,3.6700,1.9300,2.6000,70.7800,2.2300,25.7500,2.3400,13.2900,12.1200,4.7600,12.2800,8.3700,0.8700,1.8850,12.4600,4.9400,14.8100,8.4100,3.2300,0.6850,25.4300,1.6850,13.2300,4.8300,9.5600,19.7600,65.3100,4.7900,6.0000,15.3800,2.7800,1.3050,54.7000,133.0000,18.1600,2.2900,1.8750,4.0200,31.9200,114.6400,5.8800,7.3200,2.6100,21.5100,24.3600,35.4800,3.7300,2.5600,5.9300,4.0400,13.4100,10.7600,1.0700,15.3000,11.3200,4.2900,4.7900,4.9100,14.3500,11.2300,1.8250,2.7000,2.9400,1.3950,1.4200,31.7100,2.6300,6.7200,48.4000,6.5700,76.5800,33.9600,39.7300,15.6600,113.0200,4.4000,7118.2002
28/6/2023 0:00,2.3300,0.7200,15.0900,26.3200,1.5550,4.8500,7.3000,2.0000,2.5000,1.2350,1.3750,9.1000,39.1300,5.8500,5.0900,15.3100,4.7200,8.6500,2.9700,21.4000,23.4000,10.8100,11.2500,36.3800,1.3850,1.1500,29.7600,23.4300,10.0200,28.4100,8.7900,38.3400,61.8100,6.2300,28.2300,7.7800,3.9000,7.0500,5.5000,5.9600,1.3400,1.2500,8.5500,45.4200,20.5300,4.0000,3.1600,14.2000,19.8000,27.4800,3.6900,4.0600,23.2700,3.1700,6.4000,6.1600,11.0200,4.1100,3.6900,7.7600,2.5100,228.7000,18.4800,99.5400,22.9800,1.5400,17.8500,278.3500,5.1900,1.3150,4.5600,7.9500,8.2000,3.5300,45.4100,3.9100,13.1600,33.4900,6.2900,3.3000,11.9300,22.0900,4.8800,19.0300,22.0100,8.9200,1.5450,20.1800,4.2500,7.7600,2.8600,3.4100,4.9700,1.2050,25.8600,21.9400,15.0800,11.1600,2.7700,4.0400,5.6700,7.8800,43.1900,5.2100,1.9450,7.1500,7.4000,15.3700,2.8600,19.0300,6.9500,174.9700,65.1000,9.2200,3.5000,3.7300,1.9350,2.6100,70.8500,2.3100,26.2500,2.4000,13.6000,12.2500,4.8000,12.2900,8.5000,0.8950,1.9250,12.3300,4.9900,14.7300,8.4000,3.2400,0.7000,25.9400,1.6650,13.5100,4.8300,9.8300,20.3500,65.7600,4.8500,6.1900,15.6100,2.8200,1.2850,57.3100,137.5700,18.4900,2.3400,1.8600,4.0700,32.2700,115.7900,5.9500,7.4100,2.6400,21.2100,24.6100,36.0700,3.7700,2.5800,5.9700,4.1300,13.6000,11.2300,1.0750,15.4400,11.3500,4.3400,4.8200,4.9400,14.5000,11.3700,1.8450,2.8000,2.9800,1.4200,1.4300,32.0400,2.6600,6.9100,49.0500,6.7200,77.6600,34.3300,39.8500,15.6000,114.6900,4.4600,7196.5000
29/6/2023 0:00,2.3600,0.7050,14.7600,26.7100,1.6500,4.8500,7.3800,1.9850,2.5000,1.2700,1.3850,9.2100,39.3700,5.8600,5.0900,15.6000,4.6700,8.9000,3.0200,21.4200,23.9000,10.7300,11.2100,36.9100,1.3750,1.1400,30.1700,23.7100,9.6900,28.4700,8.8000,38.7100,62.8700,6.2000,28.7900,7.8100,3.9000,7.0700,5.5100,5.9900,1.3500,1.2650,8.5800,44.9500,20.4900,4.0100,3.0800,14.3600,19.9700,27.2200,3.6200,4.0700,23.5800,3.1800,6.4500,6.0700,10.8100,4.0200,3.5700,7.6700,2.5300,229.6100,18.4300,100.0700,23.2500,1.5250,17.9000,278.3000,5.1900,1.3200,4.5600,7.8000,8.3500,3.7100,46.3400,3.9400,13.4600,33.6200,6.3300,3.2300,11.7600,22.4400,4.9000,18.8100,22.1100,8.8800,1.5000,20.1200,4.1500,7.8500,2.7800,3.4700,5.0300,1.1850,26.0300,22.0100,15.0200,11.1000,2.7600,4.0000,5.7000,7.8400,43.3900,5.3000,1.9500,7.1100,7.5800,15.4100,2.8400,19.6600,6.8200,176.2700,65.1500,9.4600,3.5300,3.8200,1.9300,2.6400,71.2000,2.2700,26.3500,2.3600,13.7900,12.4800,4.8500,12.4900,8.4700,0.8750,1.9450,12.1200,5.0600,14.7500,8.4100,3.2700,0.7300,25.9800,1.6650,13.5600,4.8300,9.8100,20.3100,66.4800,4.7900,6.1900,15.6700,2.8400,1.2700,56.3000,141.2700,18.4700,2.2800,1.8350,4.0900,32.5300,114.4600,5.9300,7.4600,2.6600,21.5100,24.7100,36.1100,3.7400,2.5800,5.9900,4.0100,13.4800,11.3000,1.0950,15.6900,11.4400,4.3200,4.8500,4.9300,14.1900,11.3900,1.8550,2.8300,2.9800,1.5000,1.4450,32.1000,2.6300,6.9400,49.0900,6.8000,79.3500,34.2700,39.8600,15.6300,117.2800,4.5000,7194.8999
30/6/2023 0:00,2.3900,0.7150,14.8600,26.7300,1.5050,4.8600,7.4600,2.0500,2.5000,1.3050,1.3850,9.4200,39.7500,6.0000,5.1400,15.7500,4.6700,8.8400,3.0300,21.3400,23.4200,10.8100,11.1600,36.9200,1.3850,1.1300,29.9400,23.7100,9.6900,28.6000,8.7600,38.6600,63.0000,6.2100,29.4000,7.8500,3.9200,7.0700,5.4900,5.9400,1.3500,1.2700,8.5900,44.9900,20.5500,4.0300,3.1000,14.4100,19.9400,26.6600,3.6300,4.0300,23.8200,3.1000,6.4800,6.0800,10.7100,4.0100,3.6100,7.7500,2.5900,229.0700,18.4200,100.2700,23.3800,1.5350,17.8900,277.3800,5.1900,1.3450,4.6000,7.8000,8.2000,3.7900,46.4300,4.1100,13.4900,33.7700,6.3100,3.2200,11.7400,22.5400,5.0000,19.0500,22.1800,8.8200,1.4850,20.0700,4.1400,7.8300,2.7900,3.4800,5.0600,1.1750,25.4500,22.1000,15.2000,11.1100,2.7400,3.9800,5.7000,7.8300,43.7500,5.3200,1.9700,7.2600,7.7500,15.6600,2.8300,19.3000,6.8500,177.6200,68.3200,9.4900,3.5200,3.7600,1.9200,2.6600,71.4300,2.2600,26.3700,2.3500,13.8400,12.2500,4.8500,12.5800,8.4500,0.8850,1.9650,12.0800,5.0900,14.8300,8.4100,3.2900,0.7300,25.8800,1.6500,13.6100,4.8900,9.9800,20.2600,65.6400,5.5000,6.2000,15.6700,2.8500,1.2600,56.2900,143.0300,18.5700,2.2700,1.8300,4.1000,32.8100,114.6900,5.9000,7.5200,2.6500,21.7200,24.6500,35.5700,3.7600,2.5800,6.0000,4.0300,13.4900,11.4300,1.1100,15.6500,11.2200,4.3000,4.8900,4.8700,14.2500,11.2300,1.8450,2.8500,3.0100,1.4950,1.4550,31.7800,2.5900,6.9100,49.3400,6.7100,79.8100,34.4400,39.7300,15.7900,118.9300,4.5800,7203.2998
3/7/2023 0:00,2.4200,0.7100,14.9600,27.1400,1.4300,4.8000,7.4300,2.0500,2.5200,1.2600,1.4050,9.4600,40.0800,6.0500,4.9700,15.7600,4.7200,8.8500,3.0700,21.4300,23.7600,10.9800,11.2500,36.5200,1.3950,1.1300,30.1900,23.9100,9.8200,29.9300,8.8100,39.0500,62.6000,6.2500,28.9800,7.8600,3.9800,7.1100,5.5800,6.1900,1.3750,1.3250,8.7000,45.2600,20.5200,4.0000,3.0600,14.5900,20.6900,26.1500,3.6400,4.1600,23.8600,3.1500,6.6100,5.9600,10.8400,4.0500,3.6500,7.7300,2.5600,229.0600,18.4200,100.9400,23.4200,1.5450,17.9200,276.2500,5.3000,1.3550,4.5500,7.9300,8.3100,3.8300,47.0700,4.2200,13.8300,34.5000,6.3100,3.3300,11.5900,22.7000,5.0400,19.0800,22.2700,9.1000,1.5400,20.1800,4.1300,8.0000,2.8100,3.5700,4.9800,1.1900,26.1100,21.6600,15.4500,11.3400,2.7900,4.0100,5.7300,7.8200,44.8600,5.4000,2.0000,7.3400,7.9000,16.0100,2.8500,19.6800,6.9100,177.7000,66.8100,9.7500,3.4900,3.8100,1.9200,2.6500,72.8200,2.2700,26.3900,2.3700,13.9800,11.8700,4.8700,12.5200,8.4300,0.9150,1.9600,12.5100,5.1700,14.8300,8.4600,3.3100,0.7400,26.0300,1.7200,13.4900,5.0600,10.0000,20.3300,65.8100,4.9300,6.1900,15.7200,2.8500,1.2500,56.7500,141.9400,18.5800,2.2900,1.8850,4.0600,32.9500,115.4900,6.0100,7.6200,2.6600,21.7500,24.5900,35.7600,3.8100,2.5600,5.9800,4.0200,13.4300,11.8200,1.1250,15.3000,11.1200,4.3200,4.8900,4.9100,14.3500,11.2700,1.8550,2.8700,3.0300,1.5150,1.4500,31.9300,2.6200,6.9500,50.0100,6.7600,77.4600,34.6500,39.8700,15.9300,117.8600,4.7200,7246.1001
4/7/2023 0:00,2.4200,0.7250,15.0700,27.0800,1.4750,4.8900,7.5000,2.1700,2.5200,1.2800,1.5250,9.6100,40.4000,5.7700,5.1800,15.8400,4.6800,8.8600,3.0100,21.6800,24.2000,10.9900,11.2200,36.5100,1.4100,1.1400,30.3500,24.1900,9.8000,29.9500,8.8400,39.3500,62.5000,6.2300,28.8000,7.9000,3.9800,7.1100,5.6800,6.2200,1.3900,1.3450,8.8400,45.2000,20.3700,3.9900,3.1300,14.4000,20.9200,25.8900,3.6700,4.2800,23.8000,3.1900,6.6400,5.9400,11.1100,4.0900,3.6700,7.7900,2.5500,229.4200,18.3500,102.2800,23.5200,1.5700,18.1100,276.5500,5.3200,1.3800,4.6100,7.9800,8.4000,3.6900,47.9400,4.1800,14.3900,34.7500,6.3100,3.3900,11.6900,22.7100,5.1500,19.1500,22.0800,9.1700,1.6000,20.3300,4.1700,8.0400,2.8400,3.5600,5.1000,1.1950,26.2100,22.0000,15.6300,11.4200,2.7900,4.0400,5.8200,7.7500,44.7000,5.4300,2.0400,7.3400,8.0400,16.6000,2.8100,19.9500,7.2000,178.5400,67.0000,9.8000,3.5500,3.8100,1.9000,2.6600,72.8500,2.3200,26.7200,2.3800,14.2500,12.3000,4.9000,12.5400,8.7200,0.9350,1.9950,12.7100,5.2300,14.6600,8.4600,3.3400,0.7750,26.5600,1.7450,13.4100,5.1700,10.0700,20.1900,65.6800,4.9700,6.1800,15.8700,2.8500,1.3300,56.2700,142.8000,18.3400,2.2900,1.9200,4.0500,32.5300,114.1500,6.0200,7.6500,2.6800,21.8000,24.3200,35.4800,3.8100,2.5900,5.9500,4.0800,13.5100,11.9400,1.1250,15.1300,11.2000,4.3100,4.9800,4.9700,14.3800,11.2100,1.8600,2.8800,3.0200,1.5250,1.4400,31.9600,2.6200,6.9900,49.7800,6.9200,77.7500,35.1200,39.8800,15.9500,117.1500,4.8000,7279.0000
5/7/2023 0:00,2.4300,0.7250,15.0000,26.9400,1.5950,4.8000,7.5500,2.2000,2.5100,1.2650,1.5000,9.4600,40.0500,6.1500,5.0500,15.7000,4.7100,8.8600,3.0100,21.5200,24.2900,11.2500,11.1300,36.6000,1.4050,1.0700,29.9800,23.9900,9.8400,30.1100,8.8000,38.6900,62.4500,6.2500,29.1300,7.8000,3.9400,7.1100,5.6100,6.2300,1.3850,1.4000,8.7700,45.0000,20.4200,4.0100,3.1100,14.3900,21.0400,25.7900,3.6400,4.3800,23.8700,3.1800,6.5500,5.9500,11.2200,4.0700,3.6400,7.7500,2.5800,225.6000,18.3600,101.7800,23.3300,1.5650,18.3300,274.1900,5.3300,1.4050,4.6000,7.9900,8.4200,3.7300,47.2200,4.2100,14.4100,35.0700,6.3100,3.4200,11.6400,22.8200,5.0900,19.1800,22.1300,9.1000,1.5850,20.3400,4.1400,7.8200,2.8000,3.5700,5.0300,1.1800,25.4500,21.6400,15.5200,11.6200,2.7800,4.0100,5.8100,7.6500,45.0900,5.4300,2.0300,7.2800,7.9700,16.9100,2.8000,20.4600,7.3600,177.6700,67.0000,9.7300,3.5500,3.8000,1.9300,2.6500,72.5800,2.3000,26.5200,2.3600,13.7100,12.1900,4.8600,12.5300,8.6900,0.9100,2.0000,12.7200,5.2500,14.7700,8.4600,3.3200,0.7700,26.0200,1.7150,12.9700,5.1800,9.9800,20.2100,64.2000,4.8800,6.1600,15.8400,2.8600,1.3300,56.4000,143.3000,18.0800,2.2700,1.9450,4.0400,32.3800,114.1500,6.0000,7.6100,2.6700,22.6500,24.1800,35.2400,3.8500,2.5200,5.9800,4.0900,13.4600,12.0700,1.1200,15.1500,10.8200,4.3600,5.0700,4.9400,14.2300,11.1700,1.8550,2.8800,2.9700,1.5200,1.4350,31.4200,2.6000,6.9300,49.8000,6.8500,76.7400,34.9800,39.7400,15.9800,117.4200,4.7600,7253.2002
6/7/2023 0:00,2.4300,0.7200,14.6600,26.6300,1.6400,4.8500,7.5600,2.2300,2.5200,1.1900,1.4700,9.4200,40.0000,6.1200,5.2700,15.4600,4.6700,8.8700,3.0000,21.1500,24.2000,11.1500,10.9400,36.3300,1.3600,1.0200,29.6500,23.5300,9.8600,28.8300,8.7500,37.8700,62.0000,6.3100,29.1700,7.7800,3.9000,7.1000,5.5400,6.1600,1.3850,1.4100,8.6500,43.9700,20.1000,4.0600,3.0800,14.3100,20.7400,25.7700,3.6300,4.2400,24.0600,3.1500,6.5100,5.7900,11.1000,4.0400,3.6300,7.6400,2.5400,224.3300,18.2000,100.4300,23.4400,1.5000,18.3400,272.4900,5.3800,1.3900,4.5700,7.9800,8.1900,3.6600,45.6900,4.1700,14.4100,34.5100,6.2200,3.3300,11.4800,22.7200,5.0500,19.2200,21.7500,8.9400,1.5550,20.4000,4.1500,7.8800,2.7900,3.5100,5.0100,1.1800,24.7600,21.5200,15.5200,11.4500,2.7600,3.8500,5.7900,7.5700,44.2000,5.4300,2.0200,7.1800,7.9700,15.6500,2.7500,19.6700,7.1400,174.5500,66.5000,8.9200,3.5600,3.7400,1.9300,2.6500,70.0000,2.3000,25.9600,2.3500,13.4900,11.9000,4.8300,12.5700,8.6700,0.8850,1.9850,12.7100,5.1600,14.7400,8.4300,3.2900,0.7500,25.9100,1.7000,12.5900,5.0700,9.7500,20.1300,64.0700,4.8100,6.1600,15.7200,2.8400,1.2800,55.7900,143.9100,18.0000,2.2700,1.9150,3.9500,32.3200,112.5800,5.8500,7.5700,2.6500,22.6300,24.0100,35.1000,3.7600,2.4900,5.9500,4.0600,13.4700,11.8000,1.1250,15.2200,10.7900,4.3400,5.0800,4.8700,14.1300,11.1200,1.8350,2.8600,2.9600,1.4800,1.4400,31.4100,2.5700,7.0500,48.5200,6.7100,77.4900,34.5000,39.3200,16.0400,117.5400,4.6800,7163.3999
7/7/2023 0:00,2.3800,0.7300,14.7600,26.3500,1.6550,4.8000,7.5500,2.1500,2.5100,1.1750,1.4650,9.3800,38.6900,6.0000,5.0500,15.2300,4.6500,8.8800,2.9500,20.8500,24.2200,11.0700,10.6200,35.1200,1.3400,1.0000,29.4200,23.2800,9.7000,28.2600,8.7000,36.8000,60.9900,6.1500,28.7400,7.6900,3.8700,7.0600,5.4500,6.0400,1.3900,1.3750,8.5200,43.2000,19.5100,4.0100,2.9400,14.0900,20.6500,25.4100,3.5600,4.0200,23.3900,3.0800,6.4000,5.6500,10.7800,3.9700,3.5600,7.5600,2.5200,221.5600,17.9600,98.7300,23.2200,1.5100,18.0300,266.9000,5.3500,1.3400,4.5300,7.8300,8.1500,3.5300,44.6900,4.1500,14.2600,34.3700,6.1600,3.2200,11.5300,22.5300,5.0200,18.6900,21.6700,8.9200,1.5000,19.6200,4.0700,7.8700,2.7400,3.4800,4.8500,1.1450,23.9200,21.1000,15.0600,11.1700,2.7000,3.6600,5.7300,7.4300,43.3100,5.3200,1.9750,7.0500,7.7700,15.6400,2.7100,19.2000,7.0900,172.3500,66.0000,8.6300,3.4900,3.7100,1.9300,2.6300,67.4500,2.2400,25.6600,2.2700,13.3500,11.7800,4.7600,12.2700,8.5300,0.8650,1.9350,12.2300,5.1500,14.6700,8.4300,3.2600,0.7300,25.3000,1.6200,12.5000,4.8800,9.2600,19.7800,62.9400,4.8500,6.1200,15.5500,2.7800,1.2350,55.0800,139.6300,17.6000,2.2400,1.9450,3.9000,32.3100,111.7500,5.6800,7.4600,2.6100,22.2400,23.5800,34.5800,3.6700,2.4600,5.8500,3.9500,13.3300,11.4200,1.1200,15.0600,10.5100,4.2600,5.0500,4.8000,14.0000,10.7800,1.8050,2.7700,2.9200,1.4750,1.4300,31.0200,2.5100,6.9300,47.0900,6.6100,75.7500,34.1600,38.8600,15.8900,115.2000,4.6500,7042.2998
10/7/2023 0:00,2.4200,0.7200,14.8000,26.3700,1.6000,4.8700,7.5600,2.2500,2.5000,1.1950,1.5100,9.5000,38.3800,6.1000,5.1000,14.9700,4.6100,9.2000,2.9600,20.8400,24.1000,11.0300,10.6000,35.0600,1.3350,0.9900,29.2500,23.2600,9.5400,28.3700,8.6700,36.4900,60.6000,6.0500,28.9500,7.6400,3.8500,7.0000,5.4500,6.0000,1.3850,1.4450,8.5200,42.7200,19.4100,4.0400,2.9300,13.9500,20.8500,25.0600,3.5300,4.0600,23.2200,3.0500,6.3500,5.5300,10.7300,3.9400,3.5300,7.6000,2.5100,221.9000,17.8200,98.5200,23.1300,1.5000,18.2500,264.1200,5.3400,1.3800,4.4700,7.7900,8.1000,3.5600,45.0200,4.1800,14.2300,34.4400,6.1000,3.2700,11.3800,22.2500,4.9700,18.7700,21.2300,9.0300,1.5250,19.3300,4.0700,7.8500,2.7300,3.4900,4.7800,1.1400,23.9100,21.1700,15.1800,11.1200,2.7200,3.6700,5.7200,7.3900,43.3000,5.3600,2.0200,7.0100,7.7500,15.9500,2.7400,19.1000,7.0300,171.2800,63.9500,8.3800,3.4300,3.7000,1.9200,2.6500,66.8400,2.2200,25.6400,2.2500,13.3400,11.2700,4.7700,12.1900,8.4800,0.8650,1.9350,12.4500,5.1800,14.6000,8.4600,3.2600,0.7200,25.2200,1.6250,12.5400,4.9200,9.2000,19.6300,62.4500,4.8400,6.1100,15.4300,2.7600,1.2400,55.2100,139.8300,17.7800,2.2300,2.0000,3.8600,32.2100,110.4800,5.7000,7.4200,2.6100,22.2000,23.4400,34.3700,3.5600,2.4700,5.8400,3.9300,13.3100,11.4300,1.0850,15.0100,10.6200,4.2300,4.9300,4.8300,13.6900,10.6000,1.8000,2.7200,2.9000,1.4800,1.4450,30.9500,2.5000,6.9200,46.7900,6.5900,75.8600,34.0000,38.4200,16.0100,116.2800,4.7200,7004.0000
11/7/2023 0:00,2.4500,0.7350,14.6400,27.2600,1.6650,4.8800,7.5800,2.3400,2.5300,1.2100,1.5250,9.3100,39.0200,6.0100,5.2100,15.2600,4.6500,9.2000,2.9700,21.1700,24.9000,11.1400,10.7100,35.9400,1.3700,1.0200,29.4400,23.8000,9.7300,28.7700,8.6900,37.1600,60.3700,6.1400,29.5600,7.6600,3.9200,7.0300,5.5800,6.1100,1.4400,1.6650,8.7100,43.3300,19.6100,4.1200,2.9900,13.9800,21.5300,25.2000,3.5700,4.3900,23.7800,3.0800,6.4800,5.6800,10.8900,3.9800,3.5900,7.5800,2.5400,225.4900,17.9300,99.6200,23.3500,1.5500,18.8400,265.0100,5.4300,1.4600,4.5300,7.9000,8.1400,3.6200,46.7500,4.2100,14.2700,35.1900,6.1700,3.4200,11.5000,22.5100,4.9800,19.2900,21.6500,9.3000,1.5900,19.8100,4.1500,7.8700,2.7700,3.5400,4.7800,1.1600,24.9500,21.7000,15.4600,11.2000,2.7700,3.7700,5.7600,7.5200,43.9600,5.2600,2.0300,7.1000,7.9200,16.0800,2.8500,19.6200,7.1100,174.8300,64.6600,8.4200,3.4600,3.7000,1.9450,2.6800,67.9000,2.2600,26.1800,2.2400,13.8000,11.3400,4.7600,12.5200,8.4900,0.8850,1.9550,12.8300,5.2200,14.8800,8.4700,3.3200,0.7500,25.4300,1.7050,12.8900,5.0300,9.3200,20.1400,63.7300,4.9000,6.2300,15.5200,2.8000,1.3000,55.5800,144.4300,17.9800,2.2800,2.0700,3.9700,32.5700,111.9100,6.0200,7.4800,2.6700,22.9000,23.7200,34.8300,3.6900,2.4500,5.8200,4.0300,13.4200,11.7200,1.1050,15.2300,11.0600,4.2500,5.0000,4.8300,13.9500,10.8100,1.8350,2.7800,2.9300,1.4900,1.4500,31.2000,2.5100,7.1800,47.5800,6.6000,76.8100,34.3600,38.5800,16.0400,119.0000,4.7000,7108.8999
12/7/2023 0:00,2.4700,0.7250,14.6500,27.1700,1.7200,4.9000,7.2700,2.2500,2.5200,1.2000,1.5250,9.0900,39.0500,6.0500,5.1100,15.3700,4.6300,9.2000,2.9500,21.2100,24.6000,11.1500,10.8900,35.8600,1.3950,1.0300,29.5200,24.0200,9.7000,29.0000,8.7000,37.4300,60.0000,6.2500,29.0400,7.6800,3.9100,7.0500,5.6300,6.1500,1.4650,1.5450,8.7800,44.0700,19.8000,4.1700,3.0800,13.8900,21.9400,25.2900,3.5900,4.5700,23.7900,3.0800,6.4500,5.7800,10.8800,4.0100,3.6100,7.6900,2.5900,223.1500,17.9300,99.1500,23.4500,1.5300,18.6000,262.8600,5.4700,1.4750,4.5600,7.8500,8.0300,3.6600,47.2900,4.3300,14.3600,34.8500,6.1900,3.4100,11.5800,22.3500,5.0700,19.3400,22.1900,9.4100,1.5650,19.7700,4.1600,7.7900,2.7800,3.6000,4.7900,1.1650,25.4700,21.7500,15.4000,11.1900,2.9200,3.7600,5.7800,7.6100,44.1100,5.2300,2.0800,7.0900,7.8900,16.1100,2.8400,19.5600,7.0400,176.3400,64.1100,8.4800,3.4100,3.7000,1.9500,2.7100,69.0200,2.2400,26.4200,2.2300,13.7400,11.2100,4.7900,12.3300,8.4300,0.8700,1.9800,12.6000,5.2900,14.9000,8.4700,3.3200,0.7600,25.2000,1.6700,12.9600,4.9200,9.1900,20.1600,63.8400,4.8900,6.2300,15.4300,2.8200,1.2900,55.7600,145.0000,18.2200,2.3000,2.0600,3.9900,32.5500,113.7500,5.9700,7.5700,2.6800,22.9000,23.8000,34.6400,3.7300,2.4900,5.8200,4.0400,13.4000,11.7300,1.1000,15.1500,11.1200,4.2400,5.0400,4.8600,13.9600,10.8900,1.8450,2.8700,2.9100,1.5050,1.4450,30.9500,2.5200,7.1500,47.6000,6.6700,75.7000,35.2700,38.5600,16.1900,118.6200,4.7500,7135.7002
13/7/2023 0:00,2.4600,0.7200,14.6800,27.5900,1.6250,4.9500,7.6400,2.2900,2.5000,1.2700,1.5850,9.2200,39.9800,5.8700,4.9500,15.6400,4.6800,9.4500,2.9700,21.4600,24.7100,11.2100,11.2800,36.1500,1.4400,1.0400,29.8000,24.3600,9.8100,29.7600,8.7600,38.2200,60.6000,6.2400,29.0600,7.7500,3.9100,7.0600,5.6800,6.2800,1.4850,1.5850,8.8800,44.7300,20.1900,4.2600,3.0700,13.9700,22.5100,25.3300,3.6900,4.7100,23.9700,3.1300,6.6000,5.8500,11.2700,4.1300,3.7200,7.8300,2.6300,228.0800,18.1500,100.6200,23.7700,1.5300,19.0800,264.4700,5.5300,1.5500,4.6200,7.9800,8.2800,3.8100,48.7100,4.4200,14.9900,34.9800,6.2500,3.6600,11.7800,22.8200,5.2000,19.8000,22.4800,9.7800,1.6350,20.5800,4.2500,7.6800,2.8300,3.6700,4.9900,1.1850,26.0300,22.2500,15.8200,11.3100,2.8800,3.9000,5.7400,7.8200,44.8500,5.2800,2.1000,7.1400,8.2700,16.3800,2.8900,19.9900,7.0600,180.9600,64.5900,8.6300,3.3600,3.7500,1.9550,2.7400,71.6900,2.3100,26.5500,2.2900,14.4600,11.6400,4.7500,12.7400,8.2800,0.9050,2.0500,13.1400,5.3200,14.9200,8.5000,3.3500,0.7550,25.5200,1.8050,13.4200,5.0900,9.5900,20.8800,64.9000,4.7800,6.3400,14.9800,2.8400,1.3300,56.0100,146.5600,18.6800,2.3600,2.1900,3.9700,32.3700,117.2000,6.2500,7.6700,2.7700,23.5700,24.9100,35.1800,3.8600,2.5700,5.8200,4.1800,13.5400,11.9200,1.1250,15.2900,11.2500,4.2400,5.1300,4.9000,14.1100,10.9800,1.8900,3.0900,2.9200,1.5100,1.4550,31.4100,2.5800,7.2600,48.6900,6.6100,77.1700,35.7300,39.1200,16.4600,121.7700,4.7300,7246.8999
14/7/2023 0:00,2.4600,0.7300,14.5900,27.5600,1.6250,4.9900,7.5000,2.2900,2.4800,1.2900,1.6200,9.3500,40.4500,5.9600,5.1800,15.7600,4.7000,9.4500,3.0500,21.4600,24.8000,11.4000,11.3200,36.8100,1.4650,1.0550,30.1700,24.4400,9.8400,30.3000,8.8100,38.8200,60.9800,6.2500,28.7500,7.7200,3.9400,7.1400,5.7400,6.2500,1.5050,1.6000,8.9600,45.5200,20.4400,4.3600,3.1500,14.0600,22.2300,25.5900,3.6800,4.7600,24.3900,3.1100,6.7500,5.9500,11.6000,4.1400,3.7300,7.9800,2.6600,230.3500,18.1900,101.3300,24.0700,1.5600,19.5300,260.9800,5.5500,1.5250,4.6900,8.1900,8.3000,3.7400,49.4900,4.5800,14.8000,34.8300,6.2600,3.7700,11.7400,22.8700,5.2400,20.0400,22.7900,9.7300,1.6600,20.6400,4.2700,7.6800,2.8500,3.6900,5.0500,1.1850,25.5600,22.5200,16.1200,11.2700,2.8700,3.9600,5.7400,7.9400,44.9100,5.3900,2.1300,7.0900,8.5800,16.9500,2.9100,20.1600,7.1000,182.7000,65.0100,8.7300,3.3500,3.7200,1.9550,2.7700,72.5000,2.3600,26.9200,2.3100,13.6800,13.5900,4.8000,12.9200,8.2900,0.9100,2.1100,13.3500,5.3500,15.1300,8.5800,3.3600,0.7850,25.9000,1.8200,13.4500,5.0800,9.8700,21.1200,65.4900,4.7100,6.3400,14.9900,2.8400,1.3200,56.4100,149.4000,18.8200,2.3500,2.2500,3.8900,31.9800,119.0200,6.4100,7.7000,2.7400,24.1000,25.2500,35.7100,3.9500,2.5200,5.8100,4.2000,13.6900,11.9900,1.1300,15.5300,11.8500,4.3100,5.2000,4.9100,14.0600,10.9300,1.9150,3.2100,3.0200,1.5300,1.4650,31.7100,2.5700,7.3000,48.8500,6.6500,79.0200,36.2800,38.9600,16.8700,123.7400,4.7700,7303.1001
17/7/2023 0:00,2.4700,0.7250,14.5800,27.7700,1.6300,4.9500,7.6200,2.3200,2.4800,1.3100,1.5600,9.2400,40.1900,5.9200,5.1600,15.4800,4.6700,9.4500,3.0800,21.4300,24.9200,11.4800,11.4300,37.1500,1.4350,1.0550,30.1800,24.5400,9.8700,30.4200,8.8100,39.3900,61.3700,6.2900,28.6000,7.7400,4.0000,7.1200,5.7800,6.2700,1.4900,1.5850,9.0200,45.2600,20.0700,4.3800,3.0700,14.1600,22.5300,25.4000,3.6900,4.7400,24.5800,3.1300,6.8200,5.7900,11.4500,4.1200,3.7500,7.8600,2.6900,232.5200,18.1700,101.8700,23.9900,1.5450,19.4100,258.8200,5.5500,1.5050,4.6900,8.1700,8.2900,3.8300,49.8100,4.5200,14.7300,35.3500,5.6400,3.8000,11.7000,22.8100,5.1500,20.1600,22.4900,9.7000,1.6400,20.7300,4.2600,7.7200,2.8500,3.7100,5.1700,1.1900,25.9100,22.6900,15.4000,11.1100,2.9200,3.9500,5.7000,8.0900,45.3900,5.3200,2.1700,7.1000,8.5500,16.5500,2.8300,20.3300,6.9200,183.0200,66.4000,8.7200,3.4700,3.7500,1.9600,2.7600,72.3000,2.3500,27.1200,2.3000,13.9800,13.3500,4.8900,12.8700,8.1400,0.8800,2.1000,13.4100,5.4000,15.1000,8.5800,3.4000,0.7600,25.8500,1.7800,13.1900,5.1200,9.8600,21.3600,65.9200,4.7500,6.4200,15.0600,2.8800,1.3200,56.8700,149.2600,18.7900,2.3700,2.2400,3.8900,32.6000,117.8500,6.3400,7.5600,2.7600,24.2000,25.4900,36.0300,3.9400,2.5600,5.8400,4.1800,13.7800,11.9900,1.1350,15.9600,11.7300,4.3100,5.1700,4.8900,14.1400,11.0200,1.9300,3.2200,3.0500,1.5250,1.4550,31.7800,2.6000,7.3500,49.1500,6.8300,80.3800,35.9400,39.0400,16.9700,124.4100,4.9800,7298.5000
18/7/2023 0:00,2.4800,0.7300,14.4900,23.8800,1.7300,4.9200,7.6000,2.3000,2.4700,1.3000,1.5800,9.0300,39.9900,5.9000,5.1500,15.5000,4.6700,9.4500,3.0800,21.6000,25.4100,11.8000,11.4800,37.3200,1.4100,1.0500,29.8400,24.9500,9.8100,30.2900,8.8300,38.3200,61.2400,6.2200,28.7200,7.6300,3.8000,7.1500,5.8600,6.1900,1.4850,1.5500,9.0900,44.8200,20.1800,4.3300,3.0100,14.0000,22.2900,25.3000,3.6500,4.7000,24.2700,3.0900,6.9100,5.8200,11.2300,4.0600,3.7100,7.8400,2.6400,232.2700,18.0600,102.5700,23.8500,1.5450,19.3900,264.5700,5.4900,1.4650,4.7200,8.0400,7.9600,3.8100,49.2600,4.5700,14.5300,35.1200,5.6900,3.8000,11.3700,22.5000,5.1500,20.3000,22.7100,9.5000,1.6200,20.5000,4.2000,7.9000,2.8100,3.6800,5.0600,1.1650,25.6700,22.5800,14.8200,11.1300,2.9500,3.9000,5.8000,8.0000,45.5300,5.2700,2.1500,6.9600,8.1300,16.2800,2.8400,20.2700,6.8300,181.6400,66.9400,8.7500,3.5300,3.6100,1.9650,2.7500,72.2000,2.3200,27.6700,2.2600,14.2600,13.9100,4.9000,12.8300,8.2200,0.8400,2.0700,13.3700,5.3700,15.1000,8.5800,3.3900,0.7500,25.9600,1.7700,12.8600,5.1800,10.0200,21.2900,65.8300,4.7000,6.3700,15.1200,2.8800,1.3400,56.6900,148.7400,18.8100,2.3600,2.2000,3.8800,32.5300,116.8800,6.2000,7.5300,2.7200,24.3200,25.3000,35.5900,3.9000,2.5200,5.8100,4.0800,13.7900,11.9100,1.1100,15.7300,11.8300,4.2300,5.1000,4.8700,13.8900,10.9000,1.9000,3.2800,3.0400,1.5300,1.4600,31.4800,2.5400,7.3000,49.0200,6.8100,80.9000,35.5500,38.6700,16.8500,125.1300,4.8700,7283.7998
19/7/2023 0:00,2.5100,0.7200,14.5900,23.2800,1.7600,4.9000,7.4000,2.3400,2.4600,1.3350,1.5800,9.0300,40.5100,5.8500,4.9100,15.5600,4.6700,9.4500,3.0500,22.0600,26.0400,11.8000,11.5400,37.1000,1.3800,1.0600,31.1400,25.4600,9.8400,30.3400,8.8400,38.3400,61.7600,6.2300,28.7400,7.5700,3.7100,7.1400,5.9500,6.2700,1.4900,1.5500,9.1400,44.6700,20.2500,4.3400,3.0500,13.9600,22.2500,25.1900,3.6800,4.7600,23.8900,3.1200,7.0000,5.8500,11.4000,4.1300,3.7700,7.7000,2.6500,235.1300,18.0900,104.6500,24.3500,1.6300,19.7200,265.5200,5.5000,1.4400,4.7300,8.1500,8.0500,3.8300,49.9300,4.6200,14.5900,35.0700,5.8900,3.7400,11.6700,22.6600,5.1400,20.8100,22.2900,9.6100,1.6400,20.5200,4.2500,7.9300,2.8400,3.7200,5.1400,1.1900,26.4400,23.1600,14.7700,10.8400,2.9100,3.9400,5.7300,8.1000,45.7000,5.2200,2.1500,7.0200,7.9400,16.6100,2.8500,20.8200,6.8000,183.9000,66.1000,8.9500,3.4400,3.6300,1.9600,2.7700,72.0600,2.3500,27.9800,2.2600,14.4400,13.6200,5.1000,12.8500,8.2500,0.8250,2.0600,12.5900,5.4600,15.1500,8.6400,3.4000,0.7500,26.3600,1.7950,13.1000,5.1300,10.2000,21.6400,65.7500,4.6900,6.4600,15.2400,2.9000,1.3500,56.8500,149.5700,18.9000,2.4000,2.1900,3.9100,32.3900,116.0100,5.9900,7.6500,2.7500,24.4700,25.5200,35.3100,3.8300,2.5800,5.8000,4.1600,13.8300,12.2400,1.1200,15.7800,12.1600,4.2100,5.1300,4.9000,13.9200,11.0000,1.9350,3.3800,3.0900,1.5250,1.4600,31.7300,2.5700,7.3400,49.2500,7.0000,81.5300,36.0500,38.5000,16.9800,126.8000,5.0200,7323.7002
20/7/2023 0:00,2.4800,0.7150,14.6200,23.6200,1.9300,4.9100,7.4100,2.3100,2.4800,1.4400,1.6250,9.0000,40.5800,6.0900,5.0800,15.4200,4.6900,9.4900,3.0700,22.1200,26.6700,11.8600,11.4300,37.2100,1.3750,1.0750,32.2100,25.3500,9.7400,30.3300,8.8700,38.5600,61.9700,6.2700,28.7300,7.5100,3.7000,7.1100,5.9500,6.2300,1.4900,1.5250,9.1400,44.6200,20.1500,4.2400,3.0800,14.0000,22.6300,24.9800,3.6600,4.7400,23.7900,3.1200,6.9700,5.8700,11.2100,4.1200,3.7500,7.6200,2.6600,233.4500,18.0200,105.2500,24.7000,1.6050,19.8200,265.3000,5.4500,1.4400,4.6900,8.1100,7.9100,3.8300,49.7200,4.5200,14.3600,34.9800,5.9100,3.7200,11.8800,22.6000,5.1100,21.6500,22.5900,9.5000,1.6450,20.4100,4.2300,7.9700,2.8400,3.6700,5.1400,1.1900,26.8000,23.0300,14.9200,10.8000,2.9100,3.9200,5.8000,8.0000,44.5600,5.3100,2.1700,6.9300,8.1700,16.8100,2.8900,20.8800,6.8100,185.4900,66.5400,9.1500,3.4500,3.6300,1.9800,2.7600,75.7800,2.3200,27.9400,2.2500,14.4600,14.4800,5.0900,12.9800,8.2300,0.8150,2.0700,11.7600,5.5300,15.1500,8.6200,3.3900,0.7600,26.5800,1.8000,13.0100,5.1000,10.2100,21.4400,65.7800,4.6400,6.5800,15.6000,2.8700,1.3800,56.2800,149.5700,18.8100,2.4000,2.1400,3.9200,32.1200,116.4300,6.0100,7.6400,2.7600,24.2300,25.5800,35.0700,3.8100,2.7300,5.8200,4.1100,13.8800,12.1500,1.1250,15.7800,10.3800,4.2000,5.0600,4.9200,13.9400,10.9800,1.9300,3.4400,3.1000,1.5350,1.4750,32.0400,2.5800,7.5400,49.0600,6.9000,81.9800,35.8700,38.4300,16.9300,127.2000,4.9100,7325.0000
21/7/2023 0:00,2.4700,0.7200,14.7400,23.7900,1.9650,4.9900,7.5500,2.3000,2.4700,1.4500,1.6500,8.9900,40.4800,5.8500,5.0500,15.2100,4.6600,9.4900,2.9100,21.9800,25.8000,12.0000,11.3300,36.7500,1.3550,1.0700,32.5400,25.1600,9.7500,29.9800,8.8400,38.3700,61.6100,6.2100,28.7000,7.5700,3.7400,7.1000,5.9600,6.1700,1.4950,1.4700,9.1500,45.0200,20.2100,4.2000,2.9500,13.9800,21.9300,25.2300,3.6800,4.7000,23.3600,3.1600,6.9500,5.7500,11.1600,4.0200,3.7000,7.6700,2.7100,233.8700,18.1500,104.5500,24.9900,1.6500,19.8600,267.1000,5.4200,1.3900,4.6300,8.0900,7.8400,3.7300,49.2000,4.5900,14.3000,34.8700,6.0500,3.6100,12.0000,22.5700,5.1500,22.1400,22.5400,9.4100,1.5900,20.5100,4.2400,8.1200,2.8400,3.6600,5.0700,1.1950,26.6000,23.0100,14.5900,10.6700,2.9400,4.1000,5.8500,7.9600,44.2500,5.3200,2.1800,6.9400,8.2100,16.9200,2.8400,20.8000,6.6900,182.8300,68.0000,8.9900,3.4700,3.6300,1.9700,2.7600,70.1100,2.3200,27.9000,2.2300,14.5500,14.2000,5.2000,12.7000,8.2200,0.8200,2.0400,11.6700,5.4800,15.3300,8.6400,3.4300,0.7400,26.3600,1.7200,12.7800,4.8700,10.2000,20.7900,66.5000,4.8000,6.5800,15.8200,2.8600,1.3550,56.5100,145.6600,18.7700,2.4000,2.1100,3.9000,32.5400,116.7800,5.9600,7.7300,2.7300,23.2500,25.7000,35.3400,3.8200,2.7400,5.8200,4.1200,13.9700,12.0500,1.1250,15.3300,10.3600,4.2300,5.0900,4.9200,13.9300,11.1500,1.9300,3.4200,3.1000,1.5400,1.4700,32.1800,2.5600,7.5300,49.0400,7.0100,80.0500,36.4000,38.9500,16.7900,122.2000,4.9900,7313.8999
24/7/2023 0:00,2.4200,0.7200,14.8900,23.5900,1.7500,5.1100,7.5600,2.2800,2.4400,1.4800,1.6200,9.1000,41.3300,5.9500,5.1100,15.4300,4.6900,9.5300,2.9400,21.9600,26.1900,12.1100,11.2300,36.8100,1.3450,1.0750,32.8900,25.1200,9.8400,30.4600,8.8400,38.6600,61.8000,6.2600,28.8200,7.6400,3.7500,7.0900,5.9400,6.2200,1.5000,1.4800,9.1700,44.3400,20.2900,4.2600,2.9200,14.0500,21.6100,25.3800,3.7400,4.6600,23.8500,3.1800,6.9500,5.6500,11.2800,4.0500,3.7500,7.6800,2.6900,234.7800,18.0900,104.4300,25.0700,1.6900,19.8300,266.2700,5.5300,1.3550,4.6100,8.1000,7.7700,3.7800,49.8000,4.5700,14.3100,35.0100,5.9600,3.6000,12.0100,22.5400,5.1600,22.3900,22.1900,9.5800,1.5700,20.7000,4.2700,8.0800,2.8500,3.6500,5.1800,1.2000,26.7600,23.1800,14.0000,10.5100,2.9500,4.1200,5.9000,7.9300,44.2400,5.3000,2.1700,6.9400,8.3100,16.8400,2.7300,20.7100,6.6200,183.5900,67.7000,9.0800,3.5000,3.6400,1.9750,2.7700,68.3100,2.3300,27.6900,2.2600,14.7700,13.9700,5.3900,12.4100,8.3000,0.8100,2.0200,11.5900,5.5500,15.2600,8.5900,3.4600,0.7550,26.1400,1.6900,12.8900,4.5900,10.3100,20.6700,67.0100,4.7200,6.6900,15.8400,2.8800,1.3250,56.5800,148.2800,18.8600,2.4100,2.0700,3.9500,32.6600,115.2500,5.7600,7.9000,2.7700,23.5900,25.8600,35.5000,3.7200,2.7700,5.8600,4.1600,13.9600,12.0400,1.1300,15.5300,11.1600,4.2500,5.0800,4.9700,14.0800,11.1800,1.9650,3.3300,3.1400,1.5350,1.4650,32.4600,2.5800,7.5800,49.2600,7.2300,81.5600,37.2500,38.8300,16.9800,120.7200,4.9600,7306.3999
25/7/2023 0:00,2.4300,0.7200,14.9000,23.6400,1.7200,5.1100,7.6400,2.2700,2.4400,1.4450,1.6550,9.0500,41.4500,5.9300,5.1100,15.4200,4.6600,9.4000,2.9300,21.7300,26.2400,12.1200,11.4500,36.8200,1.3650,1.0750,33.2300,25.0600,9.8600,30.0900,8.8700,38.4700,61.4600,6.3000,28.7500,7.6100,3.7300,7.1000,5.8400,6.1300,1.5250,1.4550,9.1000,45.8200,20.7800,4.2200,2.9800,14.0900,21.6400,25.4700,3.7000,4.7000,23.9800,3.1800,7.0000,5.9300,11.1100,4.0400,3.7000,7.7000,2.6700,235.5700,18.0200,104.2000,24.8700,1.7450,19.7400,265.3800,5.6000,1.3650,4.6900,8.0700,7.6800,3.9200,47.2900,4.5000,14.3900,34.8000,6.1100,3.6300,12.1000,22.2300,5.1000,22.3900,23.2000,9.5100,1.5900,20.7400,4.2500,8.1500,2.8300,3.6400,5.1600,1.1950,26.7100,23.1600,14.2300,10.8600,2.9400,4.0200,5.8500,7.9000,43.8200,5.2800,2.2200,7.0000,8.3300,16.7600,2.8000,20.4500,6.7300,181.9200,67.5100,9.0100,3.5000,3.6200,1.9800,2.7900,70.9500,2.2800,27.6100,2.2800,14.7600,14.0500,5.5200,12.4000,8.3500,0.8150,2.0100,11.6200,5.3500,15.6100,8.5500,3.4500,0.7600,26.1500,1.7450,12.7000,4.8300,10.3500,20.5700,66.8900,4.6700,6.5800,15.6400,2.8900,1.3050,55.9900,150.6900,18.9100,2.4000,2.0700,4.0000,32.4700,119.1800,6.0100,7.9500,2.7700,23.8300,26.0000,35.0400,3.8500,2.8400,5.8400,4.1200,13.8100,11.9000,1.1150,15.5500,11.2200,4.2500,5.0100,5.0100,14.1200,11.0700,1.9500,3.3100,3.1500,1.5300,1.4850,32.3400,2.5700,7.5900,48.8200,7.3900,82.2600,37.7000,38.6500,17.0600,119.3000,5.1300,7339.7002
26/7/2023 0:00,2.3900,0.7200,15.0500,23.5500,1.7800,5.1100,7.5400,2.2400,2.4400,1.4550,1.6600,9.0600,41.6700,5.9400,5.1000,15.4400,4.6500,9.3600,2.9000,22.0900,26.5100,12.1700,11.3000,37.5100,1.4050,1.0850,33.2300,25.4600,9.8400,30.2700,8.8900,38.8600,61.2500,6.3200,28.6000,7.5900,3.7500,7.1000,5.9100,6.1900,1.6300,1.4500,9.2700,46.8800,21.1800,4.2000,2.9900,14.0000,21.4800,25.3800,3.6700,4.6800,24.2000,3.1600,7.0900,6.2500,10.9900,4.0400,3.7200,7.7400,2.6900,236.8000,18.0600,105.0000,24.9400,1.7300,19.9200,262.8600,5.5300,1.3500,4.7800,8.0200,7.7400,4.0700,48.0000,4.4700,14.6400,34.7500,6.1100,3.6600,12.0500,22.3100,5.1500,22.6600,23.7300,9.8000,1.6150,20.5200,4.2400,8.2400,2.8500,3.6400,5.1200,1.2050,27.0500,23.9100,14.3900,10.9900,2.9700,3.9400,5.9400,8.0500,44.4000,5.3100,2.2500,7.0300,8.3400,16.7000,2.8400,21.1900,6.7100,183.0200,67.5800,9.0000,3.4700,3.6000,1.9850,2.8100,73.8200,2.2900,28.0400,2.2500,14.7800,13.7000,5.6600,12.4700,8.4200,0.8250,2.0600,11.5500,5.3300,15.7000,8.4800,3.4900,0.7650,26.3000,1.7850,12.6200,5.0500,10.3200,21.1400,66.9500,4.7500,6.6200,15.7900,2.8600,1.3050,56.2200,154.3500,18.9300,2.4000,2.0900,3.9700,32.7100,120.8100,6.0000,7.9700,2.7400,24.0100,25.6100,35.1600,3.9300,2.8800,5.8400,4.1300,14.0600,12.0800,1.1150,15.5800,11.1100,4.2500,5.0300,5.0300,14.2400,11.1300,1.9600,3.3400,3.1500,1.5450,1.4800,32.6000,2.5700,7.5500,49.3400,7.5200,84.2600,37.8300,38.7800,17.0200,120.1000,5.2000,7402.0000
27/7/2023 0:00,2.4300,0.7200,15.0900,23.9100,1.8750,5.2000,7.7000,2.2000,2.4600,1.4900,1.6500,9.0200,42.9500,6.1000,5.1400,15.1600,4.7300,9.3500,2.9300,22.3500,26.6800,12.2300,11.7100,37.8100,1.4100,1.1200,32.7300,25.7800,10.0800,31.3500,8.8700,39.8400,61.9300,6.3900,28.8800,7.6700,3.8000,7.1600,6.0500,6.3000,1.6300,1.4700,9.3600,46.1800,21.1500,4.3100,2.9100,14.0700,22.4700,25.6700,3.7500,4.8200,24.4400,3.2300,7.2300,6.0000,11.5800,4.1800,3.8000,7.8800,2.7400,240.9900,18.3000,106.5300,25.1200,1.6800,20.9300,267.7000,5.6600,1.4050,4.7600,8.2800,7.8800,4.1800,48.7300,4.5200,14.9500,34.6100,6.1800,3.7600,12.2700,22.6600,5.0900,23.3600,22.9200,10.2000,1.6150,21.1000,4.3700,8.2700,2.9500,3.7500,5.3200,1.2200,27.8300,24.5600,14.3600,10.5100,3.0500,4.2100,5.9900,8.2600,45.8300,5.4800,2.2500,6.9500,8.5600,17.3000,2.7900,21.7200,6.5800,175.0300,68.3900,9.2500,3.5200,3.6700,1.9950,2.8200,72.9000,2.3700,28.4700,2.3100,15.1700,13.4400,5.3400,12.8100,8.3500,0.8150,2.1300,11.7400,5.4400,15.8400,8.4700,3.5300,0.7550,25.9000,1.7850,13.2200,5.0100,10.5800,22.1100,67.9400,4.7200,6.6000,15.9500,2.9100,1.3200,58.0400,158.3800,19.4600,2.4800,1.8650,4.1300,33.6200,117.8000,6.5400,7.9500,2.8600,24.8700,26.0000,35.5000,3.8900,2.8200,5.8800,4.2700,14.4100,12.3200,1.0800,15.8800,11.4500,4.3100,5.0400,5.0500,14.4700,11.2700,2.0300,3.4200,3.1500,1.5700,1.4750,32.8700,2.6300,7.8700,50.1500,7.0800,85.7000,37.8900,39.2300,17.1300,122.6600,5.1000,7455.8999
28/7/2023 0:00,2.4300,0.7300,15.2600,24.1600,1.8550,5.2000,7.5100,2.1300,2.4600,1.4750,1.6600,9.1300,43.2400,6.0600,4.9900,15.0600,4.7500,9.9900,2.9000,22.2800,26.2600,12.2700,11.5800,38.3200,1.3900,1.1150,32.4700,25.7600,10.0200,31.2400,8.8400,39.1100,61.7100,6.2700,28.2200,7.6800,3.8000,7.1700,6.0300,6.2600,1.6150,1.4150,9.3300,45.8000,21.4800,4.3400,2.8700,13.9900,22.7200,26.0000,3.6900,4.4300,24.4000,3.1900,7.1800,5.8400,11.4100,4.0900,3.7600,7.9500,2.7200,239.0700,18.3600,105.5000,25.0500,1.6650,20.9200,266.7600,5.7000,1.3450,4.6900,8.1800,7.8900,4.1300,48.6400,4.3600,14.7700,35.1600,6.1000,3.6800,12.3300,22.5400,5.1300,23.2100,21.6800,9.8600,1.5450,20.5000,4.3300,8.0700,2.8500,3.7700,5.2100,1.2050,27.7100,24.6500,14.4700,10.3200,3.0600,4.0500,5.9600,8.0900,45.6000,5.3900,2.2100,6.9100,8.5000,17.5000,2.7500,21.0100,6.5600,176.7100,68.1600,9.1300,3.5300,3.6600,1.9950,2.8300,71.8700,2.3400,28.3800,2.2800,15.0500,12.9600,5.3600,12.7900,8.3500,0.8100,2.1500,11.5700,5.3900,15.8300,8.5200,3.5500,0.7350,24.0600,1.7100,13.0500,4.9500,10.4900,22.1800,69.2800,4.6700,6.5800,15.8600,2.9400,1.2650,57.6700,156.4200,19.5600,2.4300,1.7100,4.1500,33.4800,116.6200,6.5900,7.9400,2.8100,24.6900,26.0000,34.9200,3.8500,2.8600,5.8400,4.2100,14.2800,12.2800,1.0600,15.9400,11.2500,4.2800,5.0500,5.0200,14.3100,11.1600,1.9750,3.4000,3.1300,1.5650,1.4750,32.9700,2.6000,7.8100,49.6100,7.0300,86.1200,38.0200,39.1300,17.2200,122.1300,5.1100,7403.6001
31/7/2023 0:00,2.4900,0.7275,15.3100,24.1400,1.8400,5.3000,7.6000,2.2700,2.4300,1.4700,1.6200,9.3600,43.4800,6.0500,5.2100,15.1000,4.7900,9.9900,2.9000,22.3400,26.4000,12.1900,11.7400,38.2100,1.4300,1.1300,32.8500,25.7500,10.0000,31.1700,8.8500,39.3300,62.1100,6.2800,28.6800,7.7800,3.8100,7.2100,6.0400,6.2500,1.6150,1.4500,9.3500,46.0100,21.8400,4.3600,2.9100,14.0700,22.5700,25.9100,3.6700,4.4500,24.8600,3.1800,7.1700,5.9800,11.4300,4.1100,3.7500,7.9500,2.7600,239.1800,18.1900,105.7100,25.0800,1.6700,20.9200,268.5200,5.7200,1.3350,4.7000,8.2200,8.0000,4.0600,49.1000,4.3900,14.7600,35.6600,6.0800,3.7000,12.2100,22.7500,5.1600,23.3700,21.6800,9.9700,1.5750,20.5400,4.3400,8.0900,2.8700,3.7800,5.1800,1.1950,28.1400,24.8800,13.8000,10.2200,3.0200,4.0800,5.9300,7.9000,45.6500,5.2900,2.2300,6.9300,8.6300,17.3600,2.6900,21.4500,6.7300,175.0100,68.1600,9.3300,3.5100,3.6000,1.9850,2.8800,71.4300,2.3400,28.4200,2.3200,15.1600,13.0300,5.3100,12.7500,8.2800,0.8250,2.1400,11.5100,5.3700,15.7500,8.4700,3.5900,0.7350,24.6600,1.7350,13.2300,4.8400,10.5000,22.1200,68.7900,4.7000,6.5300,15.7700,2.9400,1.2750,58.9100,157.5300,19.6000,2.4200,1.6750,4.2200,33.6400,117.0700,6.7400,7.9600,2.8100,24.9000,26.2200,35.1500,3.8800,2.8100,5.8300,4.2200,14.2300,12.3100,1.0550,15.7500,11.2900,4.2600,5.1100,5.0200,14.3400,11.2500,1.9750,3.4400,3.1500,1.5750,1.4800,32.9500,2.6200,7.8800,49.6500,6.9200,85.7900,37.9900,38.6200,17.3600,122.2100,5.1000,7410.3999
1/8/2023 0:00,2.5100,0.7200,15.3000,24.3500,2.0500,5.2900,7.7000,2.3100,2.4700,1.4850,1.6000,9.1200,42.9700,6.0600,5.2400,15.2000,4.8000,9.9500,2.8800,22.4300,26.3700,12.2800,12.0700,38.5900,1.4450,1.1400,33.1000,25.8800,9.9800,31.5200,8.9200,39.7500,62.4500,6.2100,27.9100,7.7600,3.8100,7.2200,6.0500,6.2400,1.6500,1.4950,9.3900,46.3700,22.0000,4.4000,2.9800,14.1800,22.7600,26.1000,3.6700,4.4400,25.2900,3.1900,7.0200,6.0700,11.3900,4.1600,3.8000,8.0100,2.7600,238.8700,18.3300,105.8500,25.1300,1.6750,20.9700,269.3200,5.7800,1.3800,4.7700,8.2800,8.0600,4.1400,48.8900,4.4300,14.5100,35.0700,6.1100,3.7900,12.1800,22.8100,5.1900,23.1200,21.9800,9.9100,1.7100,20.6700,4.3400,8.0600,2.8500,3.8000,5.1900,1.1950,28.0100,24.7600,14.2400,10.2200,3.0300,4.1000,5.9600,7.9600,46.5300,5.2500,2.2400,6.9000,8.5900,17.1500,2.7500,21.5900,6.9300,177.5000,67.8200,9.5200,3.5100,3.6400,1.9850,2.8900,71.5500,2.3600,28.5800,2.2800,14.9400,13.1000,5.3700,13.0500,8.2300,0.8350,2.1600,11.6900,5.2600,15.8100,8.4900,3.6200,0.7700,25.1500,1.7800,13.3700,4.8500,10.6400,22.4700,69.0200,4.8000,6.4900,15.8500,2.9200,1.3000,59.3400,158.2200,19.3000,2.4300,1.7000,4.1600,33.6500,116.8700,6.7100,8.0200,2.8300,25.2200,26.1800,35.1200,3.9000,2.8700,5.8100,4.2600,14.0800,12.4400,1.0650,15.7200,11.4500,4.2600,5.1100,5.6000,14.3400,11.3300,1.9750,3.3900,3.1700,1.5650,1.4700,33.1200,2.6200,7.8300,50.1500,6.9400,86.5400,38.1800,39.0900,17.4900,123.8800,4.9800,7450.7002
2/8/2023 0:00,2.4700,0.7300,15.0100,23.9400,2.0800,5.2200,7.7300,2.2900,2.4900,1.4750,1.5850,9.4000,42.5400,6.1400,5.1800,15.1300,4.8000,9.5900,2.8600,21.9800,26.0000,11.6900,11.8400,38.0900,1.4250,1.1200,32.5200,25.3500,9.8000,31.1100,8.8600,39.7000,62.0300,6.1200,27.2500,7.7100,3.7500,7.1900,6.0000,6.1800,1.6250,1.4650,9.3200,45.8500,21.9100,4.3700,2.9300,13.9800,23.1200,25.7900,3.5500,4.2100,24.9200,3.1600,6.9200,5.8000,10.9600,4.0600,3.7400,7.8300,2.7400,237.1600,18.1500,103.4600,25.1100,1.6700,20.6200,268.0900,5.7200,1.3400,4.5800,8.1400,8.0600,4.0300,49.1000,4.4300,14.4800,34.7100,6.0900,3.7000,11.7000,22.7200,5.1300,22.8800,21.5500,9.7800,1.6650,20.1700,4.2900,8.0800,2.8200,3.7700,5.0100,1.1600,27.5000,24.3900,13.9900,10.0600,3.0600,4.0600,5.8800,7.8000,45.7700,5.2300,2.1800,6.7700,8.4200,16.8600,2.7200,21.0000,6.8700,175.0800,67.2500,9.3900,3.4600,3.6000,1.9700,2.8900,70.1700,2.3200,28.1100,2.2600,14.5500,12.7000,5.3900,13.0000,8.1200,0.8350,2.1300,11.3700,5.2100,15.5200,8.3900,3.5600,0.7800,24.7600,1.7350,13.0300,4.8700,10.4500,22.4100,71.0800,4.9000,6.3700,15.6700,2.8700,1.2600,58.5100,155.1400,19.3100,2.3800,1.6250,4.2200,33.9900,115.8200,6.6200,7.8900,2.8000,24.8400,26.3200,34.5300,3.9200,2.7700,5.8200,4.1900,13.9500,12.2000,1.0500,15.4400,10.9300,4.2300,5.0100,5.4500,14.0500,11.3800,1.9500,3.3600,3.1200,1.5650,1.4750,32.8900,2.5600,7.7300,49.7000,6.8900,86.5600,37.8800,38.7700,17.3000,123.7300,5.0000,7354.6001
3/8/2023 0:00,2.5100,0.7250,15.0000,24.0200,2.1700,5.2300,7.7700,2.2500,2.4900,1.4500,1.5300,9.2000,41.3400,6.1300,5.1700,14.6900,4.8100,9.5300,2.8600,21.9000,25.8700,11.6400,11.8800,37.8300,1.4100,1.0900,32.0900,25.2600,9.7200,30.5800,8.8700,40.2400,62.1100,6.1300,27.2400,7.7400,3.7300,7.2100,5.9200,6.2000,1.6050,1.5100,9.1600,45.3100,21.4400,4.2800,2.8900,13.9600,22.9400,25.5000,3.5000,4.2100,24.6700,3.1400,6.7800,5.7100,10.9500,4.0400,3.7300,7.8900,2.7200,235.7100,18.1500,102.4600,25.2100,1.6400,20.3800,267.0000,5.6100,1.3550,4.5500,8.1100,8.0200,4.0000,49.1400,4.2600,14.2900,34.5400,6.0500,3.7000,12.0800,22.7300,5.1300,22.5800,21.2800,9.7200,1.6600,20.1200,4.2800,8.0600,2.8000,3.7700,4.9400,1.1550,27.1200,23.8500,13.8100,9.9900,3.0200,4.0500,5.9900,7.8000,45.3500,5.1900,2.1500,6.7000,8.4000,16.8700,2.7400,20.6700,6.7200,174.0000,66.8300,9.2100,3.4700,3.6500,1.9900,2.8600,69.7700,2.3200,27.9300,2.2300,14.4000,12.7600,5.3700,12.7400,8.1400,0.8150,2.1200,11.4600,5.1500,15.6600,8.4100,3.5700,0.7600,24.6700,1.7350,12.8900,4.9400,10.0500,22.2400,69.9000,4.7900,6.3000,15.8500,2.8700,1.2500,57.7900,153.8900,19.3000,2.3600,1.6450,4.2000,33.8500,113.8800,6.5000,7.8300,2.7700,24.6800,26.2000,34.4600,3.8900,2.7400,5.8500,4.1700,14.0400,12.1000,1.0450,15.4000,10.8800,4.2600,5.0000,5.4400,14.0400,11.4700,1.9300,3.4700,3.0900,1.5500,1.4600,32.6100,2.5400,7.6700,49.5600,6.8900,85.3700,37.6000,38.7400,17.0200,120.3700,5.0000,7311.7002
4/8/2023 0:00,2.5200,0.7200,14.9500,23.8700,2.6600,5.2300,7.7900,2.1900,2.4800,1.3850,1.5550,9.1700,40.9900,5.9800,5.1800,14.8400,4.7900,9.5300,2.8700,21.9800,25.5100,11.4600,11.9800,37.8700,1.4250,1.0950,32.1200,25.4500,9.6000,30.9600,8.8500,40.7800,62.5400,6.1500,27.3800,7.7300,3.7600,7.2100,5.9500,6.2300,1.6550,1.4800,9.1500,45.8000,21.5300,4.3400,2.9200,13.9700,23.4500,25.0200,3.5100,4.2200,24.5400,3.1400,6.7800,5.7400,10.8800,4.0200,3.7000,7.8100,2.7500,235.3800,18.1100,101.8700,25.2000,1.6600,20.2100,265.1400,5.4900,1.3350,4.5800,8.0500,8.4000,4.0400,51.0900,4.3300,14.3600,34.6500,6.0700,3.6900,12.3500,22.5000,5.1600,22.1800,21.3900,9.9800,1.6500,19.9500,4.2500,8.1600,2.7500,3.7400,4.9700,1.1550,26.9900,24.2000,13.8000,10.1100,3.0500,4.1400,6.1000,7.8800,45.7300,5.1500,2.2400,6.7500,8.4100,17.1100,2.7400,20.9200,6.6900,175.4400,66.8200,9.2000,3.4700,3.6800,2.0000,2.8500,69.9600,2.3000,27.9500,2.2000,14.4700,12.4400,5.5400,12.9000,8.1500,0.8200,2.1500,11.2000,5.2000,15.8700,8.4200,3.6000,0.7750,25.1500,1.7500,12.8500,4.9900,9.7800,22.0300,70.2400,4.8100,6.3800,15.9300,2.8900,1.2600,57.5400,153.8400,19.2800,2.3500,1.6050,4.2400,30.7000,114.8300,6.6200,7.9000,2.7300,24.7600,26.2000,34.1000,3.9400,2.8000,5.8800,4.1500,14.1300,12.1900,1.0750,15.5700,10.6500,4.2400,5.0800,5.4600,14.0200,11.7800,1.9200,3.5100,3.1300,1.5450,1.4700,32.7200,2.5400,7.6000,49.7500,7.0700,87.0000,37.9400,38.7400,17.1300,122.2000,5.0100,7325.2998
7/8/2023 0:00,2.5300,0.7200,14.9800,23.9700,2.6700,5.4000,7.7900,2.2200,2.4600,1.3750,1.6250,9.2100,40.7600,6.1200,5.0900,14.9100,4.8100,9.4900,2.8600,21.8300,25.8200,11.5500,11.9500,37.8400,1.4150,1.1000,31.8900,25.3000,9.6200,31.2600,8.8800,40.8100,62.7400,6.1300,27.2700,7.7100,3.7700,7.2200,5.9600,6.2500,1.6650,1.5250,9.1800,45.5700,21.4000,4.3500,2.9500,14.0500,23.3200,25.1400,3.5200,4.1600,24.6300,3.1600,6.8600,5.7100,10.9200,4.0300,3.7200,7.9200,2.7500,233.3200,18.1100,101.8500,25.1200,1.6450,20.3900,262.1600,5.5900,1.3700,4.5500,8.0900,8.0200,3.9200,50.6600,4.3200,14.5700,34.3900,6.0100,3.7200,12.1000,22.2600,5.2000,22.4300,21.0500,10.3700,1.6500,20.1200,4.2800,8.1800,2.7500,3.7600,5.0200,1.1650,27.3100,24.1300,13.7600,10.1100,3.0400,4.1500,6.0000,7.8700,46.1400,5.1700,2.2100,6.7500,8.3800,17.2000,2.7400,21.0900,6.9100,176.0800,67.5000,9.2500,3.4400,3.6700,1.9850,2.8700,69.4200,2.2900,27.9600,2.2300,14.5200,12.3200,5.4600,12.8600,8.0500,0.8200,2.1500,11.1400,5.1700,15.7900,8.4500,3.6200,0.7650,25.1600,1.7700,12.7600,5.1800,9.7700,22.3200,71.0300,4.9000,6.4300,15.6500,2.8900,1.2500,57.4400,153.3900,19.3400,2.3700,1.6100,4.2200,29.4000,113.9400,6.5500,7.9200,2.7600,24.7500,26.2000,34.0500,3.9100,2.7300,5.8600,4.1300,13.7700,12.4400,1.0750,15.4900,10.6100,4.2600,5.1200,5.5000,13.9400,11.9300,1.9300,3.3900,3.1200,1.5600,1.4650,32.7000,2.5700,7.6500,49.9800,6.9900,87.5600,38.1800,38.4600,17.0900,120.8000,4.9400,7309.2002
8/8/2023 0:00,2.5200,0.7150,15.0100,24.1600,2.8600,5.6000,7.7300,2.2100,2.4600,1.3550,1.6200,9.1800,46.6200,6.1600,5.1900,14.9300,4.7900,9.4800,2.8800,21.7100,25.0700,11.6000,11.9300,37.9500,1.3900,1.0950,31.7900,25.2400,9.6400,31.5300,8.8100,41.2300,62.6200,6.0900,27.1200,7.7000,3.7100,7.2200,5.9000,6.1500,1.6650,1.5500,9.0800,45.3200,21.3300,4.3600,3.0700,14.0800,23.5200,25.3200,3.5300,4.0800,24.6700,3.1400,6.9100,5.6100,10.8600,3.8000,3.6800,7.9200,2.7300,233.7900,18.0400,102.2100,24.8400,1.4550,20.3300,264.8800,5.7300,1.3550,4.5100,8.0700,8.0500,4.0000,50.5500,4.3500,14.2200,33.6300,6.0000,3.6900,12.0000,22.2000,5.0500,22.5700,21.1400,10.2500,1.6750,20.2000,4.2700,8.1900,2.7100,3.7200,5.0700,1.1650,27.7300,24.0400,13.2900,10.0000,2.9800,4.1800,5.9800,7.8100,46.1400,5.2800,2.2000,6.6900,8.3000,17.4100,2.7400,21.1800,6.9500,175.4000,67.4500,9.3500,3.4300,3.6300,1.9900,2.9200,69.0400,2.3200,28.0300,2.2000,14.6100,12.0500,5.4400,12.8600,8.0000,0.8100,2.1600,10.8800,5.1900,15.8200,8.4400,3.6300,0.7750,25.3000,1.7100,12.9500,5.3200,9.8100,21.4400,71.5000,4.8000,6.4700,15.8800,2.8700,1.2100,57.4000,157.6900,20.1000,2.3700,1.5600,4.3400,28.7500,113.4600,6.4900,7.8600,2.7400,25.0600,25.9900,34.2500,3.8800,2.7200,5.8500,4.1300,13.7500,12.3400,1.0750,15.4000,10.3800,4.2300,5.1600,5.5100,13.9200,11.7500,1.9000,3.3900,3.1100,1.5650,1.4600,32.4100,2.5600,7.7000,49.8300,6.9800,87.6900,38.4000,38.3900,17.1700,121.0900,4.9600,7311.1001
9/8/2023 0:00,2.5000,0.7150,14.9400,24.2400,2.7200,5.8500,7.6500,2.2700,2.4700,1.3500,1.6200,9.2300,46.5700,5.9700,5.0000,14.8000,4.7600,9.4800,2.8500,22.0700,25.2300,11.5800,12.0200,37.9600,1.3900,1.1000,32.2200,25.4300,9.5900,31.7700,8.8200,41.2900,63.2100,6.1100,26.9000,7.7300,3.7200,7.1600,5.9500,6.1900,1.6600,1.5750,9.1500,45.5000,21.0100,4.3700,3.1200,14.1100,23.6800,25.1400,3.4900,4.1400,24.8000,3.1200,7.0300,5.6100,10.5000,3.6500,3.5900,7.9200,2.7800,233.3100,18.0300,104.8500,24.9100,1.5250,20.1100,262.6400,5.6600,1.3750,4.5000,8.0000,8.1600,4.0800,51.9100,4.3800,14.0900,33.2800,5.9900,3.7500,12.1500,21.7200,5.0600,22.5700,21.1800,10.1500,1.7050,20.1600,4.2100,8.1200,2.6700,3.7400,4.9600,1.1500,27.8500,24.2800,13.3100,9.9800,3.0400,4.2000,5.9500,7.9200,46.2500,5.3700,2.2300,6.7300,8.2400,17.4100,2.7200,20.2600,6.9300,174.9600,66.4600,9.4600,3.4400,3.6600,1.9900,2.8700,69.4400,2.3300,28.6400,2.1900,14.7700,12.1000,5.5600,13.1700,7.9200,0.8050,2.1800,10.9200,5.2500,15.7900,8.4300,3.6300,0.7600,25.4500,1.7350,13.0000,5.2900,9.8200,21.8400,70.9200,4.8200,6.4800,15.6000,2.8600,1.2350,57.1200,159.4800,20.1000,2.3600,1.5850,4.3200,27.4200,112.8500,6.4500,7.8500,2.7300,25.8000,25.9000,34.2100,3.8900,2.7300,5.8200,4.0800,13.5400,12.3400,1.0700,15.4600,10.2300,4.2600,5.2200,5.5500,14.0600,11.9000,1.8850,3.2800,3.1300,1.5700,1.4600,32.3100,2.5300,7.7100,49.8700,7.1400,88.4000,38.2900,38.4100,17.1100,122.0400,4.9600,7338.0000
10/8/2023 0:00,2.6200,0.7150,14.9400,24.0400,2.5800,5.9000,7.6500,2.3400,2.4600,1.3900,1.6000,9.1400,46.9900,6.1800,5.0300,14.4200,4.7700,9.2500,2.8300,22.1400,25.0100,11.2200,11.8900,37.1700,1.3900,1.1500,32.6000,25.4000,9.6600,31.5600,8.8800,41.6900,62.5200,6.1600,28.5800,7.7000,3.7200,7.2100,5.9900,6.2300,1.7200,1.5650,9.1900,45.7800,21.0500,4.7400,3.3700,14.1400,24.1300,25.6400,3.5400,4.0800,24.6800,3.1500,7.0000,5.6900,10.4700,3.6800,3.6100,7.9200,2.7900,235.2400,17.9900,104.4700,24.7500,1.5550,19.5900,264.6100,5.8300,1.3550,4.4900,8.0800,8.2700,4.1700,51.1900,4.1000,14.0400,32.9300,6.0200,3.7400,12.0800,21.5900,5.1500,22.4400,21.4700,10.2300,1.6650,20.2700,4.2300,8.1100,2.6700,3.7500,4.9400,1.1500,28.0500,23.6300,13.3000,9.9400,3.0600,4.2400,6.0400,7.8300,46.0800,5.5100,2.2800,6.7900,8.2600,17.0300,2.7400,20.8100,7.0800,174.9800,67.0600,9.6300,3.4700,3.6400,1.9950,2.8700,69.4000,2.3600,28.6000,2.2000,14.9200,12.2000,5.8800,13.1900,7.9100,0.8150,2.1700,10.8900,5.2400,15.7700,8.4300,3.6600,0.8050,25.1700,1.7200,12.9800,5.3700,9.8200,21.8800,69.9400,4.9500,6.5000,15.4100,2.8600,1.2400,57.3700,158.6200,20.1600,2.3600,1.5900,4.3700,27.3100,109.6500,6.4400,8.0500,2.7400,25.3900,26.2600,34.2700,3.8900,2.8700,5.9500,4.1100,13.7300,12.4000,1.0700,15.3200,10.1100,4.2900,5.0900,5.4700,14.0900,11.7800,1.8800,3.3000,3.1600,1.5850,1.4650,32.5800,2.5500,7.7000,50.4900,7.4500,87.5000,39.0000,38.3100,17.3900,117.5000,5.2000,7357.3999
11/8/2023 0:00,2.6800,0.7200,14.8300,24.2300,2.3400,5.6300,7.6500,2.3600,2.3700,1.4600,1.5800,9.2300,46.4700,5.9900,5.0400,14.3400,4.7600,9.2400,2.8600,22.1500,25.0000,11.1500,11.7500,37.1400,1.3950,1.2450,32.2200,25.3500,9.5800,32.0600,8.9200,41.7100,62.3400,6.1600,28.5700,7.6900,3.7000,7.0500,6.0100,6.3000,1.6700,1.6500,9.1900,45.7300,20.3000,4.9600,3.3300,14.1900,24.5000,25.5700,3.5700,4.1800,24.6100,3.1400,6.9800,5.6100,10.5600,3.7200,3.6100,7.9000,2.7900,233.8400,17.9800,104.4000,24.3500,1.6200,19.6200,266.0800,5.7800,1.3650,4.4900,8.1200,8.4700,4.2500,51.1600,4.2100,14.2800,33.1400,6.0200,3.7300,12.1000,21.6600,5.1600,22.4900,21.0000,10.2900,1.7000,20.1900,4.2000,8.1100,2.7100,3.8700,4.9900,1.1500,27.6000,23.7000,13.1300,9.9000,3.0400,4.2800,5.9800,7.7700,47.2100,5.7000,2.2500,6.7800,8.4800,17.4600,2.7400,21.2100,7.0200,175.0600,68.4100,9.8000,3.4600,3.6300,1.9950,2.8700,68.2100,2.3400,28.5600,2.2100,14.6800,12.0700,5.6600,13.1500,7.9000,0.8050,2.1500,10.9200,5.2100,15.6700,8.4300,3.6400,0.8050,25.3600,1.7350,12.9700,5.3100,9.8700,21.9400,69.0300,5.1600,6.4900,15.3700,2.8500,1.2600,57.3200,158.6800,20.1600,2.3600,1.6050,4.3000,27.4700,109.0000,6.4700,7.9200,2.7400,25.6100,26.3800,34.1400,3.8500,2.8400,5.8900,4.1200,13.4200,12.6800,1.0700,15.2700,10.0200,4.2600,4.9300,5.4800,14.0500,11.7000,1.8850,3.3200,3.1200,1.5900,1.4650,32.4200,2.5500,7.7400,50.8900,7.2300,86.2300,38.2200,38.3400,17.4000,117.2300,5.1200,7340.1001
14/8/2023 0:00,2.7300,0.7150,14.8400,23.6600,2.3400,5.6000,7.9900,2.4400,2.3400,1.4950,1.5950,9.1000,46.4900,6.1400,5.0800,14.9100,4.7600,9.0200,2.8500,21.9100,24.9600,10.9800,11.4400,37.1700,1.3650,1.2100,32.2000,25.1300,9.5300,31.9900,8.9500,41.2100,61.5600,6.1200,28.9300,7.6100,3.5900,7.0500,5.9400,6.2500,1.6100,1.6250,8.9200,44.7500,20.6600,5.0800,3.3000,14.1000,24.6400,25.3300,3.5400,4.1900,26.3300,3.0800,6.9600,5.4800,10.3900,3.6400,3.5700,7.9000,2.7400,233.2100,17.9100,103.7000,24.6300,1.5900,19.1600,263.0000,5.8400,1.3700,4.4700,8.0300,8.4400,4.1900,49.5700,4.2200,14.1500,33.1400,5.9900,3.7000,11.9700,21.5100,5.0900,22.5600,20.6200,10.2200,1.6850,20.0000,4.1800,8.0300,2.6500,3.8500,4.9800,1.1450,27.1500,23.3000,12.9100,9.6500,2.9800,4.2100,5.9200,7.7000,48.5100,5.7100,2.2500,6.7400,8.2400,17.4600,2.7100,20.9500,6.9500,175.4500,68.9000,9.5700,3.4300,3.6100,1.9900,2.8700,66.2400,2.3100,28.3300,2.1900,14.6200,12.2600,5.6300,13.1400,7.8700,0.7900,2.1300,10.8200,5.0900,15.3500,8.4200,3.6000,0.8000,25.0200,1.7150,12.8700,4.9900,9.5800,21.8100,69.6200,5.0000,6.3900,15.1900,2.7700,1.2650,56.4400,157.4800,20.3400,2.3400,1.6000,4.3000,27.9800,106.5200,6.3900,7.9400,2.7000,25.7600,26.4500,33.8100,3.8100,2.7800,5.8700,4.0800,13.1700,12.8500,1.0600,15.2000,9.9700,4.2700,4.9500,5.4900,13.9000,11.3900,1.8700,3.2700,3.1200,1.6050,1.4500,32.3000,2.5100,7.7300,50.7200,7.1400,86.5200,38.6000,38.3100,17.4600,116.8700,5.1100,7277.0000
15/8/2023 0:00,2.8000,0.7150,14.8500,24.2400,2.5000,5.6000,7.9200,2.3700,2.3700,1.4700,1.5850,9.1800,47.1100,6.1500,5.0800,15.8500,4.7400,9.0200,2.9000,21.9700,25.0000,11.0300,11.4200,37.6600,1.3650,1.2150,32.4300,25.0800,9.4900,32.6300,9.0200,41.3400,61.4000,6.2100,28.8900,7.6000,3.6200,7.0400,5.9600,6.4200,1.5900,1.6100,9.2100,44.6200,21.2700,5.0900,3.3900,14.0600,24.1400,25.7600,3.5200,4.2000,27.1000,3.0500,6.7600,5.4900,10.4200,3.6000,3.5200,7.9100,2.7000,246.4700,17.8600,103.5100,24.9300,1.6250,19.2200,272.8000,5.8900,1.3700,4.5700,8.0100,8.3700,4.0300,50.1500,4.3500,14.2700,32.9600,6.0000,3.5900,12.0700,21.3800,5.0700,22.4800,20.8200,11.7400,1.6200,19.8900,4.2000,8.0700,2.6500,3.8200,4.9600,1.1250,27.2900,23.0800,12.8600,9.6300,3.0100,4.1400,5.9300,7.6900,47.7900,5.7400,2.2500,6.8000,8.3200,17.4200,2.7100,21.0000,7.0000,175.8000,69.6000,9.5700,3.4500,3.6400,1.9950,2.8900,65.6700,2.2800,28.7000,2.1700,14.7500,12.6700,5.7100,13.3000,7.8900,0.7900,2.1100,10.6200,5.1300,15.3800,8.4500,3.6600,0.7850,24.9400,1.6900,12.7800,4.8200,9.6500,21.8200,72.5100,4.8500,6.3500,15.3800,2.7800,1.2600,56.8400,158.8500,20.5000,2.2700,1.5550,4.3200,28.3400,106.0500,6.2800,7.9100,2.7200,24.6600,26.7100,34.0800,3.8000,2.8200,5.9000,4.0400,13.3800,12.8100,1.0650,15.2400,10.1800,4.2600,4.9700,5.4700,13.9600,11.7100,1.8500,3.3100,3.1600,1.6600,1.4650,32.3600,2.4900,7.7100,50.7500,7.3300,87.6100,38.6400,38.4500,17.6600,119.1700,5.0600,7305.0000
16/8/2023 0:00,2.8000,0.7150,14.5900,24.1800,2.6900,5.6300,7.9900,2.3400,2.3400,1.4500,1.5800,9.2300,46.0800,6.1400,5.1100,15.4600,4.7300,9.3000,2.8700,21.7800,25.0000,11.0000,11.0600,36.8900,1.3400,1.2250,32.2900,24.8200,9.4100,32.5500,9.0000,40.8600,61.6400,6.1500,28.8100,7.6000,3.6700,6.9500,5.9200,6.7700,1.5450,1.5800,9.3300,43.1100,20.8500,5.0800,3.3000,14.1400,23.6000,25.6800,3.5100,4.1200,26.7400,3.0500,6.6600,5.2200,10.2900,3.5400,3.3800,7.7200,2.6700,246.2000,17.8800,99.7900,24.1000,1.5800,19.1200,271.5900,5.7500,1.3550,4.5000,7.7600,8.4100,4.0800,49.4400,4.2100,14.1100,33.1100,5.7500,3.5300,11.8600,21.2000,4.6000,22.2900,20.1900,11.3400,1.5700,19.7500,4.1600,7.9700,2.6400,3.8000,5.0100,1.1050,27.1000,22.2600,12.5800,9.3000,2.9700,4.0300,5.8800,7.3200,47.0300,5.6400,2.1900,6.7800,8.0100,16.6800,2.6800,21.2100,6.8500,173.1900,69.9800,9.4300,3.4400,3.6400,2.0000,2.8700,63.2800,2.4000,28.4000,2.1600,14.5100,12.3900,5.7400,13.0400,7.8100,0.7600,2.0600,10.5500,5.0600,15.2900,8.3600,3.5700,0.7550,24.8600,1.6900,12.9500,4.7500,9.5300,21.9800,70.0700,5.1300,6.3400,15.2300,2.7500,1.2550,55.8300,159.1300,20.2200,2.1900,1.5300,4.2800,28.3700,103.6500,6.0500,7.8400,2.7600,23.5200,26.3200,33.9700,3.7100,2.7900,5.8300,4.1300,13.3200,13.3400,1.0600,14.7900,9.8800,4.2500,4.8700,5.4500,13.8600,11.7000,1.8950,3.2300,3.0900,1.6350,1.4400,32.1800,2.4700,7.6000,50.3300,7.3900,84.4000,38.2900,38.3300,17.2900,116.0300,5.1000,7195.2002
17/8/2023 0:00,2.7600,0.7000,14.1700,23.8800,2.6600,5.6200,7.7700,2.3300,2.3600,1.4100,1.5000,9.0700,46.5800,6.0300,4.9200,15.4100,4.6700,9.2900,2.8000,21.3600,24.8500,10.8400,11.0400,36.6700,1.3350,1.2450,32.5700,24.5900,9.2800,33.4900,9.0100,40.8500,60.5000,6.0700,28.9900,7.5800,3.6900,7.0000,5.9300,6.5900,1.5400,1.4950,9.3800,43.1100,20.7300,5.0600,3.2100,14.1300,23.2900,25.5900,3.5100,3.9100,27.8500,3.0500,6.7800,5.3300,10.4000,3.5500,3.4000,7.6700,2.6600,250.9800,17.6200,99.6500,24.6300,1.5700,19.1100,269.6000,5.7800,1.3300,4.4800,7.5300,8.3100,3.7600,50.1200,4.1600,14.0100,32.5500,5.5800,3.3600,12.0400,20.7900,4.5400,22.3600,20.1300,11.2600,1.5200,20.8800,4.1700,7.9800,2.5300,3.7700,5.0400,1.1650,27.5400,22.6600,12.3300,9.3100,2.9400,4.0500,5.8800,8.1100,46.4000,5.6300,2.2200,6.7500,8.0700,16.6500,2.5500,21.1900,6.7400,169.7500,68.9900,9.2000,3.4700,3.6200,1.9950,2.8700,62.7000,2.4100,27.8100,2.1700,14.7100,12.5400,5.7800,12.9800,7.8800,0.7450,2.0400,10.3000,5.0300,15.2600,8.5100,3.6900,0.7450,24.6500,1.6550,12.9700,4.7000,9.4700,21.9200,70.8800,5.1300,6.2300,14.9900,2.7000,1.2150,55.4800,161.2200,20.4600,2.1900,1.5000,4.3000,26.9100,104.7700,6.0100,7.8400,2.6600,23.4500,26.9900,32.0300,3.6800,2.7700,5.7300,4.1400,13.3300,13.7200,1.0600,14.6900,9.7900,4.1300,4.9300,5.4200,13.1800,11.8100,1.8800,3.2200,3.1000,1.6300,1.4650,32.1000,2.4800,7.6100,49.6800,7.4900,84.0500,38.4600,37.6700,17.3000,113.9800,5.1900,7146.0000
18/8/2023 0:00,2.7300,0.7050,14.9600,23.2900,2.7400,5.6000,7.9900,2.3500,2.2800,1.4600,1.5250,9.2300,45.2000,6.1400,5.0600,15.2500,4.7100,9.2900,2.7800,21.2700,24.7700,10.9400,11.1200,36.9500,1.3300,1.2550,32.5700,24.4900,9.3100,33.0300,8.9300,40.2000,59.0200,6.1000,28.9700,7.6200,3.7100,6.9500,5.9100,6.5000,1.5250,1.4950,9.3500,43.6900,20.5600,5.0100,3.2600,14.0700,23.1500,25.6000,3.5200,4.0100,27.9000,3.0400,6.7300,5.4900,10.4000,3.5300,3.4500,7.7300,2.6800,261.7000,17.3000,99.0500,24.7200,1.5600,18.9800,270.5700,5.7300,1.3350,4.5100,7.7400,8.2300,3.6100,48.4600,4.1700,13.9200,32.2600,5.5700,3.3600,11.9600,20.6100,4.5400,22.0800,20.3300,11.5800,1.5150,22.4000,4.1300,7.9400,2.3900,3.7500,5.0900,1.1500,27.7100,22.5800,12.3500,9.3400,2.9300,4.0300,5.8400,7.8500,46.0400,5.5800,2.2200,6.7200,7.9600,16.3900,2.5600,20.6700,6.8300,168.8000,68.7900,10.4200,3.4700,3.6500,1.9950,2.9000,63.3700,2.3700,27.6800,2.2000,15.3300,12.1500,5.6600,12.9100,8.0000,0.7350,2.0100,10.3600,5.0200,15.2700,8.6700,3.6300,0.7700,24.7900,1.6600,12.9800,4.7300,9.4100,21.7500,70.1000,4.9400,6.2700,14.9900,2.7200,1.2300,55.7200,159.2900,20.4600,2.2000,1.5100,4.2400,26.1800,105.6900,6.0400,7.7700,2.6400,23.5100,26.6400,32.5700,3.6900,2.7800,5.7200,4.1200,13.2500,12.7800,1.0500,14.5200,9.8800,4.0000,4.9400,5.3700,13.1700,11.8000,1.8450,3.1900,3.1200,1.6350,1.4700,32.0000,2.5100,7.5700,49.4100,7.2800,83.9800,38.4000,37.5700,17.1200,114.2900,5.1100,7148.1001
21/8/2023 0:00,2.7700,0.6900,14.8800,23.0800,2.7400,5.6700,7.5600,2.2300,2.3700,1.4850,1.4900,9.0900,44.7000,5.7900,4.9000,15.3600,4.6400,9.2800,2.7600,20.6200,24.8300,10.9100,11.0400,36.8800,1.3150,1.2300,33.7900,24.2400,9.1800,33.5400,8.8600,40.4900,57.2200,5.9600,29.0100,7.4900,3.6800,6.9100,5.8600,6.5900,1.5600,1.4500,9.2800,43.5200,21.2700,5.0300,3.2800,14.0600,25.2300,25.5600,3.5500,3.9900,27.0600,3.0200,6.6200,5.5700,10.7700,3.5200,3.3900,7.5200,2.6700,265.8600,17.2300,98.4500,24.6900,1.5550,18.9600,266.8600,5.7100,1.3400,4.5800,7.7200,8.3100,3.6400,47.9200,4.1800,14.1100,31.6800,5.4400,3.3400,11.9500,20.6600,4.5700,21.9400,20.4200,11.7800,1.5100,22.4300,4.1200,7.9300,2.4000,3.7700,5.1800,1.1550,28.0300,22.7900,12.4800,9.3700,2.9300,4.0400,5.7900,7.7300,46.5100,5.6000,2.2500,6.7500,7.9200,16.4200,2.6300,22.0400,6.9600,170.1200,70.5100,10.3200,3.4600,3.6200,2.0000,2.9100,63.9900,2.2900,27.5700,2.1600,15.7600,12.2700,5.7000,12.8000,8.3600,0.7450,1.9950,10.2400,4.9500,15.1300,8.6900,3.5700,0.7900,24.6300,1.6550,12.9200,4.8500,9.5900,24.4100,71.1500,4.8200,6.1900,14.7700,2.6900,1.2300,54.8200,160.1400,20.5000,2.1700,1.5200,3.8900,26.0800,104.8200,6.0500,7.8500,2.6400,23.3600,26.3800,32.2500,3.6800,2.8400,5.5700,4.1300,13.0600,12.9600,1.0500,14.6000,9.8000,3.9700,4.2700,5.3700,13.1800,11.6000,1.7700,3.1500,3.1400,1.6300,1.4850,32.0800,2.5000,7.5200,49.6200,7.2500,84.2200,38.4600,37.3500,17.2700,114.9700,5.0500,7115.5000
22/8/2023 0:00,2.7000,0.6950,14.6400,22.9900,2.8700,5.6000,7.6000,2.2200,2.3900,1.4600,1.4900,9.1300,43.8600,5.9800,4.9000,14.8900,4.6300,9.2700,2.7800,20.8800,25.0000,11.1600,11.0800,46.4400,1.2100,1.2450,33.0100,24.3000,9.2600,32.1800,8.8100,40.2900,57.5700,6.0200,28.8200,7.5300,3.6800,6.9000,5.8800,6.5500,1.5500,1.5000,9.4300,43.2100,21.0300,5.0000,3.4800,14.0500,24.4800,25.9000,3.5600,4.0500,27.5900,3.0200,6.7000,5.5400,10.8500,3.5100,3.4100,7.3500,2.6500,266.1500,16.0100,98.6700,24.4800,1.6150,19.4300,264.1500,5.8100,1.4150,4.3600,7.7800,8.4000,3.7200,48.0300,4.1600,14.1600,31.4600,5.4600,3.4000,11.9000,20.5600,4.5900,22.1700,20.5000,12.0200,1.5600,22.4200,4.1400,7.9100,2.3900,3.7900,5.2200,1.1600,31.2000,23.2900,12.7700,9.3200,2.9400,4.2200,5.7300,7.6400,46.6700,5.6400,2.2500,6.6300,7.6300,16.3300,2.7100,22.7900,7.1700,171.0600,69.2400,10.5500,3.4000,3.6400,1.9950,2.8900,64.5000,2.3300,27.9300,2.2000,15.9300,12.3700,5.7400,13.0700,7.7600,0.7550,2.0200,10.4900,4.9500,15.2300,8.6600,3.5300,0.8550,25.0200,1.6850,13.0000,4.9400,9.5400,25.5300,72.7300,5.0000,6.2300,14.5200,2.7000,1.2500,54.0400,160.3400,20.4900,2.1600,1.5400,3.8300,25.6700,105.3200,6.4100,7.8100,2.7400,23.1600,27.0000,32.1100,3.7300,2.8600,5.5800,4.1900,12.9900,13.1300,1.0500,14.9500,9.8700,4.1000,4.5200,5.4100,13.0200,11.9300,1.8250,3.1600,3.1000,1.6450,1.4750,32.0800,2.5200,7.5300,48.5300,7.3400,86.5900,38.0600,36.2200,17.3800,118.8800,5.1500,7121.6001
23/8/2023 0:00,2.7100,0.7150,14.5200,23.2700,2.7100,5.4000,7.9900,2.3500,2.3900,1.4600,1.4850,9.2000,44.1400,5.8200,5.0300,15.1100,4.6700,9.2700,2.7700,21.1400,24.8600,11.0300,11.1200,45.9500,1.1500,1.2150,33.2600,24.4500,9.2600,31.7700,8.9100,40.4600,57.3300,6.0700,29.5900,7.5200,3.7200,6.9000,5.9300,6.6200,1.5250,1.5300,9.4700,44.0300,20.9500,5.0700,3.4700,14.1100,24.4500,26.2500,3.5400,4.1100,27.2500,3.0300,6.7300,5.8500,10.8300,3.4800,3.4100,7.4000,2.6600,264.6500,15.9500,99.4500,24.6500,1.6300,18.0900,263.2000,5.8400,1.3850,4.3700,7.7000,8.3800,3.6400,53.7000,4.1300,14.3400,33.3200,5.5100,3.4500,11.8700,20.8500,4.5000,21.9800,21.0200,12.1400,1.5850,22.3500,4.1200,8.0200,2.3800,3.8100,5.4200,1.1750,30.9900,25.5000,12.8400,8.2700,2.9600,4.0300,5.8300,7.5500,46.4100,5.6200,2.2800,6.5300,7.7400,16.0200,2.7300,22.6400,7.0900,170.1100,69.8000,9.7000,3.4200,3.6500,2.0000,2.8800,66.3000,2.3300,28.0400,2.2500,15.4500,12.2700,5.7000,13.5600,7.7900,0.7650,2.0300,10.6100,4.9800,15.1800,8.6800,3.5100,0.8550,24.9200,1.7150,12.6600,4.9900,9.4700,25.1300,72.0600,4.9400,6.1700,14.7300,2.7900,1.2450,55.3200,159.8800,19.9900,2.1600,1.5400,3.9200,25.2900,107.8400,6.4400,7.7300,2.7000,23.0500,27.3700,31.8900,3.7500,2.8600,5.6300,4.2400,13.1600,13.1300,1.0500,14.9300,9.7900,4.0500,4.6200,5.4300,13.1100,11.9500,1.8050,3.1500,3.0800,1.6600,1.4600,32.0600,2.5200,7.5100,49.1000,7.2900,69.6000,37.6000,37.4900,17.4900,118.5800,5.2200,7148.3999
24/8/2023 0:00,2.7200,0.7200,14.5300,23.2600,2.6800,5.4000,7.5600,2.3400,2.3100,1.4700,1.4900,9.2400,44.3400,5.8000,4.9300,15.0300,4.6500,9.0900,2.7300,21.4300,24.6100,11.0400,11.1000,48.1900,1.1200,1.2350,33.7700,24.5600,8.9500,34.2800,8.9400,40.5700,58.0100,6.1700,30.2300,7.3700,3.7400,6.9400,5.9700,6.5800,1.5300,1.5600,9.4300,43.7800,20.8900,5.1400,3.4600,14.1600,25.3000,26.3700,3.6100,4.2300,27.8400,3.0400,6.8300,5.8800,10.7200,3.5100,3.4200,7.3700,2.5500,266.0500,15.8700,100.6100,24.5300,1.6250,18.8800,263.8500,5.8600,1.4000,4.3800,7.6900,8.3700,3.7500,53.6800,4.1000,14.2300,33.0000,5.3900,3.5400,12.2300,20.7100,4.4300,22.1400,21.0600,12.4100,1.6400,22.4500,4.1300,7.8200,2.3900,3.7700,5.3700,1.1950,31.2500,25.9400,12.8800,8.3200,2.9400,4.0300,5.8700,7.6500,44.7700,5.5900,2.3000,6.5900,7.6900,16.2700,2.7500,21.2300,7.0600,173.0900,65.2100,9.5100,3.5100,3.6300,2.0100,2.9200,66.5000,2.3500,28.3900,2.3100,15.4600,12.5600,5.5900,13.8000,7.9900,0.7600,2.0400,11.1600,4.9500,15.2000,8.6900,3.5100,0.8400,23.3100,1.7700,12.5900,5.1100,9.5600,25.2100,73.1400,4.9000,6.2200,14.7300,2.9400,1.2800,48.7100,163.6500,19.6000,2.1500,1.5250,4.0400,24.9900,108.8300,6.3100,7.8100,2.7500,23.3800,27.3400,32.0800,3.6600,2.8400,5.6700,4.2200,13.2200,12.8300,1.0950,15.1500,10.1400,4.0200,4.6300,5.5500,13.2200,11.8700,1.8300,3.1900,3.0800,1.6850,1.4550,32.4000,2.5300,7.5200,49.4200,6.9200,75.2500,38.1800,37.0600,17.0700,122.7500,5.1400,7182.1001
25/8/2023 0:00,2.6800,0.7200,14.5900,22.9800,2.5000,5.3500,7.5900,2.2800,2.2700,1.4700,1.5150,9.2600,44.1500,5.8100,4.9300,14.8100,4.6300,9.0000,2.6600,21.3200,24.5100,10.9600,11.0500,47.8500,1.1200,1.2300,33.7100,24.3400,8.7100,33.6900,8.6600,39.9600,57.2800,6.0600,29.8000,7.2500,3.6800,6.8600,5.8900,6.5700,1.5150,1.5250,9.3000,43.0200,20.4600,5.0300,3.3200,14.0600,24.6700,26.1700,3.5700,4.2200,27.7000,3.0300,6.7400,5.8200,10.5200,3.4600,3.4100,7.2300,2.5600,264.9800,15.9100,99.5700,24.6700,1.5900,18.6500,263.4200,5.8100,1.3950,4.3000,7.6000,8.2800,3.7200,51.7300,4.0900,14.2700,33.1000,5.5000,3.4700,12.0300,20.5100,4.4500,21.7200,20.9300,11.7600,1.6350,22.5800,4.0900,7.8100,2.3800,3.7600,5.2300,1.1950,31.2900,25.9800,12.9600,7.9600,2.9000,3.9700,5.6800,7.6100,44.4800,5.5300,2.2600,6.5000,7.5800,16.2600,2.7600,22.5600,6.9700,171.7900,64.1700,9.1200,3.5700,3.6500,2.0000,2.9000,65.5700,2.3400,27.8900,2.2600,15.2300,12.5000,5.4800,13.6200,8.0300,0.7500,1.9950,11.1700,4.9400,14.9700,8.6500,3.5200,0.8400,22.0400,1.7600,11.8300,4.7000,9.3000,25.2500,72.5200,4.9900,6.2400,14.4900,3.0200,1.2750,48.4200,161.3800,19.5900,2.1400,1.5200,3.9900,25.1500,107.9000,6.2700,7.7200,2.7100,23.1900,27.0800,31.8800,3.4800,2.8100,5.5700,4.1700,13.0500,12.6600,1.0100,14.9800,10.4400,4.0100,4.6900,5.4700,13.0800,11.8700,1.8150,3.1500,3.0700,1.6550,1.4550,31.9300,2.5200,7.4300,51.0000,6.4800,71.6500,37.6700,37.4100,16.8400,118.6700,5.1400,7115.2002
28/8/2023 0:00,2.7400,0.7300,14.8800,23.2500,2.5300,5.2800,7.4800,2.3000,2.2000,1.5400,1.5300,9.2400,44.6600,5.8000,5.0200,15.0500,4.6100,9.0000,2.7800,21.3800,24.6700,11.1100,11.1900,48.2100,1.0750,1.2300,34.7200,24.5800,8.7900,34.0300,8.6900,40.5200,56.9300,6.0500,30.1400,7.3200,3.6000,6.8600,5.9300,6.6100,1.5300,1.5550,9.4200,43.5500,20.7300,5.0800,3.4500,14.2000,24.6000,26.7000,3.6200,4.2700,27.6500,3.0500,6.6900,5.7600,10.5400,3.4600,3.3900,7.2700,2.5700,266.3600,15.9300,100.7800,24.7600,1.5800,18.6500,267.9500,5.9000,1.4150,4.2600,7.6400,8.4100,3.7400,51.8000,4.1500,14.5300,33.2500,5.4800,3.5800,12.3500,20.5500,4.5200,22.1800,19.8700,11.9200,1.6450,22.7300,4.1200,7.8000,2.4100,3.8200,5.3300,1.2000,31.5900,25.5300,12.9100,8.0500,2.9200,3.9700,5.7500,7.5200,45.0900,5.5500,2.3400,6.6200,7.5700,16.8100,2.7400,21.5800,6.9500,172.4800,66.0500,9.4100,3.5000,3.6800,2.0100,2.9500,64.3500,2.3300,28.2600,2.2900,15.2700,12.6900,5.6200,13.2600,8.1200,0.7550,2.0200,11.4700,5.0200,15.0300,8.6700,3.2890,0.8450,21.3200,1.7700,11.4700,4.5100,9.0900,25.6900,73.2700,4.9000,6.1200,14.5400,3.0200,1.2500,49.6400,161.0400,20.0100,2.1200,1.5500,4.0900,25.3000,108.6800,6.2600,7.6300,2.7200,23.0600,27.5700,32.2100,3.4300,2.8600,5.5000,4.2200,13.0900,12.8500,1.0600,15.0400,10.6100,4.0100,4.7200,5.4500,13.2400,11.8800,1.8100,3.1700,3.1400,1.6600,1.4550,32.2900,2.5200,7.4200,52.1000,6.5000,70.4500,38.0000,37.8500,17.0500,119.6000,5.1800,7159.7998
29/8/2023 0:00,2.3400,0.7350,15.0100,23.3500,2.5200,5.3600,7.4800,2.3000,2.2500,1.5600,1.5300,9.2300,45.1600,5.8400,4.9600,15.2000,4.5900,9.0100,2.7600,21.5500,24.5500,11.1000,11.2900,47.0200,1.0650,1.2350,34.5800,24.8000,8.9200,34.0100,8.6400,40.7400,57.3900,6.1100,30.2500,7.2300,3.6400,6.8600,5.9300,6.6100,1.5400,1.6050,9.4400,44.0900,20.8800,5.0300,3.3700,14.1500,24.4900,26.8100,3.6300,4.3500,27.7900,3.0600,6.6600,5.8400,10.5600,3.4800,3.4200,7.2900,2.6000,266.2500,16.1000,101.0300,24.7400,1.5600,18.7500,267.1800,5.9000,1.4350,4.2500,7.6600,8.4100,3.7000,53.0200,4.1600,14.9500,33.7900,5.4800,3.6300,12.1600,20.2300,4.5100,22.0800,20.5000,12.0500,1.7200,22.9200,4.1400,7.4300,2.4200,3.8100,5.2300,1.2000,31.9900,25.4700,13.1300,8.1900,2.9600,4.0200,5.6900,7.3700,45.2100,6.0500,2.3400,6.6300,7.6000,17.0300,2.7600,21.4400,7.1700,174.5900,64.5000,9.4100,3.5100,3.6800,2.0200,2.9600,69.4800,2.3800,28.4100,2.2900,15.1300,12.9000,5.6800,13.0900,8.0800,0.7750,2.0300,11.6300,5.1000,15.1800,8.6900,3.2890,0.8350,20.9600,1.8500,11.5500,4.7400,9.2000,25.2200,74.0800,4.9500,6.0300,14.6400,3.0400,1.3050,51.2200,162.8500,20.0200,2.1400,1.5800,4.1200,25.2900,109.8800,6.4000,7.6100,2.7300,22.9300,27.7100,31.9900,3.4100,2.8600,5.5400,4.2100,13.1200,12.8900,1.0850,15.0500,10.7500,4.0200,4.6500,5.4200,13.2800,11.8600,1.8450,3.1600,3.1000,1.6650,1.4550,32.3700,2.4700,7.3800,53.6600,6.6200,70.2000,38.1400,38.1500,16.9300,120.8100,5.2900,7210.5000
30/8/2023 0:00,2.2000,0.7350,15.1500,23.9100,2.4500,5.4000,7.7000,2.3400,2.2400,1.6100,1.5300,9.2000,45.7800,5.8800,5.0200,15.3900,4.6100,9.2400,2.7200,21.7200,24.6900,11.0700,11.6800,48.1300,1.0500,1.2550,34.8700,25.0400,8.9000,33.9800,8.6700,40.8500,58.1300,6.1800,30.8400,7.2300,3.6700,6.8700,5.8600,6.6000,1.5600,1.6500,9.5400,44.7300,21.0100,4.6300,3.3700,15.1500,24.4100,26.8800,3.6700,4.4800,27.9300,3.0800,6.8100,6.0300,10.7800,3.5400,3.4500,7.3600,2.6300,273.2600,16.2400,101.8400,25.1400,1.5800,18.9100,271.9100,5.8800,1.4300,4.3300,7.7800,8.8800,3.7700,53.9000,4.2300,15.7900,34.3500,5.5500,3.7100,12.1000,20.6800,4.5000,21.4600,21.4200,12.0900,1.7700,23.2000,4.2000,7.6800,2.4500,3.8400,5.4000,1.2100,32.0300,25.1100,13.2000,8.4800,2.9700,4.1200,5.7700,7.7200,45.7100,6.3400,2.4000,6.5000,7.7400,17.6300,2.7400,22.3900,7.3100,177.0900,66.2000,9.5000,3.5600,3.7400,2.0300,2.9900,70.7200,2.4200,28.8500,2.3300,15.1200,12.9500,5.7300,13.3300,8.1600,0.7750,2.0400,11.8500,5.2000,15.5400,8.7100,3.2890,0.8400,21.4000,1.8700,11.5500,4.6400,9.3100,25.8600,74.0800,4.9900,6.0300,14.7000,3.0900,1.3750,52.2300,163.9300,20.1800,2.1600,1.6150,4.1600,25.5300,112.2300,6.5100,7.7100,2.7500,23.4700,28.0100,32.3100,3.4100,2.8600,5.6300,4.2300,13.4400,13.0100,1.1000,15.2100,11.0400,3.9700,4.7000,5.5000,13.5100,11.9300,1.8550,3.2100,3.1200,1.6650,1.4700,32.7700,2.5300,7.4300,53.2500,6.7200,70.8600,38.4300,38.9200,17.2600,122.8000,5.3000,7297.7002
31/8/2023 0:00,2.2100,0.7400,15.1000,23.5700,2.5700,5.5000,7.8200,2.3700,2.3000,1.6000,1.5500,9.2700,46.5300,5.7400,4.8400,15.3400,4.6700,9.3100,2.7200,21.9500,25.0000,11.0900,11.8100,48.4100,1.0800,1.2650,35.3000,25.3300,8.9900,33.8000,8.6300,40.9000,57.5900,6.0800,30.8300,7.1700,3.6500,6.9400,5.7600,6.6500,1.5550,1.6900,9.5100,44.8500,21.0100,4.7200,3.4700,14.9700,24.6100,27.3500,3.7000,4.5600,28.7400,3.0800,6.8100,6.0900,10.8400,3.5400,3.4900,7.3500,2.6200,271.4900,16.2700,102.1800,25.1800,1.5800,18.6500,273.5300,5.9000,1.4300,4.4500,7.7500,9.8700,3.8500,54.0500,4.2800,16.0000,34.7500,5.5000,3.7100,12.2300,20.7800,4.4200,21.1200,21.4300,12.1400,1.7750,23.3600,4.2000,7.3000,2.5200,4.0400,5.3800,1.2250,32.2800,24.6300,13.9200,8.5300,2.9300,4.1700,5.8200,7.6300,45.6700,6.4200,2.4000,6.3400,7.8100,17.4200,2.7200,22.3800,7.1900,177.5300,66.8200,8.9500,3.6600,3.7300,2.0200,2.9800,71.5300,2.4200,28.9600,2.3200,15.0100,12.5800,5.6300,13.5400,8.3200,0.7950,2.0600,11.9100,5.1900,15.7100,8.7100,3.2890,0.8450,21.0700,1.8850,11.5300,4.6700,9.3600,25.6900,73.3200,5.1700,5.9100,14.9800,3.0700,1.3750,51.4500,165.0800,20.4000,2.1600,1.6200,4.1800,25.4900,112.9000,6.6900,7.6700,2.7500,23.1100,27.9600,32.1600,3.4000,2.9000,5.6400,4.2400,13.6300,12.9800,1.0950,15.4100,11.0600,4.0100,4.5500,5.6300,13.2600,11.6700,1.8700,3.2200,3.1200,1.6700,1.4700,33.0100,2.5000,6.9800,53.8700,6.0900,69.5000,37.0200,38.1300,17.4700,125.1000,5.2900,7305.2998
1/9/2023 0:00,2.1500,0.7550,15.0100,23.4200,2.6700,5.4600,7.5500,2.4600,2.3400,1.6350,1.5350,9.4700,46.7200,5.7000,4.8800,15.2900,4.6400,9.3000,2.7500,21.7900,24.1600,11.0400,11.7600,48.1700,1.0650,1.2600,34.6300,25.1700,8.7600,33.7600,8.6600,41.0900,57.4200,6.1700,31.2100,7.3900,3.6300,6.9500,5.7500,6.6500,1.5850,1.6450,9.5200,44.7400,21.4400,4.8200,3.5900,14.9600,24.5400,27.6900,3.6800,4.5400,28.8600,3.0600,6.6900,6.1800,10.6200,3.5100,3.4500,7.2300,2.6400,268.5000,15.9500,101.3500,25.2600,1.6400,18.6300,269.0900,5.9700,1.3850,4.5200,7.7200,9.9800,3.7900,54.5800,4.2600,15.4900,34.6400,5.4700,3.6300,12.1000,20.6200,4.4200,21.2100,20.3000,12.0500,1.7550,23.0300,4.1700,7.2900,2.4500,4.1200,5.3600,1.2100,33.0800,25.0000,13.8400,8.4300,3.0100,4.1700,5.8300,7.6600,45.9100,6.4500,2.4900,6.3500,7.7700,17.2500,2.6200,22.3600,7.2400,176.7600,67.6800,9.2700,3.6300,3.7200,2.0100,3.0200,72.1400,2.4100,28.9000,2.3100,15.1200,11.7600,5.8000,13.4400,8.2400,0.8150,2.0800,11.7300,5.2200,15.5500,8.7200,3.2890,0.8750,21.1200,1.8950,11.5200,4.7000,9.3100,25.9100,72.9600,5.0500,5.8200,15.1100,3.0600,1.3800,51.2400,163.6900,20.2600,2.1500,1.6000,4.1600,24.7800,114.2300,6.8300,7.8100,2.7400,23.1300,28.2100,32.2000,3.4000,2.9600,5.6400,4.2200,13.6600,12.9200,1.1050,15.5500,10.8000,4.0200,4.4800,5.5900,13.2100,11.6300,1.8550,3.1900,3.1600,1.6650,1.4950,33.2300,2.5100,7.1400,53.8500,6.3300,70.0000,37.6000,38.1100,17.2600,123.8600,5.5300,7278.2998
4/9/2023 0:00,2.2300,0.7550,15.1100,23.3500,2.7500,5.3800,7.6600,2.4900,2.2900,1.7000,1.5100,9.2800,46.7200,5.6900,5.0400,15.7300,4.6000,9.3000,2.7400,21.8300,24.0500,11.0800,11.8700,48.0000,1.1150,1.2600,34.6600,25.1900,8.7400,33.8900,8.6800,41.3900,56.5200,6.1000,31.4200,7.3600,3.6300,6.9500,5.8600,6.6700,1.6200,1.6500,9.1900,45.9300,21.9300,4.7200,3.9200,15.0400,24.2800,27.8500,3.6800,4.6300,28.6800,3.0700,6.4600,6.3200,10.6700,3.5700,3.4700,7.2300,2.6400,267.9000,15.8600,102.0100,25.1400,1.6550,18.6600,268.4300,6.0800,1.3850,4.7000,7.7800,9.8600,3.8400,54.9100,4.2700,16.0100,34.6200,5.4200,3.6400,11.9900,20.8000,4.4700,20.5700,20.2000,12.1700,1.7400,23.1700,4.2400,7.2300,2.4600,4.0400,5.3800,1.2400,32.7000,25.3500,14.2700,8.6000,3.0500,4.1800,5.7900,7.7500,45.8000,6.3300,2.5900,6.2100,7.9100,17.4400,2.8500,21.9900,7.2700,177.6500,67.6300,9.2800,3.6000,3.7100,2.0100,3.0100,73.9000,2.4000,28.9500,2.3100,15.3200,11.4300,5.8600,13.2800,8.0400,0.8450,2.0600,11.6800,5.2600,15.5900,8.6300,3.2890,0.9350,21.6000,1.8750,11.6300,4.7700,9.2700,26.2300,72.8000,4.9700,5.6500,14.9800,3.0600,1.3250,49.7200,162.2400,20.2900,2.1700,1.6100,4.1200,24.6100,117.1200,6.7600,7.9100,2.7700,22.8400,28.5000,32.1200,3.5300,3.0500,5.6200,4.2300,13.6400,12.8700,1.1050,15.9400,10.7600,4.0400,4.3700,5.6500,13.2200,11.4900,1.8700,3.2400,3.1900,1.6650,1.5000,33.4600,2.5200,7.0300,53.6000,6.4100,70.0000,38.2400,37.9400,17.3600,123.8100,5.5100,7318.7998
5/9/2023 0:00,2.1800,0.7650,15.1300,23.4500,2.7400,5.2800,7.7500,2.6200,2.2700,1.6000,1.4800,9.3700,46.8400,5.6300,4.9000,15.5700,4.5900,9.3100,2.7200,21.5300,24.0900,11.0300,11.9900,47.8900,1.0850,1.2600,34.5300,25.2000,8.8000,34.0000,8.6500,41.8500,56.9700,6.0800,30.6500,7.4600,3.6400,7.0000,5.7300,6.7200,1.6000,1.5950,9.0300,46.1000,21.7800,4.6900,3.9600,15.1700,24.0400,27.5900,3.6900,4.5300,28.7000,3.0600,6.3900,6.2300,10.5700,3.5400,3.4400,7.1600,2.6500,270.1200,15.9400,102.2200,25.4600,1.6500,18.3600,270.8400,6.1100,1.3450,4.7400,7.7300,9.9900,3.8500,54.7900,4.2800,15.9900,33.9900,5.4500,3.5500,11.9400,20.7700,4.4400,20.4800,20.0500,12.1800,1.6900,23.1000,4.2000,7.4500,2.4500,4.0500,5.3400,1.2350,33.0300,25.0800,14.6100,8.4500,3.0700,4.1700,5.7600,7.8600,45.8200,6.3500,2.5400,6.3000,7.9200,17.5000,2.7800,21.9100,7.3600,176.9200,68.1000,9.1700,3.5800,3.7100,2.0200,3.0200,73.4500,2.4200,29.0100,2.2900,15.4300,11.4400,5.9200,13.2400,7.9500,0.8200,2.0600,11.2500,5.3100,15.4500,8.3800,3.2890,0.9200,21.7100,1.8350,11.4000,4.7000,9.2700,26.0400,73.1600,5.0000,5.6400,15.0000,3.0700,1.3150,50.2600,162.8600,20.2600,2.1400,1.5800,4.1500,24.5200,117.3200,6.4800,7.8800,2.7400,22.8400,28.5300,32.3900,3.4800,3.1000,5.6100,4.1700,13.6500,12.9000,1.1000,16.0000,10.7800,4.0300,4.4000,5.6600,13.3300,11.5400,1.8700,3.2200,3.0800,1.6700,1.4850,33.4400,2.5200,7.0900,53.8600,6.3400,70.1000,38.0200,38.0700,17.0900,124.2700,5.0200,7314.2998
6/9/2023 0:00,2.1300,0.7600,14.6700,23.0700,2.8700,5.3000,7.6600,2.5900,2.2600,1.5500,1.4600,9.5200,46.0500,5.7100,4.8900,15.4200,4.5300,9.3100,2.6900,21.1900,23.9200,10.9600,11.8600,45.8000,1.0550,1.2500,34.4100,25.0600,8.6000,32.7600,8.7000,41.2100,56.6500,5.9000,31.0300,7.4600,3.5800,6.9200,5.6200,6.6400,1.6150,1.5450,8.8600,46.1000,21.4900,4.6700,4.0700,15.1200,23.6300,27.3900,3.6600,4.3900,28.6500,3.0500,6.3600,6.1800,10.5400,3.5700,3.4200,7.0500,2.6100,267.8500,15.8500,101.5100,25.4200,1.6700,17.8700,271.2000,5.9800,1.3500,4.7300,7.5800,9.7000,4.0000,53.4300,4.1700,15.4800,34.2700,5.4300,3.5400,11.7900,20.3300,4.3000,19.9600,20.3400,12.1400,1.6900,23.0900,4.1700,7.2900,2.4000,4.0100,5.4400,1.2050,32.5300,24.6500,14.7700,8.3100,3.0000,4.1400,5.7900,7.8000,45.7400,6.4400,2.5800,6.4000,7.6700,17.2800,2.7700,20.9400,7.2400,170.2100,67.5100,9.1000,3.5300,3.6700,2.0200,3.0200,73.3500,2.3600,28.6600,2.2700,15.4100,11.5600,5.9500,13.0600,7.7600,0.8000,2.0300,11.1900,5.2000,15.3800,8.3700,2.8800,0.9250,21.6900,1.8100,11.0400,4.7000,9.1500,25.3800,72.9600,5.0600,5.7000,15.1500,3.0200,1.3100,49.9500,162.6400,19.7400,2.1100,1.5750,4.0300,23.8400,115.9800,6.5700,7.9300,2.6800,22.5600,28.4800,31.3400,3.4400,3.1100,5.5300,4.1000,13.7400,12.8000,1.0600,15.6800,11.0500,3.9500,4.3400,5.5800,13.0200,11.2600,1.8450,3.1500,3.0700,1.6600,1.4900,33.3100,2.4600,6.9600,53.7100,6.3700,69.7300,38.5200,38.0900,17.0300,122.2300,5.1200,7257.1001
7/9/2023 0:00,2.1600,0.7050,14.5000,22.2800,2.9200,5.3000,7.6700,2.5300,2.2800,1.5500,1.4400,9.5600,45.6200,5.7200,4.7900,15.4000,4.5400,9.3200,2.6600,21.1200,23.8600,10.8500,11.6200,46.1300,1.0300,1.2650,34.2300,24.8700,8.5100,32.4300,8.7200,41.2500,54.8800,5.8400,30.7300,7.3300,3.5700,6.9800,5.6500,6.6000,1.6400,1.4850,8.9200,43.7100,21.2600,4.6700,4.0000,15.1100,23.2000,27.4500,3.6600,4.2800,28.6200,3.0600,6.2900,5.8900,10.3900,3.5500,3.4400,7.0600,2.6300,268.1400,15.8800,100.9000,25.4500,1.5750,17.6500,268.2000,5.9900,1.2900,4.6600,7.5700,9.6000,4.0300,52.5000,4.1200,14.7600,33.3800,5.3400,3.5700,11.7600,20.1500,4.2700,19.7300,19.8700,11.9900,1.6550,23.2100,4.1700,7.2400,2.3800,4.0200,5.4100,1.2050,32.7600,24.6800,14.5600,8.1300,2.9900,4.1000,5.7600,7.6000,46.1600,6.4500,2.5400,6.3400,7.6300,17.0600,3.0200,20.5800,7.2000,171.2300,67.9000,9.1000,3.4900,3.6700,2.0200,3.0200,71.7700,2.3500,28.5900,2.2400,15.4700,11.0900,5.8600,12.8800,7.5900,0.7950,2.0100,11.0300,5.1300,15.4800,8.4300,2.7800,0.8900,20.7800,1.7550,11.2800,4.6200,9.2100,25.4500,73.1700,4.8100,5.5700,15.1100,3.0000,1.2700,48.6200,162.9300,19.2900,2.0900,1.5700,3.9000,23.8300,113.1000,6.3900,7.7900,2.6700,22.5000,28.3600,31.1200,3.3200,3.0200,5.5000,4.0800,13.6700,11.8300,1.0350,15.7800,11.4700,3.9400,4.3100,5.5500,13.0800,11.2800,1.8350,3.1300,3.1000,1.6750,1.4750,33.2400,2.4600,6.9500,53.5600,6.1800,69.5000,37.9500,37.8900,16.8200,122.0600,5.0600,7171.0000
8/9/2023 0:00,2.1800,0.7050,14.4800,22.4700,2.8300,5.2600,7.8900,2.5100,2.3200,1.5900,1.4250,9.5400,46.1700,5.7200,4.7500,15.4300,4.5300,8.9900,2.6600,21.1700,23.8600,10.9600,11.6300,46.1600,1.0100,1.2700,34.4200,24.9300,8.6000,32.1600,8.7700,40.6200,55.1400,5.8400,30.6300,7.3300,3.6000,6.9800,5.6500,6.6000,1.6150,1.4950,8.9900,43.1900,21.3200,4.7300,3.9800,15.1200,23.4700,27.7200,3.6700,4.2300,28.8100,3.0500,6.3200,5.8200,10.2600,3.5300,3.4000,7.1100,2.6300,269.2900,15.7500,100.8100,25.7800,1.5850,17.4800,270.8500,5.9200,1.2850,4.6300,7.5500,9.6700,3.9600,53.1900,4.1400,14.3600,33.2800,5.2600,3.5900,11.7700,19.6400,4.2900,19.7000,19.4000,11.9600,1.6800,23.1900,4.1500,7.1800,2.3700,4.0100,5.3700,1.2050,32.6600,24.4600,14.3100,8.0000,3.0100,4.1000,5.7900,7.5200,45.9800,6.4800,2.5300,6.3300,7.6200,17.1100,3.0500,20.1300,7.0800,171.1100,68.9300,9.0900,3.5100,3.6800,2.0100,3.0100,69.0800,2.3500,28.6500,2.2300,15.4000,11.2200,5.9800,12.8100,7.6100,0.7850,1.9900,11.0400,5.1400,15.6000,8.5200,2.6900,0.9000,20.6400,1.7900,11.5700,4.5100,9.1400,25.3500,72.8700,4.9000,5.5400,15.1200,3.0100,1.2700,49.1500,163.0900,19.2400,2.1000,1.6100,3.9000,23.4500,111.1700,6.4100,7.7800,2.6600,22.5300,28.6300,31.1000,3.2800,3.0600,5.5300,4.0200,13.7700,11.7500,1.0200,15.7100,11.4800,3.9300,4.3100,5.5700,13.1800,11.4300,1.8200,3.1200,3.1400,1.6700,1.4800,33.4200,2.4500,6.9100,53.2000,6.2400,68.6500,37.9900,37.7500,16.9100,122.5500,5.0500,7156.7002
11/9/2023 0:00,2.1700,0.6950,14.6000,22.4800,2.7000,5.3500,7.5400,2.4700,2.3100,1.6100,1.4200,9.5400,45.8200,5.7600,4.8300,13.7900,4.5700,8.9900,2.6700,21.5500,23.6100,10.9400,11.6900,46.1900,1.0300,1.2850,34.6100,25.2800,8.6500,32.6500,8.8000,40.9200,55.6200,5.7800,31.0700,7.3500,3.6100,7.0400,5.8200,6.6900,1.6450,1.4550,9.2100,43.6600,21.0800,4.6800,3.9500,15.0900,23.1700,27.8800,3.6900,4.1600,29.4700,3.0700,6.4000,5.9400,10.3100,3.5300,3.4100,6.8500,2.5500,267.5800,15.9500,102.0400,25.8600,1.6150,17.5600,268.5700,5.9300,1.3000,4.6700,7.5600,9.6400,3.9000,52.9100,4.1900,14.6000,32.4100,5.3400,3.6700,11.9000,19.5400,4.2800,19.8600,19.6300,12.0000,1.6550,23.0500,4.1500,7.1700,2.3400,4.0500,5.4500,1.2150,32.8400,24.5500,14.0400,8.0300,3.0700,4.1300,5.8400,7.5500,46.0500,6.4600,2.5200,6.3600,7.6500,17.2000,3.0100,20.0200,7.3300,173.3900,68.4800,9.4900,3.5600,3.7200,2.0200,3.0300,68.6400,2.3400,29.0500,2.2100,15.7500,11.4200,5.9700,13.0400,7.7900,0.7900,2.0100,11.1800,5.1400,15.8100,8.5500,2.7500,0.9200,20.8400,1.7350,11.7200,4.4100,9.1500,25.4500,72.8600,4.7800,5.5200,15.1200,3.0400,1.2700,49.5300,162.7400,19.1600,2.0900,1.6050,3.8600,23.4000,112.4000,6.5200,7.8200,2.6300,22.4100,28.9000,30.9500,3.2900,3.0500,5.5200,3.9900,13.9000,11.9400,1.0350,15.7500,11.3100,3.9300,4.3500,5.5900,13.1500,11.4600,1.8000,3.1500,3.1600,1.6650,1.4850,33.4300,2.4600,6.9200,53.1400,6.1100,68.4500,38.2600,38.1000,17.0500,121.0100,4.8800,7192.2998
12/9/2023 0:00,2.1800,0.7000,14.7400,22.4100,2.6400,5.3400,7.5300,2.4700,2.2600,1.6700,1.4450,9.5200,45.4200,5.7000,4.7100,13.6200,4.5400,8.9300,2.6900,21.5600,23.7000,10.9900,11.8000,46.0700,1.0200,1.2900,34.1600,25.2700,8.6000,33.0100,8.7100,40.8100,55.7900,5.8100,31.0200,7.3700,3.6000,7.0200,5.7800,6.8500,1.5950,1.4400,9.1900,44.1900,20.6000,4.6500,4.0300,15.1800,23.0500,28.3100,3.7000,4.2000,29.9000,3.0600,6.3600,6.0800,10.4100,3.5700,3.4100,6.8200,2.5400,268.0000,15.9500,102.1100,25.7700,1.6250,17.7200,270.3700,5.9200,1.3250,4.7000,7.5500,9.4600,3.9600,52.2500,4.1900,14.5400,32.3800,5.3500,3.7100,11.9000,19.6600,4.2700,19.9300,19.9600,12.2800,1.6600,22.9100,4.1500,7.0900,2.3100,4.0900,5.5000,1.2350,33.2400,24.6000,14.2500,8.0300,3.1000,4.2600,5.7900,7.5000,46.1200,6.4400,2.4900,6.2500,7.4200,17.2100,3.0000,19.4500,7.3100,172.1900,69.3400,9.3900,3.5900,3.7400,2.0100,3.0100,69.2700,2.3300,29.1100,2.2000,15.8800,12.0600,5.9800,13.0000,7.7300,0.7850,2.0200,11.2800,5.0100,16.1100,8.5300,2.7300,0.9100,20.3400,1.7500,11.4600,4.6000,9.1000,25.7200,72.3400,4.7000,5.5800,15.1100,3.0200,1.3200,50.5900,163.1100,19.0100,2.1000,1.6100,3.8700,23.7600,114.1100,6.3900,7.7200,2.6200,22.1800,28.7700,31.3900,3.2600,3.1500,5.5100,4.0100,13.8000,12.0900,1.0250,15.9300,11.7000,3.8800,4.3700,5.5600,13.2600,11.5600,1.8150,3.1500,2.9300,1.6850,1.4900,33.5700,2.4600,6.9000,53.4500,6.1300,68.0000,37.6900,38.2300,17.1900,121.7700,4.8200,7206.8999
13/9/2023 0:00,2.1000,0.6950,14.6100,22.2100,2.7000,5.2600,7.5100,2.4600,2.2700,1.6400,1.4600,9.4200,44.4200,5.5300,4.8200,13.8500,4.5300,8.9300,2.6300,21.4900,23.5000,10.9800,11.5900,45.4500,1.0200,1.2750,33.7000,25.3300,8.5700,32.5500,8.6500,40.4900,55.3700,5.6900,30.5500,7.2800,3.6100,6.9500,5.7800,7.0500,1.6000,1.4400,9.0600,43.8000,19.9800,4.5900,3.9700,14.8100,22.4900,27.9100,3.6900,4.3200,29.7200,3.0600,6.4200,6.0100,10.1800,3.4900,3.3600,6.8200,2.4900,264.0600,15.7500,101.7000,25.6300,1.6750,17.5000,269.2100,5.8200,1.3050,4.6100,7.4300,9.3200,3.9000,52.6800,4.1600,13.8800,33.4300,5.3000,3.7100,11.6500,19.9700,4.3100,19.6700,19.6000,12.3500,1.6600,22.6500,4.0800,6.9600,2.2600,4.0600,5.3700,1.2350,33.0000,24.2300,13.1700,7.9700,3.0500,4.3200,5.7800,7.4100,45.5300,6.4500,2.4500,6.1400,7.3200,17.1200,3.0300,19.4500,7.2300,172.1100,65.7400,9.3500,3.4700,3.7100,2.0200,3.0000,68.7800,2.2900,28.9800,2.1800,15.7800,11.4700,5.9400,12.7200,7.7100,0.7850,2.0000,11.1400,4.8800,15.9900,8.5900,2.7300,0.8950,20.0000,1.7500,11.3800,4.4000,9.1000,25.3900,71.5400,4.8000,5.5700,15.0400,3.0000,1.3000,50.6200,161.1500,18.8000,2.0800,1.5900,3.8300,23.2500,113.3900,6.3600,7.7400,2.5900,22.0900,28.8400,31.1000,3.2600,3.0800,5.4700,3.9600,13.7100,12.0500,1.0150,15.6400,11.2300,3.8700,4.3700,5.6000,13.0500,11.5500,1.7750,3.1200,2.8600,1.6750,1.4900,33.3300,2.5100,6.8400,53.1300,6.1600,67.3200,37.8500,37.8500,17.0100,119.4400,4.9000,7153.8999
14/9/2023 0:00,2.1000,0.6850,14.6000,22.3000,2.7000,5.3600,7.5300,2.4600,2.2700,1.6400,1.5100,9.4600,44.2800,5.6200,4.9200,13.7900,4.3500,9.0100,2.6500,21.6200,23.7000,10.9700,11.6600,45.6200,1.0250,1.2950,33.7700,25.6000,8.6400,32.9700,8.7000,40.5100,55.4900,5.8500,30.8100,7.2000,3.6300,6.9700,5.8600,6.9400,1.6250,1.4400,9.2000,44.1400,19.8100,4.6100,4.3200,14.7100,22.3900,28.0600,3.7100,4.2700,29.9600,3.0600,6.5200,6.2700,10.2500,3.4700,3.3600,6.8800,2.4600,263.4000,15.7500,102.1300,25.6400,1.7450,17.4400,266.9300,5.8100,1.3350,4.7700,7.4800,9.5100,3.8300,53.4100,4.2200,14.3000,32.8000,5.3700,3.7800,11.4900,19.7600,4.1200,19.8200,20.4100,12.3600,1.6750,22.6000,4.1400,6.9700,2.2700,4.0400,5.3300,1.2450,33.4500,24.6200,13.2400,8.0700,3.1400,4.3000,5.8000,7.4600,45.4500,6.5400,2.5200,6.0000,7.3100,17.1600,3.0300,19.5300,7.3400,171.7900,67.6600,9.3900,3.4900,3.7200,2.0100,3.0100,68.7100,2.3000,29.3100,2.2200,15.8900,11.2800,6.0900,12.7500,7.6700,0.7900,2.0300,11.3100,4.9000,15.9300,8.6000,2.7600,0.9300,20.5100,1.7500,11.6400,4.3900,9.1900,25.3400,72.1100,4.7100,5.5900,15.2200,2.9700,1.3000,51.5200,161.9700,18.7500,2.1100,1.6200,3.8200,22.8800,115.4500,6.3500,7.7500,2.6100,22.0900,28.7600,31.0900,3.2500,3.1200,5.5100,4.0000,13.9100,12.1900,1.0050,15.6600,11.0400,3.8800,4.4200,5.6600,13.0800,11.6600,1.7850,3.1900,2.8400,1.6850,1.5000,33.5900,2.5000,6.8000,53.0000,6.3700,67.6300,37.8800,37.6300,17.0800,120.0000,5.0200,7186.5000
15/9/2023 0:00,2.1700,0.6800,14.7000,22.4500,2.8400,5.3600,7.4000,2.4700,2.3000,1.6400,1.5250,9.2700,43.9000,5.5200,4.8200,13.9500,4.4200,9.0200,2.6900,21.7700,24.0000,10.9200,11.8600,45.9700,1.0350,1.3050,33.7300,25.7000,8.6800,34.0200,8.7700,41.0500,55.7300,6.0000,31.0900,7.0900,3.6100,6.9900,5.9100,7.0700,1.6800,1.5100,9.2300,45.6800,19.6100,4.6100,4.4800,14.7300,22.7300,27.7600,3.6700,4.4100,29.6600,3.1000,6.5600,6.6400,10.3700,3.5000,3.3600,7.0400,2.4500,261.7800,15.9100,103.1600,25.8500,1.7800,17.5900,267.6600,5.7500,1.3700,4.8500,7.4800,9.9900,3.9700,53.2800,4.2600,14.5500,32.3500,5.4500,3.7600,11.4000,19.7600,4.1900,20.1400,21.2200,12.3500,1.7300,22.6700,4.1800,7.0300,2.2900,4.0800,5.3700,1.2850,34.2000,24.6400,13.3100,8.3300,3.1400,4.3600,5.8400,7.5200,46.3800,6.5700,2.5600,6.0000,7.4600,17.2000,3.0100,19.9000,7.4100,173.2200,65.3800,9.4700,3.5100,3.7000,2.0200,3.0200,71.0500,2.2700,29.6800,2.2300,16.0000,11.0000,6.2200,12.8700,7.7200,0.8150,2.0100,11.4900,4.9000,15.9600,8.6400,2.7900,0.9650,20.8000,1.8100,11.9100,4.4900,9.4900,25.6300,73.3400,4.8100,5.6100,15.3500,3.0000,1.3800,51.6100,162.9900,19.0500,2.1200,1.6350,3.8500,22.9800,118.9100,6.5600,7.9100,2.6000,22.3600,29.0500,31.0200,3.3600,3.2700,5.6100,4.0300,14.0800,12.3000,0.9950,15.7600,11.6200,3.9100,4.4800,5.6500,13.3100,11.8100,1.8000,3.2600,2.9000,1.6850,1.4850,35.8200,2.5000,6.8500,53.7000,6.6700,69.1700,38.3900,37.9200,17.2400,123.2900,5.0600,7279.0000
18/9/2023 0:00,2.1300,0.6850,14.5100,22.5600,2.4900,5.4900,7.9600,2.5500,2.3100,1.5600,1.4600,9.4100,42.8100,5.7200,5.0100,13.7000,4.4500,8.9000,2.7100,21.7900,24.2000,10.9600,11.5000,45.2000,1.0500,1.2950,33.3700,25.7500,8.6000,33.8300,8.7000,40.8000,56.5900,5.9700,30.3300,7.1900,3.6400,6.9800,5.8800,7.0700,1.6550,1.5000,9.1100,45.7600,18.8200,4.5100,4.3700,14.7200,22.5800,27.3600,3.6900,4.3200,29.2700,3.0900,6.4400,6.6100,10.2200,3.4700,3.3400,6.9900,2.4200,258.5400,15.8200,102.6300,26.0100,1.7950,17.2500,265.6700,5.6800,1.3250,4.8700,7.4600,9.7500,3.9600,52.9000,4.1800,14.2200,32.4500,5.4100,3.6500,11.3100,20.0600,4.2400,19.9500,21.2000,12.1500,1.6800,22.6100,4.1700,7.0300,2.2900,4.0500,5.3400,1.2850,34.1100,24.3400,13.1500,8.2400,3.1000,4.3100,5.7600,7.2800,46.1500,6.4600,2.5300,5.8300,7.3800,16.7400,3.0000,19.4000,7.3000,172.3300,65.4100,9.4900,3.4700,3.6900,2.0200,3.0200,70.4800,2.2500,29.5800,2.2200,15.8100,10.9000,6.1700,12.6700,7.6300,0.8100,2.0300,11.3500,4.7000,15.6600,8.6700,2.7500,1.0050,21.0100,1.7550,11.4500,4.3500,9.2000,25.4900,70.9200,4.7600,5.5100,15.1100,2.9200,1.4000,51.3200,158.2000,18.7000,2.1200,1.6100,3.7500,22.8100,119.3100,6.4000,7.7800,2.6100,21.7800,28.7500,31.0000,3.3900,3.3200,5.5700,4.0100,13.9600,12.0900,1.0000,15.6900,11.5300,3.8800,4.4300,5.6000,13.2300,11.6900,1.7900,3.2300,2.8800,1.7000,1.4950,33.9200,2.4800,6.7700,53.2300,6.6100,67.4600,37.8400,37.7900,16.9900,118.2000,5.0100,7230.3999
19/9/2023 0:00,2.0900,0.6750,14.3700,22.4200,2.6000,5.4000,7.9500,2.6300,2.3600,1.5800,1.4900,9.4700,42.1000,5.7900,4.9400,13.8000,4.3900,8.9000,2.7000,21.6900,24.2400,10.9800,11.7000,44.9100,1.0300,1.2850,33.2600,25.5100,8.5500,33.5000,8.7000,41.0400,56.3800,5.9000,30.3100,7.2100,3.6200,7.0000,5.8600,7.0500,1.6600,1.5300,9.0800,45.1000,19.3500,4.4700,4.4800,14.6300,22.5300,27.2100,3.6400,4.4600,29.5000,3.0700,6.3800,6.5100,10.1100,3.4400,3.3100,6.9000,2.4300,261.3000,15.7400,102.1300,25.4900,1.8600,17.0500,263.6000,5.6400,1.2950,4.8600,7.3500,9.7000,3.9500,52.6800,4.1000,13.9800,32.3200,5.2900,3.7000,10.9900,20.2000,4.1700,19.9400,20.9700,12.0800,1.7150,22.5600,4.1200,7.0600,2.2500,3.9700,5.3000,1.2750,34.2900,23.9500,13.0600,8.2100,3.1200,4.2500,5.7700,7.1300,45.9700,6.6700,2.5400,5.8000,7.3100,16.6000,3.0300,19.1400,7.1200,172.9200,63.8200,9.4000,3.4500,3.6700,2.0200,3.0000,70.3500,2.2400,29.3800,2.2200,16.0000,11.1800,6.3000,12.5800,7.6000,0.8050,2.0200,11.4000,4.8000,15.8800,8.7000,2.7500,1.0050,20.8500,1.7800,11.5200,4.2600,9.2100,25.2700,71.3000,4.6300,5.4500,15.2500,2.8900,1.4650,51.1100,158.0600,18.7500,2.1100,1.6200,3.7100,22.7200,118.5400,6.4000,7.8500,2.5800,21.6200,29.3500,30.4500,3.4000,3.4700,5.5600,4.0000,14.0100,11.9900,0.9950,15.7500,11.4100,3.8700,4.3600,5.5300,13.1800,11.5200,1.7700,3.1500,2.8700,1.7000,1.5050,34.2200,2.4500,6.7400,53.4900,6.6900,67.9300,37.8000,37.6000,17.0800,117.6500,5.1400,7196.6001
20/9/2023 0:00,2.0900,0.6750,14.2400,22.5000,2.5700,5.4000,7.5200,2.6300,2.3500,1.5350,1.4600,9.3600,42.0900,5.7600,4.9300,14.0300,4.4000,8.9000,2.7300,21.5300,23.9600,10.7500,11.7800,44.5600,0.9950,1.2800,33.2400,25.5400,8.5400,33.6900,8.6600,42.2300,56.7900,5.9100,30.8200,7.2300,3.5800,6.9900,5.8900,7.0200,1.6500,1.5150,9.1100,44.6400,19.2100,4.4400,4.4500,14.6800,22.4800,26.8700,3.6200,4.5000,29.3100,3.0800,6.3400,6.4100,9.9800,3.4200,3.3000,6.9400,2.5100,260.0000,15.7300,101.8400,25.9500,1.8300,16.9200,262.6300,5.6600,1.2750,4.8200,7.2700,9.7200,4.0800,52.8500,4.1100,13.8200,32.4500,5.2600,3.6200,11.2600,20.0300,4.2900,19.7000,20.6100,12.1400,1.6850,22.4600,4.1000,7.1200,2.2200,3.9400,5.1600,1.2650,34.2000,23.4600,12.6400,7.9300,3.1300,4.2300,5.8800,7.2300,46.0700,6.7200,2.5200,5.8400,7.3100,16.6400,3.0200,19.3900,7.0000,173.2900,63.1000,9.4700,3.4800,3.7000,2.0400,3.0000,69.4300,2.2000,29.3900,2.1900,15.9200,10.7600,6.1500,12.5800,7.6700,0.8000,2.0400,11.1900,4.7200,15.5900,8.6700,2.7300,0.9600,20.6600,1.7500,11.5300,4.1400,9.2900,25.1400,72.0100,4.8000,5.3300,15.4200,2.8900,1.4700,51.2000,160.3900,18.8900,2.0900,1.5900,3.7800,22.2200,117.0300,6.2400,7.7000,2.5500,21.9300,29.3500,30.0600,3.3300,3.5800,5.6000,3.9700,14.1500,12.0400,0.9850,15.5800,11.5000,3.8400,4.2800,5.5100,13.1300,11.6100,1.7400,3.1700,2.8800,1.7050,1.5050,34.3600,2.4200,6.7000,53.6300,6.6900,68.0000,37.0000,37.8200,17.1400,114.3800,5.1600,7163.2998
21/9/2023 0:00,2.0700,0.6850,14.2800,22.4800,2.5700,5.2400,7.4700,2.6700,2.2500,1.5300,1.4600,9.2900,41.5300,5.5800,4.8000,13.6700,4.3800,8.9000,2.7000,20.9900,23.9300,10.7900,11.6600,44.5000,1.0100,1.2750,32.7100,25.0500,8.4200,33.2000,8.6600,41.1400,57.3300,5.9700,30.4100,7.2300,3.5700,6.9500,5.7800,6.9400,1.6200,1.5100,8.9500,44.1000,19.1800,4.3800,4.4800,14.4100,22.4300,26.5900,3.5700,4.3200,28.9500,3.0500,6.2400,6.2700,9.7600,3.4200,3.2600,6.9300,2.4700,256.3200,15.6000,100.0800,26.0500,1.8000,16.4500,256.3500,5.5700,1.2350,4.9200,7.1900,9.7000,3.9800,52.9600,4.0600,13.6600,32.1100,5.2100,3.5600,11.1700,20.2400,4.2600,19.4800,20.5100,12.0900,1.6750,22.1800,4.0300,7.0700,2.2000,3.9100,5.0500,1.2350,34.3500,23.3900,12.1200,7.7800,3.1200,4.2500,5.8200,7.1400,45.6800,6.5100,2.4500,5.7000,7.1600,16.4100,3.0000,19.2900,6.7600,169.8800,62.5500,9.3000,3.4400,3.6800,2.0300,3.0100,67.0500,2.2000,28.7500,2.2000,15.7500,10.7500,6.0900,12.6000,7.5400,0.7800,2.0500,10.8300,4.6300,15.4000,8.7000,2.7000,0.9800,20.6200,1.7050,11.4700,3.9800,9.2400,25.0000,72.3700,4.8000,5.3100,15.2400,2.8300,1.4700,51.6100,158.4000,18.5600,2.0700,1.6000,3.6900,21.7200,115.9000,6.0900,7.5900,2.5300,21.6800,29.4900,30.3600,3.3800,3.6000,5.5200,3.9600,14.0000,11.9200,0.9700,15.3100,11.2600,3.8500,4.2200,5.4600,12.6500,11.7400,1.7150,3.1900,2.8500,1.7050,1.5000,34.4100,2.3900,6.6800,53.3900,6.7000,67.3200,36.0400,37.3800,16.8800,115.3300,5.1700,7065.2002
22/9/2023 0:00,2.0400,0.6800,14.2500,22.4900,2.5900,5.2200,7.4900,2.6200,2.2200,1.5400,1.4650,9.4500,41.2500,5.8100,4.9200,13.9200,4.3900,8.9000,2.7700,21.1400,23.9200,10.7100,11.6000,43.7300,1.0100,1.2600,33.4000,25.0300,8.4400,32.8000,8.7000,40.6900,56.3300,5.9400,29.9900,7.1900,3.5400,6.9500,5.7500,6.8900,1.6250,1.4900,8.8800,44.3400,19.2300,4.3600,4.5000,14.3600,22.2400,26.2100,3.5200,4.3300,28.5900,3.0600,6.4400,6.2700,9.6700,3.3900,3.2300,7.0600,2.4200,256.4500,15.6500,100.0600,26.1500,1.7950,16.9300,252.1500,5.6200,1.2400,4.9100,7.1600,9.6200,3.9300,53.2800,4.1000,13.8600,31.9800,5.2600,3.5800,11.1300,20.2300,4.2600,19.6600,20.8100,11.9600,1.6700,21.7000,3.9700,7.0800,2.1800,3.8700,4.9000,1.2000,33.3800,22.0100,12.2800,7.9300,3.1300,4.1900,5.7700,7.3500,45.9300,6.5200,2.5000,5.6800,7.1300,16.4200,3.0100,19.3400,6.8200,169.5000,62.4300,9.3100,3.4700,3.6900,2.0300,3.0000,69.4600,2.1500,28.8800,2.2000,15.4700,10.4700,6.0800,12.5100,7.4700,0.7800,2.0500,10.9200,4.7500,15.2200,8.8600,2.7100,0.9850,21.0200,1.6950,11.3700,4.2500,9.1600,24.9700,71.6700,4.7500,5.3100,15.7100,2.8300,1.4800,52.3300,157.1500,18.6300,2.0600,1.5500,3.7000,21.6000,114.5700,6.2500,7.6400,2.5100,21.5900,29.5100,30.6000,3.3500,3.6300,5.5800,3.9000,14.1700,11.8300,0.9800,15.2600,11.1600,3.8400,4.3100,5.5100,12.8800,12.0500,1.6950,3.2600,2.9000,1.7100,1.4950,34.2000,2.3800,6.7100,53.2300,6.7500,66.8500,36.2500,37.1800,17.0200,114.7000,5.0800,7068.7998
25/9/2023 0:00,2.0500,0.7000,14.2300,22.6100,2.5900,5.2500,7.5100,2.6100,2.2200,1.5300,1.4650,9.5450,41.5800,5.7900,4.9300,13.7300,4.4300,8.9100,2.7800,21.1200,23.8300,11.0300,11.4900,44.4700,1.0050,1.2700,33.4700,24.9800,8.4800,33.3000,8.6900,41.3300,56.8800,5.7500,29.7100,7.2000,3.5600,6.9100,5.7700,6.9500,1.6050,1.4400,8.8000,44.1500,19.2000,4.3600,4.7300,14.5700,22.4700,26.0600,3.5400,4.2500,29.0000,3.0900,6.4200,6.2100,9.7000,3.4200,3.2400,7.1400,2.4400,257.4600,15.7700,99.8800,26.2300,1.8400,16.9900,253.0000,5.6700,1.2200,4.8700,7.1900,9.6100,3.9900,54.0500,4.1500,13.9300,32.0900,5.2400,3.5300,11.0800,20.1900,4.3000,19.7700,20.5400,12.0200,1.6600,21.8700,4.0000,7.0900,2.2100,3.9100,5.0100,1.2200,33.5500,22.1600,12.0300,7.8600,3.0900,4.2200,5.7600,7.3500,46.6800,6.5700,2.4800,5.8100,7.1600,16.9000,3.0000,19.4300,6.7100,167.6800,63.4500,9.4000,3.4800,3.7600,2.0200,3.0000,68.3900,2.1600,28.8600,2.2200,15.6200,10.6000,6.2000,12.6800,7.5600,0.7700,2.0700,10.8500,4.7000,15.0600,8.8900,2.7000,1.0450,21.0400,1.6850,11.6000,4.1600,9.2200,25.1700,71.1900,4.8500,5.2300,15.7100,2.8500,1.4700,51.3800,159.8100,18.9400,2.0600,1.5300,3.7200,21.4400,113.1800,6.0500,7.6900,2.5500,21.9700,29.8900,30.6300,3.3300,3.6000,5.5900,3.9400,14.0700,11.9700,0.9900,15.8700,11.2100,3.8800,4.3400,5.5800,12.9500,12.0300,1.7250,3.2000,2.9700,1.6900,1.4950,34.3300,2.3500,6.7300,53.5500,6.9800,67.9400,36.4200,37.6600,17.1700,117.0000,5.2300,7076.5000
26/9/2023 0:00,2.0200,0.6900,14.2600,22.5700,2.6300,5.2000,7.3200,2.5700,2.2300,1.4200,1.4450,9.5500,41.0800,5.7600,4.8400,13.5200,4.4500,8.9100,2.8100,21.0500,23.6000,11.0300,11.4200,43.6900,0.9800,1.2700,33.4900,25.0900,8.4400,32.4400,8.6600,41.4800,56.6600,5.6900,29.9000,7.1400,3.5300,6.8800,5.7700,6.8400,1.5800,1.4100,8.8600,43.3000,19.0400,4.3800,4.7500,14.4800,22.1000,25.6500,3.4800,4.1600,29.0400,3.0700,6.4400,6.1300,9.5100,3.2800,3.2000,7.0900,2.4300,258.5700,15.7600,100.0800,26.3400,1.8800,16.8600,255.6000,5.6500,1.1700,4.7900,7.1700,9.5400,3.9900,53.3900,4.1000,13.8500,32.4000,5.3000,3.4500,11.0000,20.1400,4.2700,19.7300,20.1100,11.9400,1.6650,21.5100,3.9500,7.0400,2.1600,3.8700,4.8200,1.1850,33.3600,21.6000,11.9800,7.7200,3.1100,4.1600,5.8000,7.2300,46.1200,6.5500,2.5100,5.7300,7.0200,16.6000,2.9500,19.5100,6.7000,167.5300,63.3900,9.3000,3.4600,3.7300,2.0200,2.9900,66.8300,2.1500,28.8800,2.1800,15.3600,10.4800,6.1600,12.4200,7.5000,0.7550,2.0600,10.7300,4.7700,15.1300,8.8600,2.6900,1.0850,20.9000,1.6500,11.4000,4.1000,9.0400,24.8700,80.0100,4.7800,5.1600,15.9300,2.8500,1.4700,51.8600,156.7700,18.7400,2.0400,1.5000,3.6800,21.9400,110.9000,6.0500,7.6500,2.5200,21.7900,30.0500,30.4800,3.3000,3.6700,5.6900,3.9400,14.1800,11.9700,0.9650,15.6700,11.3200,3.8600,4.3300,5.5400,12.8400,12.0600,1.7000,3.1800,2.9200,1.6850,1.4850,34.0200,2.3300,6.7800,53.1900,6.9400,66.7700,36.0500,37.5700,17.3300,114.0000,5.1600,7038.2002
27/9/2023 0:00,2.0400,0.6900,14.2800,22.4200,2.6400,5.1200,7.6000,2.6000,2.2500,1.4300,1.4300,9.3900,41.0300,5.7700,4.7600,13.6100,4.4700,8.9100,2.8200,21.1900,23.2800,10.8900,11.4600,43.4700,0.9550,1.2700,33.6400,25.2000,8.3900,31.7300,8.7200,41.4100,56.6500,5.7400,29.1900,7.2500,3.5200,6.8500,5.7200,6.8100,1.6000,1.3750,8.9100,43.4900,19.1500,4.4200,4.7600,14.3700,22.1300,25.7200,3.4700,4.1500,28.7900,3.1000,6.4800,6.0000,9.5100,3.3500,3.2000,7.0500,2.4200,256.1100,15.7100,100.5300,25.9600,1.9150,16.8100,252.0400,5.6700,1.1150,4.7700,7.3700,9.6100,3.9700,53.3300,4.1200,13.8500,32.2100,5.3200,3.3300,11.0000,20.2400,4.2500,19.4500,20.3700,11.9000,1.6600,21.6100,3.9500,7.1400,2.1800,3.8500,4.7200,1.1850,33.1200,21.7000,12.0500,7.5700,3.0900,4.2100,5.6500,7.3700,45.7900,6.5900,2.5300,5.7600,7.1400,16.7000,2.9300,19.2100,6.6800,166.3700,62.8200,9.2800,3.4700,3.7200,2.0200,2.9700,66.0000,2.1600,29.0400,2.1700,15.3100,10.8000,6.1800,12.4800,7.4300,0.7400,2.0500,10.4700,4.7300,15.2700,8.8800,2.6600,1.1000,20.7800,1.6350,11.4800,4.1000,8.9900,24.7100,80.6600,4.8200,5.1800,15.7700,2.8600,1.4550,52.4600,156.5100,18.6800,2.0500,1.4800,3.7500,22.9900,111.0500,6.0300,7.6600,2.4900,22.0000,30.4300,30.3200,3.2600,3.6800,5.6000,3.9800,13.9000,11.9800,0.9950,15.6600,11.4500,3.8500,4.2800,5.4900,12.8600,12.1000,1.7000,3.1900,2.9700,1.6850,1.4750,33.9900,2.3700,6.7300,53.0800,6.9300,65.7200,35.6700,37.5900,17.4500,112.5000,5.1900,7030.2998
28/9/2023 0:00,2.0500,0.6800,14.2400,22.0800,2.7400,5.1650,7.3500,2.6500,2.2400,1.3800,1.3700,9.5800,40.7200,5.6100,4.7800,13.3900,4.4100,8.9100,2.8400,21.1300,23.0500,10.8000,11.4100,43.4600,0.9500,1.2600,34.0600,25.4800,8.3000,31.0900,8.7200,40.6400,56.4100,5.6100,29.3300,7.2400,3.4900,6.7900,5.7600,6.7800,1.6500,1.3700,8.9800,43.7300,19.2800,4.3900,4.7100,14.3500,21.9000,24.0700,3.4100,4.0800,27.8000,3.0700,6.4700,6.0800,9.5100,3.2300,3.1700,7.0500,2.4100,255.2700,15.6000,99.9500,26.0200,1.9950,16.5900,252.0400,5.6100,1.1150,4.7400,7.2900,9.4800,3.9300,52.6700,4.1200,13.7900,32.0300,5.2700,3.2500,11.0800,19.7300,4.3100,19.2300,20.6600,11.8500,1.6050,21.5800,3.9100,7.0900,2.1700,3.8300,4.7200,1.1650,32.7000,20.9500,12.2700,7.6700,3.1300,4.1600,5.7400,7.3600,45.8000,6.5400,2.6500,5.7000,7.1100,16.2900,2.9800,19.2500,6.8000,165.0200,63.3500,9.1600,3.4700,3.7300,2.0300,2.9600,66.9400,2.1500,28.8800,2.1700,14.9800,11.1800,6.3800,12.3300,7.4700,0.7350,2.0500,10.2500,4.7200,15.4500,8.8300,2.7000,1.0800,20.7800,1.6400,11.2600,4.2200,8.8800,24.5800,81.1700,4.8000,5.1800,15.8800,2.8400,1.4100,51.9100,154.5400,18.5300,2.0400,1.4500,3.8100,24.1000,112.4000,6.0600,7.9500,2.4700,21.7600,30.6700,29.7600,3.2700,3.6900,5.6300,3.9700,13.9900,11.9600,0.9650,15.5200,11.5500,3.8500,4.1900,5.4600,12.7100,12.1700,1.7050,3.1600,3.0000,1.7150,1.4850,31.9400,2.3200,6.6700,52.6500,7.3500,64.9800,36.6900,37.2700,17.4900,112.0000,5.2700,7024.7998
29/9/2023 0:00,2.0300,0.6800,14.2500,22.1300,2.7000,5.1500,7.5500,2.7000,2.2700,1.3850,1.3750,9.4500,40.7900,5.6800,4.7900,13.5300,4.4700,8.9300,2.8200,21.1500,23.2000,10.7300,11.4700,43.2100,0.9550,1.2550,33.8000,25.6600,8.3000,31.2800,8.6700,40.8500,57.1200,5.5300,29.1400,7.3200,3.4900,6.8700,5.7400,6.8000,1.6400,1.3850,8.9300,44.2500,19.4400,4.4500,4.8500,14.3200,22.0000,24.9700,3.3500,4.1200,27.9400,3.0100,6.4200,6.3000,9.4900,3.2200,3.1400,7.0700,2.4300,255.3200,15.5600,99.9700,25.9600,1.9450,16.8500,250.8000,5.6500,1.1150,4.7900,7.3000,9.6700,4.0000,53.1800,4.1200,13.9300,32.0600,5.2700,3.2900,11.0000,19.9900,4.3300,19.3800,20.9200,11.7700,1.6200,21.4500,3.9000,7.0600,2.2100,3.8700,4.7100,1.1550,32.5000,21.3800,12.6600,7.6800,3.1400,4.2000,5.6800,7.4000,45.4200,6.5300,2.6400,5.7300,7.1800,16.2000,2.9400,19.3400,6.7900,167.7300,63.4000,9.2200,3.4400,3.7800,2.0200,2.9600,67.6300,2.1300,29.0700,2.1800,15.1000,11.0600,6.3500,12.3900,7.4300,0.7500,2.0500,10.4600,4.7500,15.5900,8.7800,2.7500,1.1000,20.9500,1.6450,11.4200,4.3000,9.0000,25.0000,83.3900,4.8700,5.1800,15.7100,2.8700,1.4350,51.8700,154.3200,18.6300,2.0200,1.4900,3.8900,23.6000,113.5500,6.1600,7.9000,2.4600,22.0700,31.1500,29.8000,3.3900,3.7000,5.6400,3.9200,13.9700,11.9900,0.9400,15.5100,11.4000,3.8500,4.2400,5.4600,12.6900,12.3300,1.6950,3.1600,3.0000,1.7000,1.4800,32.5900,2.2500,6.7500,52.8600,7.1100,65.0500,36.4900,37.3200,17.4100,112.4300,5.1700,7048.6001
2/10/2023 0:00,2.0300,0.6800,14.2100,21.9700,2.8300,5.1500,7.5000,2.6600,2.2700,1.3850,1.3700,9.4000,40.7000,5.7900,4.7100,13.5000,4.4500,9.1600,2.8400,21.1300,23.4900,10.6900,11.3500,42.8700,0.9600,1.2200,33.8300,25.4900,8.3600,30.8900,8.6200,40.6000,56.9800,5.5500,28.7700,7.2600,3.4900,6.8400,5.7200,6.7700,1.6300,1.3900,8.9300,44.6000,19.5400,4.3900,4.8400,14.3200,21.8200,25.3300,3.3600,4.1100,27.5600,2.9900,6.3800,6.2500,9.5500,3.2200,3.1600,6.9900,2.4200,254.7500,15.4700,99.8500,25.8100,1.8600,16.4800,246.3600,5.6800,1.1200,4.7800,7.2900,9.5700,3.9100,51.0100,4.0600,13.9100,32.3700,5.2300,3.2800,10.9300,19.8900,4.3700,19.1100,21.0600,11.5700,1.6400,21.6700,3.9000,6.7800,2.1900,3.8300,4.6600,1.1600,32.1900,21.2700,12.7300,7.7800,3.1100,4.1700,5.6400,7.4000,45.1500,6.5400,2.7000,5.6600,7.1100,16.0200,2.9600,19.0200,6.7800,167.8500,62.7300,9.1000,3.4400,3.7300,2.0200,2.9600,67.5300,2.1300,28.9600,2.1800,14.8400,11.1800,6.4100,12.3800,7.3900,0.7550,2.0500,10.4900,4.7300,15.4500,8.8700,2.7200,1.1000,20.8100,1.6550,11.4700,4.2100,8.9700,24.2100,83.8100,4.7900,5.1000,15.5500,2.8400,1.4400,51.1800,153.8300,18.6900,2.0200,1.5050,3.8700,22.9300,114.8400,6.2300,7.8700,2.4700,22.1600,30.8200,29.8800,3.4900,3.7500,5.5800,3.9000,13.8700,11.8200,0.9350,15.4400,11.4000,3.8400,4.2500,5.4700,12.6700,12.1000,1.7100,3.1800,3.0000,1.7150,1.5100,32.7200,2.2900,6.6000,52.5500,7.1900,64.5800,36.2500,36.8700,17.5000,112.9500,5.2300,7033.2002
3/10/2023 0:00,2.0200,0.6800,14.2000,21.7700,2.7400,5.1300,7.5600,2.5400,2.2500,1.3300,1.3400,9.4500,39.8300,5.7700,4.8500,13.0900,4.4000,9.3000,2.7900,21.0500,23.5100,10.2400,11.1400,41.8500,0.9250,1.2000,33.3500,25.4100,8.0300,29.3500,8.6100,40.8800,56.2000,5.4100,28.2100,7.2300,3.4400,6.8300,5.6600,6.6900,1.5400,1.3300,8.8800,43.8400,19.2600,4.3500,4.6100,14.3300,21.6000,25.0300,3.3300,3.9300,27.3800,2.8800,6.3300,6.1100,9.2000,3.2000,3.1000,6.8800,2.3800,253.9100,15.3800,99.6900,25.8200,1.7750,16.0800,248.7100,5.5700,1.0650,4.6800,7.2200,9.6900,3.9100,50.2200,3.9500,13.8700,31.8000,5.2100,3.1200,10.5300,19.9600,4.4400,18.7900,20.7300,11.3500,1.5750,21.2300,3.7800,6.8400,2.1600,3.8400,4.5900,1.1450,31.8300,21.2000,12.3700,7.3800,3.0200,4.0700,5.5500,7.2100,44.7100,6.3500,2.6000,5.5000,6.8300,15.6700,2.9500,18.6500,6.5400,166.8600,61.9000,8.9400,3.3900,3.7000,2.0100,2.9800,64.1500,2.0800,28.7900,2.1700,14.5800,11.4400,6.3400,12.1800,7.3200,0.7400,2.0200,10.0400,4.6300,15.1700,8.7300,2.6700,1.0350,20.3600,1.5600,11.3700,4.0900,8.7700,23.7900,82.6800,4.6800,5.0200,15.2400,2.8000,1.4050,50.7900,152.8000,18.3800,2.0200,1.4600,3.8400,23.0400,112.8000,6.1000,7.5300,2.4200,21.7800,30.0400,29.1900,3.4100,3.6600,5.4900,3.7700,13.7200,11.5000,0.9450,15.2300,11.0400,3.8300,4.2200,5.3700,12.4800,11.7800,1.6950,3.0700,2.9200,1.7100,1.4900,32.6000,2.2700,6.4700,52.7200,6.9300,62.6600,34.9000,36.8900,16.7200,111.6200,5.2300,6943.3999
4/10/2023 0:00,2.0400,0.6650,14.1200,21.5100,2.6300,5.1500,7.4500,2.5600,2.2500,1.3300,1.3100,9.4400,38.9000,5.5800,4.9000,13.1800,4.4300,8.9100,2.7800,20.7400,22.7000,10.3700,11.1200,41.9500,0.9100,1.1900,32.9100,24.9200,8.0800,29.4600,8.5300,40.6700,55.9500,5.4300,27.9800,7.3400,3.4400,6.7800,5.5300,6.7000,1.5150,1.3350,8.7900,43.7200,19.3300,4.3400,4.5300,14.2900,21.5600,24.7500,3.3100,4.0200,27.2200,2.8600,6.2000,6.0600,9.1700,3.1200,3.0700,6.9600,2.3400,252.6600,15.2800,98.0900,25.8600,1.6850,15.7500,248.7000,5.5300,1.0550,4.7000,7.1500,9.5600,3.7900,50.0000,3.9000,14.0400,32.1200,5.2000,3.1700,10.5300,20.2800,4.3800,18.8600,20.7800,11.5300,1.6050,21.2200,3.7400,6.8500,2.1300,3.8700,4.6000,1.1300,31.8300,21.1200,12.0500,7.3600,3.0000,4.0500,5.5400,7.3100,44.4600,6.3600,2.5500,5.5300,6.7000,15.6400,2.9700,18.3500,6.5000,163.4000,61.2300,8.9100,3.3900,3.6700,2.0100,2.9600,63.3300,2.0400,28.3100,2.1600,14.5000,11.4700,6.2300,12.0900,7.3100,0.7250,2.0100,10.1800,4.7000,15.1500,8.7100,2.7300,1.0300,20.1000,1.5500,11.1000,4.0500,8.6200,23.5800,82.4000,4.6600,4.9300,15.0900,2.7800,1.4650,50.4800,151.9600,18.0200,2.0000,1.4750,3.7500,22.8400,113.6200,6.0200,7.4500,2.4100,21.3700,29.2300,29.0900,3.3400,3.6000,5.4400,3.7200,13.5000,11.4700,0.9400,15.3400,10.9800,3.7800,4.1600,5.2500,12.3700,11.7700,1.6700,2.9300,2.8600,1.6800,1.4750,32.7000,2.2400,6.4300,52.3900,6.8400,62.1700,34.5800,36.9600,16.7300,110.7100,5.1000,6890.2002
5/10/2023 0:00,2.0200,0.6650,14.2500,21.7600,2.6300,5.1400,7.4500,2.5600,2.2900,1.3800,1.3200,9.5600,39.6000,5.5900,4.8400,13.4300,4.4900,8.9600,2.7900,21.0100,22.1100,10.5500,11.2800,42.6000,0.9200,1.2050,31.9800,25.0900,8.1500,29.1500,8.5600,39.1800,56.1500,5.5500,27.9800,7.3100,3.5100,6.8000,5.6200,6.6900,1.5200,1.3750,8.8800,43.4300,19.5800,4.4300,4.5700,14.2600,21.5400,25.1100,3.3600,4.1000,27.7400,2.9100,6.3100,5.9400,9.2900,3.1900,3.1100,7.0600,2.3500,255.3400,15.4100,98.9800,25.6900,1.7050,15.9100,249.4600,5.6000,1.0800,4.6900,7.3300,9.6100,3.8300,50.3000,3.8700,14.1500,32.5400,5.2300,3.2600,10.6500,20.7800,4.4400,19.1400,20.7800,11.6000,1.6450,21.7700,3.8200,6.9000,2.1500,3.9100,4.6600,1.1650,32.0000,21.2500,11.5700,7.4000,3.0100,4.0600,5.5200,7.4400,44.7700,6.3400,2.5100,5.6000,6.8300,15.8100,2.9600,18.4300,6.5600,165.1900,62.3700,8.8100,3.4200,3.7300,2.0100,2.9900,61.4800,2.0700,28.5100,2.1900,14.4100,11.8000,6.2100,12.4400,7.5200,0.7200,1.9750,10.6600,4.7300,15.3300,8.6600,2.7400,1.0250,20.0700,1.5300,10.9000,3.9400,8.6400,23.3900,83.0000,4.7200,5.0400,15.1500,2.8000,1.4950,51.1100,155.9400,18.2300,2.0400,1.5150,3.7800,23.2800,111.9100,6.0200,7.4200,2.4800,21.9100,28.7100,29.5300,3.3700,3.5400,5.4900,3.7700,13.4800,11.5500,0.9400,15.5700,11.0600,3.8200,4.1800,5.3100,12.5400,11.8900,1.7150,2.9700,2.7800,1.6900,1.4800,32.9000,2.2600,6.3700,52.5700,6.7500,62.2200,34.3100,37.5200,16.6900,113.6800,5.0200,6925.5000
6/10/2023 0:00,1.9750,0.6700,14.0400,21.6600,2.4000,5.2100,7.3000,2.5200,2.3700,1.3350,1.3600,9.4700,39.9200,5.7000,4.7500,13.5100,4.4800,9.0300,2.7200,21.4400,22.8100,10.4100,11.0700,42.1300,0.9200,1.2150,31.6900,25.3200,8.0800,29.2100,8.6700,40.1000,57.0200,5.4700,28.3700,7.3400,3.5100,6.8400,5.7100,6.7400,1.5000,1.3750,8.9800,43.9700,19.6000,4.5100,4.6500,14.2400,21.9400,25.3200,3.4000,4.1100,28.1000,2.9400,6.3000,5.9300,9.2300,3.1800,3.1200,7.1300,2.3700,255.3400,15.5000,100.0400,25.7000,1.6850,16.0100,250.2000,5.7000,1.1150,4.7400,7.3500,9.6300,3.8800,50.4500,3.9300,14.0400,33.0500,5.2500,3.3400,10.7500,20.7000,4.4900,19.3800,21.0600,11.8700,1.6750,21.5800,3.8100,6.8200,2.1000,3.9400,4.6500,1.1550,32.4100,21.2400,11.0600,7.3800,3.0200,4.0600,5.6200,7.4500,45.1600,6.2600,2.4400,5.7200,6.8600,15.8900,2.9900,18.3300,6.4200,165.9500,62.1100,7.1800,3.5000,3.7300,2.0000,2.9350,60.9500,2.0600,28.9400,2.2200,14.3200,11.4400,6.1000,12.2700,7.6300,0.7100,1.9300,10.8000,4.7400,15.3300,8.7200,2.7400,1.0300,20.0100,1.5300,10.0900,3.9100,8.6300,23.2600,82.8400,4.7500,5.0300,15.5600,2.7900,1.5850,50.8200,155.8500,18.3200,2.0600,1.5150,3.7400,22.8700,113.1900,5.9800,7.3500,2.4700,21.9500,28.5700,29.4400,3.3700,3.5100,5.5400,3.7500,13.5700,11.5000,0.9550,15.5900,11.2500,3.8000,4.1400,5.3400,12.5100,11.7500,1.7300,3.0000,2.7700,1.6850,1.4750,33.2800,2.2600,6.4700,51.6500,6.4700,62.5100,34.1900,37.6400,16.7600,112.9700,4.9400,6954.2002
9/10/2023 0:00,1.9800,0.6650,14.1100,21.8900,2.0500,5.2400,7.7500,2.5000,2.3200,1.3950,1.3900,9.5700,40.3000,5.7700,4.8500,13.4500,4.5100,9.2100,2.7400,21.4200,22.7500,10.4800,11.1500,42.3500,0.9150,1.2250,32.3000,25.4300,8.0700,29.1000,8.7000,39.9000,56.8400,5.5500,27.9900,7.3500,3.5000,6.8000,5.7200,6.7500,1.5500,1.4300,9.0800,44.0300,19.4600,4.5500,4.5500,14.1100,21.6000,25.5800,3.4100,4.3300,28.1700,2.9500,6.3200,5.9800,9.2100,3.1500,3.0900,7.1200,2.3900,255.4000,15.4600,100.0300,25.5600,1.7100,15.9500,253.4500,5.8500,1.2050,4.7000,7.2000,9.7200,3.8400,50.2800,3.9400,14.2300,32.1900,5.2400,3.5500,10.7700,20.4100,4.5400,19.2000,20.6700,11.9100,1.7250,21.5500,3.7900,6.8400,2.0400,3.9300,4.6600,1.1500,32.6300,21.3400,11.0400,7.3900,3.0200,4.0900,5.5500,7.3100,45.1700,6.2600,2.5800,5.7700,6.8500,15.7400,2.9900,18.3200,6.3900,164.9500,62.6700,6.6600,3.4500,3.7100,2.0000,2.9300,59.4500,2.0500,28.9600,2.2000,14.3300,11.4500,6.2000,12.2200,7.6000,0.7150,1.9600,11.2300,4.7200,15.3800,8.7300,2.7700,1.0200,20.0000,1.6100,10.3500,3.7300,8.4700,23.4900,82.8900,4.6800,4.8400,15.4500,2.7800,1.6500,50.6600,156.7400,18.3600,2.0600,1.5900,3.7500,22.9900,113.2000,6.0000,7.6600,2.4700,21.9900,28.4400,29.6300,3.3700,3.5500,5.5400,3.7400,13.4900,11.5700,0.9600,15.5700,11.4100,3.7900,4.1600,5.3000,12.4900,11.6500,1.7300,3.0400,2.8100,1.6850,1.4650,33.4100,2.2500,6.4100,51.5500,6.6100,62.1600,35.2400,37.4100,16.9700,112.7000,5.0800,6970.2002
10/10/2023 0:00,2.0100,0.6600,14.1100,21.9300,2.1000,5.2800,7.3000,2.5000,2.3000,1.4250,1.4050,9.6000,40.8200,5.7000,4.8300,13.4500,4.5800,9.2200,2.7300,21.4800,22.7100,10.8900,11.2800,43.2200,0.9450,1.2150,31.9000,25.5700,8.2600,30.0000,8.7000,40.4400,57.2000,5.6400,28.3400,7.4000,3.6100,6.8300,5.7800,6.7300,1.5600,1.4500,9.1000,44.1500,19.4700,4.5800,4.3300,14.2300,21.8000,25.6500,3.4000,4.3900,28.8500,2.9500,6.5700,6.0800,9.6200,3.1900,3.1400,7.1300,2.4000,257.3900,15.6700,100.7000,25.4000,1.7550,16.5600,255.0700,5.7800,1.2200,4.7500,7.2300,9.9200,3.9200,51.4400,4.0000,14.3200,32.7500,5.2800,3.5600,10.9400,20.5700,4.5600,19.3600,20.8300,11.8500,1.7200,22.0600,3.8400,6.9200,2.0500,3.9900,4.6700,1.1500,32.9300,21.9900,11.4300,7.5000,3.0700,4.2000,5.5200,7.3100,46.1900,6.3700,2.6000,5.9400,7.0500,16.0200,3.0000,18.6900,6.4900,167.1400,63.6700,6.9400,3.4400,3.7600,2.0000,2.9200,60.8500,2.0800,29.1500,2.2300,14.5300,11.0000,6.2500,12.4900,7.5500,0.7500,2.0100,11.4000,4.7300,15.5600,9.2100,2.7800,1.0050,20.4800,1.6200,10.9000,3.9600,8.5200,23.8400,83.5400,4.6300,4.9000,15.5300,2.8000,1.6850,51.4100,164.1500,18.3200,2.0800,1.6100,3.8100,23.2800,112.2000,6.2500,7.7000,2.5000,22.4400,28.3100,29.9200,3.4300,3.5700,5.5600,3.8000,13.5300,12.0300,0.9600,15.8600,11.4800,3.8700,4.2300,5.2800,12.5900,11.7200,1.7650,3.0300,2.8000,1.7000,1.4700,33.7700,2.2700,6.4200,52.1700,6.7200,63.4400,35.6900,37.9500,17.0400,117.6300,5.0700,7040.6001
11/10/2023 0:00,2.0000,0.6750,14.0700,22.0700,2.2900,5.2500,7.6300,2.4200,2.2700,1.3850,1.4600,9.6400,41.5800,5.7000,4.9000,13.6700,4.5800,9.7500,2.7500,21.4400,22.4600,10.8600,11.3600,43.4200,0.9600,1.2050,32.0700,25.6500,8.3100,30.7000,8.6500,40.8800,57.6400,5.7200,28.7000,7.3900,3.6700,6.8200,5.3500,6.8000,1.5450,1.4250,8.9900,44.7300,19.5300,4.6300,4.6200,14.3200,22.2300,25.8200,3.4800,4.3700,29.3800,2.9700,6.5500,6.2000,9.7100,3.2300,3.1800,7.1800,2.4400,259.2400,15.6700,100.6400,25.8200,1.7350,16.8300,254.2700,5.8700,1.2000,4.8100,7.2500,10.0300,3.9800,52.9300,4.0000,14.5800,32.8500,5.3200,3.5500,11.0500,20.6500,4.4550,19.5000,21.1600,11.9800,1.7200,22.1200,3.8900,6.8800,2.1200,4.0600,4.7000,1.1750,33.0200,22.7000,11.4600,7.5600,3.0800,4.2100,5.5300,7.4200,46.8200,6.3800,2.6100,5.9900,6.9100,16.3400,2.9200,19.1100,6.6600,169.9400,64.5600,6.8500,3.5100,3.7600,2.0200,2.9500,61.7200,2.1100,29.2900,2.2300,14.8000,11.6000,6.3500,12.8900,7.6400,0.7600,2.0600,11.2600,4.7300,15.6400,9.2100,2.7600,1.0300,20.4600,1.6200,11.2900,4.0400,8.5700,24.1100,83.1400,4.7000,5.0300,15.7700,2.8300,1.6800,51.1900,164.0600,18.6000,2.1100,1.5700,3.8900,23.4000,113.7900,6.2400,7.7500,2.5200,22.7400,28.5200,30.1700,3.4300,3.6500,5.6500,3.8800,13.7300,12.3400,0.9750,16.0500,11.4200,3.9000,4.2900,5.2200,12.7200,11.7800,1.7600,3.0800,2.8500,1.6900,1.4750,34.0200,2.2900,6.4900,52.6600,6.7500,64.8000,35.9100,37.9200,17.1400,119.7400,5.0600,7088.3999
12/10/2023 0:00,2.0300,0.6550,14.0500,22.0000,2.4200,5.2000,7.4500,2.5000,2.2800,1.3750,1.4500,9.7900,42.5800,5.8000,4.9000,13.4200,4.6200,9.7300,2.7700,21.6300,22.3600,10.8900,11.5000,43.6600,0.9700,1.1900,31.9300,25.8600,8.2900,31.1900,8.6400,40.0000,57.9700,5.7000,28.9300,7.4100,3.6900,6.8200,5.5600,6.8300,1.5400,1.4200,9.0700,44.8400,19.1500,4.6000,4.3400,14.3400,22.9800,26.2800,3.5100,4.4200,29.7300,3.0200,6.6700,6.3100,9.6000,3.2400,3.2200,7.1500,2.4600,257.3200,15.6400,101.6000,26.0300,1.7150,16.8400,238.2400,5.9300,1.2000,4.8800,7.2300,10.4400,4.0000,55.2000,4.0800,14.8400,32.4900,5.3300,3.5500,11.0600,19.7500,4.4550,19.5600,21.3300,12.0500,1.7600,22.4600,3.8700,6.9800,2.1200,4.0600,4.6800,1.1750,33.8100,22.8800,11.5500,7.6000,3.0800,4.1900,5.6400,7.3100,47.4300,6.4200,2.6200,6.0400,6.8900,16.6000,2.8700,19.2500,6.7300,170.6900,65.3600,7.0400,3.5200,3.7800,2.0300,2.9600,62.8900,2.1400,29.5600,2.2400,15.0900,11.2900,6.2500,12.9500,7.5200,0.8000,2.0600,11.3500,4.7200,15.6700,9.2600,2.6900,1.0050,20.7700,1.6050,11.4400,4.2100,8.7300,24.1900,83.5200,4.7500,5.0300,15.7800,2.8200,1.7050,50.8500,163.8700,18.5600,2.1400,1.5700,3.7600,22.1700,114.8500,6.1700,7.6300,2.5500,23.4700,27.9400,30.1100,3.4700,3.6900,5.6600,3.9300,13.9200,12.5000,0.9150,16.0800,11.3000,3.8900,4.3000,5.2200,12.6300,11.6600,1.7850,3.0800,2.8500,1.6950,1.4900,34.3900,2.2700,6.5300,52.9600,6.6600,64.5100,35.8900,37.7800,17.3200,120.9300,5.0000,7091.0000
13/10/2023 0:00,2.0000,0.6500,13.7600,21.8800,2.4000,5.2500,7.7100,2.4800,2.2700,1.3950,1.4000,9.6000,41.7800,5.8000,4.7900,13.2800,4.6200,9.5000,2.7600,21.4800,22.1500,10.9500,11.3100,43.4300,0.9350,1.1850,31.7700,25.7100,8.3400,30.5900,8.5600,39.4700,57.4500,5.6500,28.8500,7.3600,3.6100,6.7700,5.4600,6.8000,1.5300,1.4050,9.0000,45.0100,18.6400,4.5900,4.3700,14.2500,22.6000,26.0400,3.4500,4.2900,29.2800,2.9500,6.5000,6.2200,9.4000,3.1500,3.1700,7.0000,2.4300,256.7900,15.6000,100.9700,26.2100,1.6750,16.7500,241.3900,5.8400,1.2000,4.9100,7.1000,10.3200,3.8500,54.5500,3.9700,14.7300,32.1400,5.2800,3.4300,10.8300,19.3500,4.4550,19.5500,21.4700,11.7100,1.7350,22.1100,3.8100,6.9200,2.1000,3.8800,4.6200,1.1400,33.6400,22.4700,11.6200,7.4300,3.0600,3.9600,5.6500,7.2600,47.0500,6.3300,2.6100,5.9100,6.7100,15.9800,2.7900,18.8800,6.8000,169.9600,64.1700,6.8300,3.5100,3.8000,2.0200,2.9500,62.6700,2.0900,29.3200,2.2000,14.8900,11.0300,6.3300,12.5700,7.3800,0.8000,2.0100,11.0500,4.6600,15.6300,9.2700,2.6200,0.9850,21.3100,1.5750,11.3100,4.1500,8.4400,23.9100,83.4900,4.6300,5.0200,15.7200,2.7800,1.6750,50.2800,159.4100,18.3800,2.0900,1.5400,3.6800,21.5400,114.7400,5.9900,7.6400,2.5000,23.1000,27.6500,30.1400,3.5000,3.5900,5.6600,3.8400,13.9400,12.4400,0.9100,15.9600,10.9100,3.8800,4.2700,5.1800,12.4500,11.4400,1.7500,3.0100,2.8500,1.6950,1.4850,33.9400,2.2700,6.5500,52.8500,6.7100,63.4500,35.7500,37.5400,17.4100,118.0200,4.9700,7051.0000
16/10/2023 0:00,1.9900,0.6500,13.8900,21.7800,2.4600,5.3400,7.6600,2.5000,2.2700,1.4000,1.4000,9.3700,41.2300,5.6100,4.8600,13.2400,4.6500,9.5000,2.7700,21.3100,22.1900,10.8000,11.1700,42.1900,0.9650,1.1450,31.8000,25.5500,8.2500,30.3700,8.5100,39.3300,56.7500,5.5900,28.7700,7.4000,3.6000,6.7500,5.4200,6.6800,1.5550,1.4450,9.0000,45.1800,18.1900,4.6100,4.3000,14.2500,22.1200,26.0200,3.4600,4.4500,28.7700,2.9400,6.4100,6.1200,9.3300,3.1500,3.1500,7.0700,2.4200,255.0800,15.6100,100.6700,25.9800,1.7050,16.4800,239.9000,5.8100,1.2350,4.9400,7.0300,10.3600,3.7600,52.8200,3.9000,14.5000,32.0000,5.2900,3.4800,10.6800,19.7600,4.0700,19.1300,21.5400,11.6000,1.8100,21.9000,3.7900,6.8800,2.0900,3.7700,4.6100,1.1300,33.1200,22.3100,11.5200,7.4300,3.0300,3.9000,5.6800,7.2000,46.4900,6.2200,2.6900,5.8900,6.6800,15.9200,2.7900,18.3200,6.7000,167.6700,62.8500,6.5500,3.5700,3.8000,2.0200,2.9600,62.2800,2.0700,29.1300,2.2000,14.7200,11.0600,6.4200,12.2800,7.3300,0.7850,1.9900,11.4000,4.6500,15.5600,9.3000,2.5800,0.9600,20.5300,1.6450,10.9400,4.1100,8.4500,23.6100,82.2600,4.7500,4.9000,15.5500,2.7300,1.7250,50.2500,156.4300,18.1800,2.0800,1.6300,3.5100,22.1700,115.7200,5.9900,7.6600,2.5000,22.6600,27.1100,30.1300,3.5000,3.7600,5.6500,3.7900,13.9600,12.2900,0.9000,15.6600,10.4100,3.8800,4.2500,5.1800,12.3700,11.5900,1.7400,2.9600,2.8300,1.6950,1.4700,33.9800,2.2800,6.4700,52.7000,6.7800,62.0000,36.0600,37.4800,17.1700,114.0000,5.0500,7026.5000
17/10/2023 0:00,1.9850,0.6350,13.9700,21.8500,2.5200,5.2000,7.7300,2.5900,2.2800,1.4300,1.3900,9.7000,41.8700,5.8200,4.7900,13.3000,4.6400,9.4800,2.7900,21.4800,21.0200,10.7700,11.3400,42.5100,0.9600,1.1350,31.9900,25.7600,8.1900,29.6100,8.6200,39.6400,57.2300,5.5200,29.2200,7.3500,3.6100,6.7800,5.5200,5.9100,1.5700,1.4250,9.0700,45.5700,18.3800,4.6700,4.1700,14.4100,22.4100,26.3800,3.5300,4.4800,29.2200,2.9700,6.3900,6.2400,9.3500,3.2100,3.1900,7.1000,2.4000,253.9000,15.5100,101.2000,26.1200,1.7100,16.8000,236.4000,5.8500,1.2350,5.0100,7.1500,10.3800,3.8200,53.0100,3.9100,14.3100,31.7000,5.2600,3.4600,10.8100,19.5500,4.0800,19.3800,21.8300,11.2600,1.8050,22.1200,3.8400,7.0200,2.1500,3.6800,4.6900,1.1550,33.5900,22.5300,11.6900,7.4600,3.0400,3.9200,5.7900,7.1900,45.9100,6.2700,2.6600,5.9300,6.7600,15.9800,2.7900,18.3500,6.7300,168.6000,62.9700,6.6100,3.5900,3.7700,2.0200,2.9900,63.4900,2.0700,29.3700,2.2200,14.8700,10.9900,6.3600,12.3100,7.3800,0.8000,1.9950,11.2800,4.7500,15.5800,9.3000,2.6000,0.9250,20.3600,1.6400,11.1900,4.0700,8.4200,23.6700,81.2700,4.7500,4.9000,15.8200,2.7400,1.7050,49.8500,159.2300,18.2200,2.1000,1.6200,3.5800,22.1600,117.1100,5.9900,7.7000,2.5400,22.9600,26.8500,29.6900,3.4600,3.6700,5.7300,3.7700,14.0100,12.1800,0.8900,15.7800,10.1500,3.8800,4.2100,5.4700,12.3600,11.6500,1.7800,3.1000,2.8400,1.5900,1.4100,34.4000,2.2900,6.5200,52.5300,6.7900,62.6400,36.0900,37.4600,17.2900,116.2500,5.0700,7056.1001
18/10/2023 0:00,1.9800,0.6350,13.8000,21.6900,2.5100,5.3200,7.6500,2.7200,2.2700,1.5350,1.4000,9.5300,41.0100,5.8300,4.6600,13.1500,4.6200,9.4100,2.7900,21.4500,21.9000,10.7800,11.2400,42.5500,0.9600,1.1350,32.4200,25.8200,8.0600,29.3300,8.6000,39.3900,56.9000,5.4500,29.6000,7.3300,3.5700,6.8000,5.5900,5.4600,1.5950,1.4700,9.0900,45.8800,18.1500,4.6700,4.3400,14.4300,22.2400,26.0700,3.4900,4.7500,29.2900,2.9500,6.2900,6.3200,9.2400,3.1600,3.2000,7.0600,2.4200,255.5000,15.4900,101.4200,26.3900,1.7450,16.9600,238.9500,5.8000,1.2850,5.0000,7.0800,10.2000,3.8300,52.4200,3.9100,13.9800,31.8300,5.2700,3.5900,10.6100,19.8800,4.0600,19.3300,21.9100,11.2700,1.8400,21.9900,3.8300,7.1000,2.1100,3.5800,4.8100,1.1500,31.7700,22.5300,11.7200,7.4800,3.0200,3.9100,5.8300,7.0400,45.2100,6.2600,2.7000,5.8900,6.6700,15.7600,2.7900,18.3100,6.6600,168.6000,63.4600,6.6700,3.5700,3.7500,2.0200,2.9700,63.5500,2.0800,29.5500,2.2200,14.7900,11.5700,6.4800,12.5000,7.4700,0.8050,2.0100,11.4800,4.7400,15.5200,9.2100,2.6000,0.9500,20.6200,1.6800,11.4200,4.0800,8.4000,23.4700,80.3200,4.6000,4.8600,16.2200,2.7200,1.7400,49.9700,158.9700,18.0300,2.1200,1.6400,3.5700,22.3600,117.4100,6.0000,7.8500,2.5500,22.8700,26.9400,29.7300,3.5000,3.8400,5.7300,3.7700,14.1400,12.1600,0.8700,15.7700,10.2300,3.8700,4.2100,5.5400,12.3000,12.2300,1.7800,3.1300,2.8600,1.5700,1.4050,34.5500,2.2900,6.4800,52.5800,7.5700,62.6500,36.8800,37.2700,17.2900,113.9200,5.1600,7077.6001
19/10/2023 0:00,1.9900,0.6250,13.7800,21.5900,2.4100,5.2000,7.5400,2.8200,2.2700,1.5100,1.3500,9.6000,40.0000,5.8100,4.7600,12.6500,4.6300,9.3800,2.7900,21.1500,21.5000,10.7000,10.9400,41.3200,0.8900,1.0800,32.1700,25.6300,8.0000,30.5300,8.5600,38.7400,55.3700,5.4200,29.4800,7.2100,3.5000,6.8000,5.5500,5.6000,1.5850,1.4850,8.9900,45.2300,17.7500,4.6500,4.4400,14.2700,21.9000,26.3500,3.4700,4.7700,28.8700,2.9700,6.1700,6.3300,9.0800,3.2100,3.1900,7.0400,2.3800,250.6100,15.1600,99.7800,26.0300,1.6650,17.0800,235.8700,5.7200,1.3000,4.9400,6.9700,10.2500,3.7600,52.2200,3.8300,13.9200,31.7200,5.1700,3.6000,10.5000,19.6900,4.0200,18.6300,21.8700,10.8100,1.8700,21.4500,3.7800,7.0600,2.1300,3.5700,4.7100,1.1200,32.2500,21.7900,11.4000,7.1500,2.9600,3.8800,5.7900,7.0500,44.7300,6.1900,2.6800,5.9300,6.5800,15.7700,2.7900,18.3000,6.4100,164.1000,63.0000,6.5700,3.5700,3.7100,2.0200,2.9700,61.0400,2.0500,29.1200,2.2000,13.6300,11.4900,6.4200,12.3100,7.3800,0.7900,2.0000,11.9800,4.6900,15.2000,9.2200,2.5900,0.9450,20.2800,1.6550,11.3200,3.8600,8.3900,23.2700,79.5700,4.6600,4.7400,15.8600,2.6800,1.7250,50.4900,156.8600,17.8000,2.1000,1.6500,3.5100,22.6200,115.4700,5.9300,7.8500,2.5200,22.4400,27.1100,29.6200,3.3900,3.7200,5.7700,3.7200,13.9700,12.0900,0.8700,15.4900,9.2000,3.8700,4.1100,5.4400,12.0500,11.8700,1.7550,3.0600,2.8200,1.5450,1.4100,34.4800,2.2900,6.3900,51.7000,7.4800,61.6300,36.5600,36.7900,17.0900,111.0800,5.0800,6981.6001
20/10/2023 0:00,1.9600,0.6200,13.6100,21.4600,2.4400,5.2000,7.4000,2.8800,2.2500,1.5300,1.3500,9.4300,39.4200,5.5500,4.7500,12.3000,4.5800,9.1200,2.8000,20.8600,21.1300,10.7100,11.0500,41.2400,0.8100,1.0600,31.8400,25.2700,7.9700,30.2600,8.6000,39.0800,54.3500,5.3700,28.8700,7.0500,3.4800,6.7600,5.5500,5.5200,1.5900,1.5000,8.8200,44.4300,17.9000,4.6600,4.4500,14.3300,21.7200,25.9300,3.4500,4.8100,28.4500,2.9400,6.0200,6.2800,9.0100,3.1800,3.1600,6.9100,2.3500,245.1400,15.1300,98.7500,25.9700,1.6850,16.5300,233.0900,5.7300,1.2950,4.8800,6.9300,10.0400,3.7800,51.4100,3.8300,13.5800,31.6800,5.0900,3.6800,10.7500,18.9400,4.0600,18.0600,21.3900,10.8200,1.8600,21.1000,3.7300,6.9000,2.1200,3.5300,4.6500,1.0950,31.6800,21.5000,11.1600,6.9600,2.9300,3.9000,5.7700,6.9800,44.4800,6.0100,2.6900,5.9600,6.4900,15.7100,1.9000,17.8700,6.2900,161.5900,62.7000,6.4400,3.5300,3.6600,2.0200,2.9300,59.5500,2.0400,28.6500,2.1600,13.1200,11.3000,6.4700,12.0800,7.3100,0.7800,1.9850,12.1300,4.7000,15.0800,9.1900,2.5300,0.9750,19.7800,1.6750,11.3600,3.8600,8.3000,23.0500,78.1600,4.6900,4.7700,15.6100,2.6800,1.7300,49.5800,155.2700,17.6100,2.0900,1.6400,3.5500,22.6400,114.6200,5.9000,8.0000,2.5200,21.9900,26.7800,29.2700,3.3700,3.6500,5.6700,3.7100,13.9000,12.0000,0.8600,15.2200,8.4000,3.8100,4.0700,5.3400,11.9700,11.7700,1.7550,2.9700,2.8100,1.5100,1.3800,34.3100,2.2700,6.1800,51.2700,7.5400,60.0000,36.3600,36.5500,17.0200,109.5500,5.0700,6900.7002
23/10/2023 0:00,1.9300,0.6200,13.5800,21.7600,2.4400,5.1100,7.1000,2.9100,2.2200,1.5000,1.3600,9.2200,39.3100,5.3500,4.4800,12.0100,4.5600,9.1200,2.7800,20.8400,20.3500,10.6400,11.1500,40.8600,0.7800,1.0500,31.3900,25.2200,8.0200,31.8600,8.4500,39.1400,55.3100,5.3300,28.3700,6.9900,3.4500,6.6900,5.5700,5.4700,1.5250,1.4950,8.7700,43.3600,18.0800,4.5900,4.3400,14.2600,21.9300,25.5900,3.4500,4.6900,28.4100,2.9300,5.8800,6.2400,9.0500,3.2000,3.2000,6.8000,2.3500,247.4700,15.2300,97.8200,25.3800,1.6100,16.5200,236.8000,5.6400,1.2600,4.7400,6.9900,9.9600,3.7300,51.9500,3.8400,13.4000,31.5700,5.0900,3.6300,10.4800,19.4400,4.1500,17.7700,20.8100,10.7700,1.8600,21.0600,3.7300,7.0100,2.1900,3.5500,4.6400,1.1000,31.1900,21.0400,10.5800,6.8100,2.8400,3.8700,5.7400,7.0000,44.3600,5.8500,2.6100,5.9100,6.4800,15.5000,1.8000,17.9200,6.0700,162.1900,62.8600,6.4000,3.5100,3.7000,2.0200,2.8900,56.4400,2.0200,28.5600,2.1600,13.0200,11.3000,5.9200,12.0300,7.2800,0.7650,1.9500,12.1500,4.7200,14.9000,9.1900,2.5000,0.9300,19.5500,1.6750,11.4000,3.5800,8.0900,22.8900,79.3700,4.6800,4.7900,15.3500,2.6700,1.7300,49.9500,154.4400,17.6300,2.1100,1.6450,3.5200,23.4400,111.8500,5.7700,7.8000,2.4900,21.7400,26.5600,29.5200,3.2700,3.6300,5.6200,3.6800,13.5100,12.0700,0.8450,15.1800,8.4500,3.7900,4.1000,5.2700,11.9800,11.9300,1.7550,2.9400,2.7300,1.5000,1.3950,34.2400,2.2700,6.1400,51.2400,7.5000,60.0000,35.1900,36.8100,16.4800,107.9000,4.9800,6844.1001
24/10/2023 0:00,1.9700,0.6150,13.3800,21.4900,2.4400,5.1100,7.2500,2.7800,2.2100,1.5250,1.3650,9.4500,39.5700,5.3100,4.5200,12.1200,4.5200,8.9200,2.7800,20.8800,21.2000,10.4500,10.9900,41.1000,0.7600,1.0550,31.7500,25.1800,8.0200,31.6000,8.4000,39.7300,55.3600,5.4100,28.4700,6.9500,3.4400,6.6200,5.5200,5.5200,1.4950,1.4950,8.8000,43.5900,18.3100,4.6000,4.5400,14.3600,21.5700,25.5600,3.4600,4.8000,28.3600,2.9200,5.8900,6.1100,9.0200,3.2000,3.1900,6.8000,2.3400,246.6700,15.1000,98.0700,25.2600,1.6500,16.4700,237.2500,5.5900,1.2400,4.7700,6.9300,10.0100,3.7200,51.4000,3.8200,13.3400,32.0300,5.0200,3.6900,10.4500,19.2600,4.0800,17.7900,21.3500,10.9900,1.8550,21.0700,3.7100,7.0000,2.1600,3.5200,4.5800,1.0950,31.4900,20.8700,10.8700,6.8800,2.7900,3.8900,5.6700,7.0300,44.2100,5.8300,2.6100,6.0200,6.4300,15.5800,1.7800,17.8500,6.8200,163.1200,63.0000,6.5300,3.5300,3.7000,2.0300,2.8900,57.4300,2.0200,28.5600,2.1600,13.0400,11.3000,6.0400,12.1900,7.3100,0.7650,1.9350,12.2100,4.6000,14.7100,9.1600,2.4900,0.9500,19.5500,1.7600,11.2800,3.7900,7.9800,22.9600,77.8000,4.6400,4.7600,15.3400,2.7200,1.7750,49.8500,154.4900,17.5900,2.0800,1.7350,3.4800,22.8300,113.6000,5.8900,7.8500,2.5000,21.4800,26.8500,29.0200,3.2200,3.7200,5.6300,3.6800,13.5100,12.1700,0.8500,15.2000,8.4700,3.7900,4.0200,5.2300,11.9900,11.9200,1.7300,2.9700,2.8400,1.5200,1.4000,34.0700,2.2700,6.1100,51.1200,7.5900,60.0200,35.1600,36.3500,16.6500,108.3800,4.9300,6856.8999
25/10/2023 0:00,1.9300,0.6100,13.4300,21.2600,2.4400,5.1000,7.1100,2.7700,2.1800,1.4700,1.3300,9.1100,39.1100,5.3100,4.4000,12.3500,4.5300,8.9200,2.8000,20.8000,20.9500,10.5000,10.9000,40.7800,0.7650,1.0550,32.9400,24.8500,8.0700,30.4300,8.3600,40.3700,55.6000,5.3600,28.0400,6.8600,3.4400,6.6200,5.4800,5.4500,1.4800,1.4000,8.7100,44.7200,18.4900,4.6000,4.6900,14.3000,21.6500,25.0700,3.4200,4.5900,28.2300,2.8900,5.8000,6.3800,8.8700,3.1300,3.1400,6.7300,2.3300,244.4800,14.9500,97.3500,25.1900,1.6700,17.0000,236.0500,5.4900,1.1900,4.7900,6.7000,10.1300,3.6900,51.4100,3.7600,13.1200,31.9800,4.9800,3.6200,10.4000,18.9500,4.0300,18.4200,22.0200,10.9900,1.7950,20.7300,3.6300,6.7800,2.1000,3.5500,4.4300,1.0700,30.9900,21.1000,10.8500,7.0100,2.7700,3.9300,5.6600,7.0000,44.1000,5.7400,2.5000,6.3000,6.3100,15.4600,1.8100,17.4000,7.1200,163.4600,62.2200,6.3400,3.4900,3.6600,2.0200,2.8500,60.0900,1.9450,28.3200,2.1100,12.7200,10.9800,6.1100,12.1600,7.2800,0.7650,1.8800,12.1000,4.4100,14.7400,9.1000,2.4900,0.9650,19.2100,1.7150,10.8900,3.8800,7.7900,22.6200,77.3200,4.4800,4.8300,15.3900,2.7200,1.6750,49.5100,153.2000,17.5600,2.0300,1.6700,3.4100,22.3700,116.2700,5.9400,7.7700,2.4300,21.3000,27.1200,28.7700,3.2500,3.8000,5.6100,3.6500,13.5000,12.2000,0.8150,15.2900,8.9400,3.8700,3.9400,5.2600,11.9600,11.8271,1.7200,2.8400,2.9100,1.5200,1.4000,34.0600,2.1800,6.0600,50.8200,7.7700,59.9500,34.8900,35.6300,16.4900,108.4500,5.0100,6854.2998
26/10/2023 0:00,1.9400,0.6000,13.5600,21.2100,3.4900,5.1500,7.1900,2.6200,2.2200,1.4550,1.3350,9.1700,38.7400,5.5000,4.5200,12.3400,4.5100,8.9200,2.7800,20.5700,21.2000,10.7500,10.8000,40.3300,0.7700,1.0250,31.7700,24.7900,8.1600,30.2600,8.2800,39.1300,55.5300,5.4100,27.5000,6.8800,3.4100,6.5400,5.2200,5.4100,1.5400,1.4100,8.6800,44.9300,18.8100,4.5700,4.6300,13.9800,21.8100,25.0200,3.3700,4.5900,27.8400,2.8300,5.8300,6.4900,8.7300,3.0700,3.0700,6.6800,2.2900,242.6400,14.9800,97.0000,24.6800,1.7000,16.6400,234.3400,5.5300,1.1600,4.7000,6.5200,10.0000,3.5400,49.9800,3.7000,13.1400,32.3800,4.8500,3.5700,10.4400,19.1200,4.0200,18.1800,22.2100,10.8000,1.8350,20.1500,3.5500,6.7700,2.0800,3.5500,4.2800,1.0450,30.6100,22.3400,10.7500,7.2100,2.7600,3.8600,5.6900,6.9100,44.0200,5.7500,2.5100,6.1500,6.3000,15.4700,1.7100,17.4700,7.1100,161.4000,61.9500,6.2200,3.4900,3.6400,2.0200,2.8100,59.1000,1.8800,28.2000,2.0400,12.4500,10.1800,6.0700,11.8600,7.2700,0.7550,1.8200,12.0000,4.3400,14.6400,9.1900,2.4800,0.9900,18.9500,1.7150,10.8300,3.8600,7.7200,22.5100,75.8600,4.5700,4.7900,15.5100,2.6900,1.6900,48.9000,147.2800,17.5500,1.9950,1.7050,3.4700,22.4600,117.6700,5.9500,7.7900,2.4200,20.7900,26.8900,28.6800,3.2400,3.9000,5.5900,3.5600,13.5100,12.7600,0.7900,14.9300,8.6500,3.8100,3.8800,5.1300,11.8100,11.8469,1.7150,2.7900,2.8400,1.4850,1.3800,34.1200,2.1500,6.0600,50.3700,7.7700,58.8000,34.9000,35.1800,16.4900,106.3000,4.9700,6812.2998
27/10/2023 0:00,1.9500,0.6050,13.7500,21.2000,3.5000,5.0700,7.7000,2.6600,2.1300,1.4600,1.3300,9.0600,38.8400,5.3700,4.4200,12.4900,4.5000,8.9400,2.7600,20.6700,20.9300,10.8900,10.7700,39.7500,0.8100,1.0200,32.3600,24.8500,8.3000,30.0000,8.3500,39.1600,55.8700,5.3500,26.5700,6.8000,3.4200,6.5600,5.2000,5.4000,1.5650,1.4600,8.7900,45.0600,18.6700,4.5200,4.5100,13.1900,21.5900,24.8600,3.3600,4.7100,27.8500,2.8400,5.9000,6.9400,8.7500,3.1100,3.0800,6.6900,2.2700,242.5100,15.2900,97.8000,24.8800,1.7650,16.2200,234.0900,5.5500,1.1850,4.7200,6.4600,10.0000,3.4600,50.0400,3.8000,13.1100,31.7700,5.0200,3.5900,10.1600,18.8800,4.0300,18.0700,22.2500,10.7700,1.8900,20.1900,3.6000,6.8600,2.0800,3.7200,4.2700,1.0500,30.4700,21.7700,10.6500,7.4400,2.7500,3.8500,5.5800,6.9000,44.6400,5.7500,2.5400,6.0900,6.3000,15.5900,1.6900,17.5600,7.1200,160.6200,61.2200,6.3700,3.3900,3.6700,2.0200,2.7400,60.3900,1.8750,28.4000,2.0400,12.4100,10.2300,6.0400,11.8300,7.2000,0.7800,1.8100,12.0400,4.3800,14.8000,9.2100,2.5100,0.9650,19.1400,1.7450,10.9100,3.9300,7.6400,22.6000,76.0300,4.5500,4.7600,15.2500,2.6800,1.7150,49.0400,143.0800,17.5900,1.9900,1.7200,3.4600,21.5600,117.7300,6.1100,7.8300,2.4200,20.4600,27.0000,28.8400,3.3300,4.0100,5.3500,3.5600,13.3700,12.8500,0.7800,14.8800,8.6900,3.8100,3.8900,5.1800,11.8900,12.0944,1.7100,2.8200,2.8900,1.4950,1.3850,33.9000,2.1200,5.9700,50.3300,7.7200,58.7800,35.2000,35.4300,16.4900,104.5200,5.0000,6826.8999
30/10/2023 0:00,1.9500,0.6100,13.6300,21.2200,3.5000,5.1000,7.7400,2.5900,2.1000,1.4850,1.3100,9.1100,38.7800,5.2700,4.4500,12.4500,4.5400,8.9400,2.7300,20.4600,20.3000,10.8600,10.7300,39.6500,0.7950,1.0250,31.5600,24.5500,8.2200,29.2700,8.3500,38.9200,55.3600,5.3500,26.7600,6.7600,3.3900,6.5900,5.1600,5.3400,1.5350,1.4850,8.6700,45.1100,18.7000,4.4900,4.3700,13.0700,21.1600,24.8000,3.2500,4.6900,27.9200,2.8200,5.7700,7.0000,8.6600,2.9900,3.0500,6.4800,2.2500,242.0400,15.1300,96.2200,24.5800,1.7600,16.3500,230.6500,5.5400,1.1850,4.7200,6.3000,10.1800,3.4100,49.7800,3.6900,12.9600,31.4200,4.9100,3.6100,10.2300,19.1400,3.9100,18.3000,22.2800,10.6200,1.9100,20.4800,3.5700,6.8000,1.9950,3.6700,4.2200,1.0300,30.3100,21.5400,9.6900,7.3300,2.7200,3.8600,5.5800,6.7800,44.4700,5.8200,2.5300,6.0500,6.1200,15.5400,1.6400,17.2200,7.0700,160.1900,61.0000,6.4000,3.3800,3.6400,2.0400,2.7100,60.2000,1.8350,27.8800,1.9950,12.4900,10.4300,5.8200,11.7300,7.1100,0.7600,1.8500,12.0900,4.3000,14.6100,9.1700,2.4700,0.9450,19.0700,1.7350,10.7100,3.8200,7.6900,22.4500,76.0900,4.5200,4.8000,15.1400,2.6500,1.6750,48.5300,143.3600,17.6000,1.9650,1.7350,3.4400,21.8200,118.3000,6.0600,7.6700,2.3900,20.4600,27.1200,28.6900,3.3300,3.8700,5.3600,3.5000,13.2400,12.7600,0.7650,14.7900,8.8200,3.8000,3.8700,5.0800,11.8700,11.9756,1.6900,2.7300,2.7900,1.4800,1.3700,33.6800,2.1200,5.9800,50.1600,7.2900,58.9900,34.3100,34.9100,16.1800,106.8200,4.9600,6772.8999
31/10/2023 0:00,1.9700,0.6150,13.8400,21.2200,3.4900,5.1250,7.7100,2.5900,2.1700,1.4600,1.3000,9.0400,39.0900,5.2800,4.4000,12.4800,4.5500,8.9800,2.7500,20.6000,19.9900,10.7500,10.7300,39.4800,0.7800,1.0450,31.8600,24.7100,8.2400,29.1700,8.3200,38.5300,56.1300,5.3100,26.9300,6.7400,3.4200,6.5500,5.1000,5.3400,1.5450,1.4450,8.7000,44.5000,18.8000,4.5000,4.3200,13.1100,21.2000,24.5100,3.2500,4.7300,27.6300,2.8400,5.8500,7.1200,8.6700,3.0200,3.0500,6.5900,2.2400,240.8400,15.2700,96.5600,24.7900,1.7250,16.5400,232.3500,5.6100,1.1950,4.7000,6.4800,10.5600,3.3800,50.8000,3.7700,12.8700,32.2700,4.9400,3.5700,10.3900,19.0300,4.0000,18.6300,22.3000,10.6400,1.8950,20.7400,3.6200,6.9400,1.9700,3.6700,4.2500,1.0700,30.2300,21.6500,9.5100,7.2400,2.7400,3.9000,5.6700,6.8200,45.1700,6.1000,2.5200,6.0200,6.2100,15.5700,1.6100,17.3200,7.0500,160.9800,62.3200,6.4900,3.4300,3.6800,2.0400,2.7200,57.7600,1.8200,28.0500,2.0000,12.7000,10.7200,5.7700,11.7500,7.2400,0.7450,1.8450,11.6900,4.3300,14.6600,9.1300,2.4600,0.9450,19.1500,1.7050,10.8700,3.6700,7.7400,22.7100,74.5400,4.4500,4.9100,15.6000,2.6600,1.6550,48.6800,143.7100,17.4600,1.9650,1.7300,3.4900,21.7900,117.5800,5.9700,7.6700,2.4300,20.6100,27.7400,28.7500,3.3200,3.8000,5.4000,3.5400,13.3800,13.1800,0.7750,14.5200,8.8400,3.8100,3.8400,5.1800,11.8200,11.9756,1.7000,2.8000,2.8300,1.4650,1.3650,33.4200,2.1200,6.0900,50.5200,7.4000,58.1600,34.2600,35.2200,16.3900,106.6900,4.8300,6780.7002
1/11/2023 0:00,1.9850,0.6150,14.0800,21.5500,3.6500,5.1500,7.1600,2.6100,2.1100,1.4200,1.3100,9.1400,39.1900,5.1000,4.4600,12.5300,4.6000,8.9500,2.7200,20.7400,19.8100,10.7700,10.7300,39.5500,0.7700,1.0400,32.7500,24.8700,8.2700,29.8700,8.3500,39.0400,56.7300,5.3800,26.8900,6.8200,3.4400,6.6000,5.1500,5.4600,1.5500,1.3800,8.7700,45.1900,18.9600,4.5000,4.5300,13.4300,21.5800,24.5200,3.3100,4.6700,27.9200,2.8700,5.8300,7.4100,8.9700,3.0600,3.1000,6.5800,2.2900,244.2700,15.3300,96.8700,25.0600,1.7000,16.5100,234.9800,5.6200,1.1700,4.6900,6.5800,10.6500,3.4200,51.9900,3.8600,13.1300,32.2500,4.9600,3.5900,10.4000,19.5700,3.9700,18.4700,22.8600,10.8900,1.8850,21.2000,3.7000,6.9600,2.0500,3.5900,4.2700,1.0550,30.7700,22.0600,9.3600,7.2400,2.7900,3.9200,5.7200,6.9000,45.4800,6.1500,2.5300,6.0000,6.3000,15.8200,1.5600,17.9000,7.0900,160.0200,61.9300,6.5900,3.4100,3.6800,2.0200,2.7400,58.7500,1.8500,28.1600,2.0000,12.9200,10.9400,5.5100,11.9400,7.2300,0.7750,1.8600,11.8900,4.3700,14.4500,9.0700,2.4800,1.0200,19.2000,1.7200,11.2500,3.6200,7.8700,22.8800,78.4000,4.4400,4.9500,15.7500,2.7200,1.6600,49.0300,145.1500,17.5200,2.0000,1.7450,3.4800,22.7000,120.4400,6.0200,7.7400,2.4700,20.7700,27.7000,29.0300,3.3200,3.7900,5.4000,3.6000,13.5600,12.9400,0.8100,14.6500,8.9800,3.8100,3.9000,5.1500,11.9400,11.9756,1.7250,2.8400,2.8500,1.4950,1.3600,33.5500,2.1800,6.0300,51.0200,7.2800,58.0300,34.7100,35.0100,16.4500,107.0600,4.7600,6838.2998
2/11/2023 0:00,1.9900,0.6150,13.6600,21.7500,3.7000,5.1000,7.2500,2.6900,2.1500,1.4050,1.3400,9.2500,40.8700,5.4800,4.4700,12.6100,4.6300,8.8800,2.7500,21.1700,19.9500,10.5200,10.7700,40.9300,0.7850,1.0400,32.7500,25.3700,8.2200,30.2400,8.4000,39.1000,56.9300,5.4000,27.2000,7.0100,3.4500,6.7800,5.2600,5.6100,1.5450,1.3950,8.8900,45.3800,19.1400,4.5700,4.6000,13.3100,21.7500,24.8700,3.3400,4.6400,28.5600,2.9100,5.9800,7.6400,9.4200,3.1500,3.1500,6.8000,2.3000,245.9300,15.3300,98.4300,24.7800,1.7600,16.8200,238.1000,5.6600,1.1600,4.7600,6.7200,10.9200,3.6000,51.3200,3.7700,13.2300,33.8000,4.9300,3.5200,10.7200,19.7300,4.0200,18.9100,23.2500,10.9100,1.8550,21.6700,3.8100,7.0400,2.0600,3.6700,4.4500,1.0850,31.7800,22.7400,9.3500,7.3400,2.8100,4.0600,5.8100,6.9200,45.8700,6.3500,2.5200,6.1800,6.3100,16.5400,1.5850,18.4000,7.1300,160.3900,63.2000,6.7100,3.4400,3.7200,2.0200,2.8000,59.6500,1.9050,28.5700,2.0300,13.3000,11.2900,5.4700,12.2400,7.2800,0.8150,1.8800,11.5800,4.3800,14.6700,8.4700,2.4700,1.0200,19.6800,1.6950,11.5500,3.6400,8.3400,23.3000,79.8900,4.5200,5.0800,15.8100,2.7800,1.6350,50.2900,152.0900,17.8900,2.0400,1.7350,3.6000,23.4400,121.7600,5.9900,7.5100,2.5200,21.6400,28.6400,29.2000,3.3200,3.8000,5.4700,3.6600,13.5600,13.3000,0.8150,15.1600,9.1000,3.8500,3.9200,5.2500,12.0600,11.9756,1.7700,2.8800,2.8500,1.5100,1.3800,33.8900,2.2200,6.1900,51.4300,7.2900,59.9800,33.8500,35.1000,16.7000,110.7500,4.7800,6899.7002
3/11/2023 0:00,1.9900,0.6200,13.7900,22.1500,3.8500,5.3100,7.2900,2.5400,2.1700,1.4450,1.3700,9.5400,41.1000,5.6000,4.4800,12.6900,4.6200,8.9000,2.7600,21.5000,21.0000,10.5900,10.9400,40.8100,0.8000,1.0450,33.0800,25.6000,8.3700,31.2600,8.4700,39.3200,57.0400,5.6400,27.6800,7.1100,3.5400,6.8800,5.4500,5.5400,1.5250,1.3650,9.0900,45.5000,19.5000,4.6200,4.5600,13.4500,22.4500,25.3400,3.4200,4.5900,28.6500,2.9500,6.0000,7.8300,9.7700,3.2700,3.1700,6.8400,2.3900,247.5800,15.4500,99.9300,25.1300,1.7550,16.9200,244.0000,5.8500,1.1450,4.7400,6.8900,11.0600,3.6000,51.9500,3.7800,13.2100,33.9600,5.0100,3.5100,10.8500,20.1400,4.0900,19.0700,23.2300,11.0800,1.8100,22.0400,3.8900,7.1400,2.1600,3.6900,4.5600,1.1200,32.2500,23.2000,9.6900,7.4600,2.8300,4.1200,5.7700,7.1000,46.5800,6.4100,2.5200,6.2700,6.3800,16.8000,1.6550,18.4800,7.2100,163.2400,63.6600,6.9500,3.4600,3.7400,2.0200,2.8200,61.0700,1.9450,29.0600,2.0600,13.4500,12.2500,5.4300,12.4500,7.3500,0.8150,1.9150,11.6200,4.5200,14.9200,8.3800,2.4900,1.0050,20.2200,1.6900,11.5400,3.7500,8.5200,23.5200,81.6700,4.3600,5.1800,15.6800,2.9000,1.6150,50.7000,155.4000,18.3700,2.0800,1.7500,3.7000,23.1500,122.6000,6.3500,7.4200,2.5800,21.8000,29.2500,29.5200,3.3200,3.8900,5.5200,3.7300,13.5200,13.3100,0.8150,15.2300,9.2400,3.8700,4.0000,5.2900,12.3600,11.0400,1.7950,3.0100,2.8800,1.5400,1.3800,34.3500,2.2800,6.2700,52.3200,7.1500,60.0500,34.0100,35.5000,16.7600,112.2900,4.7100,6978.2002
6/11/2023 0:00,2.0200,0.6250,13.9700,22.2300,3.8500,5.1200,7.1000,2.6400,2.1900,1.5100,1.3750,9.4500,41.5000,5.7600,4.7000,12.6800,4.6400,9.4700,2.7300,21.9200,20.7700,10.5000,10.9200,40.6700,0.7900,1.0350,32.6700,25.7400,8.3300,31.0300,8.4600,39.7100,57.2200,5.6700,27.3300,7.1900,3.5500,6.9200,5.4400,5.5300,1.5150,1.4300,9.1700,45.4400,19.4800,4.5800,4.3500,13.3800,22.4500,25.1000,3.4400,4.7900,28.6000,2.9800,5.9600,7.6300,9.8600,3.2900,3.2100,6.8100,2.4300,247.2900,15.4400,100.4200,24.4100,1.7100,17.3300,248.2200,5.8000,1.2300,4.6800,6.8800,11.1600,3.6200,52.7000,3.7900,13.3000,34.6200,5.0200,3.6900,10.8000,20.7700,4.1200,19.0800,23.2200,10.9400,1.8650,21.9500,3.8300,7.1900,2.1700,3.7400,4.6300,1.1250,32.6500,23.1700,9.6500,7.4100,2.8400,4.0900,5.7000,6.9500,46.6600,6.4300,2.4400,6.2600,6.4900,16.8400,1.6450,19.4300,6.9900,161.6600,64.4000,6.9200,3.4600,3.7200,2.0300,2.8100,60.6600,1.9600,29.3400,2.1000,13.2500,12.7800,5.3300,12.4000,7.3400,0.8250,1.9150,11.9900,4.4500,14.8600,8.5400,2.5200,0.9550,20.5200,1.7700,11.4200,3.8000,8.4300,23.7200,81.6200,4.3500,5.2800,15.5100,2.8700,1.6600,51.2800,154.1200,18.5300,2.0700,1.8100,3.6900,23.8700,121.5000,6.2000,7.3900,2.6000,22.0600,28.7000,29.7000,3.2700,3.7900,5.5100,3.7600,13.6500,13.3200,0.8200,15.1900,9.2400,3.8600,3.9700,5.3400,12.4300,11.5100,1.8050,3.0200,2.8300,1.5450,1.4000,33.7900,2.3000,6.2700,52.5900,7.0100,60.6200,33.7500,35.2400,16.5500,111.8200,4.6300,6997.3999
7/11/2023 0:00,1.9700,0.6100,13.9800,22.4800,3.8700,5.1200,7.1000,2.6800,2.2000,1.5350,1.3500,9.5300,41.2900,5.6800,4.6400,13.0400,4.6600,9.3400,2.7300,21.3300,20.6700,10.6000,10.9200,41.2600,0.7750,1.0300,32.6300,25.4700,8.2700,31.5600,8.4600,39.7400,56.7100,5.6400,27.0900,7.1700,3.5500,6.9000,5.4000,5.5300,1.5050,1.4150,9.1000,45.5600,19.3000,4.6000,4.3200,13.3900,22.6900,25.0000,3.4100,4.8400,28.8400,2.9800,5.9000,7.8500,9.7400,3.2700,3.1700,6.8300,2.4400,250.3800,15.4600,100.0100,23.8800,1.7150,17.5000,248.1200,5.6500,1.2150,4.7600,6.7700,11.2000,3.6700,53.0400,3.7400,13.5400,34.7300,4.9300,3.7100,10.8000,20.9500,4.1200,19.3000,23.3600,11.1100,1.9050,21.9300,3.8500,7.2500,2.1700,3.7400,4.6000,1.1250,33.1200,23.7000,9.5900,7.3800,2.7900,4.1100,5.6700,6.9000,46.7800,6.4500,2.4000,6.2500,6.3600,17.0600,1.5800,19.7600,7.0400,159.2900,64.1700,6.9400,3.4400,3.7000,2.0400,2.8100,60.0600,1.9650,29.0400,2.1000,13.5100,12.7500,5.2400,12.5300,7.1700,0.8200,1.9100,12.0500,4.4200,14.9000,8.6400,2.4700,0.9400,20.6100,1.7800,11.5000,3.6600,8.4300,23.8600,84.1000,4.3700,5.2500,15.3700,2.8400,1.6500,51.2500,156.7800,18.6500,2.0900,1.8350,3.7200,23.7600,121.8100,6.1800,7.3300,2.5700,22.0900,28.7400,29.8100,3.2500,3.7300,5.4600,3.7900,13.3600,13.4100,0.8000,15.3200,9.3900,3.8700,3.9200,5.4400,12.4700,11.4600,1.8000,3.0500,2.8400,1.5350,1.3850,33.8700,2.2700,6.2800,52.7900,6.8000,62.2100,33.5400,35.2200,16.9700,112.9900,4.5700,6977.1001
8/11/2023 0:00,2.0400,0.6100,14.0900,22.7300,3.9100,5.2000,7.4100,2.7000,2.1900,1.5150,1.3350,9.5100,46.9700,5.5500,4.6700,12.8500,4.6600,9.1600,2.7300,21.6500,21.0000,10.6000,10.9000,42.2300,0.7600,1.0350,32.8400,25.5600,8.3800,32.1300,8.4700,40.2500,57.3400,5.7800,27.3700,7.1700,3.5500,6.9200,5.4600,5.5200,1.5300,1.3900,9.0800,44.7000,19.4900,4.7000,4.3200,13.5200,23.1300,25.1700,3.4100,4.6400,28.7300,2.9800,5.8500,7.6200,9.9700,3.3000,3.1900,6.7900,2.5100,252.4200,15.4900,100.6900,24.4900,1.6600,17.9300,247.8500,5.7600,1.1700,4.7200,6.9200,11.4300,3.6100,54.1400,3.8000,13.4700,34.6800,4.9300,3.6600,10.8500,20.5500,4.1500,19.7000,23.1000,11.1600,1.8500,22.3300,3.9200,7.2400,2.2200,3.6800,4.6800,1.1250,33.4500,23.7700,9.3600,7.2400,2.8200,4.0800,5.7200,7.0200,46.0000,6.3600,2.3270,6.3100,6.4000,17.0800,1.5750,19.7800,7.0400,161.1000,64.4000,6.9800,3.4400,3.6900,2.0200,2.8150,59.2400,1.9700,29.1700,2.1100,13.4700,12.9100,5.2800,12.6600,7.1200,0.8150,1.9150,11.9100,4.4600,15.0600,8.7400,2.4800,0.9500,20.7800,1.7550,11.8400,3.6900,8.4200,24.1000,85.2100,4.4000,5.3200,15.4100,2.8500,1.6450,53.2700,159.2100,18.9000,2.1000,1.7900,3.7800,23.8300,119.3700,6.0900,7.3300,2.5700,22.4000,28.9700,30.3200,3.1100,3.6800,5.4300,3.8600,13.4300,13.4000,0.8050,15.5700,9.5500,3.9200,3.9400,5.4800,12.6300,11.4700,1.8000,3.0900,2.8900,1.5350,1.3850,33.8800,2.3100,6.3900,52.8100,6.8300,63.6400,33.3500,35.4500,16.8000,114.7200,4.7000,6995.3999
9/11/2023 0:00,2.0400,0.6050,14.1800,23.0000,3.9600,5.2400,7.1000,2.5700,2.2400,1.5000,1.3050,9.5200,46.8400,5.5500,4.6100,12.9200,4.6900,9.1600,2.7300,21.1900,20.4000,10.5900,10.8800,42.1600,0.7450,1.0150,33.3000,25.8100,8.3500,32.3100,8.5000,40.6200,57.6800,5.7000,27.9800,7.2000,3.5700,6.9900,5.5000,5.5400,1.5250,1.3800,9.1600,44.9500,19.7100,4.7700,4.1300,13.6100,22.9300,25.5700,3.4100,4.6500,29.3700,2.9700,5.9600,7.6500,9.9800,3.3000,3.2400,6.8800,2.5400,253.9000,15.4800,102.1100,24.9000,1.6000,17.7000,252.3000,5.7900,1.1550,4.7900,7.0000,11.1300,3.4900,53.9300,3.8800,13.7000,34.9500,4.8800,3.6900,10.8400,20.1300,4.2800,19.7300,23.4500,11.1700,1.8750,22.4700,3.9100,7.4200,2.2300,3.7100,4.6800,1.1250,32.8700,23.7700,9.2600,7.2200,2.8800,4.0900,5.8000,6.9800,46.4100,6.3000,2.3270,6.3500,6.3500,16.9900,1.5550,19.6900,7.0600,163.4600,64.4600,7.0100,3.4700,3.7300,2.0200,2.8500,59.8900,1.9750,28.9400,2.1100,13.6400,13.1400,5.2800,12.6100,7.2900,0.8050,1.9200,11.8700,4.4800,15.4800,8.8700,2.5400,0.9350,21.0600,1.7550,11.6100,3.7300,8.5000,24.1400,85.6200,4.4400,5.3300,15.4900,2.8700,1.6450,52.9800,159.5900,19.0300,2.1100,1.8150,3.8500,22.9800,120.1200,6.1300,7.3000,2.5700,22.4300,28.9800,30.3900,3.2000,3.7400,5.4800,3.8400,13.5300,13.5100,0.7950,15.6000,9.5700,3.9600,3.8900,5.4900,12.6100,11.2900,1.7950,3.1800,2.9600,1.5200,1.3800,34.3800,2.3200,6.4000,53.0800,6.9000,61.9400,32.7600,35.4500,16.9300,100.4700,4.7600,7014.8999
10/11/2023 0:00,2.0200,0.6100,14.1200,22.8800,4.0000,5.2000,7.4000,2.5600,2.2300,1.4750,1.3200,9.5000,45.6100,5.6500,4.7400,12.9100,4.7200,9.2000,2.7000,20.8600,20.2500,10.5400,10.7400,42.1100,0.7250,1.0050,33.3900,25.4700,8.2400,32.1200,8.5300,40.2900,57.4600,5.7900,27.8700,7.1900,3.5600,6.9600,5.4900,5.5300,1.5050,1.3750,9.0600,45.2700,19.9400,4.6900,4.1600,13.5900,23.6800,25.6100,3.4000,4.5800,29.0000,2.9900,5.9000,7.7100,9.8900,3.2800,3.2200,6.9500,2.5200,252.7200,15.4100,101.3200,24.8200,1.5550,17.4300,252.1400,5.7900,1.1400,4.8500,7.0800,11.2000,3.5700,53.0300,3.9100,13.5700,34.7900,4.8300,3.6800,10.8300,20.2500,4.2600,19.5000,23.7500,11.1400,1.8550,22.5000,3.8800,7.3600,2.2100,3.7000,4.6400,1.1150,32.6600,23.5100,8.9700,7.0800,2.9000,4.0700,5.7900,6.9300,46.3600,6.2900,2.3369,6.3500,6.2900,17.2500,1.5000,19.5300,7.0800,162.7500,63.0000,6.9500,3.4900,3.7200,2.0200,2.8600,58.3500,1.9650,28.4600,2.1100,13.7200,14.4600,5.2300,12.4600,7.2900,0.7900,1.9150,11.6500,4.4100,15.4500,8.6500,2.5200,0.9350,21.4200,1.7400,11.4500,3.5100,8.4300,24.0200,85.1800,4.4100,5.2800,15.5200,2.8700,1.6200,53.9300,156.2200,18.9100,2.1100,1.7800,3.8300,22.3900,120.4200,6.0500,7.2200,2.5500,21.7800,29.0500,30.4400,3.1500,3.6600,5.4700,3.8100,13.3200,13.5900,0.7800,15.6900,9.4500,3.9400,3.8200,5.4500,12.5800,10.9600,1.7850,3.1800,2.9600,1.5050,1.3850,34.3500,2.3300,6.3300,53.0800,6.8800,62.2200,32.0300,35.5000,16.8400,99.9300,4.7300,6976.5000
13/11/2023 0:00,2.0400,0.6050,14.0900,22.6300,3.9900,5.3400,7.1000,2.4600,2.2000,1.4250,1.3150,9.7100,45.7900,5.6700,4.7300,12.7300,4.7100,9.2000,2.7400,20.8000,20.4000,10.4500,10.6800,42.8800,0.7350,0.9950,33.5700,24.7000,8.1900,31.7900,8.4400,40.2600,56.9700,5.7300,28.7100,7.1600,3.5700,6.9400,5.4800,5.4900,1.5000,1.3700,9.0200,45.4000,19.7100,4.9300,4.2100,13.6200,23.5700,25.6600,3.3800,4.4300,29.5000,2.9600,5.8300,7.6300,9.8200,3.2400,3.1900,6.9300,2.4900,252.3800,15.4100,101.3100,25.0200,1.5050,17.2900,252.0000,5.8000,1.1400,4.8600,6.9000,11.3000,3.5300,51.4100,3.8800,13.3400,34.0600,4.7700,3.6200,10.7300,19.7900,4.2400,19.2600,23.6900,11.0400,1.8000,22.7100,3.8300,7.3700,2.2000,3.6700,4.6000,1.1050,32.7000,23.3800,8.8100,6.9600,2.9400,4.1000,5.7900,6.8800,46.1100,6.2300,2.2775,6.4200,6.2800,17.2300,1.4750,19.4800,6.9100,158.5300,62.9500,6.9000,3.5000,3.7100,2.0200,2.9000,58.0200,1.9300,28.9000,2.0700,13.7800,14.3300,5.1600,12.5300,7.4700,0.7700,1.9050,11.3500,4.4000,15.4400,8.7800,2.5100,0.9250,21.0000,1.6950,11.4100,3.4800,8.3500,23.8800,85.2700,4.4200,5.2200,15.4400,2.9000,1.5750,52.4400,152.9100,18.7700,2.0900,1.7500,3.7800,22.3600,120.1300,6.0200,7.1000,2.5200,21.5200,28.9800,30.1100,3.0600,3.6000,5.5200,3.7700,13.2200,13.4500,0.7900,15.9000,9.1500,3.9500,3.7400,4.8100,12.5700,10.6600,1.7500,3.1300,2.9600,1.4900,1.3800,34.0600,2.3000,6.2900,52.8600,6.7600,62.0500,31.8100,35.5600,16.8800,98.4900,4.7500,6948.7998
14/11/2023 0:00,2.0600,0.6100,14.0400,22.8700,4.0400,5.3500,7.0000,2.4700,2.1600,1.4450,1.3400,9.6500,46.1600,5.4500,4.6000,12.9000,4.6700,9.1900,2.7700,21.0100,20.2800,10.5400,11.5900,43.5400,0.7500,1.0100,33.8900,24.7600,8.2500,32.3800,8.5100,39.8600,56.9600,5.8200,29.3300,7.2500,3.5900,6.9600,5.5100,5.5900,1.5850,1.3900,9.0000,46.0200,19.8000,5.0200,4.4000,13.6900,23.5000,25.7300,3.4600,4.4300,29.5000,3.0200,5.9000,7.7800,9.9700,3.3400,3.2700,6.9800,2.5200,252.9100,15.4800,102.2800,24.7800,1.5700,17.8200,253.6500,5.8600,1.2000,4.9600,6.9400,11.4000,3.5700,51.8200,4.0200,13.5700,34.7700,4.8100,3.6200,10.8100,20.1000,4.2800,19.4500,24.3400,11.2400,1.8150,22.7700,3.9200,7.4000,2.2500,3.6500,4.7100,1.1300,33.1800,23.4900,8.9700,7.1500,2.9600,4.1600,5.9700,7.0100,46.2200,6.2400,2.3765,6.4500,6.4200,17.5600,1.5050,18.9400,7.0200,160.1200,63.0000,7.0600,3.5800,3.7600,2.0300,2.8900,59.8200,1.9650,27.9700,2.1100,14.0200,14.1800,5.2600,12.6500,7.5500,0.7950,1.9200,11.3300,4.4500,15.5600,8.5000,2.5000,0.9750,21.6600,1.7150,11.4900,3.5100,8.4300,24.0600,85.5600,4.3700,5.2900,15.7200,2.9500,1.5900,51.9700,153.5100,19.0100,2.1000,1.7850,3.8400,22.4700,122.4900,6.1700,7.2800,2.5700,21.9900,29.4600,29.9600,3.1700,3.6900,5.5500,3.8000,13.6500,13.5300,0.7800,15.9400,9.2800,3.8700,3.7700,4.8600,12.6300,10.6600,1.7800,3.1300,3.0200,1.4800,1.3800,34.2400,2.3700,6.3800,53.2400,6.9100,63.1000,32.6200,35.7100,17.5300,99.7600,4.8200,7006.7002
15/11/2023 0:00,2.0300,0.6100,14.3100,23.1700,3.9900,5.4500,7.2600,2.5000,2.1700,1.5350,1.3400,9.7900,47.4200,5.6900,4.7800,13.4200,4.7300,8.7100,2.7700,21.1500,20.3000,10.5400,12.1100,44.5000,0.7700,1.0150,34.2400,25.0100,8.4500,33.1800,8.5900,39.4800,57.0600,5.9700,28.8300,7.2600,3.6300,7.0700,5.6200,5.6900,1.5850,1.4400,8.9700,46.8400,20.1800,5.0300,4.3400,13.4100,24.2000,26.0800,3.5500,4.5400,29.3300,3.0600,5.9100,8.0100,11.0000,3.5100,3.3600,7.0500,2.5800,257.7100,15.4600,102.1500,23.4200,1.6000,18.8200,260.5500,5.9700,1.2350,5.0600,6.9400,11.3900,3.6900,53.7800,4.0800,13.9400,35.0100,4.8900,3.7800,10.9100,20.5000,4.2300,18.7800,25.1800,11.3600,1.8650,23.5500,4.1900,7.4200,2.3800,3.7700,5.1200,1.1650,33.1800,24.3800,9.2500,7.1500,2.9900,4.3000,5.8300,6.7400,47.5600,6.3300,2.1289,6.4400,6.5100,17.8600,1.5250,19.6700,7.0800,168.1200,63.5300,7.2600,3.5300,3.7600,2.0300,2.9500,59.8200,2.0700,27.9700,2.2100,14.0200,14.7800,5.2400,13.1100,7.5500,0.7950,1.9600,11.3300,4.8100,16.0100,8.5700,2.5500,0.9700,22.0000,1.7600,11.7500,3.6700,9.1700,24.6700,87.2900,4.4000,5.3900,15.7200,2.9700,1.5900,51.6600,157.4500,19.0100,2.1800,1.8100,3.9400,22.9300,122.4900,6.2700,7.2000,2.7000,23.3100,29.9400,30.5000,3.1700,3.8000,5.5500,4.0300,13.4300,13.7600,0.7900,15.9400,9.2300,3.8300,3.8000,4.8100,12.8400,10.6900,1.8800,3.1300,3.0200,1.4700,1.4000,34.2400,2.4100,6.4800,54.1900,6.9100,66.8300,32.3900,35.6500,17.5900,101.9500,4.8400,7105.8999
16/11/2023 0:00,2.0200,0.6200,14.3600,22.7500,4.0200,5.4200,7.3400,2.5300,2.1300,1.4950,1.3800,9.5400,48.0100,5.7800,4.7800,13.4300,4.6900,8.7100,2.8000,21.1500,20.3300,10.4900,12.1000,44.1500,0.7250,0.8550,34.1700,24.1900,8.3900,32.3500,8.4700,40.4100,56.0300,5.8500,28.2000,7.1700,3.6100,7.0700,5.5200,5.5600,1.5200,1.4050,8.7100,46.5600,20.4400,5.0200,4.1000,13.3100,23.9200,25.9100,3.4800,4.4300,29.3600,3.0800,5.7900,7.8000,11.0200,3.4400,3.3100,7.0500,2.5400,257.4200,15.5200,102.2900,23.6200,1.5550,19.1500,258.2100,5.9600,1.1850,5.0700,7.1700,11.4000,3.6800,51.9700,4.0000,14.0400,35.0100,4.9000,3.6000,11.0100,20.1800,4.1600,18.7500,25.2000,11.2900,1.7900,23.4600,4.1200,7.5500,2.3500,3.8100,5.0000,1.1500,33.8100,23.9900,8.8500,7.3500,2.9900,4.2900,5.8500,6.9400,47.5900,6.2500,2.1289,6.4300,6.7000,17.8700,1.4700,19.0800,6.9000,168.0700,64.0000,7.1100,3.5000,3.7600,2.0500,2.9700,62.6000,2.0500,27.7500,2.1800,13.9500,14.8200,5.2300,13.0200,7.4800,0.7750,1.9500,11.3200,4.6200,15.7000,8.7400,2.5500,0.9400,21.6700,1.7300,11.3600,3.5700,9.1100,24.5700,87.7400,4.4100,5.3300,15.0200,2.9300,1.5350,50.7900,156.7100,19.6900,2.1400,1.7550,3.9300,23.3200,125.1700,6.0900,7.0600,2.6500,23.1800,30.3300,29.2300,3.1700,3.7100,5.4100,4.0200,13.3800,13.8400,0.7600,16.2000,9.0100,3.8500,3.8200,4.7600,12.8000,10.7500,1.8400,3.1800,2.9900,1.4750,1.3950,33.9300,2.3700,6.4800,53.9900,6.7200,66.8700,32.1300,35.7500,17.2500,100.0700,4.8400,7058.3999
17/11/2023 0:00,2.0300,0.6150,14.3600,22.8500,4.0500,5.3000,7.0100,2.5500,2.1700,1.5450,1.4750,9.2800,48.1100,5.7800,4.7200,13.5500,4.6000,8.7100,2.7900,21.1000,20.4300,10.4500,12.1400,44.2600,0.7100,0.8550,33.5500,24.0700,8.3400,32.2300,8.5300,40.2300,57.1300,6.0200,28.1400,7.1300,3.6400,7.0500,5.4700,5.5400,1.5150,1.4550,8.5800,46.6100,20.4400,5.0000,4.1500,13.1700,23.8100,25.8300,3.4900,4.5700,28.0800,3.0700,5.7600,7.8500,10.7000,3.4200,3.3000,7.0100,2.5500,259.7500,15.4200,102.4700,23.6500,1.5550,19.0000,258.6100,5.9100,1.2300,5.0900,7.1500,11.2600,3.6400,52.2200,4.0200,13.7200,35.0100,4.9200,3.7500,10.9800,20.3300,4.1200,19.1200,25.2200,11.1500,1.8400,23.1300,4.1600,7.8700,2.3000,3.7500,4.9400,1.1450,33.5800,23.7900,8.9000,7.4000,2.9600,4.3000,5.8600,6.9000,47.3100,6.2200,2.0500,6.4900,6.8500,17.6900,1.4800,18.5300,6.7600,167.4200,63.2600,7.1100,3.5500,3.6800,2.0500,2.9500,63.4600,2.0500,27.7300,2.1900,13.8200,14.6800,5.1900,12.9500,7.5300,0.7850,1.9550,11.7600,4.7400,15.7500,8.6000,2.5400,0.9700,21.7200,1.7750,11.2100,3.5600,9.0600,24.2500,87.5400,4.3700,5.2400,15.0200,2.9400,1.5750,51.6000,158.4100,19.4500,2.1500,1.7950,3.9400,23.0500,125.6200,6.0900,6.9900,2.6600,23.1800,31.4300,29.4800,3.1700,3.8000,5.2300,3.9900,13.3600,13.6100,0.7550,16.1600,9.3900,3.8400,4.0100,4.7500,12.9900,10.6100,1.8500,3.1600,2.9800,1.4800,1.3800,33.4800,2.3700,6.5200,53.0000,6.7400,67.2500,31.4000,35.3200,17.1500,101.2400,4.8400,7049.3999
20/11/2023 0:00,2.0500,0.6050,14.3100,22.9500,4.1000,5.1500,7.0000,2.5500,2.1300,1.5750,1.4700,9.1500,48.6300,5.4600,4.5500,13.5600,4.6400,8.7900,2.8000,21.2200,20.3000,10.3800,12.5000,44.5800,0.7000,0.8600,33.9600,24.2500,8.2900,32.4400,8.5000,41.0600,57.8000,5.8300,28.1900,7.2100,3.6300,7.0900,5.5000,5.6000,1.5250,1.4600,8.7100,46.7400,20.6400,5.0200,4.2000,13.0100,24.2600,26.2000,3.4800,4.4600,28.0100,3.0300,5.7800,7.8200,10.4300,3.4100,3.2800,6.9200,2.5600,261.2500,15.3000,103.1700,23.3400,1.6150,19.1400,257.6200,5.9800,1.2350,5.0600,7.0700,11.1600,3.6300,53.6900,4.0500,13.8000,35.0100,4.9200,3.7200,10.9700,20.4600,4.1200,19.2500,25.3000,11.1500,1.7950,23.1600,4.1300,7.7800,2.3100,3.7700,5.0900,1.1400,34.3100,23.4100,8.9700,7.3200,2.9100,4.3100,5.8900,6.8700,47.8400,6.2000,2.1200,6.4300,6.7500,17.3700,1.4600,18.2900,6.7400,168.2200,62.6900,7.1900,3.5200,3.6800,2.0400,2.9900,63.9200,2.0400,27.9300,2.1700,14.1300,14.7600,5.2300,12.9300,7.5300,0.8000,1.9400,11.4600,4.6200,15.6300,8.5300,2.5300,1.0000,21.9400,1.7400,11.4700,3.5600,9.1700,24.3100,88.0200,4.3900,5.3000,14.8500,2.9400,1.5300,50.8100,160.2500,19.6400,2.1100,1.7550,3.9100,22.8300,125.0000,5.9900,7.0700,2.6400,23.4900,32.1300,29.1300,3.1900,3.9200,5.3900,4.0100,13.3900,13.6300,0.7600,16.4100,9.1300,3.8100,4.1100,4.7400,12.9000,10.4300,1.8250,3.1300,3.0000,1.4700,1.3900,32.9700,2.3600,6.6000,53.1800,6.9000,67.0000,31.8000,34.9000,17.2700,100.5400,4.8900,7058.3999
21/11/2023 0:00,2.0600,0.6050,14.0900,22.8800,4.1100,5.3000,7.1600,2.5500,2.1500,1.6600,1.4900,9.1000,48.6700,5.7400,4.6600,13.5700,4.6600,9.0500,2.8200,21.2900,20.6900,10.2400,12.2600,44.6800,0.7100,0.8650,34.0500,24.2900,8.2600,32.1600,8.5200,40.7500,57.1200,5.8600,27.9800,7.2900,3.6100,7.0500,5.5000,5.5300,1.5300,1.5100,8.7500,47.4000,20.5800,5.0000,4.3400,12.9700,24.1700,25.7000,3.4500,4.5500,27.8800,3.0300,5.8200,7.8800,10.3900,3.4200,3.2600,7.0100,2.5400,260.7200,15.3600,103.7000,22.9400,1.6000,19.1600,256.8000,5.9400,1.2500,5.1300,7.0000,11.0900,3.6200,54.3100,4.1400,13.9000,35.0100,4.9500,3.8100,10.9700,20.5100,4.0900,19.1200,25.4700,11.0200,1.8500,22.9000,4.1000,7.6700,2.3100,3.7400,4.9700,1.1400,33.2500,23.3900,9.1800,7.3000,2.8400,4.1800,5.8900,6.8500,47.7900,6.1500,2.1200,6.4500,6.5900,17.1700,1.5200,18.2600,6.8700,168.7400,62.3900,7.1600,3.5100,3.6700,2.0400,3.0000,65.7900,2.0200,27.9500,2.1500,14.1200,15.1500,5.1900,13.0600,7.4500,0.8050,1.9400,11.8600,4.5800,15.6800,8.2800,2.5300,1.0400,22.0400,1.7850,12.1400,3.6800,9.1400,24.3600,89.0700,4.3900,5.3400,14.8800,2.9300,1.5550,50.0900,159.9900,19.3700,2.0600,1.8000,3.8300,23.2000,127.3700,6.2900,7.0700,2.6400,23.6200,32.2100,29.2300,3.2400,3.8600,5.3900,4.0400,13.4900,13.6500,0.7250,16.0700,9.3600,3.8200,4.0100,4.7400,12.9700,10.5000,1.8300,3.0500,3.0200,1.4500,1.3800,32.9300,2.3000,6.6100,52.7700,6.8600,66.5500,31.9500,34.5000,17.2800,101.2700,4.8600,7078.2002
22/11/2023 0:00,2.0600,0.6050,14.1700,22.7700,4.0600,5.3000,7.0800,2.5500,2.1500,1.6800,1.4400,9.2700,48.1900,5.7000,4.7500,13.7900,4.6800,9.1400,2.8400,21.2300,20.5000,10.2300,12.2200,44.3300,0.7150,0.8500,34.0700,24.3400,8.2900,31.3500,8.5600,40.3600,57.1000,5.8200,27.8400,7.3200,3.6100,7.0600,5.5400,5.5100,1.5400,1.5450,8.8100,47.8400,20.5600,4.9500,4.2400,13.1200,23.9800,25.0400,3.4000,4.6000,27.6800,2.9900,5.7400,7.7800,10.0900,3.3200,3.2000,6.9500,2.5300,262.7200,15.2700,103.8000,23.2600,1.6050,18.9000,259.2400,5.9000,1.3100,5.0900,6.8800,11.0200,3.5300,53.9300,4.1300,13.7300,33.1100,4.9100,3.8000,10.9800,20.3800,4.1600,19.0600,25.4400,10.8500,1.8550,22.9400,4.0000,7.6800,2.2300,3.7200,4.7800,1.1150,32.6300,23.0700,8.9400,7.1500,2.8700,4.1100,5.9100,6.7900,47.3800,6.1000,2.1600,6.4800,6.3800,16.9400,1.4450,18.3700,6.8000,167.1600,63.0400,7.2500,3.4600,3.7100,2.0400,2.9700,64.7200,1.9700,27.9900,2.1000,14.1100,15.1100,5.3000,13.0800,7.4700,0.7700,1.9250,11.8900,4.5900,15.6400,8.4200,2.5200,1.0150,21.9700,1.8150,11.6000,3.5400,9.0600,24.0700,88.5000,4.4800,5.3000,15.1900,2.9200,1.5700,49.9900,157.3200,19.1700,2.0000,1.8200,3.7900,23.4000,127.7600,6.2600,7.1200,2.5500,23.0500,31.7600,28.9000,3.2400,3.8900,5.4200,4.0000,13.7400,13.5800,0.7500,15.7000,9.1400,3.7900,3.9300,4.6800,12.8800,10.5800,1.8050,3.0100,3.0500,1.4750,1.3850,32.7300,2.3100,6.6700,52.7700,6.9900,66.0600,32.0400,34.4500,17.2700,100.0000,4.9000,7073.3999
23/11/2023 0:00,2.0400,0.6050,14.0900,22.8300,3.9900,5.3000,7.0000,2.4800,2.1800,1.6550,1.4150,9.1700,47.2600,5.6000,4.7500,13.7000,4.6900,8.9900,2.8200,21.3100,20.4000,9.9300,12.0100,44.2300,0.6900,0.9000,33.8900,24.3100,8.3400,31.1700,8.5100,40.1100,56.9600,5.7600,27.7100,7.3900,3.6000,7.0300,5.5300,5.4400,1.5100,1.5750,8.7800,47.1500,20.1600,4.9300,4.3200,13.1000,23.5200,25.0300,3.3900,4.5700,27.9100,3.0200,5.7900,7.6500,10.0900,3.3300,3.2000,6.9700,2.5100,260.2600,15.1800,102.9600,23.3300,1.6000,18.9900,257.9400,5.8800,1.3050,5.0000,6.9600,11.2300,3.4800,52.7100,4.2500,13.5700,32.4300,4.9300,3.7500,10.8300,20.4700,4.1600,19.0600,24.9500,10.8200,1.8250,22.9200,4.0500,7.7500,2.2500,3.6000,4.6700,1.1100,32.5800,22.5500,8.7000,6.9900,2.8600,4.1100,5.8500,6.6900,46.7800,6.1300,2.1200,6.5000,6.4300,16.6500,1.4000,18.7100,6.7000,165.9400,64.1900,7.3000,3.5200,3.6700,2.0400,2.9400,63.5900,1.9650,27.9900,2.0800,14.1400,14.8400,5.3200,13.0700,7.5500,0.7300,1.9100,11.6400,4.6000,15.7000,8.3300,2.4900,1.0100,22.0700,1.7600,11.9000,3.6200,8.9100,23.9100,88.5900,4.5000,5.2600,15.2300,2.9300,1.5350,49.5300,157.3400,19.0100,2.0100,1.7750,3.7600,23.3700,126.5000,6.1500,7.0000,2.5500,23.0200,32.0000,28.7900,3.1400,3.8500,5.4300,3.9800,13.7400,13.3800,0.7450,15.7700,9.1800,3.8000,3.9200,4.6700,12.8500,10.5800,1.8150,2.9600,3.0500,1.4500,1.3800,32.8000,2.3500,6.8200,52.5000,7.0400,66.1500,31.5000,34.2700,17.1500,99.5500,4.9000,7029.2002
24/11/2023 0:00,2.0500,0.6000,14.1100,23.0800,3.9900,5.3000,7.0800,2.4700,2.1600,1.6950,1.4000,9.2100,46.8100,5.6200,4.7900,13.7100,4.6700,9.0000,2.8700,21.3300,20.3000,9.9600,12.2000,43.7300,0.7050,0.9100,34.1000,24.4000,8.3900,30.7300,8.5000,40.0800,56.7600,5.7000,27.9000,7.3600,3.6000,7.0300,5.5500,5.3700,1.5000,1.6100,8.8500,47.2100,20.2000,4.9300,4.4100,13.1800,23.2800,25.1400,3.4100,4.5200,27.6400,3.0400,5.7900,7.7000,10.2500,3.3400,3.2300,6.9300,2.5000,258.8100,15.2700,103.6900,23.5100,1.6200,18.9200,258.0900,5.8600,1.2850,5.0300,6.9900,11.0300,3.5000,52.0300,4.2500,13.3700,32.0400,4.9800,3.6800,10.8200,20.6100,4.1900,19.0100,25.0300,10.7000,1.8050,23.0700,4.0500,7.8400,2.2700,3.5900,4.7300,1.1150,32.4200,22.3300,8.7400,6.9000,2.8400,4.1300,5.9200,6.6000,46.4100,6.1400,2.1300,6.4000,6.4500,16.5500,1.4000,18.2800,6.6200,166.4800,62.8200,7.3100,3.5200,3.6800,2.0400,2.9500,64.0200,1.9750,27.9700,2.1000,14.2100,14.9000,5.3900,12.9200,7.5800,0.7300,1.9200,11.5400,4.6600,15.6000,8.5600,2.5000,1.0350,22.2600,1.7250,11.8600,3.6400,8.8600,23.6100,88.0800,4.5900,5.2600,15.3000,2.9300,1.5250,49.5100,156.5900,18.8300,2.0300,1.7650,3.7500,23.4300,126.8000,6.2700,7.0700,2.5600,22.8900,31.9400,28.5600,3.1400,3.8300,5.5000,4.0100,13.8000,13.3500,0.7400,15.0000,9.3700,3.7800,3.9300,4.6600,12.7900,10.5900,1.8200,2.7800,3.0400,1.4500,1.3750,33.0500,2.3700,6.7500,52.3500,7.2800,64.0500,31.9300,34.5100,17.1500,99.5600,5.0100,7040.7998
27/11/2023 0:00,1.9800,0.6000,14.1100,23.1300,3.9900,5.4100,7.1400,2.4900,2.1700,1.7600,1.4000,9.0200,46.8000,5.5300,4.8100,13.6000,4.7000,9.0000,2.8700,21.1000,20.7000,9.8600,12.0900,43.8400,0.7150,0.9150,34.4800,24.1300,8.3300,30.6000,8.4700,39.0200,57.0800,5.6900,27.6900,7.3400,3.6000,7.0200,5.5300,5.2700,1.4900,1.5950,8.8200,46.5200,20.1300,4.9300,4.4200,13.0200,23.1700,25.0400,3.3500,4.5500,27.6700,2.9900,5.7600,7.6400,9.9800,3.2800,3.1600,6.9500,2.4600,258.7000,15.1400,102.6100,23.5700,1.6250,18.7800,256.2800,5.8100,1.2950,5.0000,6.8700,11.1300,3.4700,51.0900,4.1600,13.1200,32.2500,4.9000,3.7500,10.7300,20.2400,4.1400,18.6800,24.5100,10.5600,1.8250,23.0000,3.9900,7.8600,2.2200,3.5700,4.6600,1.0950,32.4500,21.7300,8.4500,6.8400,2.8500,4.0000,5.9400,6.6400,46.0200,6.1000,2.0900,6.4400,6.3400,16.4100,1.3650,18.0400,6.5100,165.5000,65.0000,7.3500,3.4900,3.6300,2.0400,2.9600,62.3500,1.9400,28.0200,2.0700,14.5800,14.8600,5.3800,12.6500,7.6400,0.7200,1.9250,11.7300,4.6700,15.5400,8.5300,2.4700,1.0100,21.9800,1.7550,11.8600,3.5500,8.8000,23.4200,86.9900,4.5200,5.2200,15.6400,2.9300,1.5850,49.1500,156.0400,18.7400,1.9700,1.7950,3.7300,23.0900,125.1900,6.1200,7.0300,2.5200,22.7800,32.2200,28.7800,3.0900,3.8200,5.5400,3.9500,13.7900,13.2200,0.7200,15.4000,9.4000,3.7600,3.9300,4.7100,12.7600,10.3300,1.7800,2.7900,3.1000,1.4300,1.3550,33.1500,2.3100,6.6400,52.0400,7.3100,65.0500,31.7100,34.2000,17.1000,99.9300,5.0000,6987.6001
28/11/2023 0:00,2.0200,0.5950,14.1400,23.2600,3.9600,5.3800,7.1300,2.6100,2.1900,1.7700,1.4350,9.0500,47.1300,5.7800,4.9600,13.6600,4.7000,9.0000,2.8900,21.2500,20.2700,9.8000,12.0300,43.5000,0.7300,0.9250,34.2100,24.3600,8.4200,30.7300,8.5200,39.3500,57.3400,5.6900,28.2400,7.3600,3.6100,7.0100,5.5300,5.1300,1.4850,1.5950,8.8300,46.4300,20.3900,4.9600,4.4200,13.0200,23.3700,25.0400,3.3800,4.6500,27.2100,3.0100,5.8600,7.7000,10.1900,3.2900,3.1700,7.0200,2.4500,261.2600,15.1800,103.3400,23.4600,1.6650,18.6700,256.8800,5.8300,1.3050,5.0100,6.9000,11.4000,3.4400,51.2400,4.1100,13.1300,32.8000,4.9300,3.8600,10.5900,20.5800,4.1900,18.5800,24.8800,10.6300,1.8500,23.3000,4.0200,7.8800,2.2700,3.6100,4.7400,1.1050,32.9500,21.8700,8.4200,6.9400,2.8100,4.0800,5.9000,6.6700,46.5100,5.9500,2.0800,6.4800,6.5600,16.7600,1.3600,18.1900,6.6000,165.5800,65.1400,7.3300,3.4600,3.6500,2.0300,3.0100,61.5800,1.9700,28.3600,2.1300,14.5400,15.1500,5.3200,12.7000,7.6000,0.7150,1.9400,12.1400,4.6400,15.4900,8.4700,2.5300,1.0250,22.3400,1.8050,11.9700,3.5800,8.7900,23.6100,87.4100,4.5300,5.2400,15.6500,2.9100,1.6250,49.3300,156.4100,18.8000,2.0100,1.8850,3.6800,23.2200,124.8800,6.2600,7.0000,2.5700,22.8000,32.2200,29.0600,3.1000,3.8600,5.5400,4.0200,13.7100,13.4200,0.7250,15.3600,9.6200,3.7800,3.9500,4.6700,12.7600,10.4100,1.7950,2.7400,3.0900,1.4200,1.3800,33.1600,2.3400,6.6600,52.2200,7.3200,64.6900,31.2100,34.4900,17.0900,99.1700,4.9700,7015.2002
29/11/2023 0:00,2.0100,0.6000,14.1300,23.4300,3.9500,5.3500,7.1300,2.7700,2.1800,1.8450,1.4800,9.0300,47.5500,5.6800,4.8100,13.4400,4.7100,8.9900,2.9100,21.1500,20.4200,9.6900,12.1200,44.1200,0.7400,0.9350,34.1500,24.1800,8.4200,31.1500,8.5500,40.3000,58.0800,5.6900,27.8800,7.3600,3.5500,7.0500,5.4700,5.2300,1.4850,1.6850,8.8400,46.1900,20.3100,4.9500,4.2500,13.0600,23.8500,25.1700,3.4100,4.8000,27.5400,3.0200,5.8900,7.6300,10.3600,3.3400,3.2000,7.0100,2.4300,267.0000,15.2000,103.3300,23.2800,1.6650,18.4200,262.2000,5.8500,1.3550,5.0000,7.0000,11.3800,3.4600,52.9500,4.0900,13.2300,34.3400,4.8900,4.0700,10.8700,22.2000,4.1600,18.2500,24.7800,10.9100,1.9350,23.3200,4.0800,7.5000,2.3200,3.7600,4.8200,1.1250,33.1600,22.8900,8.5300,6.9500,2.8500,4.1100,5.7600,6.7900,47.5800,5.8200,2.0300,6.7600,6.6700,16.6600,1.3450,18.7200,6.6200,165.5800,67.1200,7.4300,3.4200,3.6000,2.0300,2.9600,61.2300,1.9700,28.1000,2.1500,14.7500,15.0400,5.2700,12.8800,7.5700,0.7200,1.9350,12.6700,4.6700,15.4700,8.4000,2.5400,1.0050,22.3600,1.9250,12.0400,3.5600,8.8300,23.9900,88.7300,4.5500,5.2000,15.1700,2.8800,1.6900,49.0000,158.4400,18.8400,2.0600,1.9150,3.6900,23.8000,124.5800,6.2800,6.9400,2.6300,23.3800,31.9400,28.9100,3.0600,3.8300,5.5700,4.0700,13.6300,13.7800,0.7250,15.6000,9.6700,3.7800,3.9700,4.7100,12.8300,10.6200,1.8150,2.7600,3.0600,1.4200,1.3600,33.5000,2.3500,6.6600,52.7200,7.2400,66.0000,31.0000,34.2800,16.7800,102.0800,4.8700,7035.2998
30/11/2023 0:00,2.0400,0.6150,14.2900,23.7200,3.9500,5.3500,7.1600,2.8500,2.1500,1.8450,1.5100,9.1800,48.7200,5.5300,4.7900,13.3800,4.7900,8.5200,3.0000,21.3700,20.9000,9.4300,12.2400,44.9800,0.7300,0.9350,34.2300,24.3700,8.5300,31.5000,8.5800,40.5900,58.0800,5.8000,28.1500,7.4300,3.5300,7.0600,5.5000,5.3800,1.4850,1.7100,8.9200,46.3000,20.7800,4.9600,4.1700,13.3400,23.7600,25.1200,3.4300,4.8000,27.7800,3.0000,5.9400,7.6000,10.4000,3.3600,3.2000,7.1100,2.4600,273.0400,15.3300,104.6600,23.6100,1.6400,18.0600,262.2300,5.8700,1.3700,4.9600,7.0400,11.6200,3.4200,53.8000,4.2400,13.3900,34.6900,4.9300,4.0900,10.9200,22.1500,4.2900,18.3300,24.9900,11.0500,1.9500,22.7500,4.1200,7.6300,2.3200,3.9300,4.8200,1.1350,33.6900,22.6600,8.5800,6.9100,2.9200,4.1300,5.9400,6.8300,47.8400,5.9200,2.0100,6.6300,6.6300,16.7300,1.3750,19.1900,6.6200,169.0500,69.0000,7.4400,3.4600,3.6200,2.0300,3.0000,61.1700,2.0600,28.4000,2.1600,14.9200,15.5000,5.2000,13.0300,7.5800,0.7200,1.9350,12.7300,4.7400,15.6200,8.2400,2.5400,0.9750,22.5300,1.9300,11.9800,3.6400,8.8300,24.4200,88.4100,4.4800,5.3000,15.3700,2.9200,1.7100,49.1600,155.2500,19.3400,2.0700,1.9500,3.8400,24.3400,125.0400,6.1600,6.9100,2.6500,23.8800,32.1400,29.1700,3.0800,3.8700,5.6400,4.1300,13.9700,13.8900,0.7200,15.6800,10.0800,3.8200,3.9200,4.7200,12.9600,10.7000,1.8950,2.7800,3.0800,1.4350,1.3650,33.5000,2.3600,6.5700,52.6600,7.1400,66.8000,31.0000,34.9000,16.9600,103.0500,4.8800,7087.2998
1/12/2023 0:00,2.0400,0.6100,14.2400,23.5400,3.9500,5.3000,7.5900,2.8000,2.1700,1.7750,1.4700,9.0600,48.5900,5.8100,4.8600,13.6200,4.7700,8.8000,3.0100,21.2700,20.8100,9.4300,12.2900,44.6700,0.7100,0.9300,34.5800,24.4300,8.5400,31.6100,8.5300,39.9800,57.9500,5.6900,28.5300,7.5100,3.5400,7.0500,5.5600,5.3400,1.4850,1.7200,9.0200,46.3400,21.1300,4.9600,4.2600,13.4700,23.7800,25.2800,3.4500,4.7400,28.1000,3.0400,5.9200,7.8200,10.2200,3.3600,3.2100,7.1500,2.4700,272.2900,15.1700,104.1900,23.4400,1.6650,18.2000,262.8600,5.8900,1.3850,4.9900,6.9500,11.4300,3.4200,52.6800,4.1600,13.2600,35.1700,5.0000,4.0400,10.4900,22.2200,4.3300,18.2200,25.2000,11.0700,1.9200,23.0500,4.1000,7.4900,2.3300,3.7800,4.8700,1.1300,33.1000,22.8600,8.3400,6.8300,2.9100,4.0600,5.9400,6.7800,47.7600,5.7400,2.0500,6.5000,6.6100,16.8100,1.3550,19.3200,6.3500,167.7900,68.7300,7.5000,3.5300,3.5500,2.0200,3.0000,60.6000,2.0400,28.4300,2.2100,14.7100,16.0900,5.2100,13.0100,7.7100,0.7100,1.9000,12.4400,4.6700,15.5900,8.1800,2.5600,1.0350,22.5400,1.9400,11.7800,3.6100,8.9200,25.1100,88.0600,4.5000,5.3500,15.3300,2.9200,1.7150,48.5900,155.8400,19.3600,2.0700,1.9450,3.8800,23.9400,124.9100,6.2000,6.9000,2.6700,23.8300,32.4500,29.1200,3.0900,4.0800,5.6600,4.0700,14.0000,14.1100,0.6950,15.2500,9.9100,3.7900,3.8800,4.7100,12.9200,10.6100,1.8550,2.8100,3.1400,1.4400,1.3800,33.7100,2.3500,6.5800,52.2100,7.2600,66.1600,30.8400,34.5600,16.9500,101.1300,4.9500,7073.2002
4/12/2023 0:00,2.1200,0.6100,14.2900,23.6500,3.7000,5.2700,8.0000,2.8800,2.2400,1.8900,1.4600,9.0800,49.7200,6.0000,4.9900,13.8400,4.7700,8.8000,3.0300,21.3900,20.9800,9.1300,12.4000,45.3200,0.7450,0.9450,34.4200,24.4500,8.5100,32.3400,8.5800,40.4400,58.3000,5.6900,28.8600,7.5200,3.6100,7.1000,5.6400,5.4400,1.4650,1.8150,9.1400,47.1400,21.3800,4.9800,4.2600,13.2700,24.1900,25.2900,3.4700,4.8600,28.3300,3.0700,5.8900,7.7900,10.3900,3.4700,3.2800,7.1800,2.5200,273.2000,15.2700,105.1200,23.3600,1.7000,18.7300,264.1700,5.9300,1.4050,5.0000,7.1200,11.6400,3.4200,53.0000,4.1400,13.3700,34.7200,5.0900,4.1400,10.6000,21.7200,4.3800,18.5300,25.2900,11.2400,1.9750,23.3800,4.2000,7.5600,2.3500,3.8100,5.0300,1.1500,33.6900,23.2000,8.0300,7.0400,2.8700,4.1500,5.8300,6.7500,48.2700,5.9000,2.0000,6.6300,6.7200,16.6600,1.3600,19.8600,6.4400,169.0300,68.9700,7.6700,3.4900,3.5900,2.0300,3.0100,59.9200,2.0500,28.6500,2.2800,14.8300,16.1100,5.1000,13.4200,7.6600,0.7100,1.9400,12.9000,4.7400,15.6500,7.8600,2.5700,1.0550,22.7500,2.0300,11.8000,3.5300,9.1200,26.2000,88.1800,4.3300,5.4700,14.8400,2.9600,1.7500,48.2800,159.5200,19.6400,2.1000,1.9800,3.9600,24.2900,126.9200,6.3600,6.8200,2.7100,24.1800,32.4200,28.9100,3.1200,3.7500,5.6700,4.1100,14.0500,14.4400,0.7100,15.3600,9.7300,3.7900,3.9700,4.7300,12.9700,10.6600,1.8850,2.7900,3.1200,1.4550,1.3550,33.6500,2.3400,6.6700,52.7400,7.2000,67.4300,30.3500,34.8500,16.9000,102.8000,4.8300,7124.7002
5/12/2023 0:00,2.0700,0.6100,14.2400,23.4900,3.5700,5.2700,7.1300,2.6900,2.2200,1.8900,1.4450,9.2000,49.2800,5.8200,4.8000,13.8100,4.7800,8.8200,2.9900,21.4200,21.4950,8.9600,12.3000,44.9400,0.7300,0.9200,34.1700,24.3900,8.4900,31.9900,8.5800,39.3000,57.6400,5.6000,28.2300,7.5200,3.6000,7.1000,5.4600,5.3600,1.4450,1.8100,9.0800,46.5200,21.1500,4.9800,4.1500,13.1400,23.9800,24.8200,3.4600,4.4500,27.9700,3.0300,5.8500,7.7400,10.1700,3.4000,3.2600,7.1900,2.4700,277.8000,15.3500,104.7100,22.8900,1.7400,18.3300,263.1200,5.8700,1.3750,4.9400,7.0200,11.8200,3.3300,52.4500,4.1000,13.2400,34.9800,5.0800,4.1400,10.3500,21.4600,4.3500,18.2200,25.0700,11.1100,1.9250,23.0700,4.1500,7.4800,2.3200,3.7800,4.9600,1.1400,33.5700,23.0200,7.4900,6.7200,2.8300,4.0600,5.9200,6.6700,48.2100,5.8300,1.9750,6.5200,6.5900,16.0900,1.2350,19.7200,6.2400,167.8000,67.2000,7.5600,3.5000,3.5200,2.0200,3.0100,57.3200,2.0100,28.7700,2.2500,14.6600,15.6600,5.0300,13.4400,7.6300,0.6800,1.9000,12.3800,4.6500,15.4400,8.0300,2.5400,1.0100,22.3600,1.9250,11.5500,3.2300,9.0000,25.7100,89.2500,4.3000,5.4600,14.7700,2.9500,1.6600,48.1700,158.8000,19.5200,2.0600,1.9150,3.8900,24.7300,125.6000,6.1700,6.7600,2.7000,23.7600,32.2500,29.3700,3.0600,3.8200,5.6500,4.0000,13.9800,14.5000,0.6900,15.1800,9.7500,3.7800,3.9200,4.7200,12.9700,10.4000,1.8650,2.7800,3.0700,1.4300,1.3350,33.4400,2.3100,6.5900,52.4200,7.0700,66.7300,29.5300,35.0100,16.7500,101.7900,4.8300,7061.6001
6/12/2023 0:00,2.1300,0.6150,14.4000,24.4100,3.5700,5.3500,7.3800,2.6900,2.2900,1.8900,1.4750,9.3600,50.1200,5.8000,4.8500,14.1500,4.8900,8.9800,3.0600,21.7900,22.8500,9.1100,12.6600,45.5300,0.7800,0.9450,34.5700,24.7000,8.5900,32.9700,8.5700,40.0400,58.9100,5.7100,28.1300,7.6300,3.6500,7.1600,5.5400,5.4700,1.4650,1.8350,9.1200,47.2300,21.2900,4.9800,4.1500,13.2100,24.2100,25.3200,3.5600,4.3900,28.6400,3.1100,6.1300,7.7400,10.6200,3.5500,3.4000,7.3300,2.5600,284.4100,15.7100,106.3400,23.5900,1.7800,18.7700,267.4700,5.9700,1.3850,4.9700,7.2300,12.0100,3.3600,53.9600,4.2000,13.8200,35.0000,5.2000,3.6000,11.2300,22.2000,4.4300,18.7100,25.0800,11.3300,1.9350,23.4800,4.2900,7.4800,2.4300,3.8800,5.7000,1.1950,34.0500,23.6200,7.8200,6.8700,2.8900,4.1200,6.0100,6.7700,48.7900,6.0400,1.9900,6.6100,6.8600,17.2500,1.3100,20.7100,6.4300,170.8300,66.6300,7.8300,3.5200,3.6000,2.0200,3.0200,59.7200,2.1000,29.3200,2.3200,14.8900,16.0500,4.9900,13.4800,7.9900,0.7050,1.9650,12.5100,4.7600,15.6700,8.0000,2.6200,1.0000,23.7600,1.9050,11.9600,3.4100,9.2500,25.9400,89.4400,4.3100,5.5100,15.0600,3.0300,1.6200,49.1700,160.8200,19.8300,2.1400,1.9100,3.9600,24.9500,126.4500,6.3800,6.7800,2.8000,24.5400,32.6500,30.1200,3.1200,3.8700,5.7400,4.1500,14.1500,14.7000,0.7000,15.3200,9.8600,3.8500,4.0500,4.8200,13.0600,10.6700,1.9100,2.8800,3.1000,1.4200,1.3400,33.9200,2.3900,6.7800,53.3000,7.0900,68.2200,29.8400,35.6700,16.9700,103.7400,4.8600,7178.3999
7/12/2023 0:00,2.1000,0.6100,14.3800,24.2600,3.5800,5.2800,7.3800,2.7100,2.2900,1.8550,1.5350,9.3000,50.0800,5.9400,4.7800,14.0100,4.8500,8.9900,3.0200,21.9100,22.4000,9.4200,12.6200,45.6700,0.8100,0.9300,34.6900,24.6000,8.7100,33.1900,8.6000,39.5600,59.4200,5.7300,27.0900,7.6500,3.6200,7.1100,5.5800,5.4000,1.4600,1.7900,9.1200,47.4200,21.0900,4.9400,3.8200,13.0800,24.5600,24.6500,3.5600,4.3400,28.5300,3.1300,6.0400,7.6700,10.6800,3.5900,3.4400,7.1500,2.5500,281.8300,15.6100,106.2700,23.5700,1.7800,18.1400,266.4900,5.9000,1.3350,5.0000,7.2200,12.1500,3.3600,54.0900,4.1700,13.7000,34.3700,5.1400,3.6500,11.3500,22.1800,4.3900,18.3700,25.4800,11.3000,1.9350,23.3100,4.3000,7.4800,2.4700,3.8600,5.4600,1.2200,33.9900,23.3500,8.0300,6.9200,2.8300,4.1300,5.9500,6.6400,48.9500,5.8500,1.9250,6.6200,6.8500,16.9500,1.3250,20.6400,6.4100,168.4400,66.5000,8.2000,3.4700,3.5500,2.0100,3.0100,60.7300,2.1100,29.1900,2.3200,14.6600,15.7500,5.0000,13.4600,7.6700,0.7100,1.9400,12.6800,4.7700,15.5800,7.9500,2.5700,0.9400,25.3500,1.8750,12.0000,3.5800,9.4800,25.5000,89.1800,4.3500,5.4700,14.6400,3.0500,1.5850,48.2800,163.4300,19.8500,2.1700,1.9050,3.9000,24.7900,127.7600,6.4300,6.8300,2.7900,24.8000,32.8500,30.2700,3.1300,3.8500,5.7100,4.1800,13.8900,14.6800,0.6950,15.1700,9.6200,3.8400,4.0800,4.7900,13.1400,10.3600,1.9100,2.8400,3.1000,1.4150,1.3300,33.0400,2.4000,6.6500,53.2800,7.1600,68.9200,29.9700,35.8500,16.5900,103.6100,4.8900,7173.2998
8/12/2023 0:00,2.1100,0.6150,14.6100,24.4600,3.5700,5.3900,7.0900,2.5600,2.3000,1.8400,1.5200,9.4600,49.5000,5.7200,4.8200,14.1400,4.8200,8.9900,3.0200,21.9200,21.4300,9.6800,12.6500,45.6500,0.8100,0.9550,34.4900,24.6100,8.7000,33.0500,8.6500,39.2400,59.2100,5.7100,26.8200,7.6800,3.6400,7.1600,5.6100,5.3600,1.4900,1.8150,9.1700,47.7400,21.1600,4.9300,3.9500,12.9800,24.7300,24.6600,3.5800,4.4100,28.6400,3.1900,6.0600,7.7600,10.9000,3.5800,3.4600,7.1400,2.5900,283.3200,15.6700,106.4400,23.6100,1.7750,18.2500,266.9200,5.9300,1.3350,5.1100,7.2900,12.2500,3.3800,54.1700,4.2500,13.6200,35.0100,5.0500,3.6000,11.5800,22.3400,4.3600,18.7000,25.7500,11.2800,1.9350,23.2000,4.3300,7.4800,2.5200,3.8900,5.4700,1.2100,33.8500,23.2100,8.1800,6.9600,2.8600,4.0800,5.9400,6.5000,49.0600,5.8900,1.9100,6.6900,6.8700,17.3000,1.3800,20.6100,6.3900,169.3500,66.0000,8.4100,3.5000,3.5800,2.0000,3.0100,62.4900,2.1100,29.2000,2.3600,14.8400,15.8400,5.0300,13.2000,7.4600,0.7150,1.9800,12.6000,4.7900,15.5800,7.8400,2.6400,0.9350,25.7000,1.8700,11.9500,3.7100,9.7800,25.6400,89.1800,4.3400,5.5600,14.5200,3.0800,1.5900,48.5300,161.7900,20.0100,2.2100,1.8950,3.9100,24.7000,128.8900,6.5000,7.2500,2.7900,24.8300,33.0900,31.1000,3.1300,3.8200,5.6700,4.1900,13.9000,14.6100,0.6800,14.8400,9.4000,3.8400,4.1000,4.7600,13.1600,10.4500,1.9200,2.8900,3.1100,1.4100,1.3500,32.8800,2.4300,6.7400,53.7000,7.2000,67.2600,29.8100,35.7700,16.5300,105.0000,4.9400,7194.8999
11/12/2023 0:00,2.0700,0.6050,14.6000,24.5600,3.5700,5.4000,7.3350,2.5500,2.3000,1.7750,1.4950,9.2300,49.1900,5.7100,4.9800,14.1600,4.8200,9.0000,3.0100,21.9400,21.8800,9.5900,12.6500,45.9200,0.7850,0.9500,34.7700,24.6100,8.6500,33.0100,8.6900,39.2600,59.4700,5.7000,26.8400,7.6900,3.7000,7.1500,5.6900,5.3900,1.5450,1.6750,9.2000,47.5400,21.1400,4.9200,3.9200,12.8600,24.8700,24.6600,3.5800,4.3000,28.5700,3.1800,6.0300,7.7300,10.9500,3.5800,3.4800,7.1900,2.6000,287.0000,15.7400,106.9400,23.9500,1.7250,18.5700,267.7500,5.9100,1.2650,5.1000,7.3500,12.1000,3.3500,54.0100,4.2400,13.9300,34.8000,4.9500,3.6000,11.7700,22.0800,4.2500,18.9100,25.9400,11.5700,1.8750,23.1000,4.3300,7.4300,2.4800,3.9000,5.4600,1.2300,34.0000,22.7100,8.0200,6.8000,2.8500,4.1600,5.9200,6.5600,49.3500,5.9000,1.9200,6.7400,6.8300,17.7500,1.3350,21.2200,6.3200,169.1100,65.8700,8.6900,3.5100,3.5800,2.0200,3.0200,61.8100,2.0900,29.3000,2.3400,14.8300,15.8300,5.0700,12.9300,7.4000,0.6950,1.9900,12.3400,4.7900,15.6500,7.8000,2.6600,0.9550,25.5800,1.8300,11.9400,3.6000,9.6100,25.9000,90.6100,4.4300,5.4900,14.4900,3.0700,1.5650,49.3400,163.5500,20.1300,2.2100,1.8950,3.9300,24.7500,128.9000,6.4700,7.2900,2.8000,24.5900,33.4800,31.2000,3.0900,3.7700,5.6200,4.2000,13.8900,14.9500,0.6800,14.7800,9.5600,3.8300,4.0100,4.8000,13.2100,10.4800,1.9250,2.9400,3.1100,1.4050,1.3600,33.3900,2.4400,6.7800,54.3000,7.2200,68.0000,30.2600,36.0500,16.5200,104.3700,4.8900,7199.0000
12/12/2023 0:00,2.0600,0.6100,14.5700,24.6300,3.5600,5.4000,7.2700,2.5900,2.3700,1.6650,1.4850,9.2600,49.5900,5.8200,5.0100,14.4900,4.8500,8.6800,3.0100,21.9400,21.6400,9.6000,12.7700,46.5100,0.7850,0.9250,34.7800,24.8000,8.6700,33.6900,8.7400,39.7000,60.0400,5.7200,26.9000,7.7500,3.7100,7.1500,5.7900,5.3900,1.5050,1.6900,9.3100,47.5600,21.4700,5.0000,3.8200,13.0600,25.1600,25.0000,3.6300,4.3100,29.1400,3.2000,5.9100,7.7800,11.0500,3.6000,3.5200,7.1300,2.6200,293.8500,15.8900,107.4100,23.6800,1.7050,18.5700,269.5000,6.0400,1.2350,5.1200,7.5600,12.1500,3.3300,54.5500,4.3000,13.7600,33.4200,5.0300,3.6100,11.9000,22.2200,4.3600,18.7800,26.3600,11.6600,1.8800,23.2700,4.3200,7.5000,2.4500,3.9400,5.4200,1.2350,33.8100,21.7300,7.7100,6.8300,2.8800,4.1700,5.9000,6.6200,49.6200,5.9500,1.8850,6.7000,6.9000,17.8000,1.2800,21.2800,6.0300,169.8000,64.7900,8.7800,3.5800,3.5900,2.0100,3.0300,61.0200,2.1300,29.5200,2.3600,14.7900,16.0900,5.0800,13.0400,7.4400,0.6800,1.9850,12.3200,4.8700,15.7900,7.8800,2.6600,0.9450,25.0600,1.8450,11.9800,3.5000,9.4800,26.0300,91.5700,4.4000,5.4800,14.4600,3.1500,1.5900,49.1700,167.7400,20.3600,2.2400,1.9450,4.0000,25.0600,128.5300,6.4000,7.3100,2.8500,24.5700,34.0600,31.5200,3.0500,3.8200,5.6300,4.2500,13.9700,14.9000,0.6800,14.9100,10.0100,3.8500,4.0200,4.8200,13.2900,10.6000,1.9750,3.0300,3.1200,1.4000,1.3600,33.6400,2.4500,6.8100,54.3300,7.3500,70.0000,30.3400,36.7100,16.6000,108.3300,4.9000,7235.2998
13/12/2023 0:00,2.0400,0.5950,14.4400,24.7300,3.5700,5.3200,7.3500,2.5500,2.3500,1.6650,1.4900,9.4500,49.8900,5.8500,5.0100,14.7500,4.8400,8.7600,3.0300,22.1400,21.6300,9.4800,12.7600,46.8400,0.8050,0.9250,34.8100,24.9900,8.6900,33.6100,8.7800,39.7800,60.5200,5.7100,27.4500,7.9500,3.7300,7.1800,5.8000,5.3000,1.4750,1.6300,9.3500,47.8700,21.9500,5.0400,3.8000,13.0600,25.1500,25.7000,3.6400,4.2600,29.0600,3.2000,5.8800,7.7300,11.0400,3.6000,3.5300,7.1300,2.6200,298.7800,15.9000,108.1500,23.7000,1.6400,18.4800,272.3400,6.1600,1.2100,5.1000,7.5100,12.1600,3.2600,54.4700,4.3200,13.6000,33.1500,4.9800,3.5600,11.8800,22.3100,4.3300,18.7600,26.7100,11.7800,1.8100,23.8400,4.3700,7.3900,2.4800,3.9500,5.4800,1.2250,33.9200,20.7800,7.5200,6.7200,2.8300,4.2000,5.7100,6.6300,50.2000,5.9200,1.8800,6.6800,6.9900,17.8300,1.2700,21.3000,6.0500,172.3700,65.0000,8.7300,3.5900,3.5800,2.0200,3.0700,61.5100,2.1100,29.7600,2.3700,14.6900,17.1400,4.9700,13.1400,7.7200,0.6700,1.9450,12.1900,4.8900,15.9500,7.8500,2.6800,0.9550,25.6000,1.7800,11.9400,3.4900,9.5300,26.3700,92.3800,4.4000,5.4000,14.4500,3.1600,1.5600,50.1000,165.0300,20.6300,2.2600,1.9000,4.0500,25.3700,129.5000,6.4100,7.3000,2.8200,24.5300,34.2300,31.4700,3.0400,3.7800,5.7000,4.2600,13.8300,14.9800,0.6800,15.0800,10.1600,3.8400,4.0100,4.8300,13.3200,10.3900,1.9700,3.0400,3.1300,1.4300,1.3500,32.9500,2.4300,6.8000,54.3800,7.1600,70.0600,30.0200,36.4500,16.5500,108.5000,4.8000,7257.7998
14/12/2023 0:00,2.0900,0.5850,14.5600,25.0200,3.5900,5.3100,7.3800,2.8000,2.2900,1.7500,1.6050,9.3600,51.9800,5.9800,5.0100,14.9200,4.8400,8.8500,3.0200,22.2900,21.7100,9.5300,12.7700,47.9400,0.8750,0.9550,35.2800,25.2400,8.7700,35.4800,8.8100,40.4400,61.5800,5.7800,27.3100,7.8900,3.7500,7.2400,5.9500,5.4800,1.4950,1.6900,9.5000,48.2500,22.2700,5.0500,3.9300,13.0600,26.0700,26.9100,3.6900,4.5600,29.9000,3.2900,6.0600,7.6600,12.3400,3.7200,3.6400,7.3200,2.6400,297.5000,15.9900,109.5200,23.4000,1.7100,19.0800,276.7600,6.3200,1.3000,5.1400,7.9400,12.1600,3.2500,56.8000,4.3900,14.2900,33.6600,5.0600,3.7000,12.3300,22.9200,4.4200,19.2500,27.4600,11.7400,1.9450,24.5500,4.6500,7.4900,2.5900,4.0300,5.5600,1.2550,34.6200,20.5800,8.3700,6.8000,2.8700,4.2700,5.6000,6.7300,50.3200,5.9000,1.9100,6.7900,7.3600,19.1000,1.3750,22.5300,6.3700,178.4700,65.1000,8.8500,3.5800,3.4700,2.0300,3.1000,65.4000,2.1400,29.9500,2.3900,15.0700,17.1400,5.0400,13.3900,7.4600,0.6700,1.9900,13.1800,5.0500,16.3600,7.9900,2.6000,0.9650,25.5400,1.8650,12.3900,3.7900,9.9500,27.2400,93.2600,4.4500,5.3400,14.0700,3.1600,1.6400,50.5300,169.9100,21.4400,2.3300,2.0400,4.2000,25.8400,130.0400,6.6200,7.5100,2.9300,25.1600,35.3300,31.7000,3.1600,3.7900,5.7200,4.4400,13.6100,15.0600,0.7050,15.3300,10.4700,3.9100,4.0700,4.9700,13.5100,10.5400,2.0500,3.0600,3.3200,1.4350,1.3800,33.0000,2.5500,7.0100,54.5700,7.1300,72.6300,30.1600,36.6200,16.8300,111.6300,4.7600,7377.8999
15/12/2023 0:00,2.2700,0.5850,14.6100,25.0100,3.6300,5.3500,7.1600,2.8400,2.3500,1.7950,1.6150,9.3000,52.0000,5.8800,5.0000,15.0900,4.7800,9.5400,3.0300,22.4900,21.9600,9.2300,12.7000,47.6800,0.8900,0.9400,35.5400,25.5400,8.8600,36.0000,8.8300,40.9000,61.6800,5.5800,26.9000,7.7700,3.7400,7.2500,6.0600,5.4600,1.5600,1.7050,9.5800,49.4100,22.3500,4.9700,4.0200,13.1900,26.3700,27.1200,3.6400,4.5500,30.4400,3.3200,6.0900,7.6900,12.2400,3.8100,3.7600,7.0700,2.6000,299.7700,16.0500,110.0700,23.4600,1.7050,18.9900,278.7400,6.4600,1.3350,5.1800,7.7000,12.1800,3.2400,56.2200,4.4400,14.6700,32.4500,5.0900,3.7100,12.4500,22.0900,4.3300,19.4900,27.8500,11.8000,1.9450,24.1200,4.6300,7.4300,2.4900,4.0200,6.0700,1.2550,34.3100,20.1500,8.8800,6.5700,2.8500,4.2800,5.6400,6.5100,50.9000,5.8800,1.9750,6.7500,7.5100,18.8000,1.4500,22.9900,6.6500,179.4000,68.0000,9.0700,3.5800,3.5000,2.0300,3.1000,66.7800,2.1000,30.1800,2.3500,14.8400,17.1400,5.0900,13.3900,7.3100,0.6800,1.9950,13.1900,5.1500,16.4700,7.9800,2.5500,0.9850,25.4700,1.8300,12.6500,3.9200,10.0500,27.4500,93.4400,4.4000,5.4100,14.2000,3.1800,1.6650,50.4700,169.0500,21.6200,2.3500,2.0700,4.4400,25.9100,132.8600,6.7300,7.7500,2.9600,25.1200,34.5900,31.6300,3.2400,3.7900,5.6700,4.5100,13.7100,15.3000,0.7350,15.1800,9.4000,3.9200,4.0500,5.0100,13.7600,10.6100,2.0700,3.1400,3.4100,1.4500,1.3850,33.1000,2.5300,7.0300,55.0900,7.1900,73.4800,30.5800,36.6600,16.7900,110.4900,4.8300,7442.7002
18/12/2023 0:00,2.9800,0.5850,14.4700,24.8600,3.6300,5.3500,7.5600,2.8600,2.3400,1.7500,1.6100,9.2000,51.6100,6.0000,4.8100,14.9400,4.7200,9.3300,2.9900,22.4800,22.1500,9.0900,12.4700,47.2700,0.9200,0.9300,35.4600,25.5300,8.6700,35.9700,8.8000,40.9800,61.7300,5.6000,26.6300,7.8400,3.7100,7.2500,6.0100,5.5400,1.5550,1.6800,9.5000,49.3400,22.4800,5.0600,4.1700,13.1600,26.5700,27.4400,3.5600,4.5700,30.4700,3.2900,6.1000,7.7000,12.0500,3.7100,3.7100,7.0900,2.6100,297.2800,15.8600,110.0000,23.4500,1.6650,19.2100,279.5200,6.4600,1.3350,5.2100,7.5600,12.0300,3.2400,56.6300,4.3600,14.6900,33.2000,5.0300,3.7600,12.3800,22.1700,4.4300,19.6500,27.7900,11.8000,1.9500,24.1400,4.5300,7.3900,2.4600,4.0500,5.9600,1.2250,34.2500,19.7800,8.8700,6.7700,2.8400,4.1800,5.5700,6.5000,51.1400,5.8800,1.9450,6.7000,7.4200,18.3400,1.4650,23.8000,6.6900,179.3400,67.3000,9.1900,3.5400,3.4600,2.0400,3.0700,67.4200,2.0400,30.1900,2.3100,14.8900,22.2000,5.1100,13.3300,7.3500,0.6800,1.9750,13.2200,5.0400,16.4600,8.0200,2.5400,0.9900,25.5400,1.8350,12.1200,3.9700,10.2100,27.5300,91.7600,4.4600,5.4600,14.1100,3.1800,1.6300,50.5800,172.8300,21.6100,2.2900,2.0600,4.3300,25.4000,133.2600,6.8000,7.6300,2.9200,25.2500,34.6300,31.3300,3.2500,3.7900,5.6400,4.3500,13.4700,15.4000,0.9050,15.1700,9.5600,3.8800,4.0700,4.9600,13.6400,10.5800,2.0200,3.1000,3.3700,1.4400,1.3950,32.8100,2.5000,7.0800,54.8300,7.2200,73.5800,30.4900,36.4000,16.9700,110.1100,4.8000,7426.3999
19/12/2023 0:00,3.0200,0.5750,14.5100,24.6900,3.6900,5.3300,7.5900,2.9000,2.2000,1.7250,1.6800,9.2900,52.7300,6.1000,4.9900,15.3700,4.7700,9.3500,3.0500,22.6500,22.0000,9.1400,12.6300,47.4300,0.9050,0.9300,35.5300,25.6300,8.7300,36.3000,8.8300,41.8000,62.4600,5.6300,26.6000,7.9400,3.7300,7.2500,6.0100,5.6200,1.6050,1.7100,9.5900,49.6200,23.0600,5.2000,4.1100,13.1800,26.6800,27.4400,3.5500,4.5700,30.9900,3.2800,6.2400,7.9000,12.2100,3.7500,3.6800,7.1000,2.6500,299.1900,15.9300,110.6000,23.8300,1.6750,19.2200,281.0900,6.4800,1.3400,5.2700,7.6200,11.9800,3.3000,57.3200,4.3300,14.8800,33.6500,5.0900,3.8000,12.4000,22.3100,4.3900,19.7500,28.0900,11.9200,1.9700,24.6100,4.5000,7.3800,2.4500,4.0900,6.0000,1.2350,34.9600,20.5000,8.8800,6.7400,2.8800,4.2000,5.6500,6.5800,51.5500,5.8900,2.0300,6.7900,7.3000,18.6600,1.6300,23.3000,6.7500,181.3500,66.5000,9.0000,3.5600,3.4800,2.0400,3.1200,67.9400,2.0800,30.3500,2.3100,15.0700,23.9600,5.0900,13.5600,7.4100,0.6800,2.0200,13.4000,5.1100,16.6300,8.2800,2.6000,0.9950,25.4000,1.8350,12.3800,3.8500,10.1200,27.5000,93.3900,4.4800,5.3700,14.6600,3.2000,1.6800,51.0400,175.4600,22.0400,2.2800,2.1000,4.3800,25.5600,134.2400,6.8200,7.6300,2.9300,25.7500,35.0700,31.3700,3.2500,3.8600,5.7300,4.4000,13.7600,15.4100,0.8600,15.3800,9.7900,3.8900,4.1200,5.0200,13.8700,10.6200,2.0100,3.1400,3.3600,1.4350,1.3950,33.2000,2.5000,7.1400,55.5300,7.2000,74.3900,31.0100,36.5100,17.2100,111.8600,4.8100,7489.1001
20/12/2023 0:00,2.9900,0.5800,14.5200,24.7200,3.7400,5.3800,7.2800,3.1100,2.3500,1.7650,1.7050,9.1800,54.5200,5.7200,4.8300,15.6900,4.7500,9.3700,3.0600,22.8800,22.0000,9.2100,12.7500,47.1600,0.9050,0.9300,35.7500,25.8100,8.6900,35.6500,8.9100,41.7600,63.0000,5.7000,27.2700,7.9200,3.7600,7.3600,6.0300,5.6700,1.6450,1.7400,9.6000,49.8000,23.2000,5.2500,4.1300,13.4000,26.8100,27.5900,3.5900,4.7000,30.7600,3.3100,6.3900,7.8900,12.3500,3.8300,3.7300,7.1300,2.6500,299.9500,16.0500,110.9700,23.9900,1.6900,19.3700,284.0500,6.4600,1.3500,5.2400,7.7900,11.9200,3.4100,57.9300,4.4000,15.2000,33.6700,5.1700,3.8800,12.4800,21.9900,4.4600,20.1000,27.8800,11.8900,2.0100,24.6100,4.6100,7.4900,2.4900,4.0900,5.9900,1.2550,35.3600,20.7700,9.0800,6.7200,2.8700,4.2000,5.6900,6.5300,51.9800,5.9300,2.0700,6.9300,7.3300,18.6200,1.6800,23.8800,6.9300,183.0200,66.7800,9.1500,3.5600,3.5100,2.0700,3.1100,68.3000,2.1400,30.5500,2.3100,15.0900,22.9300,5.1500,13.5500,7.4000,0.6750,2.0200,13.6200,5.2000,16.2100,8.4200,2.6200,0.9750,25.3700,1.8700,10.9200,3.8500,10.0800,27.5800,93.0800,4.5000,5.4100,14.6800,3.2100,1.7150,51.3600,176.4300,21.9800,2.3000,2.1500,4.4000,25.8200,134.3700,6.9100,7.6100,2.9600,26.1000,35.2700,31.5800,3.2700,3.8600,5.7600,4.4700,13.8600,15.6700,0.8650,15.3800,9.8200,3.9600,4.2000,5.0900,13.8400,10.8100,2.0300,3.1600,3.3800,1.4800,1.3800,33.4700,2.5400,7.2600,56.1100,7.2500,73.4600,31.2000,36.8000,17.4000,112.0400,4.8600,7537.8999
21/12/2023 0:00,3.0000,0.5750,14.2800,25.0000,3.6900,5.4000,7.2800,2.9400,2.3200,1.7700,1.6200,9.3100,54.5700,6.0800,4.9000,15.5400,4.7500,9.3100,3.0600,22.8500,21.7900,9.4500,12.7400,46.9900,0.8800,0.9100,36.0300,25.8300,8.7100,35.0200,8.8800,40.8000,62.5300,5.7500,27.1300,7.9200,3.7700,7.3400,5.9800,5.6400,1.6050,1.7050,9.5500,49.7400,23.1000,5.1900,4.0800,13.5400,26.4100,27.3100,3.5600,4.6800,30.5000,3.2900,6.3600,7.8300,11.7900,3.7500,3.7100,7.1700,2.6700,295.3900,15.8900,110.5600,24.2800,1.7200,19.2000,282.5100,6.4100,1.2950,5.2500,7.6800,11.7800,3.4600,57.6000,4.3500,14.0200,33.4300,5.1800,3.9400,12.0600,21.8600,4.4200,19.7000,28.0300,11.8200,2.0000,24.5000,4.6000,7.4200,2.4000,4.1000,5.9200,1.2300,34.9600,20.5500,9.0100,6.6300,2.8300,4.2800,5.6900,6.4700,51.5600,6.1200,2.0500,6.8500,7.3100,17.6000,1.5400,23.9000,6.8000,181.3700,65.5300,9.0700,3.5400,3.5000,2.0500,3.0700,67.3200,2.0600,30.4800,2.3100,15.1200,22.5700,5.1000,13.3200,7.3200,0.6700,2.0100,13.6200,5.2100,15.9700,8.4000,2.5700,0.9750,25.2200,1.8900,10.7000,3.7200,9.8400,27.3300,93.3700,4.4200,5.3700,14.7100,3.1900,1.7050,52.0400,175.7800,21.7700,2.2900,2.1900,4.3400,25.9900,134.4000,6.9700,7.6000,2.9300,26.0100,35.1600,31.6900,3.2500,3.8900,5.7800,4.4100,13.8300,15.4600,0.8500,15.1000,9.7800,3.9700,4.2600,5.0700,13.9600,10.8600,1.9950,3.1600,3.3900,1.4650,1.3650,32.7000,2.5000,7.2100,55.9400,7.2900,73.3200,30.8900,36.6700,17.5500,109.9500,4.8600,7504.1001
22/12/2023 0:00,3.0100,0.5800,14.2300,24.9100,3.7400,5.3800,7.5000,3.0700,2.3500,1.7550,1.6450,9.4100,54.7400,5.8500,4.9000,15.5200,4.7400,9.3100,3.0500,22.8400,21.7000,9.3600,12.6800,46.2600,0.8950,0.9150,36.0400,25.8000,8.6800,35.4200,8.8300,40.5500,62.0500,5.7100,27.0800,7.8600,3.7600,7.3800,5.9800,5.5500,1.6050,1.6900,9.5300,49.7300,23.1800,5.2400,4.3500,13.4600,26.4800,27.4200,3.5600,4.7300,30.6200,3.2700,6.3600,7.8500,11.7800,3.7300,3.6500,7.1200,2.6600,295.1400,15.9100,110.5000,24.0600,1.7000,19.1800,282.1500,6.4800,1.2850,5.2400,7.7100,11.6600,3.4700,57.4300,4.3200,14.3500,32.5700,5.1300,3.9000,11.9300,21.7500,4.3800,19.7800,28.3500,11.9000,2.0000,24.6600,4.6500,7.3400,2.4400,4.0900,5.9000,1.2200,34.8100,20.2300,8.9800,6.6800,2.7900,4.3200,5.6800,6.4000,51.7300,6.1200,2.0300,6.8700,7.3000,17.9700,1.5150,24.0000,7.0000,180.5600,65.0400,8.9800,3.5400,3.4800,2.0500,3.1000,68.0800,2.0800,30.3900,2.3000,15.1900,24.0400,5.1700,13.3800,7.3300,0.6700,2.0100,13.6700,5.1600,15.7400,8.4000,2.5600,1.0000,25.2900,1.8600,10.8400,3.8300,9.8400,27.2000,94.7000,4.3700,5.3600,14.6500,3.1900,1.7300,51.7200,176.6400,21.9600,2.2600,2.1700,4.3600,25.5500,134.4000,6.9300,7.5800,2.9400,26.1300,35.7400,31.6000,3.2400,3.8900,5.7500,4.4500,13.8600,15.5900,0.8400,15.0900,9.5000,3.9600,4.2800,5.0500,13.9000,10.6400,2.0100,3.1400,3.4100,1.4900,1.3700,32.4900,2.4600,7.2600,55.8000,7.4400,73.9600,31.0500,36.5500,17.5200,110.0500,4.8800,7501.6001
,,,,,,,,,,,,,,,,,,,,,,,,,,,,,,,,,,,,,,,,,,,,,,,,,,,,,,,,,,,,,,,,,,,,,,,,,,,,,,,,,,,,,,,,,,,,,,,,,,,,,,,,,,,,,,,,,,,,,,,,,,,,,,,,,,,,,,,,,,,,,,,,,,,,,,,,,,,,,,,,,,,,,,,,,,,,,,,,,,,,,,,,,,,,,,,,