Date,AAPL,IBM
31/12/1999,0.7716,53.6409
3/1/2000,0.8402,57.6784
4/1/2000,0.7694,55.7194
5/1/2000,0.7806,57.6784
6/1/2000,0.713,56.684
7/1/2000,0.7468,56.4354
10/1/2000,0.7337,58.6729
11/1/2000,0.6961,59.1701
12/1/2000,0.6544,59.4187
13/1/2000,0.7261,58.7972
14/1/2000,0.7539,59.4834
18/1/2000,0.7801,57.5541
19/1/2000,0.7998,59.4187
20/1/2000,0.8519,59.1701
21/1/2000,0.8354,60.4132
24/1/2000,0.7975,60.4132
25/1/2000,0.8425,59.2348
26/1/2000,0.827,58.0513
27/1/2000,0.8256,56.4354
28/1/2000,0.7628,55.4707
31/1/2000,0.7787,55.8138
1/2/2000,0.7525,54.6951
2/2/2000,0.7416,56.4354
3/2/2000,0.7754,58.2403
4/2/2000,0.8106,57.4945
7/2/2000,0.8561,56.7486
8/2/2000,0.8622,59.1378
9/2/2000,0.8453,58.426
10/2/2000,0.8519,59.2971
11/2/2000,0.8163,57.4305
14/2/2000,0.8692,57.769
15/2/2000,0.8932,58.3016
16/2/2000,0.8566,57.6147
17/2/2000,0.8622,58.1125
18/2/2000,0.835,55.997
22/2/2000,0.8543,55.2504
23/2/2000,0.8725,54.1304
24/2/2000,0.8646,55.0015
25/2/2000,0.8284,53.7571
28/2/2000,0.8501,52.015
29/2/2000,0.8604,51.1439
1/3/2000,0.9781,49.8996
2/3/2000,0.9157,51.3331
3/3/2000,0.9608,53.7571
6/3/2000,0.9434,51.2982
7/3/2000,0.9223,51.2684
8/3/2000,0.9157,52.8861
9/3/2000,0.9176,53.7571
10/3/2000,0.9439,52.3883
13/3/2000,0.9105,53.6028
14/3/2000,0.8575,54.0707
15/3/2000,0.8725,53.2594
16/3/2000,0.9124,54.2549
17/3/2000,0.9382,54.7526
20/3/2000,0.9232,56.1214
21/3/2000,1.0128,56.4948
22/3/2000,1.0822,56.8681
23/3/2000,1.0606,57.3658
24/3/2000,1.041,60.0437
27/3/2000,1.0475,63.1547
28/3/2000,1.0442,60.9745
29/3/2000,1.0203,59.2324
30/3/2000,0.9439,61.099
31/3/2000,1.0194,58.9238
3/4/2000,1.0006,60.7256
4/4/2000,0.9556,60.3225
5/4/2000,0.9786,62.2189
6/4/2000,0.9397,61.099
7/4/2000,0.9888,61.2881
10/4/2000,0.9382,60.7904
11/4/2000,0.8965,59.4215
12/4/2000,0.82,56.6192
13/4/2000,0.8543,55.0662
14/4/2000,0.8397,52.2639
17/4/2000,0.9298,55.6884
18/4/2000,0.9524,55.4993
19/4/2000,0.9091,52.2639
20/4/2000,0.8923,51.7661
24/4/2000,0.9044,53.0105
25/4/2000,0.963,55.997
26/4/2000,0.9105,55.0015
27/4/2000,0.9513,55.0662
28/4/2000,0.9312,55.4993
1/5/2000,0.933,55.7481
2/5/2000,0.8848,55.4395
3/5/2000,0.8636,53.8218
4/5/2000,0.8308,53.573
5/5/2000,0.8491,53.6974
8/5/2000,0.8266,54.6941
9/5/2000,0.7914,54.3203
10/5/2000,0.7454,51.3302
11/5/2000,0.7716,52.0479
12/5/2000,0.8079,52.0479
15/5/2000,0.7581,51.9233
16/5/2000,0.7933,54.3203
17/5/2000,0.7609,53.7622
18/5/2000,0.7562,52.8552
19/5/2000,0.7055,53.0446
22/5/2000,0.675,54.4449
23/5/2000,0.6441,53.513
24/5/2000,0.6581,54.6343
25/5/2000,0.6549,53.0745
26/5/2000,0.6483,53.2937
30/5/2000,0.6572,55.2871
31/5/2000,0.6305,53.513
1/6/2000,0.669,52.8253
2/6/2000,0.6947,54.2257
5/6/2000,0.6854,56.2191
6/6/2000,0.6971,56.0048
7/6/2000,0.7247,60.3006
8/6/2000,0.7116,59.6776
9/6/2000,0.7187,59.6477
12/6/2000,0.6844,59.2092
13/6/2000,0.7092,59.4583
14/6/2000,0.6788,57.8088
15/6/2000,0.6934,58.2125
16/6/2000,0.6844,56.4383
19/6/2000,0.7253,59.9916
20/6/2000,0.7599,57.9982
21/6/2000,0.8351,57.0613
22/6/2000,0.8068,55.7207
23/6/2000,0.7759,55.7556
26/6/2000,0.8126,57.0164
27/6/2000,0.7768,54.6941
28/6/2000,0.8172,56.7025
29/6/2000,0.7694,56.8121
30/6/2000,0.7863,54.5994
3/7/2000,0.8003,54.5695
5/7/2000,0.7751,52.3269
6/7/2000,0.7778,50.4581
7/7/2000,0.8172,52.3568
10/7/2000,0.8576,51.4847
11/7/2000,0.8548,50.8319
12/7/2000,0.8838,52.1425
13/7/2000,0.8481,51.8286
14/7/2000,0.866,51.7987
17/7/2000,0.8753,52.5761
18/7/2000,0.8594,51.4847
19/7/2000,0.791,54.1958
20/7/2000,0.8276,58.4317
21/7/2000,0.804,57.1859
24/7/2000,0.7309,56.0646
25/7/2000,0.7514,55.8154
26/7/2000,0.7514,54.7589
27/7/2000,0.7806,54.9732
28/7/2000,0.7252,55.7207
31/7/2000,0.7627,55.94
1/8/2000,0.7402,55.0679
2/8/2000,0.7092,56.9367
3/8/2000,0.7205,57.8088
4/8/2000,0.7113,57.749
7/8/2000,0.7197,57.9633
8/8/2000,0.7018,59.3103
9/8/2000,0.713,59.2455
10/8/2000,0.714,59.7444
11/8/2000,0.7159,60.1834
14/8/2000,0.7065,61.4906
15/8/2000,0.7008,60.8669
16/8/2000,0.7281,61.0565
17/8/2000,0.7722,61.1164
18/8/2000,0.7506,60.0886
21/8/2000,0.7581,60.5876
22/8/2000,0.7759,60.5576
23/8/2000,0.8152,61.4906
24/8/2000,0.842,62.2689
25/8/2000,0.8528,64.3593
28/8/2000,0.8716,65.6066
29/8/2000,0.8886,66.2951
30/8/2000,0.8932,65.0129
31/8/2000,0.9148,65.871
1/9/2000,0.9524,66.6693
5/9/2000,0.9373,65.4519
6/9/2000,0.8773,65.5766
7/9/2000,0.9307,66.5246
8/9/2000,0.8838,64.6088
11/9/2000,0.8773,62.1142
12/9/2000,0.8669,62.3637
13/9/2000,0.8706,63.7057
14/9/2000,0.8532,63.3016
15/9/2000,0.829,62.3637
18/9/2000,0.9106,61.4906
19/9/2000,0.8998,62.3337
20/9/2000,0.9161,62.2389
21/9/2000,0.851,60.6175
22/9/2000,0.7835,61.8049
25/9/2000,0.8031,61.3659
26/9/2000,0.7722,59.4351
27/9/2000,0.7346,58.8713
28/9/2000,0.8031,57.4993
29/9/2000,0.3865,56.1922
2/10/2000,0.364,58.7765
3/10/2000,0.3349,55.1594
4/10/2000,0.3547,57.0653
5/10/2000,0.3311,56.4716
6/10/2000,0.3331,57.8735
9/10/2000,0.3265,58.8414
10/10/2000,0.3135,57.3147
11/10/2000,0.2946,55.8778
12/10/2000,0.3002,51.4525
13/10/2000,0.3311,54.4111
16/10/2000,0.3227,55.4438
17/10/2000,0.3022,56.3768
18/10/2000,0.3022,47.6159
19/10/2000,0.2843,48.1148
20/10/2000,0.2927,47.2717
23/10/2000,0.3059,46.3387
24/10/2000,0.2834,45.6203
25/10/2000,0.2777,43.6845
26/10/2000,0.2777,46.2738
27/10/2000,0.2786,46.7428
30/10/2000,0.2899,46.5532
31/10/2000,0.2936,49.1426
1/11/2000,0.3078,49.1725
2/11/2000,0.3349,50.8588
3/11/2000,0.334,49.9558
6/11/2000,0.3219,50.0456
7/11/2000,0.3199,51.0434
8/11/2000,0.3011,49.9544
9/11/2000,0.303,49.6747
10/11/2000,0.2862,46.4576
13/11/2000,0.2909,48.6756
14/11/2000,0.304,49.7046
15/11/2000,0.2984,49.6447
16/11/2000,0.2852,49.0802
17/11/2000,0.2777,50.9235
20/11/2000,0.2843,51.5779
21/11/2000,0.2824,49.2051
22/11/2000,0.2777,49.2051
24/11/2000,0.2899,49.9244
27/11/2000,0.2805,49.1751
28/11/2000,0.2707,48.8954
29/11/2000,0.2636,49.8595
30/11/2000,0.2477,46.7074
1/12/2000,0.2561,47.7714
4/12/2000,0.2505,49.1451
5/12/2000,0.2552,51.6429
6/12/2000,0.2148,48.3309
7/12/2000,0.2148,47.6465
8/12/2000,0.226,48.4558
11/12/2000,0.228,47.4567
12/12/2000,0.2308,46.8972
13/12/2000,0.2252,45.5834
14/12/2000,0.2168,46.1779
15/12/2000,0.2111,43.865
18/12/2000,0.2139,45.2087
19/12/2000,0.2102,45.0239
20/12/2000,0.2159,42.9608
21/12/2000,0.2111,40.7428
22/12/2000,0.2252,44.4594
26/12/2000,0.2205,42.3663
27/12/2000,0.2223,42.3064
28/12/2000,0.2223,42.5861
29/12/2000,0.2234,42.4612
2/1/2001,0.2234,42.3663
3/1/2001,0.2459,47.2719
4/1/2001,0.2561,46.5525
5/1/2001,0.2459,46.9571
8/1/2001,0.2486,46.7373
9/1/2001,0.2581,46.2378
10/1/2001,0.2486,46.6774
11/1/2001,0.2702,46.8023
12/1/2001,0.2581,46.8622
16/1/2001,0.2572,46.3327
17/1/2001,0.2524,48.3009
18/1/2001,0.2805,54.1056
19/1/2001,0.2927,55.5743
22/1/2001,0.2889,54.2305
23/1/2001,0.3078,54.4803
24/1/2001,0.3078,55.1697
25/1/2001,0.2994,55.3245
26/1/2001,0.2936,57.0429
29/1/2001,0.3256,57.4376
30/1/2001,0.3265,58.2518
31/1/2001,0.3247,55.9489
1/2/2001,0.3172,56.973
2/2/2001,0.3097,55.0847
5/2/2001,0.303,56.0588
6/2/2001,0.3172,57.0429
7/2/2001,0.3115,58.4683
8/2/2001,0.3115,57.0629
9/2/2001,0.2872,56.0127
12/2/2001,0.2956,57.463
13/2/2001,0.2872,56.8879
14/2/2001,0.2927,57.5631
15/2/2001,0.3011,58.4032
16/2/2001,0.2852,57.513
20/2/2001,0.2749,55.7626
21/2/2001,0.2834,53.7672
22/2/2001,0.2824,54.4624
23/2/2001,0.2824,52.0118
26/2/2001,0.2927,52.6619
27/2/2001,0.2909,51.3066
28/2/2001,0.274,49.9613
1/3/2001,0.2814,53.037
2/3/2001,0.2889,51.1616
5/3/2001,0.3059,52.4669
6/3/2001,0.3227,53.012
7/3/2001,0.319,53.7872
8/3/2001,0.3124,53.2471
9/3/2001,0.304,49.6563
12/3/2001,0.2797,47.7558
13/3/2001,0.2936,49.2062
14/3/2001,0.3068,47.4908
15/3/2001,0.2956,47.7908
16/3/2001,0.2946,45.0602
19/3/2001,0.3086,46.3105
20/3/2001,0.2956,44.16
21/3/2001,0.3022,44.5501
22/3/2001,0.3247,44.5601
23/3/2001,0.3452,46.7656
26/3/2001,0.3269,47.7108
27/3/2001,0.3433,49.7613
28/3/2001,0.3328,47.2157
29/3/2001,0.3382,47.5308
30/3/2001,0.3313,48.1009
2/4/2001,0.3241,47.3407
3/4/2001,0.3038,45.2053
4/4/2001,0.2927,46.0104
5/4/2001,0.3133,49.1161
6/4/2001,0.3091,48.9861
9/4/2001,0.3083,48.0109
10/4/2001,0.3309,49.5362
11/4/2001,0.3273,48.7261
12/4/2001,0.3366,48.1109
16/4/2001,0.3219,48.386
17/4/2001,0.3062,49.8613
18/4/2001,0.3421,53.2621
19/4/2001,0.3861,57.248
20/4/2001,0.3758,57.428
23/4/2001,0.364,56.0127
24/4/2001,0.3607,56.3478
25/4/2001,0.3711,57.438
26/4/2001,0.3706,56.8829
27/4/2001,0.3933,58.1132
30/4/2001,0.3827,57.5831
1/5/2001,0.3892,59.2684
2/5/2001,0.3991,57.7131
3/5/2001,0.3747,56.8629
4/5/2001,0.3865,57.9431
7/5/2001,0.3747,57.9631
8/5/2001,0.3688,58.9345
9/5/2001,0.36,58.574
10/5/2001,0.3452,57.6828
11/5/2001,0.343,55.9853
14/5/2001,0.3496,56.3609
15/5/2001,0.3479,56.8716
16/5/2001,0.3618,57.9832
17/5/2001,0.3535,57.6177
18/5/2001,0.3532,58.8044
21/5/2001,0.3537,59.6055
22/5/2001,0.3527,59.0898
23/5/2001,0.3487,58.7843
24/5/2001,0.3483,59.8859
25/5/2001,0.3416,58.9846
29/5/2001,0.3223,57.7178
30/5/2001,0.2969,56.4059
31/5/2001,0.2994,55.9803
1/6/2001,0.3136,56.5261
4/6/2001,0.3101,56.9016
5/6/2001,0.3143,58.569
6/6/2001,0.3112,58.8344
7/6/2001,0.3252,58.7092
8/6/2001,0.32,58.1334
11/6/2001,0.3009,58.7643
12/6/2001,0.3049,58.7092
13/6/2001,0.3073,58.3537
14/6/2001,0.2984,57.9581
15/6/2001,0.3068,56.8816
18/6/2001,0.3052,57.2171
19/6/2001,0.303,57.5025
20/6/2001,0.3253,56.6262
21/6/2001,0.3376,56.3809
22/6/2001,0.3342,56.5161
25/6/2001,0.3601,56.4059
26/6/2001,0.3565,56.6012
27/6/2001,0.3504,56.8415
28/6/2001,0.3534,57.6327
29/6/2001,0.349,56.8315
2/7/2001,0.3588,57.2571
3/7/2001,0.3579,56.5712
5/7/2001,0.3481,56.1305
6/7/2001,0.3307,53.3265
9/7/2001,0.3408,52.4352
10/7/2001,0.3173,51.0532
11/7/2001,0.3384,51.9996
12/7/2001,0.3657,53.702
13/7/2001,0.373,54.343
16/7/2001,0.3597,53.9874
17/7/2001,0.3768,54.343
18/7/2001,0.312,52.2149
19/7/2001,0.2996,52.0747
20/7/2001,0.2999,52.9259
23/7/2001,0.2933,53.001
24/7/2001,0.2866,52.3301
25/7/2001,0.2774,52.5203
26/7/2001,0.2791,53.0761
27/7/2001,0.2846,52.4252
30/7/2001,0.2841,53.001
31/7/2001,0.282,52.6806
1/8/2001,0.2862,53.6069
2/8/2001,0.2975,54.4782
3/8/2001,0.2927,54.1677
6/8/2001,0.2872,53.3315
7/8/2001,0.2889,53.2013
8/8/2001,0.2837,52.2387
9/8/2001,0.286,52.1835
10/8/2001,0.2855,52.6197
13/8/2001,0.2866,53.076
14/8/2001,0.2812,53.2464
15/8/2001,0.2768,52.6498
16/8/2001,0.2799,53.0208
17/8/2001,0.2713,52.4392
20/8/2001,0.272,52.1935
21/8/2001,0.269,51.0855
22/8/2001,0.2734,52.1233
23/8/2001,0.2673,51.642
24/8/2001,0.2788,53.6425
27/8/2001,0.2841,53.5774
28/8/2001,0.2762,52.6197
29/8/2001,0.2677,52.2086
30/8/2001,0.2677,50.3184
31/8/2001,0.2784,50.1128
4/9/2001,0.274,50.8849
5/9/2001,0.2784,50.3134
6/9/2001,0.266,49.1351
7/9/2001,0.2594,48.4282
10/9/2001,0.2608,48.368
17/9/2001,0.255,46.7987
18/9/2001,0.2444,48.3329
19/9/2001,0.2555,48.1324
20/9/2001,0.2354,46.8288
21/9/2001,0.2361,45.3748
24/9/2001,0.2469,47.5307
25/9/2001,0.2333,47.3552
26/9/2001,0.2274,45.7759
27/9/2001,0.2329,45.1241
28/9/2001,0.2329,45.9865
1/10/2001,0.2333,46.4828
2/10/2001,0.2259,47.0143
3/10/2001,0.2249,48.6087
4/10/2001,0.2384,48.7892
5/10/2001,0.2423,49.1452
8/10/2001,0.2432,49.3858
9/10/2001,0.2402,48.7039
10/10/2001,0.2525,48.7591
11/10/2001,0.2663,49.8371
12/10/2001,0.2703,50.559
15/10/2001,0.27,51.1406
16/10/2001,0.2402,51.0654
17/10/2001,0.2402,51.5919
18/10/2001,0.2702,50.7696
19/10/2001,0.2747,51.4665
22/10/2001,0.2855,52.7701
23/10/2001,0.2723,53.0509
24/10/2001,0.2845,54.4347
25/10/2001,0.2881,55.4826
26/10/2001,0.2803,55.7333
29/10/2001,0.2646,54.4598
30/10/2001,0.2642,54.4748
31/10/2001,0.2636,54.184
1/11/2001,0.2791,55.0965
2/11/2001,0.2788,54.901
5/11/2001,0.2862,55.1366
6/11/2001,0.2938,57.2525
7/11/2001,0.2941,57.1521
8/11/2001,0.2809,57.132
9/11/2001,0.2809,57.2675
12/11/2001,0.2814,57.6591
13/11/2001,0.2908,58.5827
14/11/2001,0.2944,57.4031
15/11/2001,0.292,57.6039
16/11/2001,0.2847,57.4784
19/11/2001,0.3002,57.7294
20/11/2001,0.2931,57.9502
21/11/2001,0.2954,57.398
23/11/2001,0.2978,57.9051
26/11/2001,0.3208,58.397
27/11/2001,0.3152,57.3278
28/11/2001,0.3082,56.2987
29/11/2001,0.3065,57.4432
30/11/2001,0.3198,58.0255
3/12/2001,0.316,57.2926
4/12/2001,0.3363,58.5526
5/12/2001,0.3567,60.9421
6/12/2001,0.342,60.3096
7/12/2001,0.3384,60.4401
10/12/2001,0.3384,60.0687
11/12/2001,0.3269,60.9923
12/12/2001,0.3226,61.8457
13/12/2001,0.3152,60.3648
14/12/2001,0.3061,60.7915
17/12/2001,0.3095,60.912
18/12/2001,0.3154,61.3437
19/12/2001,0.3246,62.1921
20/12/2001,0.3103,61.5947
21/12/2001,0.3152,61.2433
24/12/2001,0.3206,60.9672
26/12/2001,0.3226,61.4441
27/12/2001,0.3313,61.9963
28/12/2001,0.3367,61.6951
31/12/2001,0.3288,60.7212
2/1/2002,0.3498,60.9923
3/1/2002,0.354,62.0766
4/1/2002,0.3556,63.0505
7/1/2002,0.3437,62.2724
8/1/2002,0.3394,62.5987
9/1/2002,0.325,62.4933
10/1/2002,0.3187,61.3136
11/1/2002,0.316,60.3949
14/1/2002,0.3175,59.2604
15/1/2002,0.3257,59.662
16/1/2002,0.312,58.8588
17/1/2002,0.3374,60.1891
18/1/2002,0.3328,57.3529
22/1/2002,0.3275,55.4704
23/1/2002,0.3456,54.1652
24/1/2002,0.3484,54.5768
25/1/2002,0.349,54.8579
28/1/2002,0.3493,54.2907
29/1/2002,0.3463,51.7054
30/1/2002,0.3616,52.9855
31/1/2002,0.3711,54.1602
1/2/2002,0.3664,54.2154
4/2/2002,0.3806,53.613
5/2/2002,0.3821,53.362
6/2/2002,0.3703,53.5983
7/2/2002,0.3648,52.231
8/2/2002,0.3607,52.7739
11/2/2002,0.375,53.9752
12/2/2002,0.3709,53.5681
13/2/2002,0.3754,54.3221
14/2/2002,0.3693,54.2316
15/2/2002,0.3588,51.7183
19/2/2002,0.3395,50.0344
20/2/2002,0.3472,49.9188
21/2/2002,0.3227,48.446
22/2/2002,0.3414,49.4865
25/2/2002,0.3574,49.4111
26/2/2002,0.3553,48.8331
27/2/2002,0.3296,49.1749
28/2/2002,0.3257,49.3206
1/3/2002,0.352,51.7837
4/3/2002,0.3646,53.2313
5/3/2002,0.3532,53.2263
6/3/2002,0.3613,53.4324
7/3/2002,0.366,52.1305
8/3/2002,0.3702,52.8242
11/3/2002,0.3762,52.8996
12/3/2002,0.3711,54.493
13/3/2002,0.3676,53.8747
14/3/2002,0.3667,53.5832
15/3/2002,0.3745,53.6787
18/3/2002,0.3714,53.4575
19/3/2002,0.373,54.0305
20/3/2002,0.3741,53.0303
21/3/2002,0.3643,53.6737
22/3/2002,0.3616,53.0805
25/3/2002,0.3505,52.0551
26/3/2002,0.3521,51.7233
27/3/2002,0.3523,51.9696
28/3/2002,0.3553,52.2763
1/4/2002,0.3672,51.7032
2/4/2002,0.3613,50.7432
3/4/2002,0.3565,50.2455
4/4/2002,0.3737,50.6879
5/4/2002,0.3714,48.8833
8/4/2002,0.3687,43.9322
9/4/2002,0.3618,44.1232
10/4/2002,0.3702,44.7414
11/4/2002,0.3732,42.3186
12/4/2002,0.3762,43.0274
15/4/2002,0.3753,42.9017
16/4/2002,0.3864,43.329
17/4/2002,0.3919,42.6303
18/4/2002,0.3814,44.7113
19/4/2002,0.375,44.7364
22/4/2002,0.3682,44.1986
23/4/2002,0.364,43.897
24/4/2002,0.3569,43.4798
25/4/2002,0.3621,43.5853
26/4/2002,0.3454,42.58
29/4/2002,0.3597,42.1678
30/4/2002,0.3643,42.1025
1/5/2002,0.36,42.3739
2/5/2002,0.3556,42.1528
3/5/2002,0.3529,41.1072
6/5/2002,0.34,38.2019
7/5/2002,0.3373,38.3778
8/5/2002,0.3658,41.5256
9/5/2002,0.3632,40.2564
10/5/2002,0.35,39.9744
13/5/2002,0.3594,41.3947
14/5/2002,0.3844,43.0517
15/5/2002,0.3795,42.5581
16/5/2002,0.3785,43.0365
17/5/2002,0.3754,43.1574
20/5/2002,0.3714,42.3566
21/5/2002,0.3521,42.0292
22/5/2002,0.3651,42.3063
23/5/2002,0.378,42.4825
24/5/2002,0.3625,41.853
28/5/2002,0.36,41.3393
29/5/2002,0.36,41.0975
30/5/2002,0.3632,41.4249
31/5/2002,0.3498,40.5183
3/6/2002,0.3439,39.3398
4/6/2002,0.342,39.9442
5/6/2002,0.341,40.5687
6/6/2002,0.3326,40.1003
7/6/2002,0.3212,39.4355
10/6/2002,0.3225,38.68
11/6/2002,0.3072,38.0202
12/6/2002,0.3015,37.5972
13/6/2002,0.2933,38.0756
14/6/2002,0.3017,38.3627
17/6/2002,0.3083,38.8512
18/6/2002,0.3025,38.2469
19/6/2002,0.257,36.9424
20/6/2002,0.2568,36.051
21/6/2002,0.2529,34.6257
24/6/2002,0.2593,35.1192
25/6/2002,0.2573,34.5501
26/6/2002,0.2484,34.1774
27/6/2002,0.2561,36.2121
28/6/2002,0.266,36.2625
1/7/2002,0.2561,34.0465
2/7/2002,0.2543,34.54
3/7/2002,0.2635,35.5121
5/7/2002,0.2813,36.333
8/7/2002,0.2703,35.91
9/7/2002,0.2631,35.089
10/7/2002,0.26,34.6307
11/7/2002,0.2747,34.9581
12/7/2002,0.2627,34.8573
15/7/2002,0.2736,35.7589
16/7/2002,0.2681,34.7566
17/7/2002,0.2346,35.5574
18/7/2002,0.225,36.2877
19/7/2002,0.2245,36.2625
22/7/2002,0.2239,34.5652
23/7/2002,0.2172,33.7644
24/7/2002,0.2281,35.0084
25/7/2002,0.2155,34.9278
26/7/2002,0.2153,33.4421
29/7/2002,0.2255,35.8495
30/7/2002,0.2316,36.1567
31/7/2002,0.2291,35.4567
1/8/2002,0.2222,34.3738
2/8/2002,0.2169,34.2177
5/8/2002,0.21,33.2356
6/8/2002,0.2213,34.1976
7/8/2002,0.2256,34.8891
8/8/2002,0.2297,36.1459
9/8/2002,0.2252,36.257
12/8/2002,0.225,36.2267
13/8/2002,0.219,36.2923
14/8/2002,0.2277,37.8167
15/8/2002,0.2343,38.6142
16/8/2002,0.2373,40.0528
19/8/2002,0.2399,41.6377
20/8/2002,0.2388,41.0219
21/8/2002,0.242,40.8856
22/8/2002,0.2397,41.3853
23/8/2002,0.2361,40.5828
26/8/2002,0.2331,40.0881
27/8/2002,0.2229,39.3512
28/8/2002,0.2207,38.3921
29/8/2002,0.2207,38.6748
30/8/2002,0.2214,38.0489
3/9/2002,0.2109,36.5195
4/9/2002,0.2174,37.216
5/9/2002,0.2128,36.4336
6/9/2002,0.2159,36.9485
9/9/2002,0.2157,37.6047
10/9/2002,0.2151,38.1599
11/9/2002,0.2145,37.4533
12/9/2002,0.2123,36.2772
13/9/2002,0.2127,36.5952
16/9/2002,0.2176,36.5043
17/9/2002,0.2222,36.2166
18/9/2002,0.2255,35.1061
19/9/2002,0.2189,32.7085
20/9/2002,0.2232,32.2643
23/9/2002,0.2229,31.9867
24/9/2002,0.2197,30.1595
25/9/2002,0.2241,31.805
26/9/2002,0.2207,31.3053
27/9/2002,0.221,30.4674
30/9/2002,0.2176,29.4326
1/10/2002,0.2178,30.8762
2/10/2002,0.2127,30.0989
3/10/2002,0.2147,30.2857
4/10/2002,0.2106,28.5695
7/10/2002,0.2067,28.7007
8/10/2002,0.2055,28.7966
9/10/2002,0.2042,27.7972
10/10/2002,0.2119,29.0641
11/10/2002,0.2178,32.2643
14/10/2002,0.2217,32.0119
15/10/2002,0.2276,34.566
16/10/2002,0.2186,32.759
17/10/2002,0.2118,36.4437
18/10/2002,0.2153,37.4785
21/10/2002,0.2186,38.1347
22/10/2002,0.2207,37.5996
23/10/2002,0.2234,37.6552
24/10/2002,0.2205,36.3933
25/10/2002,0.2315,37.635
28/10/2002,0.2343,38.6445
29/10/2002,0.2318,38.7354
30/10/2002,0.2399,39.7095
31/10/2002,0.2413,39.8458
1/11/2002,0.2456,40.5828
4/11/2002,0.2535,41.6428
5/11/2002,0.2537,41.2289
6/11/2002,0.2585,41.2339
7/11/2002,0.2402,39.9242
8/11/2002,0.2378,39.2365
11/11/2002,0.2276,39.0848
12/11/2002,0.2348,40.0253
13/11/2002,0.234,40.1265
14/11/2002,0.2447,40.8193
15/11/2002,0.2394,40.4602
18/11/2002,0.235,40.0405
19/11/2002,0.2292,39.6309
20/11/2002,0.2331,41.2693
21/11/2002,0.2455,42.933
22/11/2002,0.2403,42.6954
25/11/2002,0.2397,43.5904
26/11/2002,0.2313,43.014
27/11/2002,0.236,44.349
29/11/2002,0.2327,43.9545
2/12/2002,0.2279,44.1467
3/12/2002,0.2276,43.0898
4/12/2002,0.2247,42.3212
5/12/2002,0.2196,42.0026
6/12/2002,0.2245,41.6284
9/12/2002,0.2214,40.2478
10/12/2002,0.2294,40.8597
11/12/2002,0.2325,41.1834
12/12/2002,0.228,40.5411
13/12/2002,0.222,40.4552
16/12/2002,0.2229,41.2744
17/12/2002,0.2264,40.6119
18/12/2002,0.2187,40.0152
19/12/2002,0.2132,39.7775
20/12/2002,0.2123,40.349
23/12/2002,0.2175,40.5867
24/12/2002,0.2155,40.3338
26/12/2002,0.2161,39.6966
27/12/2002,0.2111,39.1201
30/12/2002,0.2112,38.5588
31/12/2002,0.2151,39.1909
2/1/2003,0.2222,40.7434
3/1/2003,0.2237,41.2896
6/1/2003,0.2237,42.2706
7/1/2003,0.2229,43.4893
8/1/2003,0.2184,42.574
9/1/2003,0.2203,43.995
10/1/2003,0.221,44.3389
13/1/2003,0.2196,44.2529
14/1/2003,0.2193,44.794
15/1/2003,0.2166,44.2934
16/1/2003,0.2195,43.5146
17/1/2003,0.2117,41.1126
21/1/2003,0.2105,40.7282
22/1/2003,0.2084,40.3035
23/1/2003,0.2127,40.9861
24/1/2003,0.2071,39.9444
27/1/2003,0.2121,39.6562
28/1/2003,0.2189,40.5108
29/1/2003,0.2241,40.617
30/1/2003,0.215,39.5955
31/1/2003,0.2155,39.5449
3/2/2003,0.2201,39.5348
4/2/2003,0.2192,38.9583
5/2/2003,0.2169,39.0696
6/2/2003,0.2166,39.2723
7/2/2003,0.2124,39.0645
10/2/2003,0.2154,39.4749
11/2/2003,0.2154,39.2115
12/2/2003,0.216,38.7605
13/2/2003,0.2182,38.4362
14/2/2003,0.2202,39.2418
18/2/2003,0.2292,40.1944
19/2/2003,0.2229,40.2856
20/2/2003,0.2217,40.0475
21/2/2003,0.2252,40.5085
24/2/2003,0.2213,39.8043
25/2/2003,0.2255,40.0627
26/2/2003,0.2176,39.2165
27/2/2003,0.2231,39.1557
28/2/2003,0.2253,39.4952
3/3/2003,0.2199,39.1811
4/3/2003,0.2186,38.8618
5/3/2003,0.2195,39.3837
6/3/2003,0.2186,39.0493
7/3/2003,0.2181,39.4699
10/3/2003,0.2157,38.3552
11/3/2003,0.2136,38.1778
12/3/2003,0.2134,38.0917
13/3/2003,0.221,39.7485
14/3/2003,0.2218,40.0272
17/3/2003,0.2253,41.7803
18/3/2003,0.2252,41.7854
19/3/2003,0.2245,41.5472
20/3/2003,0.2238,41.6485
21/3/2003,0.2252,43.0166
24/3/2003,0.2157,41.6739
25/3/2003,0.2184,42.2819
26/3/2003,0.2163,41.3192
27/3/2003,0.2175,41.2685
28/3/2003,0.2187,40.9341
31/3/2003,0.2123,39.7384
1/4/2003,0.2126,39.8904
2/4/2003,0.2192,41.2736
3/4/2003,0.2171,41.5016
4/4/2003,0.2163,40.9341
7/4/2003,0.2175,40.772
8/4/2003,0.2169,40.5693
9/4/2003,0.213,39.8803
10/4/2003,0.2157,40.0323
11/4/2003,0.1981,39.9005
14/4/2003,0.2039,40.5693
15/4/2003,0.201,41.9475
16/4/2003,0.1987,41.9931
17/4/2003,0.197,42.6923
21/4/2003,0.1972,42.1806
22/4/2003,0.2028,43.3864
23/4/2003,0.2039,43.4472
24/4/2003,0.2018,43.1686
25/4/2003,0.2004,42.4998
28/4/2003,0.2081,43.128
29/4/2003,0.2111,43.4016
30/4/2003,0.2134,43.0166
1/5/2003,0.2155,43.5182
2/5/2003,0.2169,44.3694
5/5/2003,0.2415,43.8374
6/5/2003,0.2627,44.339
7/5/2003,0.265,43.9989
8/5/2003,0.2702,43.6791
9/5/2003,0.2747,44.4405
12/5/2003,0.2786,45.1765
13/5/2003,0.2803,45.674
14/5/2003,0.2784,45.0242
15/5/2003,0.2812,45.6334
16/5/2003,0.2822,45.1714
19/5/2003,0.2717,43.8821
20/5/2003,0.2671,43.537
21/5/2003,0.2679,43.7451
22/5/2003,0.2738,43.6943
23/5/2003,0.275,43.2781
27/5/2003,0.2834,44.5116
28/5/2003,0.2744,44.4507
29/5/2003,0.2717,44.3441
30/5/2003,0.2694,44.6892
2/6/2003,0.2619,44.3288
3/6/2003,0.2598,42.5471
4/6/2003,0.2642,42.7654
5/6/2003,0.2648,41.5726
6/6/2003,0.2574,40.6335
9/6/2003,0.252,41.6233
10/6/2003,0.2579,41.4761
11/6/2003,0.2619,42.6233
12/6/2003,0.2667,42.6131
13/6/2003,0.2615,42.004
16/6/2003,0.2742,42.8923
17/6/2003,0.273,42.7908
18/6/2003,0.287,42.9938
19/6/2003,0.2873,42.9177
20/6/2003,0.2883,43.1055
23/6/2003,0.2862,42.2223
24/6/2003,0.2819,42.4507
25/6/2003,0.2866,41.872
26/6/2003,0.2896,42.8162
27/6/2003,0.2812,42.3441
30/6/2003,0.2862,41.8771
1/7/2003,0.2866,42.4304
2/7/2003,0.2893,43.0141
3/7/2003,0.2872,42.6131
7/7/2003,0.2983,43.6994
8/7/2003,0.3062,43.7806
9/7/2003,0.2986,43.3847
10/7/2003,0.2939,42.6537
11/7/2003,0.298,43.0903
14/7/2003,0.2988,43.3593
15/7/2003,0.2944,43.8771
16/7/2003,0.2983,44.0293
17/7/2003,0.3137,42.2984
18/7/2003,0.3131,42.4964
21/7/2003,0.3094,41.8771
22/7/2003,0.3122,41.5472
23/7/2003,0.312,41.7756
24/7/2003,0.3078,41.3746
25/7/2003,0.3233,42.4101
28/7/2003,0.3151,41.8974
29/7/2003,0.311,41.5218
30/7/2003,0.3044,41.0954
31/7/2003,0.3164,41.2426
1/8/2003,0.3112,41.2528
4/8/2003,0.3183,41.1817
5/8/2003,0.3059,40.532
6/8/2003,0.2946,40.5625
7/8/2003,0.2992,41.0406
8/8/2003,0.2948,41.1372
11/8/2003,0.2951,41.2084
12/8/2003,0.2957,41.4577
13/8/2003,0.303,41.3
14/8/2003,0.2998,41.4831
15/8/2003,0.2959,41.6001
18/8/2003,0.3053,42.48
19/8/2003,0.3051,42.3121
20/8/2003,0.3154,42.2409
21/8/2003,0.3254,42.1392
22/8/2003,0.3135,42.2003
25/8/2003,0.3131,41.6865
26/8/2003,0.316,41.9612
27/8/2003,0.3225,41.7069
28/8/2003,0.3331,41.656
29/8/2003,0.3394,41.712
2/9/2003,0.343,43.6193
3/9/2003,0.3445,43.9092
4/9/2003,0.3427,44.7128
5/9/2003,0.3378,44.2246
8/9/2003,0.3414,45.3181
9/9/2003,0.3358,45.4809
10/9/2003,0.333,44.6772
11/9/2003,0.3387,44.7179
12/9/2003,0.3468,45.1146
15/9/2003,0.3334,45.0078
16/9/2003,0.3357,45.9234
17/9/2003,0.3321,46.0963
18/9/2003,0.3435,46.7931
19/9/2003,0.3389,47.4441
22/9/2003,0.3315,46.4828
23/9/2003,0.3367,46.4574
24/9/2003,0.32,45.4707
25/9/2003,0.3067,45.4758
26/9/2003,0.3106,45.2927
29/9/2003,0.3198,45.4961
30/9/2003,0.311,44.9265
1/10/2003,0.312,45.9539
2/10/2003,0.3088,45.8165
3/10/2003,0.3256,46.1014
6/10/2003,0.3346,46.376
7/10/2003,0.3485,46.6405
8/10/2003,0.3462,47.1288
9/10/2003,0.352,47.022
10/10/2003,0.3555,47.1339
13/10/2003,0.3655,47.4034
14/10/2003,0.3685,47.1593
15/10/2003,0.3726,47.1695
16/10/2003,0.349,45.4096
17/10/2003,0.3415,45.3842
20/10/2003,0.3485,45.2672
21/10/2003,0.3479,45.2316
22/10/2003,0.3416,44.9926
23/10/2003,0.3451,44.8349
24/10/2003,0.3393,44.9722
27/10/2003,0.3393,45.0231
28/10/2003,0.3561,45.725
29/10/2003,0.3556,45.4402
30/10/2003,0.3466,45.3283
31/10/2003,0.3436,45.5114
3/11/2003,0.3475,45.6131
4/11/2003,0.3439,45.3384
5/11/2003,0.3457,45.0078
6/11/2003,0.3471,45.5225
7/11/2003,0.3378,44.9722
10/11/2003,0.3288,45.8333
11/11/2003,0.3233,45.5327
12/11/2003,0.3352,46.2104
13/11/2003,0.3366,46.4142
14/11/2003,0.3221,45.9862
17/11/2003,0.3172,45.7569
18/11/2003,0.3064,45.3238
19/11/2003,0.3065,45.553
20/11/2003,0.3059,45.0384
21/11/2003,0.3044,45.1607
24/11/2003,0.3175,45.6855
25/11/2003,0.3104,45.5683
26/11/2003,0.311,45.8129
28/11/2003,0.3139,46.1339
1/12/2003,0.3259,46.3734
2/12/2003,0.3233,46.2409
3/12/2003,0.3157,46.0116
4/12/2003,0.3175,46.5823
5/12/2003,0.313,46.1849
8/12/2003,0.316,46.4702
9/12/2003,0.307,46.1798
10/12/2003,0.3059,46.7403
11/12/2003,0.3183,47.0817
12/12/2003,0.3136,47.2396
15/12/2003,0.3028,46.9339
16/12/2003,0.302,47.8867
17/12/2003,0.2984,47.5912
18/12/2003,0.3009,47.2498
19/12/2003,0.2957,47.4587
22/12/2003,0.298,47.5861
23/12/2003,0.2973,47.2804
24/12/2003,0.3064,47.0154
26/12/2003,0.312,47.3364
29/12/2003,0.3175,47.6524
30/12/2003,0.3194,47.1989
31/12/2003,0.3208,47.2243
2/1/2004,0.3194,46.6486
5/1/2004,0.3328,47.4129
6/1/2004,0.3316,47.418
7/1/2004,0.3391,47.2753
8/1/2004,0.3506,47.4078
9/1/2004,0.3452,46.4753
12/1/2004,0.3562,46.6486
13/1/2004,0.3621,45.7059
14/1/2004,0.3632,46.0167
15/1/2004,0.343,47.9071
16/1/2004,0.341,48.5695
20/1/2004,0.3412,49.4765
21/1/2004,0.3394,49.7822
22/1/2004,0.333,49.6854
23/1/2004,0.3387,49.8842
26/1/2004,0.3454,50.8778
27/1/2004,0.3463,50.3427
28/1/2004,0.338,49.6192
29/1/2004,0.3405,49.9402
30/1/2004,0.3387,50.5618
2/2/2004,0.3351,50.6434
3/2/2004,0.3342,50.9542
4/2/2004,0.3271,51.051
5/2/2004,0.3366,50.3733
6/2/2004,0.3409,50.4958
9/2/2004,0.3403,50.5009
10/2/2004,0.345,50.8377
11/2/2004,0.3573,51.0164
12/2/2004,0.3562,50.6795
13/2/2004,0.3452,50.8888
17/2/2004,0.3477,50.7153
18/2/2004,0.3492,50.2304
19/2/2004,0.3373,49.914
20/2/2004,0.3363,49.6639
23/2/2004,0.3331,48.9749
24/2/2004,0.3357,49.3985
25/2/2004,0.3424,49.2709
26/2/2004,0.3458,49.3985
27/2/2004,0.359,49.2505
1/3/2004,0.3605,49.5261
2/3/2004,0.3574,49.4138
3/3/2004,0.359,49.424
4/3/2004,0.3777,49.1944
5/3/2004,0.4014,49.225
8/3/2004,0.3903,48.2757
9/3/2004,0.4068,48.2451
10/3/2004,0.4155,47.4948
11/3/2004,0.4075,46.5507
12/3/2004,0.4137,47.6173
15/3/2004,0.397,46.862
16/3/2004,0.3876,47.1835
17/3/2004,0.3932,47.6633
18/3/2004,0.3853,47.3877
19/3/2004,0.3882,46.7599
22/3/2004,0.3882,46.4537
23/3/2004,0.3796,46.6068
24/3/2004,0.3828,46.8365
25/3/2004,0.4033,47.1529
26/3/2004,0.4059,47.3468
29/3/2004,0.419,47.3009
30/3/2004,0.4191,47.1172
31/3/2004,0.4059,46.8722
1/4/2004,0.407,47.1427
2/4/2004,0.4128,48.0767
5/4/2004,0.4251,48.0664
6/4/2004,0.4178,47.8215
7/4/2004,0.41,47.505
8/4/2004,0.4133,47.5255
12/4/2004,0.4209,47.8419
13/4/2004,0.4043,47.4846
14/4/2004,0.3999,47.8215
15/4/2004,0.4398,47.9593
16/4/2004,0.4381,47.0967
19/4/2004,0.4255,46.9232
20/4/2004,0.4163,46.2648
21/4/2004,0.4163,46.5762
22/4/2004,0.417,46.3108
23/4/2004,0.4158,46.5864
26/4/2004,0.4073,46.1526
27/4/2004,0.4044,46.4996
28/4/2004,0.397,46.1424
29/4/2004,0.4018,45.4636
30/4/2004,0.387,44.9991
3/5/2004,0.3913,44.9226
4/5/2004,0.3924,45.4227
5/5/2004,0.4001,45.4023
6/5/2004,0.399,45.1875
7/5/2004,0.4003,45.1006
10/5/2004,0.3945,44.4307
11/5/2004,0.4074,44.5585
12/5/2004,0.4098,44.3949
13/5/2004,0.4081,44.5892
14/5/2004,0.4062,44.1903
17/5/2004,0.3999,43.7403
18/5/2004,0.4062,44.0113
19/5/2004,0.3974,44.5176
20/5/2004,0.401,44.7068
21/5/2004,0.407,44.5585
24/5/2004,0.4104,44.5432
25/5/2004,0.4265,45.3614
26/5/2004,0.428,45.1824
27/5/2004,0.4228,45.3052
28/5/2004,0.4212,45.3052
1/6/2004,0.4212,45.0648
2/6/2004,0.4341,44.9932
3/6/2004,0.4263,44.671
4/6/2004,0.432,44.7784
7/6/2004,0.4475,45.3307
8/6/2004,0.4556,46.0467
9/6/2004,0.4534,46.0723
10/6/2004,0.4614,46.2615
14/6/2004,0.4522,46.062
15/6/2004,0.4607,46.3024
16/6/2004,0.4914,46.2206
17/6/2004,0.4925,46.2513
18/6/2004,0.494,46.0569
21/6/2004,0.4853,45.7654
22/6/2004,0.4954,46.0365
23/6/2004,0.5059,46.4302
24/6/2004,0.4981,46.0211
25/6/2004,0.5059,45.7961
28/6/2004,0.4877,45.3665
29/6/2004,0.4879,45.1517
30/6/2004,0.4885,45.0801
1/7/2004,0.4849,44.7477
2/7/2004,0.4666,44.5125
6/7/2004,0.4646,43.8272
7/7/2004,0.4562,43.6482
8/7/2004,0.4524,42.7788
9/7/2004,0.4507,42.9016
12/7/2004,0.4375,43.4437
13/7/2004,0.4386,43.5971
14/7/2004,0.444,43.0243
15/7/2004,0.4943,42.968
16/7/2004,0.4834,43.101
19/7/2004,0.4799,43.6226
20/7/2004,0.4834,44.1647
21/7/2004,0.4746,43.6226
22/7/2004,0.4755,44.0113
23/7/2004,0.4608,43.3925
26/7/2004,0.4692,43.5152
27/7/2004,0.4868,43.9193
28/7/2004,0.4844,43.9039
29/7/2004,0.49,44.3744
30/7/2004,0.4855,44.5278
2/8/2004,0.474,44.3335
3/8/2004,0.4697,43.8323
4/8/2004,0.4772,43.9653
5/8/2004,0.4712,43.5664
6/8/2004,0.4471,42.7823
9/8/2004,0.4549,42.8182
10/8/2004,0.4732,43.5561
11/8/2004,0.4655,42.8899
12/8/2004,0.4559,42.1314
13/8/2004,0.4629,43.0027
16/8/2004,0.462,43.059
17/8/2004,0.4634,43.0693
18/8/2004,0.4765,43.6279
19/8/2004,0.461,43.5049
20/8/2004,0.4624,43.6894
23/8/2004,0.4666,43.3819
24/8/2004,0.4796,43.4126
25/8/2004,0.4961,43.5971
26/8/2004,0.5203,43.4024
27/8/2004,0.5156,43.5305
30/8/2004,0.5122,43.2538
31/8/2004,0.5177,43.4024
1/9/2004,0.5383,43.1615
2/9/2004,0.5353,43.3409
3/9/2004,0.5288,43.2486
7/9/2004,0.5368,43.5459
8/9/2004,0.5457,44.002
9/9/2004,0.5359,44.2992
10/9/2004,0.5384,44.4632
13/9/2004,0.5342,44.3249
14/9/2004,0.5327,44.4427
15/9/2004,0.5284,44.2634
16/9/2004,0.5457,44.1352
17/9/2004,0.5575,43.9405
20/9/2004,0.5661,43.92
21/9/2004,0.5705,43.9303
22/9/2004,0.5542,43.2076
23/9/2004,0.5594,42.9873
24/9/2004,0.5598,43.2691
27/9/2004,0.5634,43.1308
28/9/2004,0.571,43.2948
29/9/2004,0.5806,43.551
30/9/2004,0.5817,43.9405
1/10/2004,0.5805,44.4427
4/10/2004,0.5823,44.6682
5/10/2004,0.591,44.7502
6/10/2004,0.6101,45.1192
7/10/2004,0.5948,44.8015
8/10/2004,0.5863,44.4376
11/10/2004,0.5793,44.3966
12/10/2004,0.5747,44.0738
13/10/2004,0.5967,43.551
14/10/2004,0.6752,43.4485
15/10/2004,0.683,43.4844
18/10/2004,0.7168,44.0328
19/10/2004,0.7119,45.8008
20/10/2004,0.7126,45.519
21/10/2004,0.7197,45.15
22/10/2004,0.7117,44.7861
25/10/2004,0.7138,45.3191
26/10/2004,0.7201,45.6112
27/10/2004,0.7551,46.1237
28/10/2004,0.7835,45.8674
29/10/2004,0.7866,45.9956
1/11/2004,0.7873,46.1801
2/11/2004,0.8031,46.3646
3/11/2004,0.8303,46.7387
4/11/2004,0.8174,47.3434
5/11/2004,0.8214,47.8046
8/11/2004,0.8163,47.9433
9/11/2004,0.8114,47.9433
10/11/2004,0.8219,48.0665
11/11/2004,0.8301,48.6724
12/11/2004,0.8332,48.9446
15/11/2004,0.8292,49.2526
16/11/2004,0.8247,48.7238
17/11/2004,0.8242,49.0165
18/11/2004,0.8315,48.8316
19/11/2004,0.8282,48.4978
22/11/2004,0.9209,48.8367
23/11/2004,0.9197,48.924
24/11/2004,0.9614,49.0165
26/11/2004,0.969,48.6365
29/11/2004,1.0273,49.037
30/11/2004,1.0065,48.39
1/12/2004,1.0176,49.2321
2/12/2004,0.9789,49.1705
3/12/2004,0.9409,49.8483
6/12/2004,0.9874,50.1512
7/12/2004,0.944,49.3451
8/12/2004,0.9499,49.6275
9/12/2004,0.9606,50.0691
10/12/2004,0.978,49.6378
13/12/2004,0.9744,49.5248
14/12/2004,0.9801,49.9664
15/12/2004,0.9797,49.9767
16/12/2004,0.9998,50.0383
17/12/2004,0.9756,49.3964
20/12/2004,0.9415,49.5761
21/12/2004,0.9561,49.8175
22/12/2004,0.957,50.1204
23/12/2004,0.9608,50.1769
27/12/2004,0.9482,50.0639
28/12/2004,0.9635,50.4747
29/12/2004,0.9673,50.4131
30/12/2004,0.9727,50.4747
31/12/2004,0.9667,50.6185
3/1/2005,0.9501,50.1923
4/1/2005,0.9598,49.6532
5/1/2005,0.9682,49.5505
6/1/2005,0.969,49.3964
7/1/2005,1.0395,49.1808
10/1/2005,1.0352,49.1294
11/1/2005,0.9692,48.7803
12/1/2005,0.9826,48.8881
13/1/2005,1.0478,48.4978
14/1/2005,1.0538,48.3181
18/1/2005,1.0605,48.7289
19/1/2005,1.049,47.8046
20/1/2005,1.0577,47.7533
21/1/2005,1.0581,47.4349
24/1/2005,1.0622,47.132
25/1/2005,1.0816,47.3374
26/1/2005,1.0846,47.2141
27/1/2005,1.0904,47.2296
28/1/2005,1.1106,47.6968
31/1/2005,1.1544,47.969
1/2/2005,1.1639,48.1949
2/2/2005,1.1954,48.4208
3/2/2005,1.1681,48.0306
4/2/2005,1.1835,48.5286
7/2/2005,1.185,48.5389
8/2/2005,1.2144,48.4257
9/2/2005,1.182,47.6901
10/2/2005,1.1763,47.7209
11/2/2005,1.2191,47.9987
14/2/2005,1.2704,48.1376
15/2/2005,1.3271,48.5286
16/2/2005,1.353,48.6778
17/2/2005,1.3181,48.2302
18/2/2005,1.3032,47.9833
22/2/2005,1.2803,47.4946
23/2/2005,1.3244,47.3814
24/2/2005,1.3349,47.6592
25/2/2005,1.3359,47.7415
28/2/2005,1.3468,47.6283
1/3/2005,1.336,47.9987
2/3/2005,1.3246,47.8032
3/3/2005,1.2547,47.5409
4/3/2005,1.2852,47.5203
7/3/2005,1.2835,47.1242
8/3/2005,1.2168,47.3968
9/3/2005,1.1814,47.51
10/3/2005,1.1958,47.5409
11/3/2005,1.209,47.0779
14/3/2005,1.2105,47.2785
15/3/2005,1.2298,47.011
16/3/2005,1.2363,46.6354
17/3/2005,1.2684,46.229
18/3/2005,1.2898,45.9306
21/3/2005,1.312,46.049
22/3/2005,1.2858,46.0438
23/3/2005,1.2774,46.5685
24/3/2005,1.276,46.6611
28/3/2005,1.2768,46.8361
29/3/2005,1.2535,46.6097
30/3/2005,1.285,46.6509
31/3/2005,1.251,47.011
1/4/2005,1.2277,46.5274
4/4/2005,1.2336,46.4657
5/4/2005,1.2577,46.0798
6/4/2005,1.2709,45.7866
7/4/2005,1.3078,45.4985
8/4/2005,1.3132,45.0663
11/4/2005,1.2585,44.3461
12/4/2005,1.2808,44.1146
13/4/2005,1.2321,43.5075
14/4/2005,1.1186,43.0291
15/4/2005,1.0613,39.4588
18/4/2005,1.0694,39.433
19/4/2005,1.1135,38.8311
20/4/2005,1.0661,37.046
21/4/2005,1.1163,38.0852
22/4/2005,1.0658,38.1778
25/4/2005,1.1102,38.3836
26/4/2005,1.0865,38.8054
27/4/2005,1.0793,39.6388
28/4/2005,1.067,39.0524
29/4/2005,1.0827,39.2941
2/5/2005,1.0938,39.361
3/5/2005,1.0871,39.3404
4/5/2005,1.1154,39.6543
5/5/2005,1.1012,38.8414
6/5/2005,1.118,38.8208
9/5/2005,1.11,38.6764
10/5/2005,1.0934,37.8098
11/5/2005,1.0691,37.7995
12/5/2005,1.0247,37.459
13/5/2005,1.0439,37.7376
16/5/2005,1.0673,38.3462
17/5/2005,1.0616,38.3204
18/5/2005,1.076,39.3882
19/5/2005,1.1274,39.8009
20/5/2005,1.1274,39.414
23/5/2005,1.1937,39.4656
24/5/2005,1.1919,39.1045
25/5/2005,1.1943,39.2025
26/5/2005,1.2231,39.7905
27/5/2005,1.2177,39.7699
31/5/2005,1.1937,38.9704
1/6/2005,1.2099,39.6358
2/6/2005,1.2021,39.8989
3/6/2005,1.1481,39.0942
6/6/2005,1.1385,38.6867
7/6/2005,1.097,38.7073
8/6/2005,1.1085,38.5835
9/6/2005,1.1303,38.6506
10/6/2005,1.0751,38.568
13/6/2005,1.0778,38.7125
14/6/2005,1.0808,38.6299
15/6/2005,1.1148,39.3572
16/6/2005,1.1402,39.7441
17/6/2005,1.1502,39.4037
20/6/2005,1.1291,39.4862
21/6/2005,1.1366,39.414
22/6/2005,1.1574,39.837
23/6/2005,1.1676,38.8982
24/6/2005,1.1337,38.176
27/6/2005,1.1138,38.109
28/6/2005,1.1201,38.8414
29/6/2005,1.0919,38.5474
30/6/2005,1.1051,38.274
1/7/2005,1.0959,38.5165
5/7/2005,1.1402,38.5784
6/7/2005,1.1226,39.1045
7/7/2005,1.1297,39.9143
8/7/2005,1.1484,40.9047
11/7/2005,1.1439,40.7293
12/7/2005,1.1481,41.2864
13/7/2005,1.1513,42.0137
14/7/2005,1.2235,42.5141
15/7/2005,1.2474,42.4934
18/7/2005,1.2457,42.1994
19/7/2005,1.2967,43.1743
20/7/2005,1.3099,43.6386
21/7/2005,1.2997,43.5354
22/7/2005,1.321,43.556
25/7/2005,1.3153,43.4322
26/7/2005,1.3099,43.391
27/7/2005,1.3207,43.262
28/7/2005,1.315,43.2259
29/7/2005,1.2805,43.0505
1/8/2005,1.2835,43.0351
2/8/2005,1.2967,42.9732
3/8/2005,1.2976,43.36
4/8/2005,1.2823,42.8752
5/8/2005,1.2907,42.999
8/8/2005,1.2805,43.1024
9/8/2005,1.3156,43.1748
10/8/2005,1.3024,42.4095
11/8/2005,1.321,42.7404
12/8/2005,1.384,42.4974
15/8/2005,1.4315,42.6577
16/8/2005,1.3886,42.0372
17/8/2005,1.4155,42.0372
18/8/2005,1.3901,41.9597
19/8/2005,1.376,42.7921
22/8/2005,1.3771,42.7094
23/8/2005,1.3733,42.4147
24/8/2005,1.3741,42.0476
25/8/2005,1.3828,41.9338
26/8/2005,1.3733,41.5615
29/8/2005,1.3762,42.0579
30/8/2005,1.3981,41.6442
31/8/2005,1.4077,41.6856
1/9/2005,1.3888,41.1272
2/9/2005,1.3876,41.0858
6/9/2005,1.4651,41.8924
7/9/2005,1.4615,41.8718
8/9/2005,1.4946,41.7787
9/9/2005,1.5405,42.1096
12/9/2005,1.5432,42.1303
13/9/2005,1.5258,41.7528
14/9/2005,1.4894,41.6132
15/9/2005,1.4973,41.3702
16/9/2005,1.5374,41.5357
19/9/2005,1.5804,41.0703
20/9/2005,1.5969,40.6928
21/9/2005,1.5645,40.1034
22/9/2005,1.5582,40.4395
23/9/2005,1.5972,40.3309
26/9/2005,1.6165,40.0258
27/9/2005,1.6044,40.3257
28/9/2005,1.5336,41.1065
29/9/2005,1.5714,41.5512
30/9/2005,1.6095,41.4788
3/10/2005,1.6345,41.5977
4/10/2005,1.6137,41.4219
5/10/2005,1.5846,41.272
6/10/2005,1.5522,41.2099
7/10/2005,1.5401,41.6236
10/10/2005,1.5122,42.0114
11/10/2005,1.5489,43.0145
12/10/2005,1.4786,42.4974
13/10/2005,1.6134,42.5026
14/10/2005,1.6213,42.5801
17/10/2005,1.6044,42.7042
18/10/2005,1.5675,43.1644
19/10/2005,1.6494,43.5212
20/10/2005,1.6855,43.0041
21/10/2005,1.6711,43.0869
24/10/2005,1.705,43.1592
25/10/2005,1.6843,43.1024
26/10/2005,1.7122,42.8593
27/10/2005,1.6635,42.5594
28/10/2005,1.6354,42.0993
31/10/2005,1.729,42.3371
1/11/2005,1.7263,42.1872
2/11/2005,1.7999,41.9131
3/11/2005,1.8569,42.849
4/11/2005,1.8359,42.9162
7/11/2005,1.8083,43.2316
8/11/2005,1.7984,43.0969
9/11/2005,1.8047,42.9362
10/11/2005,1.8368,43.5322
11/11/2005,1.8476,43.8225
14/11/2005,1.8449,43.724
15/11/2005,1.8698,44.3304
16/11/2005,1.9499,44.8539
17/11/2005,1.9371,45.0353
18/11/2005,1.9383,45.4914
21/11/2005,1.9503,45.2426
22/11/2005,1.9971,45.6055
23/11/2005,2.0148,46.0253
25/11/2005,2.0818,46.0253
28/11/2005,2.0914,46.186
29/11/2005,2.0445,46.1808
30/11/2005,2.0361,46.0771
1/12/2005,2.1496,46.2378
2/12/2005,2.1805,45.9475
5/12/2005,2.1562,45.8335
6/12/2005,2.2231,46.2015
7/12/2005,2.2202,45.9838
8/12/2005,2.2241,45.3515
9/12/2005,2.2316,45.0768
12/12/2005,2.249,44.5533
13/12/2005,2.2511,43.3871
14/12/2005,2.162,43.0865
15/12/2005,2.1671,43.2938
16/12/2005,2.1349,43.2109
19/12/2005,2.143,42.8947
20/12/2005,2.165,42.7496
21/12/2005,2.2067,43.0813
22/12/2005,2.2223,43.1331
23/12/2005,2.2021,43.2679
27/12/2005,2.2286,43.0139
28/12/2005,2.2088,43.0399
29/12/2005,2.1451,42.7081
30/12/2005,2.1583,42.6045
3/1/2006,2.2442,42.5319
4/1/2006,2.2508,42.4749
5/1/2006,2.2331,42.76
6/1/2006,2.2907,44.0298
9/1/2006,2.2833,43.3975
10/1/2006,2.4277,43.5737
11/1/2006,2.5189,43.6255
12/1/2006,2.5307,43.3146
13/1/2006,2.5697,43.1072
17/1/2006,2.5433,43.0191
18/1/2006,2.4766,43.4338
19/1/2006,2.373,43.0658
20/1/2006,2.2844,42.1691
23/1/2006,2.3318,42.195
24/1/2006,2.2829,41.9048
25/1/2006,2.2277,41.9359
26/1/2006,2.1715,41.8374
27/1/2006,2.1625,41.9929
30/1/2006,2.2517,42.309
31/1/2006,2.267,42.138
1/2/2006,2.2643,42.4697
2/2/2006,2.1646,42.1017
3/2/2006,2.1572,41.4487
6/2/2006,2.0206,41.2102
7/2/2006,2.0295,41.3865
8/2/2006,2.0659,41.984
9/2/2006,1.9499,41.7762
10/2/2006,2.0208,42.2594
13/2/2006,1.9428,41.797
14/2/2006,2.0311,42.1347
15/2/2006,2.0781,42.01
16/2/2006,2.1187,42.0412
17/2/2006,2.1103,41.9373
21/2/2006,2.0739,41.8281
22/2/2006,2.1412,42.2698
23/2/2006,2.1541,41.6723
24/2/2006,2.1454,41.6203
27/2/2006,2.1314,41.8957
28/2/2006,2.0563,41.693
1/3/2006,2.0746,41.5164
2/3/2006,2.0899,41.5372
3/3/2006,2.0332,41.5475
6/3/2006,1.9659,41.5683
7/3/2006,1.9908,41.719
8/3/2006,1.9713,42.1607
9/3/2006,1.9193,42.0983
10/3/2006,1.8971,42.3841
13/3/2006,1.9719,42.5712
14/3/2006,2.0211,43.0648
15/3/2006,1.9884,43.3246
16/3/2006,1.9308,43.0596
17/3/2006,1.9413,43.283
20/3/2006,1.9212,43.4285
21/3/2006,1.8557,43.548
22/3/2006,1.8515,43.8806
23/3/2006,1.8062,43.2311
24/3/2006,1.8001,43.3142
27/3/2006,1.7867,43.1687
28/3/2006,1.7626,42.831
29/3/2006,1.8713,43.1947
30/3/2006,1.884,43.2311
31/3/2006,1.883,42.8518
3/4/2006,1.8809,43.1583
4/4/2006,1.8365,43.361
5/4/2006,2.0179,43.7351
6/4/2006,2.1388,43.548
7/4/2006,2.0953,42.857
10/4/2006,2.0617,42.6595
11/4/2006,2.0412,42.1711
12/4/2006,2.0028,41.958
13/4/2006,1.9956,42.5972
17/4/2006,1.9457,42.4205
18/4/2006,1.9881,43.2882
19/4/2006,1.971,42.5348
20/4/2006,2.0305,42.6179
21/4/2006,2.0127,42.4309
24/4/2006,1.974,42.6647
25/4/2006,1.9866,42.9557
26/4/2006,2.046,43.309
27/4/2006,2.0823,43.5844
28/4/2006,2.1133,42.7842
1/5/2006,2.0896,42.7271
2/5/2006,2.1503,42.8258
3/5/2006,2.1358,42.9713
4/5/2006,2.1356,42.831
5/5/2006,2.1583,43.2726
8/5/2006,2.1583,43.2257
9/5/2006,2.1325,43.403
10/5/2006,2.1196,43.2309
11/5/2006,2.046,43.0015
12/5/2006,2.0326,42.965
15/5/2006,2.0353,43.2257
16/5/2006,1.9509,42.845
17/5/2006,1.9593,42.3809
18/5/2006,1.8968,42.0628
19/5/2006,1.9367,41.8646
22/5/2006,1.9029,41.729
23/5/2006,1.896,41.63
24/5/2006,1.9016,41.6039
25/5/2006,1.9314,41.7916
26/5/2006,1.9079,42.1097
30/5/2006,1.838,41.8021
31/5/2006,1.7944,41.6665
1/6/2006,1.8666,42.0784
2/6/2006,1.8512,41.4683
5/6/2006,1.8014,41.2284
6/6/2006,1.793,41.5935
7/6/2006,1.7584,41.2754
8/6/2006,1.8242,40.1698
9/6/2006,1.7785,40.4827
12/6/2006,1.7113,40.1646
13/6/2006,1.7512,40.1177
14/6/2006,1.7296,40.5244
15/6/2006,1.7827,40.9677
16/6/2006,1.7281,40.6496
19/6/2006,1.7173,40.5036
20/6/2006,1.7254,40.6704
21/6/2006,1.7371,40.8321
22/6/2006,1.7888,40.2533
23/6/2006,1.7663,40.2063
26/6/2006,1.7711,40.2324
27/6/2006,1.7242,39.9612
28/6/2006,1.6819,39.9247
29/6/2006,1.7705,40.4618
30/6/2006,1.7194,40.0603
3/7/2006,1.7398,40.6861
5/7/2006,1.7113,40.5557
6/7/2006,1.6744,40.7226
7/7/2006,1.6633,39.8517
10/7/2006,1.6513,39.9821
11/7/2006,1.6708,39.8778
12/7/2006,1.59,39.3615
13/7/2006,1.5687,38.7149
14/7/2006,1.5212,38.3655
17/7/2006,1.5723,38.4333
18/7/2006,1.5882,38.7253
19/7/2006,1.6242,39.6692
20/7/2006,1.8164,39.3615
21/7/2006,1.823,39.0382
24/7/2006,1.844,39.6275
25/7/2006,1.8593,39.5753
26/7/2006,1.9176,39.544
27/7/2006,1.9035,39.7109
28/7/2006,1.9692,40.1333
31/7/2006,2.0403,40.368
1/8/2006,2.0169,39.7057
2/8/2006,2.0464,39.7996
3/8/2006,2.0893,39.8048
4/8/2006,2.0506,39.5858
7/8/2006,2.0179,39.3824
8/8/2006,1.9449,39.44
9/8/2006,1.9092,39.4714
10/8/2006,1.9235,39.6546
11/8/2006,1.9109,39.5185
14/8/2006,1.9197,40.1468
15/8/2006,1.995,40.3562
16/8/2006,2.041,41.4086
17/8/2006,2.0292,41.5552
18/8/2006,2.0389,41.8326
21/8/2006,1.9983,41.508
22/8/2006,2.0301,41.3353
23/8/2006,2.0208,41.1887
24/8/2006,2.0359,41.5604
25/8/2006,2.0641,41.8222
28/8/2006,2.0109,42.0525
29/8/2006,1.9959,42.618
30/8/2006,2.0103,42.5237
31/8/2006,2.037,42.3929
1/9/2006,2.0529,42.6232
5/9/2006,2.1461,42.33
6/9/2006,2.1025,42.0316
7/9/2006,2.1857,41.5709
8/9/2006,2.1773,42.2306
11/9/2006,2.1767,42.3719
12/9/2006,2.1805,43.0787
13/9/2006,2.2277,43.0421
14/9/2006,2.2268,43.1782
15/9/2006,2.2247,43.4243
18/9/2006,2.2184,43.0578
19/9/2006,2.2147,42.8641
20/9/2006,2.2595,43.6756
21/9/2006,2.2412,42.7279
22/9/2006,2.1916,42.5185
25/9/2006,2.2743,42.9321
26/9/2006,2.3301,43.1939
27/9/2006,2.294,42.9792
28/9/2006,2.3121,42.9269
29/9/2006,2.3112,42.9007
2/10/2006,2.2475,42.8641
3/10/2006,2.2241,42.7489
4/10/2006,2.2631,43.508
5/10/2006,2.2466,43.4138
6/10/2006,2.2283,43.529
9/10/2006,2.2406,43.9792
10/10/2006,2.216,44.0787
11/10/2006,2.1986,44.0787
12/10/2006,2.2595,44.3457
13/10/2006,2.2523,45.0683
16/10/2006,2.2638,45.3981
17/10/2006,2.2304,45.5238
18/10/2006,2.2376,47.0264
19/10/2006,2.3715,47.0473
20/10/2006,2.4004,47.3719
23/10/2006,2.4457,47.9374
24/10/2006,2.4333,47.9007
25/10/2006,2.4522,48.0787
26/10/2006,2.4676,47.9269
27/10/2006,2.4141,47.5185
30/10/2006,2.4144,47.906
31/10/2006,2.4342,48.3405
1/11/2006,2.3766,48.063
2/11/2006,2.3712,48.0002
3/11/2006,2.3505,47.8589
6/11/2006,2.3931,48.4819
7/11/2006,2.4172,48.5604
8/11/2006,2.4753,48.634
9/11/2006,2.5021,48.5447
10/11/2006,2.4955,48.198
13/11/2006,2.5324,48.3608
14/11/2006,2.5519,49.0016
15/11/2006,2.5234,48.9071
16/11/2006,2.5702,49.0962
17/11/2006,2.5775,49.2748
20/11/2006,2.5961,48.9806
21/11/2006,2.66,48.8913
22/11/2006,2.7114,49.1225
24/11/2006,2.751,49.0332
27/11/2006,2.6883,48.0352
28/11/2006,2.7564,47.9826
29/11/2006,2.7561,48.0719
30/11/2006,2.7519,48.282
1/12/2006,2.7417,47.9301
4/12/2006,2.7357,49.1172
5/12/2006,2.7401,49.6267
6/12/2006,2.6969,49.4376
7/12/2006,2.6132,49.4954
8/12/2006,2.6498,49.301
11/12/2006,2.6645,49.1855
12/12/2006,2.5861,49.4376
13/12/2006,2.6736,49.779
14/12/2006,2.6585,50.0889
15/12/2006,2.6336,50.0574
18/12/2006,2.566,50.131
19/12/2006,2.5913,50.4251
20/12/2006,2.5447,50.4251
21/12/2006,2.4889,50.3778
22/12/2006,2.4679,50.0312
26/12/2006,2.4472,50.2465
27/12/2006,2.4474,51.0554
28/12/2006,2.4279,50.9346
29/12/2006,2.5471,51.0292
3/1/2007,2.5159,51.0922
4/1/2007,2.5718,51.6385
5/1/2007,2.5534,51.171
8/1/2007,2.566,51.9484
9/1/2007,2.7792,52.5629
10/1/2007,2.9122,51.9431
11/1/2007,2.8762,51.817
12/1/2007,2.8408,52.1795
16/1/2007,2.9152,52.9569
17/1/2007,2.8507,52.5367
18/1/2007,2.6742,52.2373
19/1/2007,2.657,50.5144
22/1/2007,2.6056,51.0081
23/1/2007,2.5729,50.9924
24/1/2007,2.6029,51.1605
25/1/2007,2.5895,51.2182
26/1/2007,2.5634,51.1867
29/1/2007,2.5802,51.7593
30/1/2007,2.5685,52.1952
31/1/2007,2.5739,52.0797
1/2/2007,2.5441,52.0009
2/2/2007,2.5444,52.0902
5/2/2007,2.5201,52.7257
6/2/2007,2.5265,52.4474
7/2/2007,2.5865,52.4421
8/2/2007,2.5874,52.4842
9/2/2007,2.5,51.9205
12/2/2007,2.5483,51.9363
13/2/2007,2.5429,51.7835
14/2/2007,2.5609,52.263
15/2/2007,2.5582,52.1154
16/2/2007,2.5468,52.1523
20/2/2007,2.579,52.342
21/2/2007,2.678,52.205
22/2/2007,2.6873,51.8942
23/2/2007,2.6742,51.4885
26/2/2007,2.6615,51.0512
27/2/2007,2.5198,49.5023
28/2/2007,2.5402,48.9649
1/3/2007,2.6138,48.6119
2/3/2007,2.5643,47.8902
5/3/2007,2.5916,48.3696
6/3/2007,2.6477,49.418
7/3/2007,2.6336,49.4918
8/3/2007,2.642,48.9965
9/3/2007,2.6411,49.144
12/3/2007,2.6981,49.5813
13/3/2007,2.654,48.8437
14/3/2007,2.7021,49.3969
15/3/2007,2.6891,49.2336
16/3/2007,2.6897,49.1282
19/3/2007,2.7359,49.5181
20/3/2007,2.7464,49.7868
21/3/2007,2.8182,50.2399
22/3/2007,2.8209,50.1503
23/3/2007,2.8077,50.066
26/3/2007,2.8777,50.0502
27/3/2007,2.866,49.908
28/3/2007,2.7993,49.6604
29/3/2007,2.8146,49.8237
30/3/2007,2.7894,49.6604
2/4/2007,2.8116,50.1609
3/4/2007,2.8371,50.6297
4/4/2007,2.8303,50.6877
5/4/2007,2.8425,50.851
9/4/2007,2.8116,50.9037
10/4/2007,2.8297,50.8194
11/4/2007,2.7798,50.1345
12/4/2007,2.7678,50.4032
13/4/2007,2.7093,50.0133
16/4/2007,2.745,50.6719
17/4/2007,2.7126,51.1671
18/4/2007,2.7141,49.9449
19/4/2007,2.7101,49.6762
20/4/2007,2.7311,49.8289
23/4/2007,2.8074,50.1609
24/4/2007,2.7993,51.8889
25/4/2007,2.8627,53.4536
26/4/2007,2.9674,53.1586
27/4/2007,2.9999,53.3008
30/4/2007,2.9963,53.8488
1/5/2007,2.9864,54.3545
2/5/2007,3.014,53.854
3/5/2007,3.0143,54.1596
4/5/2007,3.0266,54.2439
7/5/2007,3.1199,54.3493
8/5/2007,3.1542,54.6296
9/5/2007,3.2088,55.2061
10/5/2007,3.2227,55.3648
11/5/2007,3.2647,56.0523
14/5/2007,3.2833,55.8355
15/5/2007,3.228,55.4441
16/5/2007,3.2227,55.9941
17/5/2007,3.2857,55.698
18/5/2007,3.3031,57.1154
21/5/2007,3.362,56.6129
22/5/2007,3.4088,56.4331
23/5/2007,3.3893,55.8408
24/5/2007,3.3232,54.9787
25/5/2007,3.4112,55.6292
29/5/2007,3.4331,56.0153
30/5/2007,3.5658,56.5548
31/5/2007,3.6384,56.3802
1/6/2007,3.5547,56.3485
4/6/2007,3.6426,56.1845
5/6/2007,3.6829,55.9783
6/6/2007,3.712,54.1642
7/6/2007,3.7249,53.8415
8/6/2007,3.7376,54.5132
11/6/2007,3.6084,54.5926
12/6/2007,3.6142,54.1271
13/6/2007,3.5276,54.5397
14/6/2007,3.5652,54.9258
15/6/2007,3.6178,55.5816
18/6/2007,3.7555,55.7085
19/6/2007,3.7126,56.3273
20/6/2007,3.6493,56.0629
21/6/2007,3.7198,56.3802
22/6/2007,3.6928,55.2378
25/6/2007,3.673,55.5869
26/6/2007,3.5922,55.7085
27/6/2007,3.6595,55.7614
28/6/2007,3.6195,56.0364
29/6/2007,3.664,55.6662
2/7/2007,3.6405,55.5393
3/7/2007,3.818,56.3697
5/7/2007,3.9855,57.1471
6/7/2007,3.972,57.6654
9/7/2007,3.9128,57.6337
10/7/2007,3.9735,57.4539
11/7/2007,3.9747,57.7025
12/7/2007,4.0251,57.7977
13/7/2007,4.135,57.438
16/7/2007,4.1461,57.9987
17/7/2007,4.1705,58.5857
18/7/2007,4.1468,58.7497
19/7/2007,4.2032,61.2778
20/7/2007,4.3157,60.7225
23/7/2007,4.3142,61.5528
24/7/2007,4.0498,61.4418
25/7/2007,4.1209,62.4625
26/7/2007,4.3833,61.6322
27/7/2007,4.3188,61.1509
30/7/2007,4.2461,60.5691
31/7/2007,3.9558,58.5223
1/8/2007,4.053,59.2574
2/8/2007,4.0978,59.8868
3/8/2007,3.9585,59.1781
6/8/2007,4.0606,60.2359
7/8/2007,4.054,60.0455
8/8/2007,4.0234,59.9659
9/8/2007,3.7946,58.7716
10/8/2007,3.7529,59.7854
13/8/2007,3.8366,59.8226
14/8/2007,3.7237,59.4723
15/8/2007,3.5997,59.037
16/8/2007,3.5142,58.2196
17/8/2007,3.6646,58.8619
20/8/2007,3.6694,57.9702
21/8/2007,3.83,57.8746
22/8/2007,3.9783,58.3842
23/8/2007,3.9351,59.1538
24/8/2007,4.062,60.1039
27/8/2007,3.9705,60.21
28/8/2007,3.8075,59.4457
29/8/2007,4.0255,60.8098
30/8/2007,4.0906,61.2344
31/8/2007,4.1575,61.935
4/9/2007,4.3281,62.7311
5/9/2007,4.1059,62.5666
6/9/2007,4.0534,62.4286
7/9/2007,3.9561,61.3299
10/9/2007,4.1044,61.4626
11/9/2007,4.0678,62.2853
12/9/2007,4.1086,61.5688
13/9/2007,4.1191,61.5422
14/9/2007,4.1675,61.107
17/9/2007,4.1554,60.7832
18/9/2007,4.2308,61.9032
19/9/2007,4.2263,61.9244
20/9/2007,4.2125,62.0252
21/9/2007,4.3278,61.9828
24/9/2007,4.4518,61.7015
25/9/2007,4.5989,61.8395
26/9/2007,4.5866,62.2588
27/9/2007,4.6386,62.4764
28/9/2007,4.6076,62.5242
1/10/2007,4.6938,63.177
2/10/2007,4.7571,62.8214
3/10/2007,4.7412,61.7811
4/10/2007,4.6908,61.4042
5/10/2007,4.8472,61.728
8/10/2007,5.0411,62.5082
9/10/2007,5.0396,62.7895
10/10/2007,5.0075,62.9594
11/10/2007,4.8706,62.6568
12/10/2007,5.0213,62.5295
15/10/2007,5.0132,62.6462
16/10/2007,5.0912,63.4795
17/10/2007,5.1864,61.452
18/10/2007,5.2089,60.9319
19/10/2007,5.1165,59.5943
22/10/2007,5.2347,60.1729
23/10/2007,5.5891,60.8682
24/10/2007,5.5822,59.9499
25/10/2007,5.4876,59.8756
26/10/2007,5.5452,60.3639
29/10/2007,5.5569,60.9319
30/10/2007,5.6143,60.5709
31/10/2007,5.7028,61.6325
1/11/2007,5.6275,60.3215
2/11/2007,5.6403,60.8204
5/11/2007,5.5896,60.1888
6/11/2007,5.758,60.0667
7/11/2007,5.5933,59.1665
8/11/2007,5.2681,56.5193
9/11/2007,4.9649,53.3979
12/11/2007,4.6163,54.0371
13/11/2007,5.1027,56.0718
14/11/2007,4.9871,55.0971
15/11/2007,4.9328,55.1823
16/11/2007,4.9955,55.8162
19/11/2007,4.9223,54.4473
20/11/2007,5.0694,55.0864
21/11/2007,5.0576,54.4473
23/11/2007,5.1501,55.422
26/11/2007,5.1801,54.3141
27/11/2007,5.2483,55.3048
28/11/2007,5.4107,57.1904
29/11/2007,5.5329,57.2596
30/11/2007,5.4708,56.0239
3/12/2007,5.3699,56.3701
4/12/2007,5.3984,56.7962
5/12/2007,5.5692,57.6112
6/12/2007,5.7028,58.4315
7/12/2007,5.8334,57.9841
10/12/2007,5.8307,58.2663
11/12/2007,5.6605,56.988
12/12/2007,5.7301,57.7763
13/12/2007,5.7593,57.6218
14/12/2007,5.716,56.3382
17/12/2007,5.5362,55.6777
18/12/2007,5.4936,56.6258
19/12/2007,5.4978,57.0679
20/12/2007,5.6206,57.9734
21/12/2007,5.8217,59.1506
24/12/2007,5.9685,59.4701
26/12/2007,5.9731,59.4222
27/12/2007,5.9616,58.3782
28/12/2007,5.9995,58.6392
31/12/2007,5.9469,57.5792
2/1/2008,5.8497,55.7629
3/1/2008,5.8523,55.8748
4/1/2008,5.4056,53.8667
7/1/2008,5.3333,53.2914
8/1/2008,5.1414,51.9811
9/1/2008,5.386,52.3646
10/1/2008,5.3447,53.2222
11/1/2008,5.1846,52.0237
14/1/2008,5.3675,54.8254
15/1/2008,5.075,54.2395
16/1/2008,4.7928,54.133
17/1/2008,4.8304,53.8507
18/1/2008,4.8445,55.0758
22/1/2008,4.6728,53.9146
23/1/2008,4.1753,56.5139
24/1/2008,4.0711,56.9454
25/1/2008,3.9032,55.6724
28/1/2008,3.9032,55.9174
29/1/2008,3.9492,56.5139
30/1/2008,3.9684,56.2742
31/1/2008,4.0639,57.0519
1/2/2008,4.0156,58.1012
4/2/2008,3.9525,57.4887
5/2/2008,3.8837,55.9387
6/2/2008,3.6627,55.388
7/2/2008,3.64,54.7196
8/2/2008,3.7672,55.2169
11/2/2008,3.8864,56.2167
12/2/2008,3.7487,56.9599
13/2/2008,3.8849,57.9705
14/2/2008,3.8267,56.7461
15/2/2008,3.7418,56.7621
19/2/2008,3.6682,56.1419
20/2/2008,3.7174,57.6657
21/2/2008,3.649,57.1738
22/2/2008,3.5865,57.7833
25/2/2008,3.5949,58.8581
26/2/2008,3.5772,61.1572
27/2/2008,3.6916,62.2693
28/2/2008,3.9002,61.617
29/2/2008,3.7534,60.8792
3/3/2008,3.6547,61.077
4/3/2008,3.7414,61.8683
5/3/2008,3.7376,61.6972
6/3/2008,3.6306,60.1627
7/3/2008,3.6703,60.9219
10/3/2008,3.5934,60.9594
11/3/2008,3.8234,62.2854
12/3/2008,3.7838,62.5955
13/3/2008,3.8411,61.9753
14/3/2008,3.8012,61.6117
17/3/2008,3.8048,61.7828
18/3/2008,3.9876,63.312
19/3/2008,3.8931,62.526
20/3/2008,4.0011,63.2692
24/3/2008,4.1891,63.6595
25/3/2008,4.2326,63.0767
26/3/2008,4.3551,62.51
27/3/2008,4.2107,61.7667
28/3/2008,4.2936,61.2588
31/3/2008,4.3083,61.5636
1/4/2008,4.4893,62.2854
2/4/2008,4.4281,61.3871
3/4/2008,4.5517,62.0341
4/4/2008,4.5958,61.8951
7/4/2008,4.6802,62.1891
8/4/2008,4.5887,62.1678
9/4/2008,4.5467,62.4351
10/4/2008,4.64,63.5098
11/4/2008,4.4175,62.0234
14/4/2008,4.4368,62.7078
15/4/2008,4.4548,62.649
16/4/2008,4.6145,64.4134
17/4/2008,4.6382,65.809
18/4/2008,4.8348,66.5147
21/4/2008,5.0486,66.488
22/4/2008,4.8096,66.1244
23/4/2008,4.8904,66.087
24/4/2008,5.0721,66.4025
25/4/2008,5.0958,65.809
28/4/2008,5.1711,65.0657
29/4/2008,5.2555,65.686
30/4/2008,5.2225,64.5364
1/5/2008,5.4041,66.0923
2/5/2008,5.4323,65.8624
5/5/2008,5.5461,65.2475
6/5/2008,5.604,65.6699
7/5/2008,5.4819,66.647
8/5/2008,5.556,67.0658
9/5/2008,5.5077,66.6041
12/5/2008,5.6491,67.2376
13/5/2008,5.7031,67.957
14/5/2008,5.592,68.4617
15/5/2008,5.6962,68.9663
16/5/2008,5.6329,68.6227
19/5/2008,5.5121,67.9087
20/5/2008,5.5812,67.2054
21/5/2008,5.3497,66.3679
22/5/2008,5.3155,66.9477
23/5/2008,5.4393,66.6792
27/5/2008,5.5971,68.3543
28/5/2008,5.6145,69.5461
29/5/2008,5.6049,69.6374
30/5/2008,5.6668,69.4871
2/6/2008,5.5872,68.3758
3/6/2008,5.5654,68.6335
4/6/2008,5.5599,68.4778
5/6/2008,5.6872,68.9717
6/6/2008,5.5734,67.0765
9/6/2008,5.4525,67.5705
10/6/2008,5.5734,67.6134
11/6/2008,5.4284,66.1692
12/6/2008,5.2018,66.4913
13/6/2008,5.175,67.7261
16/6/2008,5.3092,68.0268
17/6/2008,5.447,67.1624
18/6/2008,5.3665,66.6578
19/6/2008,5.4311,67.1195
20/6/2008,5.2621,65.8954
23/6/2008,5.1988,66.282
24/6/2008,5.2014,66.282
25/6/2008,5.3258,66.8833
26/6/2008,5.0516,65.0311
27/6/2008,5.1065,64.4512
30/6/2008,5.027,63.6352
1/7/2008,5.2444,64.0325
2/7/2008,5.0492,63.9412
3/7/2008,5.1075,64.1774
7/7/2008,5.2588,65.2297
8/7/2008,5.3906,66.5074
9/7/2008,5.2315,64.6391
10/7/2008,5.3029,66.1316
11/7/2008,5.1814,65.5626
14/7/2008,5.2204,65.2512
15/7/2008,5.0931,66.1424
16/7/2008,5.1882,67.6134
17/7/2008,5.1582,67.9248
18/7/2008,4.9582,69.734
21/7/2008,4.9925,69.0737
22/7/2008,4.8643,69.7931
23/7/2008,4.9916,69.5354
24/7/2008,4.7745,69.7931
25/7/2008,4.8673,69.0039
28/7/2008,4.6355,67.7798
29/7/2008,4.716,68.5368
30/7/2008,4.8,69.1811
31/7/2008,4.7721,68.7086
1/8/2008,4.7034,67.9892
4/8/2008,4.6004,68.4831
5/8/2008,4.8228,69.1864
6/8/2008,4.9294,69.6122
7/8/2008,4.9108,69.5529
8/8/2008,5.0904,69.4236
11/8/2008,5.2108,68.2325
12/8/2008,5.3059,67.4887
13/8/2008,5.3831,67.8013
14/8/2008,5.3837,68.4157
15/8/2008,5.2762,68.1031
18/8/2008,5.2657,67.1492
19/8/2008,5.2098,66.0551
20/8/2008,5.2792,66.0281
21/8/2008,5.2326,66.2868
22/8/2008,5.3077,67.3324
25/8/2008,5.1804,66.2168
26/8/2008,5.2131,66.0227
27/8/2008,5.2441,66.497
28/8/2008,5.2162,67.1438
29/8/2008,5.0897,65.6077
2/9/2008,4.9895,63.8184
3/9/2008,5.0126,63.7807
4/9/2008,4.8403,61.9805
5/9/2008,4.809,61.6194
8/9/2008,4.7412,63.2147
9/9/2008,4.5538,62.0021
10/9/2008,4.5517,63.619
11/9/2008,4.583,64.2442
12/9/2008,4.4716,64.1202
15/9/2008,4.214,62.0829
16/9/2008,4.1996,62.5464
17/9/2008,3.8378,60.078
18/9/2008,4.0257,62.0452
19/9/2008,4.2305,64.0555
22/9/2008,3.9345,62.6327
23/9/2008,3.8081,62.1746
24/9/2008,3.8642,62.7674
25/9/2008,3.9609,64.7346
26/9/2008,3.8501,64.3627
29/9/2008,3.1602,61.6895
30/9/2008,3.4124,63.0369
1/10/2008,3.276,59.3558
2/10/2008,3.0053,56.4508
3/10/2008,2.9143,55.7501
6/10/2008,2.9464,54.2303
7/10/2008,2.6768,51.5516
8/10/2008,2.6958,48.8029
9/10/2008,2.6642,47.9675
10/10/2008,2.9062,47.2938
13/10/2008,3.3103,49.6976
14/10/2008,3.1247,50.4468
15/10/2008,2.9407,47.5849
16/10/2008,3.059,49.3257
17/10/2008,2.9242,48.9269
20/10/2008,2.9554,49.8593
21/10/2008,2.7468,47.8921
22/10/2008,2.9083,45.0571
23/10/2008,2.9491,45.4614
24/10/2008,2.8936,44.2325
27/10/2008,2.7648,42.9336
28/10/2008,2.9996,47.0405
29/10/2008,3.1389,47.5364
30/10/2008,3.3337,48.8784
31/10/2008,3.2301,50.1072
3/11/2008,3.2112,49.9509
4/11/2008,3.3322,50.339
5/11/2008,3.1014,48.4742
6/11/2008,2.9753,46.1491
7/11/2008,2.9495,46.7561
10/11/2008,2.8786,45.4554
11/11/2008,2.8452,44.8429
12/11/2008,2.7057,43.217
13/11/2008,2.8954,45.6396
14/11/2008,2.7093,43.5368
17/11/2008,2.6462,41.9922
18/11/2008,2.6994,43.4013
19/11/2008,2.5907,41.1738
20/11/2008,2.4165,38.8812
21/11/2008,2.4793,40.583
24/11/2008,2.7906,43.2983
25/11/2008,2.7261,43.7102
26/11/2008,2.8522,44.263
28/11/2008,2.7822,44.2251
1/12/2008,2.6699,41.6778
2/12/2008,2.7762,43.2712
3/12/2008,2.8792,43.721
4/12/2008,2.7443,41.9705
5/12/2008,2.8221,43.6777
8/12/2008,2.9938,45.9919
9/12/2008,3.0041,44.8158
10/12/2008,2.9485,44.908
11/12/2008,2.8522,43.6723
12/12/2008,2.9503,44.5503
15/12/2008,2.8446,44.8592
16/12/2008,2.8651,46.8266
17/12/2008,2.6768,46.5231
18/12/2008,2.6849,45.5258
19/12/2008,2.7021,45.2657
22/12/2008,2.5741,44.4365
23/12/2008,2.5934,43.6831
24/12/2008,2.5531,43.6398
26/12/2008,2.5762,44.0788
29/12/2008,2.6003,44.0354
30/12/2008,2.5907,45.2819
31/12/2008,2.5624,45.6125
2/1/2009,2.7246,47.3523
5/1/2009,2.8396,47.0542
6/1/2009,2.7927,48.3603
7/1/2009,2.7324,47.5799
8/1/2009,2.7831,47.2493
9/1/2009,2.7195,45.9052
12/1/2009,2.6618,46.4526
13/1/2009,2.6333,46.2521
14/1/2009,2.5618,45.0868
15/1/2009,2.5033,45.5909
16/1/2009,2.4718,46.0244
20/1/2009,2.3478,44.431
21/1/2009,2.4868,49.5473
22/1/2009,2.6528,48.8156
23/1/2009,2.6528,48.5013
26/1/2009,2.6912,49.6448
27/1/2009,2.724,49.6773
28/1/2009,2.8282,51.39
29/1/2009,2.7921,50.138
30/1/2009,2.7059,49.6719
2/2/2009,2.7474,49.2817
3/2/2009,2.7915,50.6637
4/2/2009,2.8087,50.3115
5/2/2009,2.896,50.0838
6/2/2009,2.9938,52.3888
9/2/2009,3.0777,52.7594
10/2/2009,2.9371,50.8249
11/2/2009,2.9068,51.8548
12/2/2009,2.9804,51.8058
13/2/2009,2.977,51.1355
17/2/2009,2.8381,49.4081
18/2/2009,2.8333,49.8659
19/2/2009,2.7212,48.46
20/2/2009,2.738,48.3837
23/2/2009,2.6105,45.9751
24/2/2009,2.7095,47.0813
25/2/2009,2.7369,46.8088
26/2/2009,2.6778,48.4817
27/2/2009,2.6813,50.1492
2/3/2009,2.6402,48.5253
3/3/2009,2.6531,47.8278
4/3/2009,2.7372,48.7651
5/3/2009,2.6673,47.6698
6/3/2009,2.5609,46.7598
9/3/2009,2.4952,45.4901
10/3/2009,2.661,47.5445
11/3/2009,2.7825,48.291
12/3/2009,2.8927,49.261
13/3/2009,2.8801,49.2392
16/3/2009,2.8648,49.7078
17/3/2009,2.9921,50.6287
18/3/2009,3.0479,50.1056
19/3/2009,3.0509,50.4925
20/3/2009,3.05,50.4108
23/3/2009,3.2322,53.7893
24/3/2009,3.1974,53.5659
25/3/2009,3.1971,53.3752
26/3/2009,3.2986,53.8274
27/3/2009,3.208,51.3044
30/3/2009,3.1371,51.5061
31/3/2009,3.156,52.7975
1/4/2009,3.2632,53.1899
2/4/2009,3.3839,54.9391
3/4/2009,3.4823,55.702
6/4/2009,3.5562,55.3423
7/4/2009,3.4526,53.8111
8/4/2009,3.4923,55.1407
9/4/2009,3.5899,55.4186
13/4/2009,3.6094,54.465
14/4/2009,3.552,54.0944
15/4/2009,3.5319,53.8656
16/4/2009,3.6463,55.2715
17/4/2009,3.7054,55.1843
20/4/2009,3.6178,54.7266
21/4/2009,3.6556,55.751
22/4/2009,3.648,55.8818
23/4/2009,3.7649,55.266
24/4/2009,3.7198,54.5358
27/4/2009,3.7447,54.465
28/4/2009,3.7198,55.5494
29/4/2009,3.7571,56.6937
30/4/2009,3.7777,56.2414
1/5/2009,3.8201,57.0043
4/5/2009,3.9651,57.8653
5/5/2009,3.9843,57.68
6/5/2009,3.978,57.3076
7/5/2009,3.8747,56.1956
8/5/2009,3.8786,55.593
11/5/2009,3.89,56.3654
12/5/2009,3.7355,56.9351
13/5/2009,3.5874,56.0148
14/5/2009,3.6913,55.352
15/5/2009,3.6753,55.5273
18/5/2009,3.8024,57.2857
19/5/2009,3.8264,57.7951
20/5/2009,3.779,56.9953
21/5/2009,3.7282,56.3216
22/5/2009,3.6778,55.8122
26/5/2009,3.9264,57.5267
27/5/2009,3.9945,56.3818
28/5/2009,4.0551,57.3459
29/5/2009,4.0774,58.2169
1/6/2009,4.1837,59.3617
2/6/2009,4.1879,58.5181
3/6/2009,4.2317,58.3319
4/6/2009,4.3155,58.2442
5/6/2009,4.3434,58.7427
8/6/2009,4.3188,58.8797
9/6/2009,4.2848,59.2357
10/6/2009,4.2107,59.3507
11/6/2009,4.2017,59.9259
12/6/2009,4.1122,59.274
15/6/2009,4.0858,58.9509
16/6/2009,4.0936,58.7865
17/6/2009,4.0704,58.6112
18/6/2009,4.0795,58.2442
19/6/2009,4.1875,58.0032
22/6/2009,4.1242,57.2528
23/6/2009,4.0234,57.209
24/6/2009,4.0897,57.0501
25/6/2009,4.199,58.0963
26/6/2009,4.2764,57.8882
29/6/2009,4.2624,57.9704
30/6/2009,4.2762,57.198
1/7/2009,4.2882,57.4281
2/7/2009,4.2038,55.7245
6/7/2009,4.1615,55.6807
7/7/2009,4.0651,54.8809
8/7/2009,4.1197,55.1494
9/7/2009,4.0939,55.9162
10/7/2009,4.1587,55.2315
13/7/2009,4.2735,56.7598
14/7/2009,4.2714,56.5571
15/7/2009,4.4097,58.7318
16/7/2009,4.429,60.6051
17/7/2009,4.5559,63.2235
20/7/2009,4.5908,63.7822
21/7/2009,4.5488,64.1108
22/7/2009,4.7058,63.3056
23/7/2009,4.7382,64.1218
24/7/2009,4.8033,64.4395
27/7/2009,4.8067,64.434
28/7/2009,4.8037,64.2423
29/7/2009,4.8046,64.2314
30/7/2009,4.8874,64.56
31/7/2009,4.9055,64.5984
3/8/2009,4.9967,65.6884
4/8/2009,4.9703,65.5131
5/8/2009,4.9571,64.8942
6/8/2009,4.921,64.597
7/8/2009,4.9691,65.6701
10/8/2009,4.9454,65.3234
11/8/2009,4.8886,64.8226
12/8/2009,4.963,65.6481
13/8/2009,5.0564,65.8077
14/8/2009,5.0072,65.2519
17/8/2009,4.7913,64.3108
18/8/2009,4.9237,64.7346
19/8/2009,4.9418,65.2519
20/8/2009,4.9937,65.461
21/8/2009,5.0805,65.9838
24/8/2009,5.0757,65.6646
25/8/2009,5.0859,65.395
26/8/2009,5.0261,65.7472
27/8/2009,5.0874,65.7251
28/8/2009,5.1054,65.0593
31/8/2009,5.0501,64.9657
1/9/2009,4.9628,64.2173
2/9/2009,4.9592,63.8871
3/9/2009,5.0003,64.0191
4/9/2009,5.1132,64.641
8/9/2009,5.1919,64.4759
9/9/2009,5.1381,64.2558
10/9/2009,5.1808,64.7566
11/9/2009,5.1687,64.9657
14/9/2009,5.2156,65.4225
15/9/2009,5.2588,65.6811
16/9/2009,5.4603,67.0404
17/9/2009,5.5407,67.0734
18/9/2009,5.5548,67.2
21/9/2009,5.5248,66.9028
22/9/2009,5.5386,66.9249
23/9/2009,5.5692,66.4901
24/9/2009,5.5188,66.5561
25/9/2009,5.4752,66.6332
28/9/2009,5.5887,65.6701
29/9/2009,5.5656,65.3839
30/9/2009,5.5647,65.8242
1/10/2009,5.4299,64.8832
2/10/2009,5.5512,65.4995
5/10/2009,5.5849,65.9012
6/10/2009,5.7046,66.7818
7/10/2009,5.7118,67.5687
8/10/2009,5.6824,67.2991
9/10/2009,5.7184,69.3022
12/10/2009,5.7286,69.9131
13/10/2009,5.7049,69.9021
14/10/2009,5.7431,70.634
15/10/2009,5.7211,70.4304
16/10/2009,5.6458,66.9414
19/10/2009,5.7001,67.7228
20/10/2009,5.9673,67.5907
21/10/2009,6.1523,66.5176
22/10/2009,6.1607,67.5192
23/10/2009,6.1229,66.2369
26/10/2009,6.079,66.0994
27/10/2009,5.9256,66.3965
28/10/2009,5.7764,66.8643
29/10/2009,5.895,67.6183
30/10/2009,5.6593,66.3745
2/11/2009,5.6836,66.347
3/11/2009,5.6668,66.6772
4/11/2009,5.7286,66.7487
5/11/2009,5.8253,67.7448
6/11/2009,5.8346,68.2645
9/11/2009,6.0484,69.652
10/11/2009,6.094,70.155
11/11/2009,6.1021,70.3098
12/11/2009,6.0643,69.7957
13/11/2009,6.1382,70.2213
16/11/2009,6.2036,70.8736
17/11/2009,6.2147,71.1058
18/11/2009,6.1835,70.8405
19/11/2009,6.0199,70.5033
20/11/2009,6.0021,70.1827
23/11/2009,6.1811,70.8681
24/11/2009,6.1378,70.7189
25/11/2009,6.1303,70.3595
27/11/2009,6.0222,69.4861
30/11/2009,6.0018,69.8454
1/12/2009,5.9135,70.7244
2/12/2009,5.8914,70.3208
3/12/2009,5.8988,70.5088
4/12/2009,5.804,70.343
7/12/2009,5.6728,70.2269
8/12/2009,5.7004,70.0942
9/12/2009,5.9385,70.9731
10/12/2009,5.8974,71.4983
11/12/2009,5.8445,71.6862
14/12/2009,5.9139,71.8244
15/12/2009,5.8295,71.0284
16/12/2009,5.8554,71.15
17/12/2009,5.7601,70.4259
18/12/2009,5.8673,70.7078
21/12/2009,5.9514,71.1169
22/12/2009,6.0153,71.8244
23/12/2009,6.0676,71.8631
24/12/2009,6.2759,72.1782
28/12/2009,6.3531,73.1401
29/12/2009,6.2778,72.8858
30/12/2009,6.354,73.2838
31/12/2009,6.3267,72.3607
4/1/2010,6.4252,73.2175
5/1/2010,6.4363,72.333
6/1/2010,6.3339,71.8631
7/1/2010,6.3222,71.6144
8/1/2010,6.3642,72.333
11/1/2010,6.3081,71.5757
12/1/2010,6.2364,72.1451
13/1/2010,6.3243,71.9903
14/1/2010,6.2876,73.1401
15/1/2010,6.1825,72.8471
19/1/2010,6.4561,74.1517
20/1/2010,6.3567,72.0013
21/1/2010,6.2469,71.3104
22/1/2010,5.937,69.3756
25/1/2010,6.0967,69.7183
26/1/2010,6.1829,69.5138
27/1/2010,6.2411,69.8344
28/1/2010,5.9832,68.4082
29/1/2010,5.7662,67.6564
1/2/2010,5.8463,68.9168
2/2/2010,5.8803,69.3922
3/2/2010,5.9815,69.464
4/2/2010,5.7658,67.9936
5/2/2010,5.8682,68.281
8/2/2010,5.8281,67.6758
9/2/2010,5.8902,68.4143
10/2/2010,5.8581,68.1922
11/2/2010,5.9647,68.703
12/2/2010,6.0159,68.853
16/2/2010,6.1066,69.5359
17/2/2010,6.0811,70.1467
18/2/2010,6.0925,70.9685
19/2/2010,6.0547,70.6243
22/2/2010,6.0172,70.4355
23/2/2010,5.9163,70.2189
24/2/2010,6.0243,70.8464
25/2/2010,6.0646,70.5576
26/2/2010,6.1433,70.6076
1/3/2010,6.2744,71.3905
2/3/2010,6.2702,70.752
3/3/2010,6.2847,70.4521
4/3/2010,6.3261,70.3633
5/3/2010,6.5734,70.6576
8/3/2010,6.5774,70.1912
9/3/2010,6.6957,69.7136
10/3/2010,6.7503,69.7525
11/3/2010,6.7702,70.8519
12/3/2010,6.8032,71.0407
15/3/2010,6.7203,70.9796
16/3/2010,6.7386,71.4461
17/3/2010,6.7287,70.9408
18/3/2010,6.7446,71.285
19/3/2010,6.6726,70.913
22/3/2010,6.7476,71.0629
23/3/2010,6.856,71.8347
24/3/2010,6.8863,71.3683
25/3/2010,6.8046,71.7626
26/3/2010,6.9322,71.7737
29/3/2010,6.977,71.4016
30/3/2010,7.0809,71.5016
31/3/2010,7.0554,71.2128
1/4/2010,7.0845,71.2128
5/4/2010,7.1601,71.8236
6/4/2010,7.1917,71.5904
7/4/2010,7.2235,71.3406
8/4/2010,7.2039,70.8575
9/4/2010,7.2592,71.496
12/4/2010,7.2742,71.2739
13/4/2010,7.2784,71.646
14/4/2010,7.3763,72.8786
15/4/2010,7.4733,72.6788
16/4/2010,7.4276,72.5344
19/4/2010,7.4177,73.4228
20/4/2010,7.3433,72.0124
21/4/2010,7.7825,71.6237
22/4/2010,8.0002,71.7015
23/4/2010,8.1311,72.179
26/4/2010,8.0911,72.5899
27/4/2010,7.8672,71.5294
28/4/2010,7.854,72.2401
29/4/2010,8.0653,72.44
30/4/2010,7.8386,71.6293
3/5/2010,7.9966,71.9625
4/5/2010,7.7663,71.1407
5/5/2010,7.6855,70.7742
6/5/2010,7.3931,69.1612
7/5/2010,7.0812,68.1455
10/5/2010,7.6255,70.4728
11/5/2010,7.7014,70.8188
12/5/2010,7.8687,74.0503
13/5/2010,7.7566,73.3806
14/5/2010,7.6204,73.2187
17/5/2010,7.6324,72.8001
18/5/2010,7.5766,72.5267
19/5/2010,7.4559,71.9183
20/5/2010,7.1382,69.0943
21/5/2010,7.2751,69.9984
24/5/2010,7.4085,69.457
25/5/2010,7.3622,69.4961
26/5/2010,7.3288,68.7761
27/5/2010,7.6063,70.5398
28/5/2010,7.7123,69.9091
1/6/2010,7.8309,69.3956
2/6/2010,7.9245,71.1091
3/6/2010,7.8996,71.416
4/6/2010,7.6846,69.9203
7/6/2010,7.5339,69.2784
8/6/2010,7.4855,69.0496
9/6/2010,7.3015,69.1501
10/6/2010,7.521,71.2597
11/6/2010,7.611,71.6895
14/6/2010,7.6342,71.7174
15/6/2010,7.7966,72.4374
16/6/2010,8.0235,72.7499
17/6/2010,8.1622,73.1015
18/6/2010,8.2283,72.6383
21/6/2010,8.1112,72.9173
22/6/2010,8.2218,72.1639
23/6/2010,8.1353,72.616
24/6/2010,8.0761,71.5444
25/6/2010,8.0071,70.9472
28/6/2010,8.0551,71.9853
29/6/2010,7.6909,69.8142
30/6/2010,7.5516,68.9157
1/7/2010,7.4601,68.4078
2/7/2010,7.4138,68.0115
6/7/2010,7.4645,68.9045
7/7/2010,7.766,70.8802
8/7/2010,7.7486,71.4216
9/7/2010,7.7945,71.416
12/7/2010,7.7245,71.8123
13/7/2010,7.5598,72.8225
14/7/2010,7.5877,72.9564
15/7/2010,7.5493,72.9564
16/7/2010,7.5027,71.4551
19/7/2010,7.373,72.4374
20/7/2010,7.5625,70.6291
21/7/2010,7.633,69.9147
22/7/2010,7.7765,71.1425
23/7/2010,7.8041,71.6504
26/7/2010,7.7843,71.6672
27/7/2010,7.9284,71.79
28/7/2010,7.8347,71.6783
29/7/2010,7.7492,71.4495
30/7/2010,7.7234,71.6616
2/8/2010,7.8615,72.9787
3/8/2010,7.8638,72.7611
4/8/2010,7.8953,73.2634
5/8/2010,7.8569,73.5759
6/8/2010,7.8086,72.9926
9/8/2010,7.8584,74.0358
10/8/2010,7.7882,73.9461
11/8/2010,7.5114,72.8187
12/8/2010,7.5594,71.9606
13/8/2010,7.4786,71.7194
16/8/2010,7.4348,71.6633
17/8/2010,7.5648,72.0447
18/8/2010,7.5978,72.5719
19/8/2010,7.5021,72.2971
20/8/2010,7.4949,71.5119
23/8/2010,7.3796,70.9342
24/8/2010,7.2033,70.0536
25/8/2010,7.2922,70.2611
26/8/2010,7.2138,68.8645
27/8/2010,7.2541,69.9582
30/8/2010,7.2805,69.2123
31/8/2010,7.2985,69.0608
1/9/2010,7.5156,70.5416
2/9/2010,7.5709,70.1321
3/9/2010,7.769,71.5568
7/9/2010,7.7402,70.6425
8/9/2010,7.8936,70.7154
9/9/2010,7.8981,70.8725
10/9/2010,7.9083,71.7867
13/9/2010,8.0172,72.6953
14/9/2010,8.0479,72.2691
15/9/2010,8.1127,72.5944
16/9/2010,8.3034,72.729
17/9/2010,8.2673,73.0206
20/9/2010,8.5034,73.918
21/9/2010,8.5195,74.0246
22/9/2010,8.6391,74.3555
23/9/2010,8.6742,73.8507
24/9/2010,8.7763,75.2193
27/9/2010,8.7414,75.5221
28/9/2010,8.6123,75.6568
29/9/2010,8.6276,75.9877
30/9/2010,8.5189,75.2361
1/10/2010,8.482,76.0774
4/10/2010,8.3655,75.8587
5/10/2010,8.6748,77.2104
6/10/2010,8.6823,77.3114
7/10/2010,8.6832,77.8049
8/10/2010,8.8288,77.8778
11/10/2010,8.8675,78.3321
12/10/2010,8.963,78.4387
13/10/2010,9.011,78.7304
14/10/2010,9.0762,79.3642
15/10/2010,9.4493,79.1174
18/10/2010,9.5472,80.1101
19/10/2010,9.2917,77.4179
20/10/2010,9.323,78.0012
21/10/2010,9.2927,78.4275
22/10/2010,9.2311,78.3378
25/10/2010,9.2722,78.4331
26/10/2010,9.2485,78.8986
27/10/2010,9.2419,79.3249
28/10/2010,9.1641,79.0276
29/10/2010,9.0363,80.542
1/11/2010,9.1323,80.385
2/11/2010,9.2879,80.6766
3/11/2010,9.3911,80.8617
4/11/2010,9.5554,82.3312
5/11/2010,9.5211,82.4041
8/11/2010,9.5659,82.5112
9/11/2010,9.4896,82.3309
10/11/2010,9.5481,82.5619
11/11/2010,9.5067,81.9309
12/11/2010,9.2479,80.9788
15/11/2010,9.2182,80.9225
16/11/2010,9.0546,80.1337
17/11/2010,9.0218,79.9704
18/11/2010,9.26,81.3281
19/11/2010,9.2088,81.7168
22/11/2010,9.4079,81.9084
23/11/2010,9.2689,80.6633
24/11/2010,9.4512,82.145
26/11/2010,9.4572,81.0689
29/11/2010,9.5133,80.4999
30/11/2010,9.3416,79.6943
1/12/2010,9.4992,81.3563
2/12/2010,9.5517,81.79
3/12/2010,9.5304,81.9027
6/12/2010,9.6118,81.683
7/12/2010,9.5535,81.1365
8/12/2010,9.6376,81.6774
9/12/2010,9.6001,81.2943
10/12/2010,9.6241,81.5872
13/12/2010,9.6574,81.283
14/12/2010,9.616,82.1506
15/12/2010,9.6181,81.5309
16/12/2010,9.6448,81.4351
17/12/2010,9.6256,81.6886
20/12/2010,9.6736,81.4126
21/12/2010,9.7334,82.1055
22/12/2010,9.7622,82.2238
23/12/2010,9.7153,82.19
27/12/2010,9.7478,81.8802
28/12/2010,9.7715,82.0886
29/12/2010,9.7661,82.545
30/12/2010,9.7172,82.6295
31/12/2010,9.6841,82.6802
3/1/2011,9.8946,83.0858
4/1/2011,9.9463,83.1759
5/1/2011,10.0276,82.8436
6/1/2011,10.0195,83.7506
7/1/2011,10.0913,83.3393
10/1/2011,10.2813,83.1759
11/1/2011,10.2569,82.9731
12/1/2011,10.3404,83.9985
13/1/2011,10.3783,83.8407
14/1/2011,10.4623,84.5055
18/1/2011,10.2273,84.8717
19/1/2011,10.1729,87.7111
20/1/2011,9.9879,87.773
21/1/2011,9.8091,87.604
24/1/2011,10.1312,89.9308
25/1/2011,10.2498,90.9504
26/1/2011,10.3234,90.7251
27/1/2011,10.3041,90.742
28/1/2011,10.0907,89.6941
31/1/2011,10.1873,91.2659
1/2/2011,10.3588,92.1448
2/2/2011,10.3374,91.9983
3/2/2011,10.311,92.1279
4/2/2011,10.4029,92.3927
7/2/2011,10.5644,92.8546
8/2/2011,10.6641,93.918
9/2/2011,10.7529,93.1261
10/2/2011,10.6442,92.8094
11/2/2011,10.7136,92.6736
14/2/2011,10.7836,92.3173
15/2/2011,10.8052,92.1024
16/2/2011,10.9021,92.4191
17/2/2011,10.7571,92.8942
18/2/2011,10.5248,93.2336
22/2/2011,10.166,91.599
23/2/2011,10.2864,90.5979
24/2/2011,10.2942,90.9316
25/2/2011,10.4527,91.7856
28/2/2011,10.6043,91.5594
1/3/2011,10.4873,90.4791
2/3/2011,10.5716,90.5866
3/3/2011,10.795,92.4644
4/3/2011,10.8082,91.5311
7/3/2011,10.6689,90.4565
8/3/2011,10.6809,91.7856
9/3/2011,10.5821,93.8105
10/3/2011,10.408,91.6386
11/3/2011,10.5677,91.8705
14/3/2011,10.6148,91.2823
15/3/2011,10.3708,89.9418
16/3/2011,9.9078,86.5369
17/3/2011,10.0468,87.2043
18/3/2011,9.9276,88.1715
21/3/2011,10.1868,89.1839
22/3/2011,10.2438,89.3649
23/3/2011,10.1834,90.2302
24/3/2011,10.357,90.5187
25/3/2011,10.5542,91.7291
28/3/2011,10.5212,91.2709
29/3/2011,10.5368,92.125
30/3/2011,10.4669,92.5322
31/3/2011,10.4632,92.2325
1/4/2011,10.3446,92.9112
4/4/2011,10.2435,92.8999
5/4/2011,10.1744,92.7528
6/4/2011,10.1489,92.7811
7/4/2011,10.1501,92.9734
8/4/2011,10.0594,92.7868
11/4/2011,9.9315,92.7302
12/4/2011,9.9795,92.3343
13/4/2011,10.0915,92.7302
14/4/2011,9.9801,93.3071
15/4/2011,9.8313,94.0085
18/4/2011,9.9631,93.8557
19/4/2011,10.1435,93.5503
20/4/2011,10.2801,93.1827
21/4/2011,10.529,95.1792
25/4/2011,10.5983,94.8342
26/4/2011,10.5206,95.298
27/4/2011,10.5125,96.3613
28/4/2011,10.4104,96.5932
29/4/2011,10.5118,96.4801
2/5/2011,10.3962,97.3681
3/5/2011,10.4539,97.7753
4/5/2011,10.495,96.5027
5/5/2011,10.4104,95.2811
6/5/2011,10.4077,95.9514
9/5/2011,10.4359,96.0708
10/5/2011,10.4915,96.798
11/5/2011,10.4248,96.298
12/5/2011,10.405,97.8547
13/5/2011,10.2227,96.5366
16/5/2011,10.0066,95.9344
17/5/2011,10.0918,96.8661
18/5/2011,10.2038,96.8321
19/5/2011,10.2237,96.9173
20/5/2011,10.0642,96.673
23/5/2011,10.0396,95.5935
24/5/2011,9.9732,95.4401
25/5/2011,10.1111,95.3038
26/5/2011,10.0576,94.9799
27/5/2011,10.13,95.1618
31/5/2011,10.4428,95.9742
1/6/2011,10.3731,94.6277
2/6/2011,10.3909,94.3607
3/6/2011,10.311,93.7698
6/6/2011,10.1489,93.5994
7/6/2011,9.9688,92.9972
8/6/2011,9.9747,93.3665
9/6/2011,9.9522,93.6505
10/6/2011,9.7844,92.7074
13/6/2011,9.8054,92.7017
14/6/2011,9.9808,93.2415
15/6/2011,9.8099,92.2245
16/6/2011,9.7622,92.4177
17/6/2011,9.6151,93.4233
20/6/2011,9.4668,93.7528
21/6/2011,9.7664,94.4345
22/6/2011,9.6857,94.1277
23/6/2011,9.9444,94.3777
24/6/2011,9.798,93.7812
27/6/2011,9.9688,95.2299
28/6/2011,10.0655,96.5878
29/6/2011,10.0288,96.8889
30/6/2011,10.0777,97.4627
1/7/2011,10.3056,99.1614
5/7/2011,10.4908,99.667
6/7/2011,10.5608,100.9624
7/7/2011,10.7241,100.2636
8/7/2011,10.7995,100.2692
11/7/2011,10.6281,99.417
12/7/2011,10.6205,98.883
13/7/2011,10.7487,99.0364
14/7/2011,10.7412,98.9853
15/7/2011,10.9559,99.7295
18/7/2011,11.2225,99.5818
19/7/2011,11.3141,105.2233
20/7/2011,11.6158,104.337
21/7/2011,11.6275,105.0472
22/7/2011,11.8079,105.2063
25/7/2011,11.964,104.3655
26/7/2011,12.1115,103.928
27/7/2011,11.7867,103.0304
28/7/2011,11.7635,103.286
29/7/2011,11.7233,103.3144
1/8/2011,11.9115,102.6895
2/8/2011,11.6761,101.1555
3/8/2011,11.7861,101.5987
4/8/2011,11.3297,97.4229
5/8/2011,11.2171,98.2751
8/8/2011,10.6043,94.8458
9/8/2011,11.2288,97.3507
10/8/2011,10.919,92.746
11/8/2011,11.2195,95.1368
12/8/2011,11.3183,95.9756
15/8/2011,11.511,98.7088
16/8/2011,11.4231,97.7102
17/8/2011,11.4218,97.8471
18/8/2011,10.9898,93.482
19/8/2011,10.689,89.8929
22/8/2011,10.7013,90.7146
23/8/2011,11.2165,93.7616
24/8/2011,11.294,95.1539
25/8/2011,11.2201,94.4806
26/8/2011,11.5161,96.5119
29/8/2011,11.708,98.4976
30/8/2011,11.7086,98.4349
31/8/2011,11.5536,98.0925
1/9/2011,11.4396,97.191
2/9/2011,11.23,95.2794
6/9/2011,11.4008,94.2124
7/9/2011,11.5266,95.4677
8/9/2011,11.533,94.2923
9/9/2011,11.333,92.0783
12/9/2011,11.4069,92.6775
13/9/2011,11.5473,93.2538
14/9/2011,11.6879,95.4278
15/9/2011,11.7978,97.054
16/9/2011,12.0241,98.7088
19/9/2011,12.3583,98.7887
20/9/2011,12.4129,99.6959
21/9/2011,12.3736,98.7259
22/9/2011,12.0637,96.2152
23/9/2011,12.1382,96.6261
26/9/2011,12.1042,99.5761
27/9/2011,11.9869,101.402
28/9/2011,11.9193,101.3107
29/9/2011,11.726,102.2351
30/9/2011,11.4483,99.7815
3/10/2011,11.2465,98.8799
4/10/2011,11.1835,99.7073
5/10/2011,11.3561,100.9113
6/10/2011,11.3297,103.673
7/10/2011,11.1024,104.0724
10/10/2011,11.6732,106.4861
11/10/2011,12.0178,105.5617
12/10/2011,12.0748,106.2008
13/10/2011,12.2622,106.6002
14/10/2011,12.6696,108.7172
17/10/2011,12.6092,106.469
18/10/2011,12.6768,102.081
19/10/2011,11.9676,101.2194
20/10/2011,11.8683,101.1395
21/10/2011,11.7951,103.6388
24/10/2011,12.1823,103.9926
25/10/2011,11.9422,102.9141
26/10/2011,12.0271,103.8328
27/10/2011,12.1499,106.0638
28/10/2011,12.1577,106.9597
31/10/2011,12.1526,105.3506
1/11/2011,11.9043,103.479
2/11/2011,11.9313,104.9455
3/11/2011,12.1013,106.8741
4/11/2011,12.0163,106.3492
7/11/2011,12.001,106.8855
8/11/2011,12.1961,107.2751
9/11/2011,11.8674,104.4049
10/11/2011,11.5654,105.0408
11/11/2011,11.5473,107.3496
14/11/2011,11.3864,107.3324
15/11/2011,11.6738,108.1344
16/11/2011,11.5519,106.9142
17/11/2011,11.3309,106.4043
18/11/2011,11.2567,106.1236
21/11/2011,11.0787,103.9695
22/11/2011,11.3039,103.8721
23/11/2011,11.0181,101.9471
25/11/2011,10.9153,101.4373
28/11/2011,11.2922,104.3877
29/11/2011,11.2045,103.6601
30/11/2011,11.4747,107.7048
1/12/2011,11.6467,108.5355
2/12/2011,11.6999,108.6558
5/12/2011,11.7993,109.3318
6/12/2011,11.7374,110.5349
7/12/2011,11.6816,111.1708
8/12/2011,11.7287,109.7557
9/12/2011,11.8176,111.463
12/12/2011,11.7641,110.0995
13/12/2011,11.6732,109.5094
14/12/2011,11.4143,108.1172
15/12/2011,11.3768,107.4069
16/12/2011,11.4393,105.1668
19/12/2011,11.475,104.7772
20/12/2011,11.8875,107.2694
21/12/2011,11.9025,103.9637
22/12/2011,11.9655,104.2903
23/12/2011,12.109,105.8428
27/12/2011,12.2051,105.9574
28/12/2011,12.0884,105.4074
29/12/2011,12.1628,106.6621
30/12/2011,12.1592,105.3444
3/1/2012,12.3463,106.7308
4/1/2012,12.4126,106.2954
5/1/2012,12.5504,105.7913
6/1/2012,12.6816,104.5767
9/1/2012,12.6615,104.0325
10/1/2012,12.7068,103.8721
11/1/2012,12.6861,104.4507
12/1/2012,12.6513,103.4367
13/1/2012,12.6038,102.6403
17/1/2012,12.7507,103.1216
18/1/2012,12.8831,103.7346
19/1/2012,12.8422,103.4195
20/1/2012,12.6186,108.0027
23/1/2012,12.832,108.8391
24/1/2012,12.6218,109.9562
25/1/2012,13.4099,109.8417
26/1/2012,13.349,109.412
27/1/2012,13.4286,109.1141
30/1/2012,13.6006,110.2828
31/1/2012,13.7048,110.3401
1/2/2012,13.6961,110.3515
2/2/2012,13.664,109.7271
3/2/2012,13.8008,110.9359
6/2/2012,13.9297,110.4661
7/2/2012,14.0755,110.7698
8/2/2012,14.3113,110.9711
9/2/2012,14.8063,111.0746
10/2/2012,14.8138,110.6662
13/2/2012,15.0894,110.7813
14/2/2012,15.2954,110.5512
15/2/2012,14.9414,110.5685
16/2/2012,15.0778,111.0113
17/2/2012,15.0751,111.2414
21/2/2012,15.4572,111.2241
22/2/2012,15.4029,111.5002
23/2/2012,15.5034,113.6512
24/2/2012,15.6842,113.7374
27/2/2012,15.7847,113.6051
28/2/2012,16.0745,113.864
29/2/2012,16.2856,113.145
1/3/2012,16.3465,113.6051
2/3/2012,16.3678,114.3413
5/3/2012,16.0069,115.4053
6/3/2012,15.9199,113.4499
7/3/2012,15.9328,113.7432
8/3/2012,16.272,114.9164
9/3/2012,16.3675,115.3823
12/3/2012,16.5726,115.6008
13/3/2012,17.0559,117.1997
14/3/2012,17.7008,117.7403
15/3/2012,17.5802,118.4765
16/3/2012,17.5804,118.4822
19/3/2012,18.0467,118.3155
20/3/2012,18.1926,117.47
21/3/2012,18.0887,117.7231
22/3/2012,17.9938,118.1832
23/3/2012,17.8951,118.1774
26/3/2012,18.2232,119.4945
27/3/2012,18.4484,119.1551
28/3/2012,18.5427,119.2184
29/3/2012,18.3097,119.782
30/3/2012,18.0001,120.0006
2/4/2012,18.573,120.4722
3/4/2012,18.8939,120.4894
4/4/2012,18.7435,118.5052
5/4/2012,19.0248,118.1717
9/4/2012,19.1014,117.8669
10/4/2012,18.8675,116.3658
11/4/2012,18.8003,116.5096
12/4/2012,18.6973,118.0854
13/4/2012,18.1707,116.6361
16/4/2012,17.4171,116.5901
17/4/2012,18.3049,119.3104
18/4/2012,18.264,115.1005
19/4/2012,17.6366,114.7439
20/4/2012,17.2025,114.7957
23/4/2012,17.164,114.232
24/4/2012,16.8211,115.0257
25/4/2012,18.3139,117.0789
26/4/2012,18.2449,118.2349
27/4/2012,18.1037,118.9423
30/4/2012,17.5327,119.0976
1/5/2012,17.4772,119.6267
2/5/2012,17.5928,119.6613
3/5/2012,17.4679,119.1897
4/5/2012,16.9704,117.8956
7/5/2012,17.0974,117.1824
8/5/2012,17.0583,116.3623
9/5/2012,17.0884,116.218
10/5/2012,17.1286,115.8541
11/5/2012,17.0142,116.1833
14/5/2012,16.7593,115.1842
15/5/2012,16.6077,114.9531
16/5/2012,16.3949,115.3516
17/5/2012,15.9157,114.289
18/5/2012,15.9234,113.1281
21/5/2012,16.8512,114.2139
22/5/2012,16.7218,113.671
23/5/2012,17.1297,113.2667
24/5/2012,16.9725,113.2494
25/5/2012,16.8815,112.2156
29/5/2012,17.1811,113.4631
30/5/2012,17.3882,112.3484
31/5/2012,17.345,111.4071
1/6/2012,16.8425,109.2009
4/6/2012,16.9415,108.889
5/6/2012,16.8977,109.2702
6/6/2012,17.1568,112.0366
7/6/2012,17.1646,112.2965
8/6/2012,17.4228,112.7008
11/6/2012,17.1481,111.1818
12/6/2012,17.2979,112.36
13/6/2012,17.1778,111.5226
14/6/2012,17.1589,112.6777
15/6/2012,17.2369,114.9878
18/6/2012,17.5867,114.52
19/6/2012,17.6356,114.8896
20/6/2012,17.5855,114.803
21/6/2012,17.3433,111.6901
22/6/2012,17.4763,111.8691
25/6/2012,17.1361,111.384
26/6/2012,17.1739,110.8584
27/6/2012,17.2481,111.4648
28/6/2012,17.0844,110.5408
29/6/2012,17.5333,112.9549
2/7/2012,17.7891,113.0992
3/7/2012,17.9959,113.157
5/7/2012,18.3121,112.7874
6/7/2012,18.1902,110.5465
9/7/2012,18.4306,109.5416
10/7/2012,18.2601,107.5722
11/7/2012,18.1467,106.9889
12/7/2012,17.9806,105.7414
13/7/2012,18.1629,107.4278
16/7/2012,18.2211,106.7232
17/7/2012,18.222,106.0648
18/7/2012,18.2016,108.7215
19/7/2012,18.4436,112.8163
20/7/2012,18.1427,111.1472
23/7/2012,18.1287,110.2116
24/7/2012,18.0412,109.9286
25/7/2012,17.2621,110.3559
26/7/2012,17.2595,112.0135
27/7/2012,17.5681,113.4227
30/7/2012,17.8645,113.5902
31/7/2012,18.3367,113.1859
1/8/2012,18.2181,112.7238
2/8/2012,18.2475,112.3022
3/8/2012,18.485,114.6528
6/8/2012,18.6906,114.7914
7/8/2012,18.6415,115.4672
8/8/2012,18.6099,115.4382
9/8/2012,18.716,115.0844
10/8/2012,18.7453,115.589
13/8/2012,18.9955,115.4266
14/8/2012,19.0465,115.009
15/8/2012,19.0205,115.0728
16/8/2012,19.1867,116.488
17/8/2012,19.5416,116.7084
20/8/2012,20.0554,116.2908
21/8/2012,19.7813,115.2178
22/8/2012,20.1675,114.4058
23/8/2012,19.9794,113.5068
24/8/2012,19.9972,114.7074
27/8/2012,20.3728,113.501
28/8/2012,20.3463,113.0253
29/8/2012,20.3062,113.1471
30/8/2012,20.0167,112.1553
31/8/2012,20.0581,113.0137
4/9/2012,20.3515,112.8339
5/9/2012,20.2086,113.1239
6/9/2012,20.3907,115.4788
7/9/2012,20.5164,115.7108
10/9/2012,19.9827,116.5518
11/9/2012,19.9179,117.8974
12/9/2012,20.1953,118.1874
13/9/2012,20.5929,119.6896
14/9/2012,20.8433,119.9506
17/9/2012,21.0995,120.1478
18/9/2012,21.1637,120.1014
19/9/2012,21.1695,119.7302
20/9/2012,21.067,119.5852
21/9/2012,21.1089,119.4692
24/9/2012,20.8285,119.069
25/9/2012,20.3083,118.8892
26/9/2012,20.0563,118.3208
27/9/2012,20.543,119.4286
28/9/2012,20.1142,120.3218
1/10/2012,19.8817,122.0734
2/10/2012,19.9396,121.708
3/10/2012,20.2454,122.0966
4/10/2012,20.1051,122.027
5/10/2012,19.6767,122.143
8/10/2012,19.2419,121.6964
9/10/2012,19.1719,120.635
10/10/2012,19.3245,119.3764
11/10/2012,18.9382,119.3416
12/10/2012,18.9868,120.5248
15/10/2012,19.1391,121.1802
16/10/2012,19.5923,122.3808
17/10/2012,19.4361,116.3662
18/10/2012,19.0752,113.0776
19/10/2012,18.3877,112.1495
22/10/2012,19.117,112.7527
23/10/2012,18.4938,110.9257
24/10/2012,18.5984,110.6183
25/10/2012,18.3787,111.1287
26/10/2012,18.2116,112.0973
31/10/2012,17.9499,112.8281
1/11/2012,17.9867,114.3478
2/11/2012,17.3915,112.1901
5/11/2012,17.6273,112.6019
6/11/2012,17.5739,113.1413
7/11/2012,16.9015,111.3588
8/11/2012,16.2881,110.7413
9/11/2012,16.5701,110.4733
12/11/2012,16.442,110.2461
13/11/2012,16.4441,109.7043
14/11/2012,16.2618,108.0674
15/11/2012,15.9207,108.2655
16/11/2012,15.9831,108.9004
19/11/2012,17.1356,110.8869
20/11/2012,16.9896,110.217
21/11/2012,17.0135,110.8519
23/11/2012,17.3104,112.7161
26/11/2012,17.8565,112.3607
27/11/2012,17.7126,111.3995
28/11/2012,17.6569,111.8364
29/11/2012,17.8514,111.5743
30/11/2012,17.7278,110.7238
3/12/2012,17.7554,110.3801
4/12/2012,17.4422,110.3102
5/12/2012,16.3196,109.8966
6/12/2012,16.5756,110.5082
7/12/2012,16.1518,111.819
10/12/2012,16.0479,112.2093
11/12/2012,16.3984,113.1297
12/12/2012,16.326,112.4015
13/12/2012,16.044,111.8423
14/12/2012,15.4412,111.7083
17/12/2012,15.715,112.7918
18/12/2012,16.1715,113.9977
19/12/2012,15.9416,113.6423
20/12/2012,15.8029,113.4617
21/12/2012,15.7302,112.6753
24/12/2012,15.7556,112.0811
26/12/2012,15.5384,111.819
27/12/2012,15.6008,112.2617
28/12/2012,15.4351,110.584
31/12/2012,16.1191,111.586
2/1/2013,16.6298,114.3822
3/1/2013,16.4199,113.753
4/1/2013,15.9625,113.0074
7/1/2013,15.8686,112.5122
8/1/2013,15.9113,112.3549
9/1/2013,15.6627,112.0345
10/1/2013,15.8568,112.3607
11/1/2013,15.7595,113.2753
14/1/2013,15.1977,112.2093
15/1/2013,14.7182,112.1394
16/1/2013,15.3291,112.1918
17/1/2013,15.2259,112.8093
18/1/2013,15.1446,113.287
22/1/2013,15.2892,114.2249
23/1/2013,15.569,119.258
24/1/2013,13.6454,119.0833
25/1/2013,13.3237,119.4037
28/1/2013,13.6251,119.3804
29/1/2013,13.8807,118.7803
30/1/2013,13.8371,118.559
31/1/2013,13.7965,118.2968
1/2/2013,13.7399,119.526
4/2/2013,13.3976,118.7163
5/2/2013,13.8677,118.1337
6/2/2013,13.8528,117.5955
7/2/2013,14.2647,116.8467
8/2/2013,14.4707,117.9816
11/2/2013,14.6215,117.0924
12/2/2013,14.255,117.0222
13/2/2013,14.2279,117.0515
14/2/2013,14.2151,116.7941
15/2/2013,14.0192,117.5721
19/2/2013,14.014,117.186
20/2/2013,13.6747,116.5952
21/2/2013,13.5896,116.0219
22/2/2013,13.7344,117.6365
25/2/2013,13.4903,115.5422
26/2/2013,13.6782,116.4957
27/2/2013,13.5442,118.3619
28/2/2013,13.4477,117.4844
1/3/2013,13.1146,118.7012
4/3/2013,12.7972,120.035
5/3/2013,13.1351,120.8188
6/3/2013,12.9681,121.9011
7/3/2013,13.118,122.5095
8/3/2013,13.1528,123.0711
11/3/2013,13.3401,122.8956
12/3/2013,13.0525,123.1705
13/3/2013,13.0501,124.0539
14/3/2013,13.1765,126.2417
15/3/2013,13.5165,125.7269
18/3/2013,13.8839,124.7266
19/3/2013,13.8465,124.8612
20/3/2013,13.773,125.8088
21/3/2013,13.7928,124.1709
22/3/2013,14.0725,124.0656
25/3/2013,14.1234,123.2817
26/3/2013,14.0491,124.2294
27/3/2013,13.773,123.3694
28/3/2013,13.486,124.7793
1/4/2013,13.0671,124.2411
2/4/2013,13.0939,125.3994
3/4/2013,13.161,124.4049
4/4/2013,13.0309,123.6151
5/4/2013,12.8932,122.5036
8/4/2013,12.9849,122.451
9/4/2013,13.0083,122.3925
10/4/2013,13.2737,124.0188
11/4/2013,13.2323,124.557
12/4/2013,13.0942,123.6561
15/4/2013,12.7911,122.4159
16/4/2013,12.9858,124.0188
17/4/2013,12.2717,122.6557
18/4/2013,11.9442,121.1815
19/4/2013,11.8978,111.1489
22/4/2013,12.1458,109.8795
23/4/2013,12.3731,112.0907
24/4/2013,12.3527,112.1492
25/4/2013,12.4417,113.4596
26/4/2013,12.7104,113.6702
29/4/2013,13.104,116.5016
30/4/2013,13.4897,118.4847
1/5/2013,13.3833,116.7824
2/5/2013,13.5731,118.397
3/5/2013,13.709,119.6372
6/5/2013,14.0359,118.6251
7/5/2013,13.9735,119.1224
8/5/2013,14.1313,120.3801
9/5/2013,14.008,119.4515
10/5/2013,13.8915,120.1744
13/5/2013,13.9458,118.9989
14/5/2013,13.6121,119.4339
15/5/2013,13.1518,119.4985
16/5/2013,13.3275,120.3037
17/5/2013,13.287,122.5077
20/5/2013,13.5836,122.014
21/5/2013,13.4833,122.6311
22/5/2013,13.5351,121.6555
23/5/2013,13.5593,121.1677
24/5/2013,13.6516,120.9091
28/5/2013,13.5379,122.1198
29/5/2013,13.6456,122.2021
30/5/2013,13.8489,123.0484
31/5/2013,13.7921,122.2609
3/6/2013,13.8224,122.8075
4/6/2013,13.7792,121.1853
5/6/2013,13.6504,119.1576
6/6/2013,13.4465,119.7806
7/6/2013,13.5492,121.2794
10/6/2013,13.4596,120.4977
11/6/2013,13.4201,119.8864
12/6/2013,13.2542,118.2525
13/6/2013,13.3698,119.763
14/6/2013,13.1886,118.8402
17/6/2013,13.2484,119.3339
18/6/2013,13.2414,120.4095
19/6/2013,12.9723,118.6874
20/6/2013,12.7834,115.9897
21/6/2013,12.6811,114.8789
24/6/2013,12.3449,113.7505
25/6/2013,12.3476,114.5968
26/6/2013,12.2078,114.5263
27/6/2013,12.0763,114.9906
28/6/2013,12.1606,112.3223
1/7/2013,12.5498,112.4222
2/7/2013,12.8341,112.5515
3/7/2013,12.9049,113.58
5/7/2013,12.8013,114.5674
8/7/2013,12.7286,114.5968
9/7/2013,12.9524,112.4339
10/7/2013,12.9028,112.9923
11/7/2013,13.104,113.3155
12/7/2013,13.08,112.8865
15/7/2013,13.1085,114.0208
16/7/2013,13.1932,113.9327
17/7/2013,13.1965,114.3441
18/7/2013,13.241,116.3659
19/7/2013,13.0322,113.7505
22/7/2013,13.0739,114.0737
23/7/2013,12.8494,114.5968
24/7/2013,13.5094,115.5548
25/7/2013,13.4477,115.9133
26/7/2013,13.524,115.9897
29/7/2013,13.7326,115.3197
30/7/2013,13.9022,115.2022
31/7/2013,13.878,114.6321
1/8/2013,14.0053,115.0846
2/8/2013,14.185,114.7026
5/8/2013,14.3969,114.9024
6/8/2013,14.2681,112.2517
7/8/2013,14.2598,111.3775
8/8/2013,14.2314,111.0054
9/8/2013,14.0289,110.9404
12/8/2013,14.4274,111.6906
13/8/2013,15.113,111.2948
14/8/2013,15.3887,110.7691
15/8/2013,15.3705,109.7414
16/8/2013,15.507,109.4756
19/8/2013,15.674,108.8199
20/8/2013,15.4681,109.0148
21/8/2013,15.5078,109.192
22/8/2013,15.5264,109.387
23/8/2013,15.4665,109.5228
26/8/2013,15.5267,109.1212
27/8/2013,15.0828,107.9398
28/8/2013,15.1541,107.5972
29/8/2013,15.1788,107.8807
30/8/2013,15.0405,107.6622
3/9/2013,15.0825,108.6604
4/9/2013,15.3946,108.1702
5/9/2013,15.289,108.7727
6/9/2013,15.3801,108.1111
9/9/2013,15.6255,109.2629
10/9/2013,15.2695,110.2198
11/9/2013,14.4382,112.6416
12/9/2013,14.592,112.6593
13/9/2013,14.3515,113.5099
16/9/2013,13.8952,114.0887
17/9/2013,14.0557,113.504
18/9/2013,14.3447,114.8389
19/9/2013,14.58,114.2305
20/9/2013,14.429,112.2399
23/9/2013,15.1461,112.8129
24/9/2013,15.0986,112.2104
25/9/2013,14.8649,111.9151
26/9/2013,15.0096,112.3581
27/9/2013,14.9025,110.4088
30/9/2013,14.7173,109.3811
1/10/2013,15.0633,110.0899
2/10/2013,15.1127,109.2511
3/10/2013,14.9229,108.6014
4/10/2013,14.9112,108.7431
7/10/2013,15.0568,107.5086
8/10/2013,14.8466,105.5653
9/10/2013,15.021,107.1011
10/10/2013,15.1152,109.1389
11/10/2013,15.2131,109.9599
14/10/2013,15.3128,110.4384
15/10/2013,15.3943,109.0739
16/10/2013,15.4693,110.2966
17/10/2013,15.574,103.2676
18/10/2013,15.7094,102.6474
21/10/2013,16.0944,102.1039
22/10/2013,16.0484,103.3503
23/10/2013,16.2056,103.8228
24/10/2013,16.4201,105.0219
25/10/2013,16.2364,104.4607
28/10/2013,16.3574,104.7561
29/10/2013,15.95,107.5736
30/10/2013,16.2037,106.41
31/10/2013,16.1358,105.8547
1/11/2013,16.0533,105.8665
4/11/2013,16.2608,106.4808
5/11/2013,16.2207,105.0514
6/11/2013,16.1747,106.4113
7/11/2013,15.9129,106.8923
8/11/2013,16.1635,106.8864
11/11/2013,16.1166,108.6026
12/11/2013,16.1465,108.7154
13/11/2013,16.1657,109.0005
14/11/2013,16.3996,108.2047
15/11/2013,16.301,108.7867
18/11/2013,16.1036,109.5468
19/11/2013,16.1322,110.01
20/11/2013,15.9909,109.9744
21/11/2013,16.1815,109.3449
22/11/2013,16.1399,107.6643
25/11/2013,16.2623,106.2629
26/11/2013,16.5622,105.2949
27/11/2013,16.9522,106.2807
29/11/2013,17.2661,106.7023
2/12/2013,17.1159,105.3958
3/12/2013,17.5844,104.5645
4/12/2013,17.5434,104.3626
5/12/2013,17.6334,104.5645
6/12/2013,17.3888,105.5087
9/12/2013,17.5878,105.384
10/12/2013,17.5605,105.1821
11/12/2013,17.4304,104.0419
12/12/2013,17.4049,102.9551
13/12/2013,17.2152,102.6166
16/12/2013,17.3105,105.6156
17/12/2013,17.2326,104.3744
18/12/2013,17.1016,106.1203
19/12/2013,16.9056,107.023
20/12/2013,17.0473,106.9042
23/12/2013,17.7015,108.2166
24/12/2013,17.6263,108.8045
26/12/2013,17.5093,110.0694
27/12/2013,17.3909,109.9091
30/12/2013,17.218,110.6989
31/12/2013,17.4198,111.3878
2/1/2014,17.1748,110.1763
3/1/2014,16.7976,110.8355
6/1/2014,16.8892,110.4554
7/1/2014,16.7684,112.6586
8/1/2014,16.8746,111.6253
9/1/2014,16.6591,111.2749
10/1/2014,16.548,111.2037
13/1/2014,16.6346,109.3627
14/1/2014,16.9655,110.4079
15/1/2014,17.3062,111.4887
16/1/2014,17.2096,112.0944
17/1/2014,16.7879,112.8842
21/1/2014,17.0487,111.8985
22/1/2014,17.1245,108.2285
23/1/2014,17.2696,108.5135
24/1/2014,16.9556,106.6785
27/1/2014,17.0932,105.6453
28/1/2014,15.727,105.0217
29/1/2014,15.5484,104.7545
30/1/2014,15.5183,105.3246
31/1/2014,15.5438,104.9208
3/2/2014,15.5727,102.676
4/2/2014,15.7981,102.6404
5/2/2014,15.9161,103.4718
6/2/2014,16.0088,104.2958
7/2/2014,16.2328,105.8363
10/2/2014,16.5236,105.7706
11/2/2014,16.7413,107.2992
12/2/2014,16.7401,107.6216
13/2/2014,17.0059,108.577
14/2/2014,16.9921,109.6816
18/2/2014,17.0546,109.3831
19/2/2014,16.7854,109.2398
20/2/2014,16.591,110.022
21/2/2014,16.4068,109.1442
24/2/2014,16.4786,109.5383
25/2/2014,16.3071,109.407
26/2/2014,16.16,109.9026
27/2/2014,16.4824,110.6251
28/2/2014,16.4377,110.5653
3/3/2014,16.4852,110.022
4/3/2014,16.5939,111.3237
5/3/2014,16.6289,111.7416
6/3/2014,16.5786,112.0402
7/3/2014,16.5689,112.0641
10/3/2014,16.5839,111.2938
11/3/2014,16.7454,111.5147
12/3/2014,16.7616,111.1923
13/3/2014,16.5755,109.807
14/3/2014,16.3893,108.7979
17/3/2014,16.4533,110.9475
18/3/2014,16.5989,111.5446
19/3/2014,16.5945,110.2907
20/3/2014,16.5145,112.1954
21/3/2014,16.6448,111.461
24/3/2014,16.8422,112.4044
25/3/2014,17.0234,116.4587
26/3/2014,16.8607,115.0138
27/3/2014,16.7882,113.3478
28/3/2014,16.7695,113.718
31/3/2014,16.7657,114.9361
1/4/2014,16.919,116.1363
2/4/2014,16.9472,115.5691
3/4/2014,16.8297,115.0556
4/4/2014,16.612,114.5062
7/4/2014,16.3512,116.1483
8/4/2014,16.3503,115.4138
9/4/2014,16.5651,117.4141
10/4/2014,16.3515,116.8409
11/4/2014,16.2306,116.5483
14/4/2014,16.2952,118.0888
15/4/2014,16.1791,117.641
16/4/2014,16.2119,117.2708
17/4/2014,16.3971,113.4553
21/4/2014,16.5917,114.8048
22/4/2014,16.6083,114.7331
23/4/2014,16.3912,114.4823
24/4/2014,17.7349,113.5807
25/4/2014,17.8652,113.2284
28/4/2014,18.5571,115.3242
29/4/2014,18.5021,116.5005
30/4/2014,18.4321,117.3126
1/5/2014,18.4756,115.5571
2/5/2014,18.5099,114.3092
5/5/2014,18.7717,114.2017
6/5/2014,18.567,113.4673
7/5/2014,18.5021,113.6895
8/5/2014,18.4691,113.4553
9/5/2014,18.3921,114.1579
12/5/2014,18.6211,115.6534
13/5/2014,18.6503,115.4252
14/5/2014,18.6538,113.3411
15/5/2014,18.4952,111.9838
16/5/2014,18.7681,112.3442
19/5/2014,18.9905,112.3081
20/5/2014,18.9943,111.0409
21/5/2014,19.0445,111.9418
22/5/2014,19.0747,111.5154
23/5/2014,19.2902,111.6715
27/5/2014,19.6514,110.9749
28/5/2014,19.6006,109.9539
29/5/2014,19.9576,110.3623
30/5/2014,19.8829,110.7226
2/6/2014,19.7463,111.5214
3/6/2014,20.0255,110.7286
4/6/2014,20.2542,110.8127
5/6/2014,20.3336,111.6956
6/6/2014,20.2778,111.9298
9/6/2014,20.6022,111.8397
10/6/2014,20.7231,110.6806
11/6/2014,20.6374,109.4554
12/6/2014,20.2922,108.8368
13/6/2014,20.0701,109.6416
16/6/2014,20.2724,109.5155
17/6/2014,20.246,109.4614
18/6/2014,20.268,110.2662
19/6/2014,20.1976,109.7977
20/6/2014,19.9888,109.035
23/6/2014,19.9712,109.3893
24/6/2014,19.8502,108.6326
25/6/2014,19.8678,108.5365
26/6/2014,19.9866,108.3263
27/6/2014,20.224,109.1311
30/6/2014,20.4329,108.8668
1/7/2014,20.5626,111.9178
2/7/2014,20.5538,113.143
3/7/2014,20.6748,113.227
7/7/2014,21.1013,112.9327
8/7/2014,20.965,112.4403
9/7/2014,20.9738,113.161
10/7/2014,20.8968,112.7286
11/7/2014,20.9364,112.9087
14/7/2014,21.2069,114.0258
15/7/2014,20.9584,113.203
16/7/2014,20.8397,115.5273
17/7/2014,20.4681,115.6053
18/7/2014,20.7627,115.6113
21/7/2014,20.655,114.6204
22/7/2014,20.8265,116.5662
23/7/2014,21.3696,116.29
24/7/2014,21.3344,117.2569
25/7/2014,21.4751,116.7524
28/7/2014,21.7719,117.5812
29/7/2014,21.6312,116.8545
30/7/2014,21.5807,116.5122
31/7/2014,21.02,115.1129
1/8/2014,21.1365,113.5994
4/8/2014,21.0178,113.8937
5/8/2014,20.9144,112.3682
6/8/2014,20.8793,112.3501
7/8/2014,20.877,111.3412
8/8/2014,20.9345,112.7488
11/8/2014,21.2107,113.2563
12/8/2014,21.2063,113.1777
13/8/2014,21.4869,113.5463
14/8/2014,21.5444,113.504
15/8/2014,21.6504,113.2019
18/8/2014,21.9112,114.3981
19/8/2014,22.2139,114.827
20/8/2014,22.2227,114.8452
21/8/2014,22.2249,115.5278
22/8/2014,22.3885,115.0324
25/8/2014,22.4371,115.4855
26/8/2014,22.2934,116.5911
27/8/2014,22.5674,116.144
28/8/2014,22.594,115.993
29/8/2014,22.6492,116.1742
2/9/2014,22.826,115.7272
3/9/2014,21.8626,115.9628
4/9/2014,21.6814,115.1955
5/9/2014,21.8692,115.5097
8/9/2014,21.7344,114.8693
9/9/2014,21.6526,114.7787
10/9/2014,22.3178,115.7151
11/9/2014,22.4128,115.8238
12/9/2014,22.4636,115.558
15/9/2014,22.457,115.8782
16/9/2014,22.2868,116.573
17/9/2014,22.4459,116.4763
18/9/2014,22.4923,117.0502
19/9/2014,22.3089,117.2013
22/9/2014,22.331,116.6636
23/9/2014,22.6801,115.7634
24/9/2014,22.4835,116.1803
25/9/2014,21.6261,114.1866
26/9/2014,22.2625,114.821
29/9/2014,22.1211,114.5672
30/9/2014,22.2625,114.682
1/10/2014,21.9156,113.075
2/10/2014,22.0747,112.918
3/10/2014,22.0128,113.9812
6/10/2014,22.0128,114.2048
7/10/2014,21.8206,112.193
8/10/2014,22.2736,114.3981
9/10/2014,22.3222,112.6219
10/10/2014,22.2581,112.3259
13/10/2014,22.0548,110.87
14/10/2014,21.8206,111.0391
15/10/2014,21.5532,109.8007
16/10/2014,21.2704,108.6468
17/10/2014,21.5819,109.9819
20/10/2014,22.0438,102.1584
21/10/2014,22.6426,98.6122
22/10/2014,22.7575,97.7422
23/10/2014,23.1641,97.9778
24/10/2014,23.2502,97.9174
27/10/2014,23.2259,97.7905
28/10/2014,23.5861,98.8357
29/10/2014,23.7187,98.7511
30/10/2014,23.6391,99.2888
31/10/2014,23.8645,99.319
3/11/2014,24.1739,99.2948
4/11/2014,23.9971,98.2618
5/11/2014,24.0546,97.7603
6/11/2014,24.1234,98.2105
7/11/2014,24.1922,98.5815
10/11/2014,24.1522,99.4452
11/11/2014,24.3453,99.3297
12/11/2014,24.6893,98.4903
13/11/2014,25.0377,99.0194
14/11/2014,25.3395,99.8528
17/11/2014,25.2973,99.8528
18/11/2014,25.6258,98.472
19/11/2014,25.4483,98.1922
20/11/2014,25.8122,97.7117
21/11/2014,25.8477,97.882
24/11/2014,26.3271,98.6302
25/11/2014,26.0985,98.3929
26/11/2014,26.4092,98.5085
28/11/2014,26.3937,98.6423
1/12/2014,25.537,98.2591
2/12/2014,25.4394,98.9465
3/12/2014,25.7279,100.0717
4/12/2014,25.6302,99.7859
5/12/2014,25.5215,99.3114
8/12/2014,24.9445,98.4538
9/12/2014,25.3262,99.1411
10/12/2014,24.8446,97.6326
11/12/2014,24.7714,97.9732
12/12/2014,24.3519,94.5122
15/12/2014,24.0168,93.101
16/12/2014,23.6906,92.0974
17/12/2014,24.2809,92.4137
18/12/2014,25,95.9112
19/12/2014,24.8069,96.4161
22/12/2014,25.0643,98.1983
23/12/2014,24.9756,98.6849
24/12/2014,24.8579,98.4294
26/12/2014,25.2973,98.7457
29/12/2014,25.2796,97.6326
30/12/2014,24.9711,97.3528
31/12/2014,24.4962,97.59
2/1/2015,24.2632,98.5754
5/1/2015,23.5796,97.0243
6/1/2015,23.5819,94.9319
7/1/2015,23.9125,94.3115
8/1/2015,24.8313,96.3613
9/1/2015,24.8579,96.781
12/1/2015,24.2454,95.157
13/1/2015,24.4607,95.382
14/1/2015,24.3675,94.7677
15/1/2015,23.7061,94.0195
16/1/2015,23.5219,95.5828
20/1/2015,24.1278,95.4672
21/1/2015,24.312,92.511
22/1/2015,24.9445,94.5183
23/1/2015,25.0732,94.8103
26/1/2015,25.0998,95.1083
27/1/2015,24.221,93.4721
28/1/2015,25.5903,92.1826
29/1/2015,26.387,94.573
30/1/2015,26.0009,93.2531
2/2/2015,26.3271,94.0743
3/2/2015,26.3315,96.3917
4/2/2015,26.5335,95.4733
5/2/2015,26.7229,96.0511
6/2/2015,26.4978,95.996
9/2/2015,26.6738,95.4018
10/2/2015,27.1863,97.123
11/2/2015,27.8235,96.9025
12/2/2015,28.1755,97.0985
13/2/2015,28.3137,98.2501
17/2/2015,28.4808,98.5931
18/2/2015,28.6768,99.3465
19/2/2015,28.6189,100.3878
20/2/2015,28.8506,100.2408
23/2/2015,29.6327,99.7876
24/2/2015,29.4477,100.9636
25/2/2015,28.6947,99.7263
26/2/2015,29.0556,98.538
27/2/2015,28.6211,99.1934
2/3/2015,28.7615,98.2991
3/3/2015,28.8217,98.636
4/3/2015,28.639,97.6498
5/3/2015,28.1644,98.7279
6/3/2015,28.2067,97.0863
9/3/2015,28.327,98.4767
10/3/2015,27.7411,96.6636
11/3/2015,27.2353,96.045
12/3/2015,27.7277,96.7678
13/3/2015,27.5361,94.5014
16/3/2015,27.8391,96.2165
17/3/2015,28.3048,96.143
18/3/2015,28.6234,97.8887
19/3/2015,28.4072,97.8887
20/3/2015,28.0508,99.7692
23/3/2015,28.3426,100.8411
24/3/2015,28.2268,99.8427
25/3/2015,27.4893,97.5151
26/3/2015,27.6809,98.3665
27/3/2015,27.4603,98.2501
30/3/2015,28.1555,99.6405
31/3/2015,27.7232,98.3114
1/4/2015,27.6831,97.5028
2/4/2015,27.9215,98.2807
6/4/2015,28.3738,99.2546
7/4/2015,28.0753,99.273
8/4/2015,27.9839,99.1383
9/4/2015,28.1978,99.4384
10/4/2015,28.3181,99.7569
13/4/2015,28.2624,99.4629
14/4/2015,28.1399,99.4139
15/4/2015,28.2468,100.5348
16/4/2015,28.1109,99.9223
17/4/2015,27.7945,98.4155
20/4/2015,28.4295,101.7783
21/4/2015,28.2758,100.6145
22/4/2015,28.6568,101.2883
23/4/2015,28.8907,104.2774
24/4/2015,29.0266,103.9956
27/4/2015,29.5547,104.5775
28/4/2015,29.089,106.5315
29/4/2015,28.6612,106.8255
30/4/2015,27.8837,104.9206
1/5/2015,28.7303,106.3784
4/5/2015,28.6746,106.5622
5/5/2015,28.0285,106.017
6/5/2015,27.8525,104.9493
7/5/2015,28.0247,105.5295
8/5/2015,28.5527,106.5725
11/5/2015,28.2619,105.6097
12/5/2015,28.159,105.2579
13/5/2015,28.1925,106.3256
14/5/2015,28.8503,107.418
15/5/2015,28.81,106.9304
18/5/2015,29.1277,106.807
19/5/2015,29.1009,107.0662
20/5/2015,29.0987,107.239
21/5/2015,29.3962,106.9798
22/5/2015,29.6535,106.2886
26/5/2015,29.0002,104.9987
27/5/2015,29.5416,106.1528
28/5/2015,29.4835,105.9738
29/5/2015,29.1479,104.7024
1/6/2015,29.206,105.0295
2/6/2015,29.0763,104.7024
3/6/2015,29.1121,104.8691
4/6/2015,28.942,103.9186
5/6/2015,28.7832,103.3138
8/6/2015,28.593,102.0425
9/6/2015,28.508,102.2523
10/6/2015,28.8347,104.2519
11/6/2015,28.7698,104.1655
12/6/2015,28.4521,103.0608
15/6/2015,28.3961,102.6102
16/6/2015,28.5483,102.9682
17/6/2015,28.4812,103.1719
18/6/2015,28.6109,103.8384
19/6/2015,28.3245,103.0608
22/6/2015,28.5505,103.5175
23/6/2015,28.4207,104.0668
24/6/2015,28.6624,103.0484
25/6/2015,28.5259,102.4992
26/6/2015,28.3581,102.1165
29/6/2015,27.8614,100.5798
30/6/2015,28.0628,100.3884
1/7/2015,28.3245,101.5179
2/7/2015,28.2887,101.8882
6/7/2015,28.1903,101.666
7/7/2015,28.1209,101.8326
8/7/2015,27.4229,100.697
9/7/2015,26.8636,101.1229
10/7/2015,27.5817,103.0361
13/7/2015,28.1142,104.5358
14/7/2015,28.103,104.0606
15/7/2015,28.3738,104.0112
16/7/2015,28.7519,105.5356
17/7/2015,29.0002,106.4675
20/7/2015,29.5484,106.9057
21/7/2015,29.253,100.6415
22/7/2015,28.0158,98.9628
23/7/2015,28.0024,99.8145
24/7/2015,27.8547,98.5925
27/7/2015,27.4676,98.1728
28/7/2015,27.6041,98.7776
29/7/2015,27.5169,99.4195
30/7/2015,27.3782,99.3393
31/7/2015,27.1388,99.9749
3/8/2015,26.4989,97.9506
4/8/2015,25.6487,97.2656
5/8/2015,25.8187,97.4507
6/8/2015,25.8749,97.2765
7/8/2015,25.9626,96.5297
10/8/2015,26.9065,97.5441
11/8/2015,25.5063,96.7724
12/8/2015,25.8996,97.1769
13/8/2015,25.8794,96.4986
14/8/2015,26.0615,96.9218
17/8/2015,26.3312,97.2703
18/8/2015,26.1828,97.0836
19/8/2015,25.848,95.7954
20/8/2015,25.3176,94.9989
21/8/2015,23.7691,92.628
24/8/2015,23.1757,89.28
25/8/2015,23.3151,87.7181
26/8/2015,24.6523,91.29
27/8/2015,25.3782,92.4351
28/8/2015,25.4614,92.0866
31/8/2015,25.3423,92.0306
1/9/2015,24.2096,88.7884
2/9/2015,25.2479,90.2633
3/9/2015,24.8051,91.3398
4/9/2015,24.5579,89.4232
8/9/2015,25.2411,91.6199
9/9/2015,24.7557,90.2633
10/9/2015,25.2996,90.9789
11/9/2015,25.6682,91.707
14/9/2015,25.9154,90.6366
15/9/2015,26.1334,91.8065
16/9/2015,26.1626,92.3542
17/9/2015,25.603,92.1861
18/9/2015,25.4973,89.9272
21/9/2015,25.8929,91.1531
22/9/2015,25.4861,89.8774
23/9/2015,25.6929,89.3983
24/9/2015,25.8457,89.865
25/9/2015,25.7805,90.4935
28/9/2015,25.2704,88.6889
29/9/2015,24.5107,88.6578
30/9/2015,24.7894,90.2135
1/10/2015,24.6276,89.3547
2/10/2015,24.8074,89.9708
5/10/2015,24.8973,92.7462
6/10/2015,25.0164,92.5844
7/10/2015,24.8973,93.3996
8/10/2015,24.6096,94.7624
9/10/2015,25.1984,94.8309
12/10/2015,25.0816,94.053
13/10/2015,25.1243,93.1071
14/10/2015,24.7692,93.3498
15/10/2015,25.14,93.3996
16/10/2015,24.9557,93.5863
19/10/2015,25.1108,92.8582
20/10/2015,25.5693,87.519
21/10/2015,25.567,87.6932
22/10/2015,25.9581,89.6659
23/10/2015,26.7627,90.033
26/10/2015,25.9086,89.3983
27/10/2015,25.7446,85.789
28/10/2015,26.8054,87.6372
29/10/2015,27.0885,87.463
30/10/2015,26.8571,87.1705
2/11/2015,27.2346,87.3509
3/11/2015,27.547,88.2906
4/11/2015,27.4189,88.135
5/11/2015,27.2925,87.0522
6/11/2015,27.3241,86.8387
9/11/2015,27.2135,84.992
10/11/2015,26.3558,85.0925
11/11/2015,26.2069,84.8098
12/11/2015,26.1188,83.5661
13/11/2015,25.356,82.7558
16/11/2015,25.7713,83.987
17/11/2015,25.6607,84.0561
18/11/2015,26.4732,85.3123
19/11/2015,26.8095,85.8902
20/11/2015,26.9269,86.9957
23/11/2015,26.577,86.9706
24/11/2015,26.8321,87.0585
25/11/2015,26.6402,86.6817
27/11/2015,26.5906,86.9706
30/11/2015,26.7012,87.5736
1/12/2015,26.4845,88.7419
2/12/2015,26.2452,87.7495
3/12/2015,26.0015,87.2595
4/12/2015,26.8659,88.208
7/12/2015,26.6967,87.6552
8/12/2015,26.6854,86.7131
9/12/2015,26.0963,85.8086
10/12/2015,26.2204,85.9153
11/12/2015,25.5456,84.5272
14/12/2015,25.3876,85.3814
15/12/2015,24.9384,86.5497
16/12/2015,25.1302,87.4919
17/12/2015,24.5976,85.8965
18/12/2015,23.9317,84.7344
21/12/2015,24.2252,85.1113
22/12/2015,24.2026,86.6377
23/12/2015,24.5141,87.0208
24/12/2015,24.3832,86.8387
28/12/2015,24.1101,86.4367
29/12/2015,24.5434,87.7997
30/12/2015,24.2229,87.5233
31/12/2015,23.7579,86.443
4/1/2016,23.7783,85.394
5/1/2016,23.1824,85.3312
6/1/2016,22.7287,84.904
7/1/2016,21.7695,83.4531
8/1/2016,21.8846,82.6805
11/1/2016,22.2389,83.6855
12/1/2016,22.5617,83.4782
13/1/2016,21.9816,82.3915
14/1/2016,22.4624,83.4845
15/1/2016,21.9229,81.6755
19/1/2016,21.8169,80.4695
20/1/2016,21.8462,76.5437
21/1/2016,21.7356,77.2032
22/1/2016,22.8912,76.9457
25/1/2016,22.4443,76.6819
26/1/2016,22.5685,77.0022
27/1/2016,21.0856,75.9784
28/1/2016,21.2368,76.7698
29/1/2016,21.9703,78.3841
1/2/2016,21.765,78.4092
2/2/2016,21.3248,77.222
3/2/2016,21.7469,78.3401
4/2/2016,21.9216,80.1805
5/2/2016,21.3361,80.7584
8/2/2016,21.5608,80.5744
9/2/2016,21.5563,78.7279
10/2/2016,21.3929,76.2658
11/2/2016,21.2635,74.781
12/2/2016,21.3293,76.8052
16/2/2016,21.9307,77.8839
17/2/2016,22.2666,80.016
18/2/2016,21.8445,84.0453
19/2/2016,21.7946,84.4451
22/2/2016,21.9852,84.8829
23/2/2016,21.4882,84.0136
24/2/2016,21.8082,84.2674
25/2/2016,21.9579,85.3462
26/2/2016,21.992,83.7788
29/2/2016,21.9421,83.1443
1/3/2016,22.8135,85.2637
2/3/2016,22.8634,86.4883
3/3/2016,23.0336,87.4402
4/3/2016,23.3763,87.4402
7/3/2016,23.1176,88.9313
8/3/2016,22.9269,88.246
9/3/2016,22.9474,89.0963
10/3/2016,22.9587,88.9567
11/3/2016,23.2061,90.3337
14/3/2016,23.2651,90.6002
15/3/2016,23.7326,90.7144
16/3/2016,24.048,91.8756
17/3/2016,24.0094,93.3033
18/3/2016,24.0366,93.3351
21/3/2016,24.0344,94.3123
22/3/2016,24.2182,93.976
23/3/2016,24.0843,92.2627
24/3/2016,23.9799,93.8808
28/3/2016,23.871,94.1663
29/3/2016,24.436,94.7564
30/3/2016,24.8627,94.1727
31/3/2016,24.7333,96.1017
1/4/2016,24.9603,96.7806
4/4/2016,25.2167,96.4951
5/4/2016,24.9194,95.1816
6/4/2016,25.1804,95.1943
7/4/2016,24.6312,94.0711
8/4/2016,24.6584,94.7691
11/4/2016,24.7401,94.7057
12/4/2016,25.0624,94.9468
13/4/2016,25.4255,95.9621
14/4/2016,25.4391,95.9177
15/4/2016,24.9285,96.273
18/4/2016,24.3907,96.787
19/4/2016,24.2613,91.3743
20/4/2016,24.3112,92.7132
21/4/2016,24.048,94.7374
22/4/2016,23.9822,94.2298
25/4/2016,23.846,94.4265
26/4/2016,23.6804,94.5978
27/4/2016,22.1985,95.4798
28/4/2016,21.52,93.3224
29/4/2016,21.2726,92.6053
2/5/2016,21.2499,92.1802
3/5/2016,21.5994,91.4568
4/5/2016,21.3747,91.533
5/5/2016,21.288,92.9416
6/5/2016,21.1692,94.3639
9/5/2016,21.1852,94.396
10/5/2016,21.3291,96.0809
11/5/2016,21.1213,95.4274
12/5/2016,20.6259,95.357
13/5/2016,20.667,94.6394
16/5/2016,21.4341,95.7542
17/5/2016,21.345,94.8188
18/5/2016,21.5893,94.396
19/5/2016,21.5071,92.8519
20/5/2016,21.74,94.3383
23/5/2016,22.0163,94.0308
24/5/2016,22.3519,95.0174
25/5/2016,22.7446,97.1829
26/5/2016,22.925,97.6634
27/5/2016,22.9113,97.9196
31/5/2016,22.7994,98.4962
1/6/2016,22.4798,97.7082
2/6/2016,22.3108,98.3425
3/6/2016,22.3565,97.9517
6/6/2016,22.5186,97.8492
7/6/2016,22.6099,98.2336
8/6/2016,22.5894,98.6628
9/6/2016,22.7515,98.2912
10/6/2016,22.5642,97.6185
13/6/2016,22.2241,96.9202
14/6/2016,22.2515,96.7792
15/6/2016,22.1784,96.5358
16/6/2016,22.272,96.7792
17/6/2016,21.7651,97.3751
20/6/2016,21.7126,98.4129
21/6/2016,21.8976,98.6948
22/6/2016,21.8154,97.9709
23/6/2016,21.9409,99.5277
24/6/2016,21.3245,93.9155
27/6/2016,21.014,91.9358
28/6/2016,21.3679,93.3453
29/6/2016,21.5528,95.1135
30/6/2016,21.8268,97.2405
1/7/2016,21.893,97.6057
5/7/2016,21.6875,97.1765
6/7/2016,21.8108,97.6185
7/7/2016,21.9044,97.7659
8/7/2016,22.0734,98.9575
11/7/2016,22.1419,99.5149
12/7/2016,22.2423,100.6104
13/7/2016,22.1167,101.2383
14/7/2016,22.5551,102.6862
15/7/2016,22.5528,102.3659
18/7/2016,22.7926,102.4171
19/7/2016,22.8017,102.2377
20/7/2016,22.8222,103.3781
21/7/2016,22.7012,102.7951
22/7/2016,22.5254,103.833
25/7/2016,22.2241,104.2046
26/7/2016,22.0711,103.865
27/7/2016,23.5049,103.6792
28/7/2016,23.8222,103.3845
29/7/2016,23.7926,102.904
1/8/2016,24.2127,103.4358
2/8/2016,23.8542,102.8784
3/8/2016,24.1533,102.9361
4/8/2016,24.3025,103.4999
5/8/2016,24.6721,104.7491
8/8/2016,24.8764,104.7104
9/8/2016,24.9774,104.5359
10/8/2016,24.7915,104.7362
11/8/2016,24.7754,105.6732
12/8/2016,24.8328,104.6522
15/8/2016,25.1312,104.607
16/8/2016,25.1082,103.8445
17/8/2016,25.0715,103.6765
18/8/2016,25.0394,104.271
19/8/2016,25.1036,103.418
22/8/2016,24.9085,103.3921
23/8/2016,24.9866,103.5601
24/8/2016,24.7983,102.7782
25/8/2016,24.6927,102.5068
26/8/2016,24.5481,102.3065
29/8/2016,24.5206,103.2112
30/8/2016,24.3324,103.0044
31/8/2016,24.3553,102.6684
1/9/2016,24.4999,103.0949
2/9/2016,24.7295,103.1013
6/9/2016,24.7226,103.6183
7/9/2016,24.8741,104.4519
8/9/2016,24.2222,102.7459
9/9/2016,23.6735,100.607
12/9/2016,24.2038,102.2871
13/9/2016,24.78,100.6845
14/9/2016,25.6569,99.5472
15/9/2016,26.5292,100.5876
16/9/2016,26.3799,99.4115
19/9/2016,26.0723,100.0771
20/9/2016,26.0701,99.8057
21/9/2016,26.0655,100.5036
22/9/2016,26.3111,100.8784
23/9/2016,25.8726,100.1482
26/9/2016,25.9117,99.502
27/9/2016,25.9599,101.3049
28/9/2016,26.1573,102.2871
29/9/2016,25.751,102.1708
30/9/2016,25.9507,102.649
3/10/2016,25.829,101.8477
4/10/2016,25.9392,101.1046
5/10/2016,25.9507,101.5052
6/10/2016,26.1435,101.376
7/10/2016,26.1825,100.5941
10/10/2016,26.6393,101.4664
11/10/2016,26.6967,100.0254
12/10/2016,26.9355,99.7023
13/10/2016,26.8528,99.334
14/10/2016,27.002,99.8057
17/10/2016,26.9837,100.0125
18/10/2016,26.9653,97.3954
19/10/2016,26.885,97.7443
20/10/2016,26.8712,97.9123
21/10/2016,26.7656,96.691
24/10/2016,27.0066,97.2985
25/10/2016,27.1443,97.4988
26/10/2016,26.5337,98.0997
27/10/2016,26.2789,99.0949
28/10/2016,26.1045,98.6167
31/10/2016,26.0632,99.3146
1/11/2016,25.5926,98.733
2/11/2016,25.6155,98.1902
3/11/2016,25.341,98.4616
4/11/2016,25.1126,98.5004
7/11/2016,25.4748,100.6264
8/11/2016,25.6248,101.1806
9/11/2016,25.5832,100.9459
10/11/2016,24.8703,104.4736
11/11/2016,25.018,105.1582
14/11/2016,24.3904,103.1629
15/11/2016,24.7134,103.4629
16/11/2016,25.3779,103.8671
17/11/2016,25.3687,104.1997
18/11/2016,25.394,104.5844
21/11/2016,25.7794,106.1363
22/11/2016,25.7955,106.0711
23/11/2016,25.664,105.6212
25/11/2016,25.7932,106.3776
28/11/2016,25.7424,107.2774
29/11/2016,25.7171,106.6319
30/11/2016,25.5002,105.7777
1/12/2016,25.2625,104.2127
2/12/2016,25.3571,104.3432
5/12/2016,25.1748,104.2258
6/12/2016,25.3687,104.5583
7/12/2016,25.6179,107.4535
8/12/2016,25.8693,107.8252
9/12/2016,26.2916,108.5816
12/12/2016,26.1416,107.9165
13/12/2016,26.5777,109.7357
14/12/2016,26.5777,109.8792
15/12/2016,26.723,109.5597
16/12/2016,26.7577,108.7185
19/12/2016,26.9122,108.6859
20/12/2016,26.9838,109.2858
21/12/2016,27.0091,109.1097
22/12/2016,26.8315,108.9337
23/12/2016,26.8846,108.7055
27/12/2016,27.0553,108.9858
28/12/2016,26.9399,108.3664
29/12/2016,26.933,108.6337
30/12/2016,26.723,108.236
3/1/2017,26.7992,109.0185
4/1/2017,26.7692,110.3682
5/1/2017,26.9053,110.0031
6/1/2017,27.2053,110.5443
9/1/2017,27.4545,109.3184
10/1/2017,27.4821,107.9295
11/1/2017,27.6298,109.3836
12/1/2017,27.5144,109.514
13/1/2017,27.466,109.1163
17/1/2017,27.6875,109.4749
18/1/2017,27.6852,108.7642
19/1/2017,27.6367,108.7707
20/1/2017,27.6875,111.2094
23/1/2017,27.7059,111.5224
24/1/2017,27.6806,114.6979
25/1/2017,28.1213,116.2563
26/1/2017,28.1351,116.4976
27/1/2017,28.1374,115.6108
30/1/2017,28.0636,114.6327
31/1/2017,27.999,113.7981
1/2/2017,29.7064,113.6481
2/2/2017,29.6556,113.8372
3/2/2017,29.7825,114.6458
6/2/2017,30.0617,114.6718
7/2/2017,30.3478,116.3672
8/2/2017,30.4655,115.7823
9/2/2017,30.6856,116.4658
10/2/2017,30.6161,117.4319
13/2/2017,30.8872,117.8788
14/2/2017,31.2881,118.3849
15/2/2017,31.4017,119.4035
16/2/2017,31.3646,119.2392
17/2/2017,31.4503,118.7398
21/2/2017,31.6774,118.4703
22/2/2017,31.7724,119.0552
23/2/2017,31.638,119.3838
24/2/2017,31.6681,119.1867
27/2/2017,31.7307,117.9051
28/2/2017,31.7446,118.1811
1/3/2017,32.3935,119.581
2/3/2017,32.2011,118.6477
3/3/2017,32.3911,118.3323
6/3/2017,32.2892,118.6083
7/3/2017,32.3309,118.5492
8/3/2017,32.2104,117.9379
9/3/2017,32.1362,116.4461
10/3/2017,32.2428,116.8733
13/3/2017,32.2567,115.9729
14/3/2017,32.2081,115.4865
15/3/2017,32.5487,115.5457
16/3/2017,32.602,116.4855
17/3/2017,32.4398,115.4405
20/3/2017,32.7804,115.4734
21/3/2017,32.405,114.2773
22/3/2017,32.7712,114.8687
23/3/2017,32.6553,114.895
24/3/2017,32.5904,114.2444
27/3/2017,32.646,114.205
28/3/2017,33.3227,114.6913
29/3/2017,33.3968,114.3167
30/3/2017,33.3528,114.2641
31/3/2017,33.2903,114.4481
3/4/2017,33.2995,114.6847
4/4/2017,33.5475,114.6979
5/4/2017,33.3737,113.62
6/4/2017,33.2903,113.3374
7/4/2017,33.2161,113.1337
10/4/2017,33.1767,112.5159
11/4/2017,32.8198,112.1084
12/4/2017,32.8592,112.161
13/4/2017,32.6854,111.4183
17/4/2017,32.8662,112.4502
18/4/2017,32.7202,111.7601
19/4/2017,32.5997,106.2657
20/4/2017,33.0075,106.6666
21/4/2017,32.9681,105.4048
24/4/2017,33.2856,105.648
25/4/2017,33.4919,105.4114
26/4/2017,33.2949,105.1945
27/4/2017,33.3204,105.3654
28/4/2017,33.2879,105.3456
1/5/2017,33.9669,104.3927
2/5/2017,34.1824,104.5635
3/5/2017,34.0781,104.2547
4/5/2017,33.9553,104.5307
5/5/2017,34.5184,101.9018
8/5/2017,35.4569,101.5567
9/5/2017,35.684,100.9462
10/5/2017,35.5149,100.3754
11/5/2017,35.822,99.9773
12/5/2017,36.3223,99.7914
15/5/2017,36.2292,100.548
16/5/2017,36.1757,101.9881
17/5/2017,34.9611,100.1631
18/5/2017,35.4939,100.0635
19/5/2017,35.6149,100.8599
22/5/2017,35.8313,101.2979
23/5/2017,35.7871,100.8931
24/5/2017,35.6801,101.2116
25/5/2017,35.8034,101.6695
26/5/2017,35.7429,101.1984
30/5/2017,35.7568,100.694
31/5/2017,35.5451,101.2913
1/6/2017,35.6428,101.3178
2/6/2017,36.171,100.9064
5/6/2017,35.8173,101.1453
6/6/2017,35.9383,101.1187
7/6/2017,36.1524,100.1963
8/6/2017,36.064,100.9395
9/6/2017,34.6655,102.2668
12/6/2017,33.8372,102.9835
13/6/2017,34.1094,102.3664
14/6/2017,33.7767,102.0744
15/6/2017,33.5743,102.3464
16/6/2017,33.1042,103.1163
19/6/2017,34.0513,102.7579
20/6/2017,33.7418,102.8309
21/6/2017,33.9419,102.0611
22/6/2017,33.8861,102.4659
23/6/2017,34.0373,102.2734
26/6/2017,33.9303,103.0167
27/6/2017,33.4439,102.6982
28/6/2017,33.9326,103.0765
29/6/2017,33.4323,102.2867
30/6/2017,33.5114,102.0876
3/7/2017,33.3904,103.249
5/7/2017,33.5277,101.9814
6/7/2017,33.2113,101.1121
7/7/2017,33.5487,101.497
10/7/2017,33.7534,101.8155
11/7/2017,33.8628,101.6629
12/7/2017,33.9116,102.0014
13/7/2017,34.384,101.9549
14/7/2017,34.6795,102.3597
17/7/2017,34.8005,101.5434
18/7/2017,34.9215,102.2005
19/7/2017,35.1402,97.9067
20/7/2017,34.982,97.993
21/7/2017,34.9657,97.6081
24/7/2017,35.3892,96.8847
25/7/2017,35.5404,97.0174
26/7/2017,35.708,96.4666
27/7/2017,35.0332,96.2742
28/7/2017,34.7865,95.7565
31/7/2017,34.6074,96.0087
1/8/2017,34.9145,96.4268
2/8/2017,36.5643,95.8627
3/8/2017,36.1989,96.1879
4/8/2017,36.3897,96.3339
7/8/2017,36.9529,95.2123
8/8/2017,37.2484,95.3062
9/8/2017,37.4764,95.0782
10/8/2017,36.2827,95.1251
11/8/2017,36.7873,95.1251
14/8/2017,37.3409,95.4471
15/8/2017,37.7497,95.2794
16/8/2017,37.5979,95.5678
17/8/2017,36.876,94.3606
18/8/2017,36.7919,93.6899
21/8/2017,36.7242,94.1125
22/8/2017,37.3246,94.5685
23/8/2017,37.3713,95.3263
24/8/2017,37.2054,95.8628
25/8/2017,37.3432,96.3994
28/8/2017,37.7193,95.5745
29/8/2017,38.0557,95.997
30/8/2017,38.1585,95.608
31/8/2017,38.3103,95.9232
1/9/2017,38.322,96.6274
5/9/2017,37.8618,95.9299
6/9/2017,37.8221,96.453
7/9/2017,37.6703,95.836
8/9/2017,37.0559,95.5342
11/9/2017,37.7263,97.1505
12/9/2017,37.5768,97.7541
13/9/2017,37.2942,97.9083
14/9/2017,36.9742,97.6065
15/9/2017,37.3479,97.1237
18/9/2017,37.0653,96.9426
19/9/2017,37.0793,96.8353
20/9/2017,36.4579,97.8346
21/9/2017,35.8318,97.4188
22/9/2017,35.4815,97.3316
25/9/2017,35.1684,97.8279
26/9/2017,35.7735,98.2906
27/9/2017,36.0281,97.687
28/9/2017,35.8062,97.687
29/9/2017,36.0024,97.298
2/10/2017,35.93,98.3577
3/10/2017,36.0865,98.4382
4/10/2017,35.8529,98.2369
5/10/2017,36.2991,98.3979
6/10/2017,36.278,98.2369
9/10/2017,36.4042,98.8472
10/10/2017,36.4182,99.5917
11/10/2017,36.57,99.0015
12/10/2017,36.4415,98.6058
13/10/2017,36.6728,98.6528
16/10/2017,37.3479,98.4717
17/10/2017,37.4857,98.2772
18/10/2017,37.3199,106.989
19/10/2017,36.4369,107.9077
20/10/2017,36.4999,108.6924
23/10/2017,36.4813,107.0024
24/10/2017,36.6985,104.5411
25/10/2017,36.5373,102.9449
26/10/2017,36.7709,103.012
27/10/2017,38.0884,103.0656
30/10/2017,38.9457,103.5217
31/10/2017,39.4877,103.3205
1/11/2017,38.9854,103.3004
2/11/2017,39.2704,102.8443
3/11/2017,40.2959,101.6573
6/11/2017,40.7047,101.161
7/11/2017,40.8356,101.503
8/11/2017,41.1696,101.6506
9/11/2017,41.0855,101.8064
10/11/2017,40.9495,101.0342
13/11/2017,40.7854,100.5194
14/11/2017,40.1689,100.8513
15/11/2017,39.639,99.6388
16/11/2017,40.1126,101.0071
17/11/2017,39.8899,100.9055
20/11/2017,39.85,101.9486
21/11/2017,40.5908,102.924
22/11/2017,41.0175,102.8021
24/11/2017,41.0199,102.8495
27/11/2017,40.8136,102.9443
28/11/2017,40.5744,103.2762
29/11/2017,39.7328,104.0078
30/11/2017,40.2884,104.2923
1/12/2017,40.1009,104.8274
4/12/2017,39.8078,105.9789
5/12/2017,39.7703,105.227
6/12/2017,39.6226,104.3803
7/12/2017,39.6953,104.0213
8/12/2017,39.707,104.8612
11/12/2017,40.4807,105.2676
12/12/2017,40.2532,106.1685
13/12/2017,40.3869,104.2516
14/12/2017,40.3752,104.3126
15/12/2017,40.7854,103.2965
18/12/2017,41.3598,103.8587
19/12/2017,40.9191,103.791
20/12/2017,40.8745,103.6013
21/12/2017,41.0292,102.6192
22/12/2017,41.0292,103.2965
26/12/2017,39.9883,103.5201
27/12/2017,39.9954,103.7233
28/12/2017,40.1079,104.3397
29/12/2017,39.6742,103.9197
2/1/2018,40.3845,104.4819
3/1/2018,40.3775,107.3539
4/1/2018,40.5651,109.5282
5/1/2018,41.0269,110.0633
8/1/2018,40.8745,110.7271
9/1/2018,40.8698,110.971
10/1/2018,40.8604,111.208
11/1/2018,41.0925,111.2216
12/1/2018,41.5169,110.5036
16/1/2018,41.3059,110.9845
17/1/2018,41.9881,114.2358
18/1/2018,42.0256,114.5542
19/1/2018,41.8381,109.982
22/1/2018,41.4958,110.1378
23/1/2018,41.5052,112.6102
24/1/2018,40.844,112.0141
25/1/2018,40.1149,112.0818
26/1/2018,40.2087,113.3485
29/1/2018,39.3764,112.9827
30/1/2018,39.1443,110.8287
31/1/2018,39.2522,110.8829
1/2/2018,39.3342,110.0023
2/2/2018,37.6275,107.7197
5/2/2018,36.6874,103.3169
6/2/2018,38.2207,105.2202
7/2/2018,37.4025,104.211
8/2/2018,36.3733,100.955
9/2/2018,36.8182,102.2683
12/2/2018,38.3012,103.5611
13/2/2018,38.6849,103.1165
14/2/2018,39.3981,105.8595
15/2/2018,40.721,106.7145
16/2/2018,40.5892,106.8308
20/2/2018,40.4527,106.1331
21/2/2018,40.2691,105.3123
22/2/2018,40.6057,104.7787
23/2/2018,41.3119,106.3793
26/2/2018,42.1287,108.4724
27/2/2018,41.9922,107.0839
28/2/2018,41.9286,106.5914
1/3/2018,41.1942,105.2096
2/3/2018,41.479,105.6748
5/3/2018,41.6226,107.3575
6/3/2018,41.5873,106.5161
7/3/2018,41.2012,108.2946
8/3/2018,41.6508,106.8513
9/3/2018,42.3664,108.9718
12/3/2018,42.776,109.6216
13/3/2018,42.3641,108.9786
14/3/2018,42.0039,108.1578
15/3/2018,42.0534,109.177
16/3/2018,41.9051,109.6216
19/3/2018,41.2648,107.6311
20/3/2018,41.2507,106.8445
21/3/2018,40.3161,107.1796
22/3/2018,39.7465,104.0331
23/3/2018,38.8261,101.8442
26/3/2018,40.6692,104.9087
27/3/2018,39.6264,103.91
28/3/2018,39.1886,104.3273
29/3/2018,39.4946,104.9497
2/4/2018,39.2357,102.6514
3/4/2018,39.6382,102.5009
4/4/2018,40.3962,105.4217
5/4/2018,40.6763,105.3601
6/4/2018,39.6359,102.9934
9/4/2018,40.029,104.4435
10/4/2018,40.7822,106.2904
11/4/2018,40.5916,106.2699
12/4/2018,40.9917,108.1236
13/4/2018,41.1306,107.1933
16/4/2018,41.3872,108.0005
17/4/2018,41.9569,110.0662
18/4/2018,41.8627,101.7758
19/4/2018,40.6763,101.0303
20/4/2018,39.0097,99.115
23/4/2018,38.8967,99.7717
24/4/2018,38.3553,99.5665
25/4/2018,38.5224,99.8264
26/4/2018,38.6566,100.3599
27/4/2018,38.2094,100.1958
30/4/2018,38.9014,99.156
1/5/2018,39.8053,99.1834
2/5/2018,41.5637,97.4391
3/5/2018,41.6391,97.1245
4/5/2018,43.2727,98.4378
7/5/2018,43.5858,97.9658
8/5/2018,43.7953,97.8154
9/5/2018,44.1037,98.6315
10/5/2018,44.7345,99.7588
11/5/2018,44.5644,99.6896
14/5/2018,44.4604,99.8003
15/5/2018,44.0563,99.413
16/5/2018,44.4675,100.0285
17/5/2018,44.1863,99.9386
18/5/2018,44.0256,99.6481
21/5/2018,44.3375,100.6233
22/5/2018,44.2265,100.3467
23/5/2018,44.51,100.0562
24/5/2018,44.4604,99.6412
25/5/2018,44.562,99.3438
29/5/2018,44.4013,97.6701
30/5/2018,44.3068,98.6384
31/5/2018,44.1579,97.7324
1/6/2018,44.9543,98.175
4/6/2018,45.33,98.9289
5/6/2018,45.6797,99.3853
6/6/2018,45.8381,100.0839
7/6/2018,45.7152,100.5334
8/6/2018,45.2993,101.0729
11/6/2018,45.1882,101.3772
12/6/2018,45.4363,101.5777
13/6/2018,45.063,101.2181
14/6/2018,45.0866,100.4227
15/6/2018,44.6235,100.5542
18/6/2018,44.5998,99.9248
19/6/2018,43.8791,99.5236
20/6/2018,44.0705,98.6453
21/6/2018,43.8248,97.6909
22/6/2018,43.6971,97.7116
25/6/2018,43.0473,95.9895
26/6/2018,43.5814,96.1901
27/6/2018,43.5176,95.0835
28/6/2018,43.8342,96.854
29/6/2018,43.742,96.6189
2/7/2018,44.2312,96.7295
3/7/2018,43.4608,96.529
5/7/2018,43.8106,97.8153
6/7/2018,44.4179,98.5416
9/7/2018,45.0346,99.8625
10/7/2018,44.9803,100.0839
11/7/2018,44.3966,100.2429
12/7/2018,45.141,101.2873
13/7/2018,45.2119,100.9069
16/7/2018,45.1126,100.6026
17/7/2018,45.2402,99.2401
18/7/2018,44.9921,99.9525
19/7/2018,45.3418,103.2169
20/7/2018,45.2378,101.2181
23/7/2018,45.278,100.7686
24/7/2018,45.6065,101.2389
25/7/2018,46.0365,101.4048
26/7/2018,45.8924,101.4671
27/7/2018,45.1291,100.3882
30/7/2018,44.8763,100.6233
31/7/2018,44.9661,100.236
1/8/2018,47.615,99.247
2/8/2018,49.0069,98.8735
3/8/2018,49.1487,102.1518
6/8/2018,49.4039,100.9968
7/8/2018,48.9407,101.6746
8/8/2018,48.9738,101.5916
9/8/2018,49.359,101.2071
10/8/2018,49.2119,101.0043
13/8/2018,49.5297,99.767
14/8/2018,49.7384,100.2214
15/8/2018,49.8546,100.6059
16/8/2018,50.5849,101.6056
17/8/2018,51.5951,102.1089
20/8/2018,51.0924,102.4235
21/8/2018,50.9928,102.046
22/8/2018,50.9952,101.5357
23/8/2018,51.0995,101.6265
24/8/2018,51.2584,102.0949
27/8/2018,51.6805,102.5493
28/8/2018,52.0978,102.4794
29/8/2018,52.8756,103.1436
30/8/2018,53.3618,102.018
31/8/2018,53.9783,102.4025
4/9/2018,54.1514,101.8432
5/9/2018,53.7981,102.5284
6/9/2018,52.9041,102.3396
7/9/2018,52.4772,101.6825
10/9/2018,51.773,101.8223
11/9/2018,53.0819,102.4095
12/9/2018,52.4227,102.4654
13/9/2018,53.689,104.1293
14/9/2018,53.0796,103.6958
17/9/2018,51.6663,103.4232
18/9/2018,51.7516,103.8566
19/9/2018,51.7824,104.2062
20/9/2018,52.1761,105.6673
21/9/2018,51.6141,105.8071
24/9/2018,52.3563,104.8843
25/9/2018,52.6883,104.1013
26/9/2018,52.2686,105.9889
27/9/2018,53.3428,105.912
28/9/2018,53.5301,105.7092
1/10/2018,53.8906,106.9606
2/10/2018,54.3696,107.4849
3/10/2018,55.0312,107.1144
4/10/2018,54.0637,105.7791
5/10/2018,53.1863,104.1852
8/10/2018,53.063,103.7378
9/10/2018,53.7981,102.9338
10/10/2018,51.3058,99.753
11/10/2018,50.8529,97.1873
12/10/2018,52.6693,98.4667
15/10/2018,51.5429,98.6624
16/10/2018,52.6788,101.4518
17/10/2018,52.4512,93.7129
18/10/2018,51.2252,91.266
19/10/2018,52.0054,90.2524
22/10/2018,52.3231,90.8955
23/10/2018,52.8163,91.7274
24/10/2018,51.0047,88.9311
25/10/2018,52.1215,88.3998
26/10/2018,51.2916,87.2393
29/10/2018,50.3288,83.639
30/10/2018,50.5802,80.6748
31/10/2018,51.8986,80.6958
1/11/2018,52.6954,81.6745
2/11/2018,49.2001,80.8636
5/11/2018,47.8034,83.9326
6/11/2018,48.3203,86.0718
7/11/2018,49.7858,87.2742
8/11/2018,49.6121,87.3521
9/11/2018,48.6555,87.4654
12/11/2018,46.2045,85.5963
13/11/2018,45.7429,85.5538
14/11/2018,44.4508,85.1007
15/11/2018,45.5478,85.9786
16/11/2018,46.0522,86.0707
19/11/2018,44.2271,85.1786
20/11/2018,42.114,82.9767
21/11/2018,42.0664,83.9467
23/11/2018,40.998,82.9697
26/11/2018,41.5524,84.6476
27/11/2018,41.462,84.9803
28/11/2018,43.0563,87.0831
29/11/2018,42.7256,86.0069
30/11/2018,42.4947,87.9822
3/12/2018,43.9796,88.7185
4/12/2018,42.045,86.0919
6/12/2018,41.5762,87.7274
7/12/2018,40.0937,84.4918
10/12/2018,40.3579,85.7591
11/12/2018,40.127,85.5892
12/12/2018,40.2389,85.7804
13/12/2018,40.6791,85.4759
14/12/2018,39.3775,84.8883
17/12/2018,39.011,82.1979
18/12/2018,39.5179,82.5873
19/12/2018,38.2852,82.4316
20/12/2018,37.3191,80.0173
21/12/2018,35.8676,78.5447
24/12/2018,34.9395,76.1588
26/12/2018,37.4,78.8633
27/12/2018,37.1573,80.5554
28/12/2018,37.1763,80.0244
31/12/2018,37.5357,80.4775
2/1/2019,37.5785,81.5678
3/1/2019,33.8354,79.9394
4/1/2019,35.2798,83.0617
7/1/2019,35.2013,83.6493
8/1/2019,35.8723,84.8388
9/1/2019,36.4815,85.4476
10/1/2019,36.5981,86.2264
11/1/2019,36.2388,85.9928
14/1/2019,35.6939,85.2352
15/1/2019,36.4244,86.1839
16/1/2019,36.8694,86.1061
17/1/2019,37.0883,86.5096
18/1/2019,37.3167,87.6636
22/1/2019,36.4791,86.7433
23/1/2019,36.6267,94.0851
24/1/2019,36.3364,93.8303
25/1/2019,37.5404,94.8498
28/1/2019,37.193,95.0622
29/1/2019,36.8075,95.1046
30/1/2019,39.3227,95.14
31/1/2019,39.6059,95.1684
1/2/2019,39.6249,94.9418
4/2/2019,40.7505,95.7135
5/2/2019,41.4477,95.9684
6/2/2019,41.462,96.5136
7/2/2019,40.6767,95.3962
8/2/2019,40.7245,95.7687
11/2/2019,40.4903,95.9692
12/2/2019,40.8392,97.4447
13/2/2019,40.6696,98.4975
14/2/2019,40.8177,97.7526
15/2/2019,40.7269,98.8628
19/2/2019,40.8488,99.3427
20/2/2019,41.1117,98.8413
21/2/2019,40.8799,98.7267
22/2/2019,41.3363,99.7366
25/2/2019,41.6374,99.887
26/2/2019,41.6613,100.0733
27/2/2019,41.7904,99.6793
28/2/2019,41.3793,98.9344
1/3/2019,41.8143,99.7008
4/3/2019,42.0246,99.1493
5/3/2019,41.9481,98.7554
6/3/2019,41.7067,98.1108
7/3/2019,41.224,96.9505
8/3/2019,41.322,96.7571
11/3/2019,42.7535,98.6336
12/3/2019,43.2338,99.0419
13/3/2019,43.425,99.2424
14/3/2019,43.9077,99.4072
15/3/2019,44.4789,99.8656
18/3/2019,44.933,100.4242
19/3/2019,44.5769,100.6248
20/3/2019,44.9664,99.9873
21/3/2019,46.6225,101.3052
22/3/2019,45.6571,99.8799
25/3/2019,45.105,99.6865
26/3/2019,44.639,100.4314
27/3/2019,45.0405,99.7295
28/3/2019,45.1002,100.2165
29/3/2019,45.3942,101.0617
1/4/2019,45.7025,102.6374
2/4/2019,46.3668,102.4225
3/4/2019,46.6847,102.8738
4/4/2019,46.7659,102.265
5/4/2019,47.079,102.6231
8/4/2019,47.8198,102.7019
9/4/2019,47.6764,101.7851
10/4/2019,47.9441,102.4369
11/4/2019,47.545,102.9812
12/4/2019,47.5259,103.3895
15/4/2019,47.6119,103.0671
16/4/2019,47.6167,103.9553
17/4/2019,48.5439,99.6364
18/4/2019,48.7184,100.5102
22/4/2019,48.8785,99.4788
23/4/2019,49.5835,100.589
24/4/2019,49.507,100.238
25/4/2019,49.0577,99.2926
26/4/2019,48.8235,99.8727
29/4/2019,48.8976,99.5934
30/4/2019,47.956,100.4672
1/5/2019,50.31,100.6749
2/5/2019,49.9826,99.9802
3/5/2019,50.6039,100.4529
6/5/2019,49.8225,100.546
7/5/2019,48.4794,98.5835
8/5/2019,48.489,98.8413
9/5/2019,47.968,98.0876
10/5/2019,47.3035,98.0731
13/5/2019,44.5542,95.2466
14/5/2019,45.2595,96.6164
15/5/2019,45.8017,97.4063
16/5/2019,45.6002,98.479
17/5/2019,45.3411,97.3484
20/5/2019,43.9233,97.9281
21/5/2019,44.7653,98.8921
22/5/2019,43.8489,98.8196
23/5/2019,43.1004,95.9496
24/5/2019,42.9349,95.8699
28/5/2019,42.7574,94.5508
29/5/2019,42.5535,93.9928
30/5/2019,42.7742,93.9058
31/5/2019,41.9993,92.0359
3/6/2019,41.5747,92.9636
4/6/2019,43.0956,96.167
5/6/2019,43.7913,95.2973
6/6/2019,44.4343,95.8264
7/6/2019,45.617,96.6164
10/6/2019,46.1999,97.6528
11/6/2019,46.7349,98.5297
12/6/2019,46.5862,97.747
13/6/2019,46.5766,98.392
14/6/2019,46.2383,97.9499
17/6/2019,46.5142,97.8049
18/6/2019,47.6081,98.8413
19/6/2019,47.469,99.3487
20/6/2019,47.8505,100.6315
21/6/2019,47.6873,100.8851
24/6/2019,47.6393,100.9938
25/6/2019,46.9172,100.2763
26/6/2019,47.932,100.3923
27/6/2019,47.9176,100.3923
28/6/2019,47.481,99.943
1/7/2019,48.3518,101.378
2/7/2019,48.6349,101.6244
3/7/2019,49.038,102.581
5/7/2019,48.9948,102.4651
8/7/2019,47.9848,101.878
9/7/2019,48.2775,100.9793
10/7/2019,48.7549,101.8056
11/7/2019,48.3998,102.3636
12/7/2019,48.7717,103.4507
15/7/2019,49.2299,103.8711
16/7/2019,49.0595,104.0233
17/7/2019,48.7837,103.6899
18/7/2019,49.3378,108.4443
19/7/2019,48.6013,108.4805
22/7/2019,49.7121,108.524
23/7/2019,50.1007,108.9878
24/7/2019,50.0599,108.7342
25/7/2019,49.6641,108.9951
26/7/2019,49.8368,109.6981
29/7/2019,50.3022,109.3502
30/7/2019,50.0863,108.5457
31/7/2019,51.1083,107.4369
1/8/2019,50.0023,108.9443
2/8/2019,48.9444,106.7194
5/8/2019,46.3823,102.0157
6/8/2019,47.2603,101.994
7/8/2019,47.7497,100.8199
8/8/2019,48.8029,102.7338
9/8/2019,48.4007,99.8226
12/8/2019,48.2779,98.3487
13/8/2019,50.3224,99.5733
14/8/2019,48.8245,96.2442
15/8/2019,48.5813,96.7355
16/8/2019,49.7276,98.0847
19/8/2019,50.6547,99.0233
20/8/2019,50.6571,97.5274
21/8/2019,51.2061,98.444
22/8/2019,51.1628,98.4954
23/8/2019,48.798,95.0122
26/8/2019,49.7252,95.3202
27/8/2019,49.1641,96.1855
28/8/2019,49.494,97.3514
29/8/2019,50.332,98.906
30/8/2019,50.267,99.3826
3/9/2019,49.5349,98.334
4/9/2019,50.3753,99.9619
5/9/2019,51.3603,103.3717
6/9/2019,51.3555,103.0784
9/9/2019,51.5746,104.567
10/9/2019,52.1838,106.3636
11/9/2019,53.843,105.3003
12/9/2019,53.7215,105.315
13/9/2019,52.6775,105.3516
16/9/2019,52.9544,104.479
17/9/2019,53.1471,104.2737
18/9/2019,53.6456,104.2883
19/9/2019,53.2097,104.8383
20/9/2019,52.4319,104.039
23/9/2019,52.6703,104.1784
24/9/2019,52.4198,103.8924
25/9/2019,53.2266,104.9776
26/9/2019,52.952,105.2636
27/9/2019,52.6944,105.0363
30/9/2019,53.9345,106.6349
1/10/2019,54.0838,105.3443
2/10/2019,52.7281,103.8997
3/10/2019,53.176,104.1417
4/10/2019,54.6666,104.853
7/10/2019,54.6786,103.5991
8/10/2019,54.0381,101.4725
9/10/2019,54.6714,102.4185
10/10/2019,55.4083,103.4891
11/10/2019,56.8821,104.6843
14/10/2019,56.8002,104.1564
15/10/2019,56.6678,104.8603
16/10/2019,56.439,104.2077
17/10/2019,56.6581,98.4514
18/10/2019,56.9302,98.3267
21/10/2019,57.9176,97.2194
22/10/2019,57.7851,98.2314
23/10/2019,58.5605,98.5394
24/10/2019,58.6569,98.3121
25/10/2019,59.3793,99.3167
28/10/2019,59.9741,99.7053
29/10/2019,58.587,98.1287
30/10/2019,58.5798,99.1773
31/10/2019,59.9043,98.0627
1/11/2019,61.6044,99.3826
4/11/2019,62.009,100.9519
5/11/2019,61.9199,101.1132
6/11/2019,61.9463,101.7658
7/11/2019,62.6613,102.1591
8/11/2019,62.8328,102.0997
11/11/2019,63.3303,100.5119
12/11/2019,63.2724,100.601
13/11/2019,63.8786,99.7774
14/11/2019,63.4366,99.4213
15/11/2019,64.1902,99.7181
18/11/2019,64.5139,99.6513
19/11/2019,64.3182,99.8071
20/11/2019,63.5695,98.8277
21/11/2019,63.2844,99.3026
22/11/2019,63.2289,99.6735
25/11/2019,64.3375,100.8829
26/11/2019,63.8351,100.23
27/11/2019,64.6926,99.2506
29/11/2019,64.5501,99.7552
2/12/2019,63.8037,98.6126
3/12/2019,62.6661,98.0264
4/12/2019,63.2192,97.93
5/12/2019,64.1467,97.8706
6/12/2019,65.3858,98.8426
9/12/2019,64.4704,99.3619
10/12/2019,64.8472,99.3545
11/12/2019,65.4003,99.2432
12/12/2019,65.5669,100.4007
13/12/2019,66.4582,99.5771
16/12/2019,67.5958,99.5177
17/12/2019,67.7287,99.5845
18/12/2019,67.5668,99.7255
19/12/2019,67.6345,99.8368
20/12/2019,67.4944,100.601
23/12/2019,68.5958,100.5713
24/12/2019,68.661,100.1484
26/12/2019,70.0233,100.0965
27/12/2019,69.9967,100.3636
30/12/2019,70.4121,98.5384
31/12/2019,70.9266,99.4509
2/1/2020,72.5449,100.4748
3/1/2020,71.8396,99.6735
6/1/2020,72.412,99.4955
7/1/2020,72.0715,99.5623
8/1/2020,73.2308,100.3932
9/1/2020,74.7863,101.4542
10/1/2020,74.9554,101.4171
13/1/2020,76.5568,101.3504
14/1/2020,75.523,100.7716
15/1/2020,75.1993,101.3652
16/1/2020,76.1413,102.3742
17/1/2020,76.9843,102.6191
21/1/2020,76.4626,103.2572
22/1/2020,76.7355,106.7592
23/1/2020,77.105,106.0024
24/1/2020,76.8828,104.2885
27/1/2020,74.6221,102.8491
28/1/2020,76.7331,103.5391
29/1/2020,78.3393,102.1591
30/1/2020,78.2258,101.4765
31/1/2020,74.7573,106.6404
3/2/2020,74.552,108.525
4/2/2020,77.0133,110.6321
5/2/2020,77.6413,115.989
6/2/2020,78.5494,116.3081
7/2/2020,77.4817,115.0111
10/2/2020,77.8497,115.7758
11/2/2020,77.38,115.0636
12/2/2020,79.2176,116.4355
13/2/2020,78.6535,115.6858
14/2/2020,78.6729,112.9794
18/2/2020,77.2323,113.2793
19/2/2020,78.3509,113.0994
20/2/2020,77.5471,113.3692
21/2/2020,75.7918,112.3347
24/2/2020,72.1917,109.7782
25/2/2020,69.7464,106.2396
26/2/2020,70.8528,104.7702
27/2/2020,66.2213,99.7922
28/2/2020,66.1826,97.5731
2/3/2020,72.3442,100.6844
3/3/2020,70.0466,96.636
4/3/2020,73.2957,100.6244
5/3/2020,70.9182,97.1233
6/3/2020,69.9764,95.7589
9/3/2020,64.4418,88.3218
10/3/2020,69.083,93.5397
11/3/2020,66.6837,88.4418
12/3/2020,60.0984,77.0764
13/3/2020,67.2987,80.9298
16/3/2020,58.6409,74.28
17/3/2020,61.2193,79.9552
18/3/2020,59.7207,77.6312
19/3/2020,59.2631,75.2246
20/3/2020,55.5008,71.5136
23/3/2020,54.3217,71.0488
24/3/2020,59.7715,79.0781
25/3/2020,59.4423,79.3555
26/3/2020,62.5703,84.6333
27/3/2020,59.9798,80.9898
30/3/2020,61.6915,84.6633
31/3/2020,61.5656,83.1639
1/4/2020,58.3262,78.8232
2/4/2020,59.2994,82.4667
3/4/2020,58.4472,79.7228
6/4/2020,63.546,86.0803
7/4/2020,62.81,86.1702
8/4/2020,64.4176,89.4314
9/4/2020,64.8824,91.0882
13/4/2020,66.1559,90.8258
14/4/2020,69.497,92.895
15/4/2020,68.8627,88.9816
16/4/2020,69.4099,86.7625
17/4/2020,68.4681,90.0537
20/4/2020,67.0469,90.2711
21/4/2020,64.9744,87.5347
22/4/2020,66.8459,89.4464
23/4/2020,66.5869,90.9758
24/4/2020,68.5092,93.5023
27/4/2020,68.5576,94.4019
28/4/2020,67.4464,94.6643
29/4/2020,69.6616,96.4786
30/4/2020,71.1312,94.132
1/5/2020,69.9861,91.3656
4/5/2020,70.9763,91.2232
5/5/2020,72.0416,91.8979
6/5/2020,72.7848,92.3402
7/5/2020,73.5378,92.1047
8/5/2020,75.2881,93.4419
11/5/2020,76.4728,93.138
12/5/2020,75.5988,91.3677
13/5/2020,74.6861,87.9261
14/5/2020,75.1449,88.853
15/5/2020,74.7006,88.8758
18/5/2020,76.4607,92.3554
19/5/2020,76.0188,91.3905
20/5/2020,77.4973,92.2187
21/5/2020,76.9195,90.5016
22/5/2020,77.4147,89.947
26/5/2020,76.8903,92.5074
27/5/2020,77.2254,95.3792
28/5/2020,77.2593,94.6119
29/5/2020,77.1841,94.893
1/6/2020,78.1333,94.8854
2/6/2020,78.495,95.7287
3/6/2020,78.9271,98.046
4/6/2020,78.2474,97.9244
5/6/2020,80.476,100.3328
8/6/2020,80.9518,103.1363
9/6/2020,83.5081,100.1885
10/6/2020,85.6565,98.669
11/6/2020,81.5441,89.6583
12/6/2020,82.2481,92.6213
15/6/2020,83.2653,92.4238
16/6/2020,85.472,95.0829
17/6/2020,85.3531,94.3232
18/6/2020,85.3871,94.3308
19/6/2020,84.8991,93.0468
22/6/2020,87.1204,91.9831
23/6/2020,88.9799,90.722
24/6/2020,87.4093,88.4503
25/6/2020,88.5697,90.4333
26/6/2020,85.8483,89.0353
29/6/2020,87.8268,90.9803
30/6/2020,88.56,91.7552
1/7/2020,88.3925,90.061
2/7/2020,88.3925,90.9423
6/7/2020,90.757,91.3146
7/7/2020,90.4754,89.3316
8/7/2020,92.5825,89.4304
9/7/2020,92.9127,87.9109
10/7/2020,93.1433,89.9166
13/7/2020,92.7136,90.5624
14/7/2020,94.2479,91.6261
15/7/2020,94.8961,93.4495
16/7/2020,93.7284,94.2168
17/7/2020,93.539,95.0525
20/7/2020,95.5103,96.0098
21/7/2020,94.1921,95.7743
22/7/2020,94.4567,97.7573
23/7/2020,90.1574,96.7392
24/7/2020,89.934,95.5692
27/7/2020,92.0655,95.8883
28/7/2020,90.5531,94.5663
29/7/2020,92.2888,95.2121
30/7/2020,93.4055,93.3735
31/7/2020,103.184,93.4039
3/8/2020,105.784,94.4447
4/8/2020,106.4904,95.6072
5/8/2020,106.8764,95.3109
6/8/2020,110.6053,95.8199
7/8/2020,107.9446,96.1817
10/8/2020,109.5136,97.8365
11/8/2020,106.2567,97.5594
12/8/2020,109.788,97.5209
13/8/2020,111.731,96.2355
14/8/2020,111.6314,96.4203
17/8/2020,111.34,95.7814
18/8/2020,112.2677,96.1509
19/8/2020,112.4086,95.3196
20/8/2020,114.9029,94.7885
21/8/2020,120.8241,94.7962
24/8/2020,122.2692,96.7358
25/8/2020,121.2662,95.9354
26/8/2020,122.9153,95.5736
27/8/2020,121.4459,95.943
28/8/2020,121.2492,96.2663
31/8/2020,125.361,94.9116
1/9/2020,130.3544,94.9809
2/9/2020,127.6537,98.6601
3/9/2020,117.4336,95.7891
4/9/2020,117.5114,94.1343
8/9/2020,109.6034,93.2953
9/9/2020,113.9751,94.1035
10/9/2020,110.2543,92.795
11/9/2020,108.8068,93.4877
14/9/2020,112.0662,93.9726
15/9/2020,112.2459,94.242
16/9/2020,108.9331,95.6121
17/9/2020,107.1941,96.1509
18/9/2020,103.7939,94.4883
21/9/2020,106.9416,92.5564
22/9/2020,108.6222,92.7565
23/9/2020,104.0659,91.4634
24/9/2020,105.1346,90.8938
25/9/2020,109.0788,91.5558
28/9/2020,111.6824,93.6955
29/9/2020,110.8372,93.0875
30/9/2020,112.5082,93.6493
1/10/2020,113.4602,93.2029
2/10/2020,109.7977,92.8027
5/10/2020,113.1785,93.911
6/10/2020,109.9337,93.8803
7/10/2020,111.799,95.4966
8/10/2020,111.6921,101.2078
9/10/2020,113.6351,98.3599
12/10/2020,120.8533,97.9135
13/10/2020,117.6474,96.2894
14/10/2020,117.7348,96.936
15/10/2020,117.2685,96.1278
16/10/2020,115.6267,96.9283
19/10/2020,112.6733,96.6127
20/10/2020,114.1597,90.3396
21/10/2020,113.538,88.5616
22/10/2020,112.4499,89.1004
23/10/2020,111.7601,89.2851
26/10/2020,111.7699,86.3757
27/10/2020,113.2757,85.098
28/10/2020,108.0296,82.0885
29/10/2020,112.0322,83.828
30/10/2020,105.7563,85.9447
2/11/2020,105.6689,86.9068
3/11/2020,107.2913,87.8689
4/11/2020,111.6727,86.1294
5/11/2020,115.6364,88.3384
6/11/2020,115.505,87.7765
9/11/2020,113.1986,90.2128
10/11/2020,112.858,92.0713
11/11/2020,116.2835,91.5168
12/11/2020,116.0111,89.4085
13/11/2020,116.0597,91.2435
16/11/2020,117.0718,92.4226
17/11/2020,116.1862,91.9073
18/11/2020,114.8627,91.1811
19/11/2020,115.4564,91.5012
20/11/2020,114.1912,91.3138
23/11/2020,110.7949,93.7735
24/11/2020,112.0795,97.1547
25/11/2020,112.9164,96.9829
27/11/2020,113.4614,97.1
30/11/2020,115.8554,96.4519
1/12/2020,119.4269,96.1708
2/12/2020,119.7772,97.3108
3/12/2020,119.641,96.5222
4/12/2020,118.9695,99.3255
7/12/2020,120.4292,97.3733
8/12/2020,121.0423,98.162
9/12/2020,118.5121,99.0053
10/12/2020,119.9329,97.5763
11/12/2020,119.1252,97.0375
14/12/2020,118.5121,96.4597
15/12/2020,124.4484,98.3338
16/12/2020,124.3803,98.037
17/12/2020,125.2464,98.037
18/12/2020,123.2563,98.2713
21/12/2020,124.789,96.3504
22/12/2020,128.3411,96.5222
23/12/2020,127.4458,96.7486
24/12/2020,128.4286,97.3655
28/12/2020,133.022,97.467
29/12/2020,131.2508,96.6705
30/12/2020,130.1317,97.0922
31/12/2020,129.1293,98.2947
4/1/2021,125.9373,96.7799
5/1/2021,127.4944,98.4977
6/1/2021,123.2027,100.9574
7/1/2021,127.4068,100.7232
8/1/2021,128.5065,100.364
11/1/2021,125.5189,100.403
12/1/2021,125.3437,100.895
13/1/2021,127.3776,99.1068
14/1/2021,125.4508,100.7076
15/1/2021,123.7283,100.2547
19/1/2021,124.3997,100.7466
20/1/2021,128.487,101.5743
21/1/2021,133.1971,102.8003
22/1/2021,135.3381,92.6179
25/1/2021,139.0848,92.5944
26/1/2021,139.3184,95.6476
27/1/2021,138.2479,95.632
28/1/2021,133.4112,93.7657
29/1/2021,128.4189,93.0083
1/2/2021,130.5404,94.1249
2/2/2021,131.3676,93.266
3/2/2021,130.3458,93.0161
4/2/2021,133.7032,94.4997
5/2/2021,133.289,95.101
8/2/2021,133.4352,96.5222
9/2/2021,132.558,96.6171
10/2/2021,131.9538,96.7279
11/2/2021,131.7004,95.6755
12/2/2021,131.9343,95.5885
16/2/2021,129.8096,95.0108
17/2/2021,127.5192,94.9317
18/2/2021,126.4179,95.5331
19/2/2021,126.5739,94.1562
22/2/2021,122.8021,95.6359
23/2/2021,122.6656,95.5172
24/2/2021,122.1686,97.4955
25/2/2021,117.9192,96.9099
26/2/2021,118.1824,94.1087
1/3/2021,124.5467,95.541
2/3/2021,121.9444,95.2165
3/3/2021,118.9621,96.8229
4/3/2021,117.0811,95.0425
5/3/2021,118.3383,97.1948
8/3/2021,113.4067,98.7615
9/3/2021,118.0118,98.263
10/3/2021,116.9349,101.1829
11/3/2021,118.8646,100.6053
12/3/2021,117.9582,100.9772
15/3/2021,120.8431,101.7447
16/3/2021,122.383,101.4757
17/3/2021,121.5936,102.1008
18/3/2021,117.4709,102.9158
19/3/2021,116.9446,101.9979
22/3/2021,120.2583,103.3036
23/3/2021,119.4299,103.2324
24/3/2021,117.0421,103.359
25/3/2021,117.5294,105.2976
26/3/2021,118.1337,107.9168
29/3/2021,118.3091,107.5054
30/3/2021,116.8569,106.6033
31/3/2021,119.0498,105.448
1/4/2021,119.8782,105.4242
5/4/2021,122.7046,107.5607
6/4/2021,123.0068,106.2076
7/4/2021,124.6539,106.7694
8/4/2021,127.0514,106.9198
9/4/2021,129.6195,107.4025
12/4/2021,127.9091,106.5004
13/4/2021,131.0181,103.8021
14/4/2021,128.679,104.9495
15/4/2021,131.0863,104.9099
16/4/2021,130.755,105.7091
19/4/2021,131.4177,105.3372
20/4/2021,129.7316,109.3253
21/4/2021,130.1117,113.5904
22/4/2021,128.5913,111.7942
23/4/2021,130.9109,112.7042
26/4/2021,131.3008,112.0236
27/4/2021,130.9791,112.3718
28/4/2021,130.1897,113.1552
29/4/2021,130.0922,114.1364
30/4/2021,128.1235,112.269
3/5/2021,129.1761,114.54
4/5/2021,124.6051,115.3313
5/5/2021,124.8488,114.9119
6/5/2021,126.4472,117.444
7/5/2021,127.1208,116.3878
10/5/2021,123.8405,116.9559
11/5/2021,122.9228,115.3957
12/5/2021,119.8573,113.0593
13/5/2021,122.0051,115.3557
14/5/2021,124.4263,115.7637
17/5/2021,123.2743,116.1078
18/5/2021,121.8879,115.1476
19/5/2021,121.7317,114.5715
20/5/2021,124.2896,115.1236
21/5/2021,122.4542,115.8117
24/5/2021,124.0846,115.7957
25/5/2021,123.8893,115.0516
26/5/2021,123.8405,114.7236
27/5/2021,122.3077,115.0756
28/5/2021,121.6536,115.0116
1/6/2021,121.3315,115.3717
2/6/2021,122.093,116.5959
3/6/2021,120.609,116.4599
4/6/2021,122.9033,117.9561
7/6/2021,122.913,118.4362
8/6/2021,123.7331,119.2763
9/6/2021,124.1139,120.5565
10/6/2021,123.1181,120.4525
11/6/2021,124.3286,121.0446
14/6/2021,127.3844,120.0445
15/6/2021,126.5643,119.5084
16/6/2021,127.0622,118.2842
17/6/2021,128.6633,116.4999
18/6/2021,127.3649,114.5155
21/6/2021,129.1612,117.34
22/6/2021,130.8013,117.108
23/6/2021,130.528,115.7077
24/6/2021,130.2449,116.3718
25/6/2021,129.952,117.492
28/6/2021,131.5824,116.2518
29/6/2021,133.0956,116.4599
30/6/2021,133.7107,117.292
1/7/2021,134.0133,117.492
2/7/2021,136.6395,112.0351
6/7/2021,138.6506,111.0429
7/7/2021,141.1401,111.8751
8/7/2021,139.8417,112.6112
9/7/2021,141.6673,113.2353
12/7/2021,141.0718,112.7552
13/7/2021,142.1847,112.2431
14/7/2021,145.6114,111.8751
15/7/2021,144.9573,112.3791
16/7/2021,142.9169,111.1389
19/7/2021,139.0704,110.3548
20/7/2021,142.6826,111.9951
21/7/2021,141.9504,113.0593
22/7/2021,143.3172,112.5872
23/7/2021,145.0354,113.0913
26/7/2021,145.4552,114.2355
27/7/2021,143.2879,114.2195
28/7/2021,141.5404,113.4353
29/7/2021,142.1847,113.5634
30/7/2021,142.3995,112.7872
2/8/2021,142.0676,113.1553
3/8/2021,143.8639,115.2757
4/8/2021,143.4636,114.2275
5/8/2021,143.571,114.2355
6/8/2021,142.8866,115.2916
9/8/2021,142.8377,114.3204
10/8/2021,142.3586,114.4256
11/8/2021,142.6128,115.0327
12/8/2021,145.5754,115.7934
13/8/2021,145.7807,115.8825
16/8/2021,147.7557,116.2143
17/8/2021,146.8464,115.2674
18/8/2021,143.1017,112.8798
19/8/2021,143.4341,111.7062
20/8/2021,144.891,112.5884
23/8/2021,146.3771,113.0012
24/8/2021,146.2891,113.1792
25/8/2021,145.0572,113.1954
26/8/2021,144.2554,112.3213
27/8/2021,145.2918,112.8312
30/8/2021,149.7112,112.4751
31/8/2021,148.4499,113.5839
1/9/2021,149.1148,112.7422
2/9/2021,150.2294,113.3168
3/9/2021,150.865,112.9688
7/9/2021,153.2017,111.7386
8/9/2021,151.6569,112.2323
9/9/2021,150.6401,111.4796
10/9/2021,145.6536,110.8969
13/9/2021,146.2207,111.8114
14/9/2021,144.8225,110.2494
15/9/2021,145.7123,111.0426
16/9/2021,145.4776,110.4194
17/9/2021,142.8084,109.4481
20/9/2021,139.7578,108.7036
21/9/2021,140.2369,107.619
22/9/2021,142.6031,108.9625
23/9/2021,143.5612,110.6622
24/9/2021,143.6492,111.2773
27/9/2021,142.1337,112.1433
28/9/2021,138.7508,111.2611
29/9/2021,139.6503,112.6451
30/9/2021,138.3499,112.4427
1/10/2021,139.4743,115.9958
4/10/2021,136.0424,116.6352
5/10/2021,137.9686,115.8582
6/10/2021,138.8388,115.2188
7/10/2021,140.1,114.7737
8/10/2021,139.7187,115.9148
11/10/2021,139.6307,115.2755
12/10/2021,138.3597,113.6891
13/10/2021,137.773,113.9238
14/10/2021,140.5596,116.0524
15/10/2021,141.6155,117.0398
18/10/2021,143.2875,115.1864
19/10/2021,145.4483,114.9112
20/10/2021,145.9371,114.8465
21/10/2021,146.1522,103.8637
22/10/2021,145.3798,103.4994
25/10/2021,145.331,103.3052
26/10/2021,145.9958,102.8924
27/10/2021,145.5363,101.3061
28/10/2021,149.1735,101.8484
29/10/2021,146.4651,101.2495
1/11/2021,145.6438,102.2045
2/11/2021,146.6802,102.1235
3/11/2021,148.1175,102.8924
4/11/2021,147.5993,102.401
5/11/2021,148.1281,104.7396
8/11/2021,147.3056,105.5277
9/11/2021,147.6678,103.7674
10/11/2021,144.8381,103.2265
11/11/2021,144.7891,103.2694
12/11/2021,146.8649,102.1446
15/11/2021,146.8747,102.0673
16/11/2021,147.8539,101.7153
17/11/2021,150.292,101.3718
18/11/2021,154.5807,100.1697
19/11/2021,157.2049,99.6459
22/11/2021,157.6651,100.0066
23/11/2021,158.047,100.2813
24/11/2021,158.566,100.2298
26/11/2021,153.5428,99.4399
29/11/2021,156.9014,101.7496
30/11/2021,161.8559,100.5475
1/12/2021,161.337,100.393
2/12/2021,160.348,100.3758
3/12/2021,158.468,102.0416
6/12/2021,161.8755,102.9603
7/12/2021,167.6134,104.3942
8/12/2021,171.4322,105.6307
9/12/2021,170.923,106.103
10/12/2021,175.7111,106.5495
13/12/2021,172.0784,105.2529
14/12/2021,170.6978,106.2661
15/12/2021,175.5643,105.708
16/12/2021,168.6709,108.1294
17/12/2021,167.5743,109.3916
20/12/2021,166.2132,109.0996
21/12/2021,169.3857,110.7396
22/12/2021,171.9805,111.4094
23/12/2021,172.6072,112.165
27/12/2021,176.5728,113.0151
28/12/2021,175.5544,113.8823
29/12/2021,175.6426,114.5005
30/12/2021,174.4872,114.9814
31/12/2021,173.8703,114.7667
3/1/2022,178.2178,116.8103
4/1/2022,175.9559,118.5104
5/1/2022,171.2755,118.6821
6/1/2022,168.4163,116.2092
7/1/2022,168.5828,115.7713
10/1/2022,168.6024,115.943
11/1/2022,171.4322,114.0884
12/1/2022,171.8728,114.7066
13/1/2022,168.6024,115.7112
14/1/2022,169.4641,115.239
18/1/2022,166.2622,114.1485
19/1/2022,162.7666,112.9807
20/1/2022,161.0824,112.3281
21/1/2022,159.0262,111.0659
24/1/2022,158.2526,110.6109
25/1/2022,156.4509,116.8618
26/1/2022,156.3628,115.2819
27/1/2022,155.9026,113.7878
28/1/2022,166.7811,115.488
31/1/2022,171.1384,114.6894
1/2/2022,170.972,116.3724
2/2/2022,172.1763,117.8492
3/2/2022,169.2976,118.3043
4/2/2022,169.0133,117.7634
7/2/2022,168.2976,117.8407
8/2/2022,171.4055,117.6518
9/2/2022,172.8271,118.3129
10/2/2022,168.7486,116.0275
11/2/2022,165.3367,115.3062
14/2/2022,165.572,113.099
15/2/2022,169.4054,112.9165
16/2/2022,169.1701,112.256
17/2/2022,165.572,108.5976
18/2/2022,164.023,108.0588
22/2/2022,161.1014,107.6852
23/2/2022,156.9346,106.0775
24/2/2022,159.5523,105.9906
25/2/2022,161.621,107.9111
28/2/2022,161.8857,106.4599
1/3/2022,160.0033,105.4519
2/3/2022,163.2975,107.633
3/3/2022,162.9739,109.4318
4/3/2022,159.9739,110.0314
7/3/2022,156.1797,109.5535
8/3/2022,154.3561,109.2146
9/3/2022,159.7582,109.6838
10/3/2022,155.415,108.0588
11/3/2022,151.6992,107.7199
14/3/2022,147.6697,107.7026
15/3/2022,152.0521,109.1798
16/3/2022,156.464,110.3964
17/3/2022,157.4738,111.1959
18/3/2022,160.768,111.8911
21/3/2022,162.1406,111.3175
22/3/2022,165.5132,112.1518
23/3/2022,166.876,111.4913
24/3/2022,170.6604,112.3169
25/3/2022,171.2976,114.1418
28/3/2022,172.1604,114.246
29/3/2022,175.4546,114.6545
30/3/2022,174.2879,114.8196
31/3/2022,171.1898,112.986
1/4/2022,170.8957,113.099
4/4/2022,174.9448,113.2033
5/4/2022,171.631,112.004
6/4/2022,168.4642,112.4385
7/4/2022,168.7682,111.7086
8/4/2022,166.7583,110.996
11/4/2022,162.5033,109.8142
12/4/2022,164.3759,109.4753
13/4/2022,167.0622,109.6143
14/4/2022,162.0523,109.9793
18/4/2022,161.8367,109.6404
19/4/2022,164.121,112.23
20/4/2022,163.9543,120.1986
21/4/2022,163.1602,121.5282
22/4/2022,158.6209,120.1378
25/4/2022,159.6896,120.8764
26/4/2022,153.7286,118.3477
27/4/2022,153.5032,117.3657
28/4/2022,160.4347,117.9566
29/4/2022,154.562,114.8891
2/5/2022,154.8659,115.6103
3/5/2022,156.3561,115.1585
4/5/2022,162.7681,119.3991
5/5/2022,153.6992,118.113
6/5/2022,154.4258,119.6338
9/5/2022,149.3005,118.2441
10/5/2022,151.7061,113.5738
11/5/2022,143.8414,114.9986
12/5/2022,139.9729,116.8896
13/5/2022,144.4404,117.5053
16/5/2022,142.8988,118.763
17/5/2022,146.5317,121.7007
18/5/2022,138.2645,116.9248
19/5/2022,134.8575,114.04
20/5/2022,135.0931,113.0021
23/5/2022,140.5129,115.368
24/5/2022,137.8129,117.6812
25/5/2022,137.9699,118.2001
26/5/2022,141.1708,120.399
27/5/2022,146.9244,122.4922
31/5/2022,146.139,122.114
1/6/2022,146.0113,122.633
2/6/2022,148.466,123.2662
3/6/2022,142.7418,124.1721
6/6/2022,143.488,125.6673
7/6/2022,146.0113,125.5794
8/6/2022,145.2749,123.8643
9/6/2022,140.0515,121.3401
10/6/2022,134.6415,119.7833
13/6/2022,129.4867,118.8334
14/6/2022,130.3508,119.3699
15/6/2022,132.9723,120.5485
16/6/2022,127.6998,119.3259
17/6/2022,129.1726,118.7542
21/6/2022,133.4043,121.2433
22/6/2022,132.8938,120.5661
23/6/2022,135.7608,121.7622
24/6/2022,139.0893,124.9461
27/6/2022,139.0893,125.597
28/6/2022,134.9458,124.7702
29/6/2022,136.7034,123.7588
30/6/2022,134.2389,124.1809
1/7/2022,136.4088,124.1194
5/7/2022,138.9911,121.041
6/7/2022,140.3264,121.4456
7/7/2022,143.6942,123.8643
8/7/2022,144.3716,123.5477
11/7/2022,142.241,124.0138
12/7/2022,143.213,122.4131
13/7/2022,142.8498,120.654
14/7/2022,145.7757,122.3075
15/7/2022,147.4448,123.0639
18/7/2022,144.4011,121.4896
19/7/2022,148.2598,115.113
20/7/2022,150.2627,113.6178
21/7/2022,152.5308,111.8323
22/7/2022,151.2937,112.7998
25/7/2022,150.1744,113.0549
26/7/2022,148.8489,112.6503
27/7/2022,153.9447,113.565
28/7/2022,154.4945,113.653
29/7/2022,159.5609,115.0338
1/8/2022,158.579,116.1332
2/8/2022,157.1063,115.9309
3/8/2022,163.1152,116.3971
4/8/2022,162.801,115.7814
5/8/2022,162.5749,116.5202
8/8/2022,162.1029,116.6346
9/8/2022,162.1521,115.3076
10/8/2022,166.3996,117.1155
11/8/2022,165.6622,118.0417
12/8/2022,169.2116,119.3509
15/8/2022,170.2833,120.1703
16/8/2022,170.126,121.622
17/8/2022,171.6205,122.7174
18/8/2022,171.2272,123.8574
19/8/2022,168.6413,123.234
22/8/2022,164.7576,120.7225
23/8/2022,164.4233,120.0011
24/8/2022,164.7183,118.6563
25/8/2022,167.1763,119.3242
26/8/2022,160.8739,116.118
29/8/2022,158.6715,116.0557
30/8/2022,156.243,115.4055
31/8/2022,154.5813,114.3991
1/9/2022,155.3089,115.4768
2/9/2022,153.195,113.8113
6/9/2022,151.9365,112.8584
7/9/2022,153.3425,113.7401
8/9/2022,151.8677,114.4169
9/9/2022,154.7288,115.0582
12/9/2022,160.6871,116.3674
13/9/2022,151.258,113.3304
14/9/2022,152.7034,113.7223
15/9/2022,149.8127,111.7629
16/9/2022,148.1707,113.3482
19/9/2022,151.8873,113.7579
20/9/2022,154.2667,112.4843
21/9/2022,151.1401,111.2642
22/9/2022,150.1765,111.6026
23/9/2022,147.9053,109.287
26/9/2022,148.2396,108.6636
27/9/2022,149.2129,108.4231
28/9/2022,147.3252,109.3315
29/9/2022,140.0887,108.3252
30/9/2022,135.8805,105.8136
3/10/2022,140.0592,108.2183
4/10/2022,143.648,111.7718
5/10/2022,143.9429,111.9856
6/10/2022,142.9892,108.8595
7/10/2022,137.7388,105.8225
10/10/2022,138.0633,104.8696
11/10/2022,136.6474,104.9141
12/10/2022,136.0182,104.7093
13/10/2022,140.5902,108.4677
14/10/2022,136.0575,106.9091
17/10/2022,140.0199,108.2272
18/10/2022,141.3374,109.4919
19/10/2022,141.4455,109.1089
20/10/2022,140.9834,114.2655
21/10/2022,144.7983,115.6905
24/10/2022,146.9417,118.1753
25/10/2022,149.7832,118.3891
26/10/2022,146.8434,120.2415
27/10/2022,142.3698,120.0278
28/10/2022,153.1262,123.3587
31/10/2022,150.7664,123.1627
1/11/2022,148.1216,123.0826
2/11/2022,142.5959,121.8625
3/11/2022,136.5491,119.7606
4/11/2022,136.2832,121.9782
7/11/2022,136.815,123.2073
8/11/2022,137.3863,124.7213
9/11/2022,132.8264,123.8201
10/11/2022,144.6446,127.2808
11/11/2022,147.4317,129.0292
14/11/2022,146.0332,129.9575
15/11/2022,147.7665,130.0837
16/11/2022,146.5355,130.2459
17/11/2022,148.4362,131.6608
18/11/2022,148.9976,133.0577
21/11/2022,145.7673,132.1925
22/11/2022,147.9044,134.3735
23/11/2022,148.7809,134.0581
25/11/2022,145.8658,133.7156
28/11/2022,142.0347,131.7419
29/11/2022,139.0309,132.0213
30/11/2022,145.787,134.1933
1/12/2022,146.0628,134.4276
2/12/2022,145.5703,133.986
5/12/2022,144.4082,132.8504
6/12/2022,140.7446,132.9315
7/12/2022,138.8044,132.7243
8/12/2022,140.4885,133.1839
9/12/2022,140.0059,132.526
12/12/2022,142.3006,134.4726
13/12/2022,143.2658,135.6983
14/12/2022,141.04,135.0584
15/12/2022,134.4317,128.2992
16/12/2022,132.4719,126.3165
19/12/2022,130.3643,125.1539
20/12/2022,130.2953,127.3259
21/12/2022,133.3976,128.1009
22/12/2022,130.2264,126.9654
23/12/2022,130.0262,127.6593
27/12/2022,128.2217,128.3533
28/12/2022,124.2872,126.1903
29/12/2022,127.8075,127.1276
30/12/2022,128.1231,126.9744
3/1/2023,123.3307,127.5692
4/1/2023,124.6027,128.5155
5/1/2023,123.2813,127.1727
6/1/2023,127.8174,129.5069
9/1/2023,128.34,129.3717
10/1/2023,128.9119,130.4982
11/1/2023,131.6336,130.9128
12/1/2023,131.5547,131.1741
13/1/2023,132.8859,131.4806
17/1/2023,134.0495,130.8497
18/1/2023,133.3296,126.5418
19/1/2023,133.3888,126.7311
20/1/2023,135.9526,127.2538
23/1/2023,139.1476,127.8486
24/1/2023,140.5478,127.5152
25/1/2023,139.8872,126.8572
26/1/2023,141.958,121.1705
27/1/2023,143.9005,121.1164
30/1/2023,141.0113,121.9365
31/1/2023,142.2834,121.4228
1/2/2023,143.4075,121.7473
2/2/2023,148.7226,122.9189
3/2/2023,152.3514,123.4145
6/2/2023,149.6199,122.7296
7/2/2023,152.4993,122.4232
8/2/2023,149.8073,122.5494
9/2/2023,148.7719,122.0202
10/2/2023,149.1373,123.708
13/2/2023,151.9421,125.3045
14/2/2023,151.3001,124.082
15/2/2023,153.4037,124.4378
16/2/2023,151.8038,123.1606
17/2/2023,150.6582,123.1789
21/2/2023,146.6386,120.1591
22/2/2023,147.0633,119.484
23/2/2023,147.5472,119.3198
24/2/2023,144.8906,119.1191
27/2/2023,146.0856,119.0461
28/2/2023,145.5819,117.9605
1/3/2023,143.5079,116.9478
2/3/2023,144.1005,117.6229
3/3/2023,149.157,118.2707
6/3/2023,151.9223,118.7724
7/3/2023,149.7199,117.0026
8/3/2023,150.9742,116.8201
9/3/2023,148.7225,115.0959
10/3/2023,146.6584,114.4481
13/3/2023,148.604,114.5667
14/3/2023,150.6977,113.7183
15/3/2023,151.0927,112.4684
16/3/2023,153.9172,113.7639
17/3/2023,153.0778,112.8425
20/3/2023,155.448,114.8952
21/3/2023,157.3047,115.4699
22/3/2023,155.8727,113.1709
23/3/2023,156.959,112.5505
24/3/2023,158.2627,114.3022
27/3/2023,156.3171,117.9696
28/3/2023,155.6949,117.997
29/3/2023,158.7762,118.3345
30/3/2023,160.3465,117.8875
31/3/2023,162.855,119.5935
3/4/2023,164.1093,120.4784
4/4/2023,163.576,120.0588
5/4/2023,161.7291,120.5514
6/4/2023,162.618,119.0553
10/4/2023,160.0206,119.5388
11/4/2023,158.8059,118.9823
12/4/2023,158.1145,117.2671
13/4/2023,163.5068,116.6833
14/4/2023,163.1612,116.9022
17/4/2023,163.1809,116.6103
18/4/2023,164.4055,116.5738
19/4/2023,165.5512,115.2418
20/4/2023,164.5833,115.2783
21/4/2023,162.9735,114.7036
24/4/2023,163.2797,114.4025
25/4/2023,161.739,114.8495
26/4/2023,161.7291,114.813
27/4/2023,166.3215,115.8348
28/4/2023,167.5757,115.3239
1/5/2023,167.4868,115.032
2/5/2023,166.4499,114.1836
3/5/2023,165.3734,112.6235
4/5/2023,163.734,111.8207
5/5/2023,171.4175,112.806
8/5/2023,171.3483,112.5779
9/5/2023,169.6398,112.0508
10/5/2023,171.4027,112.8368
11/5/2023,171.5953,111.8011
12/5/2023,170.6656,113.5951
15/5/2023,170.1711,114.076
16/5/2023,170.1711,114.1685
17/5/2023,170.7843,116.2491
18/5/2023,173.1183,116.656
19/5/2023,173.2271,117.6825
22/5/2023,172.2776,117.9044
23/5/2023,169.6668,118.5332
24/5/2023,169.9437,116.2214
25/5/2023,171.081,117.2201
26/5/2023,173.4941,119.1898
30/5/2023,175.3434,119.7354
31/5/2023,175.294,118.9124
1/6/2023,178.1026,120.0498
2/6/2023,178.9531,122.4541
5/6/2023,177.5983,122.6576
6/6/2023,177.2324,122.7038
7/6/2023,175.8577,124.2666
8/6/2023,178.5774,124.2944
9/6/2023,178.963,125.1174
12/6/2023,181.7618,126.1531
13/6/2023,181.2871,127.2443
14/6/2023,181.9201,126.8744
15/6/2023,183.9573,127.9841
16/6/2023,182.8793,127.1333
20/6/2023,182.9683,125.7277
21/6/2023,181.9299,123.6286
22/6/2023,184.9364,121.2982
23/6/2023,184.6199,119.6892
26/6/2023,183.2255,121.4554
27/6/2023,185.9847,122.3802
28/6/2023,187.1616,121.8438
29/6/2023,187.4978,123.9707
30/6/2023,191.8295,123.7395
3/7/2023,190.3361,123.6101
5/7/2023,189.2186,124.1372
6/7/2023,189.6933,122.2137
7/7/2023,188.5758,122.1397
10/7/2023,186.5286,122.898
11/7/2023,186.0045,124.3221
12/7/2023,187.6758,122.8425
13/7/2023,188.4373,123.8413
14/7/2023,188.5857,123.3604
17/7/2023,191.8493,124.1372
18/7/2023,191.5921,125.1729
19/7/2023,192.947,125.2838
20/7/2023,190.9988,127.9656
21/7/2023,189.8219,128.4835
24/7/2023,190.6229,129.0383
25/7/2023,191.4833,129.7688
26/7/2023,192.3536,130.4532
27/7/2023,191.0877,132.2102
28/7/2023,193.669,132.654
31/7/2023,194.2821,133.3291
1/8/2023,193.4464,132.5431
2/8/2023,190.4548,133.3198
3/8/2023,189.0604,133.5788
4/8/2023,179.9817,133.3846
7/8/2023,176.8763,135.1786
8/8/2023,177.8158,134.9289
9/8/2023,176.2236,133.2826
10/8/2023,176.006,133.9935
11/8/2023,176.0655,133.8719
14/8/2023,177.7193,132.7401
15/8/2023,175.7288,132.7027
16/8/2023,174.8573,131.5522
17/8/2023,172.3122,131.5709
18/8/2023,172.7975,132.2724
21/8/2023,174.1344,133.0862
22/8/2023,175.5109,132.3473
23/8/2023,179.3632,134.1432
24/8/2023,174.6691,134.2741
25/8/2023,176.8775,135.9578
28/8/2023,178.4422,136.5845
29/8/2023,182.3341,136.9867
30/8/2023,185.8298,137.3702
31/8/2023,186.0477,137.3422
1/9/2023,187.6223,138.3805
5/9/2023,187.8599,138.5582
6/9/2023,181.1358,138.4927
7/9/2023,175.8377,137.9876
8/9/2023,176.4517,138.1372
11/9/2023,177.6202,138.792
12/9/2023,174.5899,136.8464
13/9/2023,172.5202,137.0803
14/9/2023,174.0353,137.8286
15/9/2023,173.3124,136.5565
18/9/2023,176.2437,135.7146
19/9/2023,177.333,137.0522
20/9/2023,173.7878,140.1483
21/9/2023,172.2429,137.8566
22/9/2023,173.0945,137.417
25/9/2023,174.372,137.0148
26/9/2023,170.292,133.9842
27/9/2023,168.7768,133.9187
28/9/2023,169.0343,132.4314
29/9/2023,169.5493,131.2341
2/10/2023,172.0646,131.7018
3/10/2023,170.7277,131.3183
4/10/2023,171.9755,131.9544
5/10/2023,173.2134,132.3753
6/10/2023,175.7684,132.8523
9/10/2023,177.2538,133.0114
10/10/2023,176.6596,132.9272
11/10/2023,178.056,133.9748
12/10/2023,178.9571,132.1134
13/10/2023,177.1152,129.513
16/10/2023,176.9864,130.2146
17/10/2023,175.4317,131.2528
18/10/2023,174.1344,130.9255
19/10/2023,173.7581,129.0921
20/10/2023,171.2031,128.297
23/10/2023,171.3219,127.5674
24/10/2023,171.7577,128.8863
25/10/2023,169.4404,128.2222
26/10/2023,165.2712,134.4706
27/10/2023,166.5883,133.3107
30/10/2023,168.6382,133.4136
31/10/2023,169.1135,135.2937
1/11/2023,172.2825,136.0046
2/11/2023,175.8476,137.5106
3/11/2023,174.9365,138.343
6/11/2023,177.4915,139.3439
7/11/2023,180.0564,139.2129
8/11/2023,181.116,138.4646
9/11/2023,180.6406,138.7011
10/11/2023,184.8351,140.9715
13/11/2023,183.2486,140.1012
14/11/2023,185.8664,142.2864
15/11/2023,186.4316,144.3392
16/11/2023,188.1173,144.7933
17/11/2023,188.0975,144.6325
20/11/2023,189.8427,146.0136
21/11/2023,189.0395,145.5974
22/11/2023,189.7039,146.7515
24/11/2023,188.3752,146.7988
27/11/2023,188.1967,147.1678
28/11/2023,188.8016,147.2434
29/11/2023,187.7802,147.9624
30/11/2023,188.3553,149.9963
1/12/2023,189.6345,151.8788
4/12/2023,187.8397,152.3991
5/12/2023,191.7962,152.6734
6/12/2023,190.7054,151.6234
7/12/2023,192.6391,151.5666
8/12/2023,194.067,153.2126
11/12/2023,191.5582,154.6789
12/12/2023,193.0754,155.8141
13/12/2023,196.2981,154.783
14/12/2023,196.4468,154.1113
15/12/2023,195.9114,153.468
18/12/2023,194.2455,153.9505
19/12/2023,195.2866,152.8342
20/12/2023,193.1944,151.4058
21/12/2023,193.0456,152.0964
22/12/2023,191.9747,153.3829
26/12/2023,191.4293,154.3951
27/12/2023,191.5285,154.6316
28/12/2023,191.9549,154.906
29/12/2023,190.9137,154.7168
2/1/2024,184.0815,152.7775
3/1/2024,182.7032,151.4531
4/1/2024,180.3828,152.172
5/1/2024,179.6589,150.5639
8/1/2024,184.0022,152.4369
9/1/2024,183.5857,151.4342
10/1/2024,184.6269,152.5221
11/1/2024,184.0319,153.4018
12/1/2024,184.3592,156.8452
16/1/2024,182.0884,157.9426
17/1/2024,181.1464,157.1101
18/1/2024,187.0464,157.8291
19/1/2024,189.9518,162.2185
22/1/2024,192.2622,163.4956
23/1/2024,193.5414,164.5456
24/1/2024,192.8671,164.5361
25/1/2024,192.5399,180.145
26/1/2024,190.8046,177.2975
29/1/2024,190.1204,177.0327
30/1/2024,186.4614,177.7232
31/1/2024,182.8519,173.7406
1/2/2024,185.2913,176.8056
2/2/2024,184.2898,175.7556
5/2/2024,186.1044,173.5136
6/2/2024,187.7108,173.5041
7/2/2024,187.8199,173.8163
8/2/2024,186.739,175.9928
9/2/2024,187.5035,177.883
12/2/2024,185.8156,177.7111
13/2/2024,183.7207,175.3628
14/2/2024,182.837,175.2387
15/2/2024,182.5491,178.3889
16/2/2024,181.0102,179.124
20/2/2024,180.2655,175.1146
21/2/2024,181.0201,171.5443
22/2/2024,183.0555,175.8496
23/2/2024,181.2187,177.2911
26/2/2024,179.8684,175.7733
27/2/2024,181.3279,176.4797
28/2/2024,180.1265,176.8902
29/2/2024,179.4613,176.6324
1/3/2024,178.379,179.6585
4/3/2024,173.8516,184.298
5/3/2024,168.9071,183.2383
6/3/2024,167.9142,187.2573
7/3/2024,167.7951,187.62
8/3/2024,169.5127,187.0568
11/3/2024,171.5183,183.0283
12/3/2024,171.9949,188.8038
13/3/2024,169.9099,187.7728
14/3/2024,171.7665,184.6512
15/3/2024,171.3892,182.3983
18/3/2024,172.4814,182.9902
19/3/2024,174.8246,184.5653
20/3/2024,177.3961,185.1571
21/3/2024,170.1482,183.1906
22/3/2024,171.0517,182.1787
25/3/2024,169.6319,180.2218
26/3/2024,168.5,179.9449
27/3/2024,172.0743,182.1406
28/3/2024,170.2574,182.2933
1/4/2024,168.8177,181.2146
2/4/2024,167.6362,180.3077
3/4/2024,168.4404,182.236
4/4/2024,167.6163,179.4103
5/4/2024,168.3709,180.5559
8/4/2024,167.249,181.205
9/4/2024,168.4603,180.7182
10/4/2024,166.5837,177.5966
11/4/2024,173.792,177.4629
12/4/2024,175.2912,173.9977
15/4/2024,171.4587,173.024
16/4/2024,168.1724,175.4105
17/4/2024,166.8022,174.79
18/4/2024,165.849,173.234
19/4/2024,163.8236,173.339
22/4/2024,164.6576,173.6445
23/4/2024,165.71,173.9213
24/4/2024,167.8149,175.7446
25/4/2024,168.6787,161.244
26/4/2024,168.0929,159.5448
29/4/2024,172.263,159.8312
30/4/2024,169.1156,158.657
1/5/2024,168.0929,156.9673
2/5/2024,171.7963,157.2156
3/5/2024,182.0725,158.1893
6/5/2024,180.4144,160.9576
7/5/2024,181.0995,160.7381
8/5/2024,181.4371,162.1891
9/5/2024,183.254,160.2995
10/5/2024,181.9914,161.1479
13/5/2024,185.2027,161.5432
14/5/2024,186.346,161.3503
15/5/2024,188.6228,162.218
16/5/2024,188.7421,162.9025
17/5/2024,188.7719,162.9604
20/5/2024,189.9352,163.8184
21/5/2024,191.2376,167.2409
22/5/2024,189.796,167.453
23/5/2024,185.7992,164.5415
24/5/2024,188.8813,164.7536
28/5/2024,188.8913,163.5678
29/5/2024,189.1895,161.0515
30/5/2024,190.1837,159.6825
31/5/2024,191.1382,160.8586
3/6/2024,192.9079,159.345
4/6/2024,193.226,159.856
5/6/2024,194.7372,161.3696
6/6/2024,193.3553,162.1602
7/6/2024,195.7513,163.9052
10/6/2024,192.0031,164.2619
11/6/2024,205.952,163.24
12/6/2024,211.8378,162.9314
13/6/2024,213.001,163.0471
14/6/2024,211.2611,163.1339
17/6/2024,215.417,163.4135
18/6/2024,213.0507,164.4258
20/6/2024,208.4674,167.6748
21/6/2024,206.29,166.2672
24/6/2024,206.9363,168.7256
25/6/2024,207.8609,166.4022
26/6/2024,212.0167,165.6984
27/6/2024,212.8618,164.715
28/6/2024,209.4019,166.7396
1/7/2024,215.4965,168.8124
2/7/2024,218.9961,170.9334
3/7/2024,220.2687,169.4198
5/7/2024,225.031,169.6994
8/7/2024,226.5025,171.2612
9/7/2024,227.3575,170.1428
10/7/2024,231.6326,171.454
11/7/2024,226.2539,171.9071
12/7/2024,229.2067,176.2648
15/7/2024,233.0444,176.313
16/7/2024,233.462,179.1378
17/7/2024,227.5563,180.7189
18/7/2024,222.8835,178.569
19/7/2024,223.0128,176.6697
22/7/2024,222.6648,177.5374
23/7/2024,223.7087,177.4892
24/7/2024,217.2761,177.4121
25/7/2024,216.2322,185.0863
26/7/2024,216.6995,184.8645
29/7/2024,216.9779,184.6235
30/7/2024,217.5346,184.18
31/7/2024,220.7957,185.2405
1/8/2024,217.0972,182.8496
2/8/2024,218.5885,182.329
5/8/2024,208.0597,176.7276
6/8/2024,206.0315,180.0923
7/8/2024,208.6066,180.0923
8/8/2024,212.0764,185.6936
9/8/2024,214.9895,186.1896
12/8/2024,216.5223,184.2737
13/8/2024,220.245,185.7423
14/8/2024,220.6929,187.0357
15/8/2024,223.679,188.6209
16/8/2024,225.0029,188.4556
19/8/2024,224.8436,189.3795
20/8/2024,225.4607,190.6438
21/8/2024,225.3512,191.7914
22/8/2024,223.4899,190.5757
23/8/2024,225.7892,190.7119
26/8/2024,226.1276,192.5402
27/8/2024,226.9737,193.2696
28/8/2024,225.4408,193.007
29/8/2024,228.7255,193.4349
30/8/2024,227.9392,196.5762
3/9/2024,221.738,195.7495
4/9/2024,219.8269,198.5018
5/9/2024,221.3499,197.0235
6/9/2024,219.7971,195.2244
9/9/2024,219.8867,197.9377
10/9/2024,219.0904,199.6785
11/9/2024,221.6286,204.1229
12/9/2024,221.738,205.7957
13/9/2024,221.4693,208.8883
16/9/2024,215.3179,211.1932
17/9/2024,215.7857,208.2465
18/9/2024,219.6677,209.0342
19/9/2024,227.8098,208.0131
20/9/2024,227.1429,211.7184
23/9/2024,225.4209,214.4414
24/9/2024,226.3167,214.8985
25/9/2024,225.3213,215.1514
26/9/2024,226.466,217.2909
27/9/2024,226.7348,214.7721
30/9/2024,231.9207,215.0055
1/10/2024,225.1621,213.323
2/10/2024,225.7295,213.6926
3/10/2024,224.6246,216.6004
4/10/2024,225.7494,219.7903
7/10/2024,220.663,220.8795
8/10/2024,224.7241,222.3383
9/10/2024,228.4767,227.8623
10/10/2024,227.979,226.6174
11/10/2024,226.4959,226.8508
14/10/2024,230.2285,228.7959
15/10/2024,232.7667,226.5591
16/10/2024,230.7063,227.2496
17/10/2024,231.0746,226.4813
18/10/2024,233.9114,225.82
21/10/2024,235.3845,225.3823
22/10/2024,234.7674,225.8686
23/10/2024,229.691,226.3548
24/10/2024,229.5019,212.3894
25/10/2024,230.338,208.7716
28/10/2024,232.3188,207.06
29/10/2024,232.5875,204.6481
30/10/2024,229.0341,199.2701
31/10/2024,224.8635,201.0401
1/11/2024,221.8774,202.528
4/11/2024,220.9815,200.6511
5/11/2024,222.4149,201.8667
6/11/2024,221.6883,207.731
7/11/2024,226.4262,207.8185
8/11/2024,226.1572,207.8477
11/11/2024,223.4368,207.7018
12/11/2024,223.4368,206.6825
13/11/2024,224.3237,206.7413
14/11/2024,227.4127,204.8495
15/11/2024,224.2041,200.9287
18/11/2024,227.2134,203.9673
19/11/2024,227.4725,206.0845
20/11/2024,228.19,210.3484
21/11/2024,227.7117,217.9938
22/11/2024,229.0569,218.5525
25/11/2024,232.0463,221.6499
26/11/2024,234.2285,224.2964
27/11/2024,234.099,222.4243
29/11/2024,236.4905,222.9046
2/12/2024,238.7425,222.885
3/12/2024,241.7917,224.4631
4/12/2024,242.1504,228.8641
5/12/2024,242.1803,230.0991
6/12/2024,241.981,233.324
9/12/2024,245.8772,225.4432
10/12/2024,246.8936,227.1292
11/12/2024,245.6181,225.5609
12/12/2024,247.0829,227.6585
13/12/2024,247.2523,226.247
16/12/2024,250.152,224.7865
17/12/2024,252.5834,224.4337
18/12/2024,247.1726,215.808
19/12/2024,248.9064,219.4837
20/12/2024,253.5898,218.9348
23/12/2024,254.367,217.5331
24/12/2024,257.2867,219.964
26/12/2024,258.1037,220.4345
27/12/2024,254.6859,218.3663
30/12/2024,251.3079,215.8864
31/12/2024,249.5342,215.4747
2/1/2025,242.9874,215.5826
3/1/2025,242.4992,218.2389
6/1/2025,244.1334,218.2585
7/1/2025,241.3532,219.5229
8/1/2025,241.8415,218.7584
10/1/2025,236.0122,215.3963
13/1/2025,233.5708,213.0929
14/1/2025,232.4548,213.436
15/1/2025,237.0286,215.6708
16/1/2025,227.4526,218.2487
17/1/2025,229.1665,220.3365
21/1/2025,221.8525,219.817
22/1/2025,223.0383,218.8368
23/1/2025,222.8688,221.5617
24/1/2025,221.992,220.3463
27/1/2025,229.0469,219.6896
28/1/2025,237.4172,221.1892
29/1/2025,238.5133,224.1004
30/1/2025,236.7496,253.1532
31/1/2025,235.1652,250.6341
3/2/2025,227.2035,255.5645
4/2/2025,231.9765,259.2205
5/2/2025,231.6477,258.0835
6/2/2025,232.395,248.4189
7/2/2025,226.8248,247.3406
10/2/2025,227.0941,245.9593
11/2/2025,232.052,251.3171
12/2/2025,236.2916,252.4124
13/2/2025,240.9403,255.7475
14/2/2025,244.0028,257.8097
18/2/2025,243.8731,259.576
19/2/2025,244.2721,260.8094
20/2/2025,245.2297,261.2238
21/2/2025,244.9504,258.0071
24/2/2025,246.4967,258.3919
25/2/2025,246.4368,254.3266
26/2/2025,239.7731,252.442
27/2/2025,236.7206,249.8667
28/2/2025,241.2495,249.0872
3/3/2025,237.4488,246.867
4/3/2025,235.3539,249.8469
5/3/2025,235.1644,248.0116
6/3/2025,234.7554,245.387
7/3/2025,238.4863,258.0663
10/3/2025,226.9246,253.4879
11/3/2025,220.3008,245.6435
12/3/2025,216.4502,246.3145
13/3/2025,209.168,242.5353
14/3/2025,212.9687,245.0515
17/3/2025,213.4775,249.6101
18/3/2025,212.1707,243.6701
19/3/2025,214.7145,248.9391
20/3/2025,213.5772,240.0883
21/3/2025,217.7371,240.631
24/3/2025,220.191,245.1501
25/3/2025,223.2037,246.5809
26/3/2025,220.9891,247.015
27/3/2025,223.3034,242.9399
28/3/2025,217.3679,240.7592
31/3/2025,221.5876,245.3574
1/4/2025,222.645,247.015
2/4/2025,223.3433,246.6598
3/4/2025,202.6939,240.256
4/4/2025,187.92,224.4587
7/4/2025,181.0169,222.7812
8/4/2025,171.999,218.0943
9/4/2025,198.3645,232.1847
10/4/2025,189.955,226.5012
11/4/2025,197.6662,232.3524
14/4/2025,202.0255,235.8849
15/4/2025,201.6464,237.5031
16/4/2025,193.7956,235.4014
17/4/2025,196.499,235.6382
21/4/2025,192.6884,233.0826
22/4/2025,199.2523,237.7004
23/4/2025,204.1004,242.2196
24/4/2025,207.8612,226.2841
25/4/2025,208.769,229.3232
28/4/2025,209.6269,233.0234
29/4/2025,210.6943,236.2105
30/4/2025,211.9811,238.6082
1/5/2025,212.7991,236.4769
2/5/2025,204.8486,242.2887
5/5/2025,198.4044,245.8704
6/5/2025,198.0253,245.8112
7/5/2025,195.7708,250.0048
8/5/2025,197.0078,250.7646
9/5/2025,198.0452,247.5265
12/5/2025,210.5511,251.9863
13/5/2025,212.6886,256.8534
14/5/2025,212.0893,256.0886
15/5/2025,211.2103,264.8891
16/5/2025,211.0205,264.9685
19/5/2025,208.5433,266.6075
20/5/2025,206.6255,265.1573
21/5/2025,201.8609,259.1181
22/5/2025,201.1317,256.6349
23/5/2025,195.0487,256.8931
27/5/2025,199.9831,261.4622
28/5/2025,200.1928,258.4923
29/5/2025,199.7233,256.9527
30/5/2025,200.6223,257.3202
2/6/2025,201.4714,262.1277
3/6/2025,203.0396,263.419
4/6/2025,202.5901,263.7369
5/6/2025,200.4026,265.0679
6/6/2025,203.6888,267.0643
9/6/2025,201.2216,270.2528
10/6/2025,202.4403,274.3848
11/6/2025,198.5547,279.6294
12/6/2025,198.9742,279.1427
13/6/2025,196.2273,275.3583
16/6/2025,198.1951,279.9373
17/6/2025,195.4182,281.1491
18/6/2025,196.3572,281.3081
20/6/2025,200.7721,279.0831
23/6/2025,201.2716,287.238
24/6/2025,200.0729,291.817
25/6/2025,201.3315,289.1053
26/6/2025,200.7721,289.9695
27/6/2025,200.8521,287.7545
30/6/2025,204.9374,292.8004
1/7/2025,207.5844,289.2444
2/7/2025,212.1992,285.7182
3/7/2025,213.3079,290.0092
7/7/2025,209.712,290.5059
8/7/2025,209.7719,288.4696
9/7/2025,210.9007,288.1915
10/7/2025,212.1692,285.4997
11/7/2025,210.9206,281.6855
14/7/2025,208.3835,281.8842
15/7/2025,208.873,280.8015
16/7/2025,209.9218,280.0267
17/7/2025,209.7819,280.1062
18/7/2025,210.9406,283.9502
21/7/2025,212.2391,282.798
22/7/2025,214.157,280.0664
23/7/2025,213.9072,280.1161
24/7/2025,213.5177,258.7605
25/7/2025,213.6376,257.9758
28/7/2025,213.8074,261.4424
29/7/2025,211.0305,260.6477
30/7/2025,208.813,258.5122
31/7/2025,207.3347,251.4499
1/8/2025,202.1506,248.3708
4/8/2025,203.1195,250.2878
5/8/2025,202.69,248.9866
6/8/2025,213.0083,250.5858
7/8/2025,219.7806,248.48
8/8/2025,229.09,242.27
11/8/2025,227.18,236.3
12/8/2025,229.65,234.77
13/8/2025,233.33,240.07
14/8/2025,232.78,237.11
15/8/2025,231.59,239.72