Time,AAPL,AMGN,AMZN,AXP,BA,CAT,CRM,CSCO,CVX,DIS,GS,HD,HON,IBM,JNJ,JPM,KO,MCD,MMM,MRK,MSFT,NKE,NVDA,PG,SHW,TRV,UNH,V,VZ,WMT
2015-01-02,27.3325,159.89,15.426,93.02,129.95,91.88,59.24,27.61,112.58,93.75,194.41,103.43,94.5566,162.06,104.52,62.49,42.14,93.26,136.7167,57.19,46.76,47.515,0.5033,90.44,87.48,105.44,100.78,66.255,46.96,28.6333
2015-01-05,26.5625,157.99,15.1095,90.56,129.05,87.03,58.17,27.06,108.08,92.38,188.34,101.26,92.7547,159.51,103.79,60.55,42.14,92.23,133.6333,58.04,46.33,46.75,0.4948,90.01,87.22,104.17,99.12,64.7925,46.57,28.55
2015-01-06,26.565,152.9,14.7645,88.63,127.53,86.47,57.2,27.05,108.03,91.89,184.53,100.95,92.5377,156.07,103.28,58.98,42.46,92.4,132.2083,60.32,45.65,46.475,0.4798,89.6,86.9567,103.24,98.92,64.375,47.04,28.77
2015-01-07,26.9375,158.24,14.921,90.3,129.51,87.81,56.93,27.3,107.94,92.83,187.28,104.41,93.2076,155.05,105.56,59.07,42.99,94.01,133.1667,61.61,46.23,47.435,0.4785,90.07,88.44,105.0,99.93,65.2375,46.19,29.5333
2015-01-08,27.9725,157.67,15.023,91.58,131.8,88.71,58.59,27.51,110.41,93.79,190.27,106.72,94.9057,158.42,106.39,60.39,43.51,94.36,136.3583,62.85,47.59,48.53,0.4965,91.1,90.86,107.18,104.7,66.1125,47.18,30.1567
2015-01-09,28.0025,155.73,14.8465,90.42,131.54,87.65,58.16,27.79,108.21,94.25,187.35,104.89,93.3302,159.11,104.94,59.34,43.03,93.21,134.6833,62.56,47.19,47.995,0.4985,90.25,91.4733,105.83,103.72,65.1325,46.76,29.7833
2015-01-12,27.3125,156.22,14.5705,89.5,130.87,86.89,57.73,28.05,105.88,94.46,185.07,104.42,92.8774,156.44,104.58,58.83,42.64,93.01,133.95,62.3,46.6,47.93,0.4923,89.92,90.3667,105.2,102.55,65.005,47.08,30.0067
2015-01-13,27.555,155.14,14.737,89.23,131.17,86.37,57.97,28.09,104.2,95.19,184.93,103.73,93.5377,156.81,104.76,58.84,42.63,92.83,133.85,62.19,46.35,47.505,0.4915,90.3,89.7133,105.36,103.07,65.195,47.18,29.77
2015-01-14,27.45,155.16,14.6635,87.07,130.38,86.07,57.25,27.92,103.9,94.23,180.23,102.64,93.1038,155.8,104.0,56.81,42.56,91.54,133.2,62.64,45.96,46.855,0.4935,89.99,89.74,103.77,103.33,63.89,46.97,28.87
2015-01-15,26.705,151.92,14.3475,85.88,130.14,84.32,55.11,27.41,102.67,94.35,178.49,101.01,91.6132,154.57,102.49,54.99,42.38,91.38,133.05,61.88,45.48,46.405,0.49,89.86,90.1967,104.21,104.46,63.2825,47.1,29.1267
2015-01-16,26.4975,158.43,14.537,86.04,130.78,83.86,56.64,27.68,105.12,95.18,177.23,104.12,92.6604,157.14,104.04,55.93,42.53,91.49,135.0,63.03,46.24,46.495,0.499,91.25,91.2733,106.54,105.77,63.7375,47.99,28.9233
2015-01-20,27.18,157.6,14.472,87.26,131.22,83.97,57.29,28.07,106.47,94.74,175.63,103.25,93.3774,156.95,101.29,55.71,43.16,90.8,134.95,62.61,46.39,46.805,0.5005,91.19,90.8367,105.84,105.62,64.21,48.18,28.8967
2015-01-21,27.3875,157.38,14.8625,87.67,132.41,85.37,57.71,27.84,108.16,94.17,177.15,103.53,93.6321,152.09,101.9,55.89,43.36,90.34,135.45,62.16,45.92,46.755,0.5075,90.73,91.0733,105.01,109.32,64.32,48.25,28.88
2015-01-22,28.1,159.57,15.516,84.37,135.64,86.82,58.0,28.5,108.92,95.15,182.04,106.07,93.7642,155.39,103.76,57.59,43.78,90.89,138.2417,62.59,47.13,47.925,0.5163,91.62,92.37,108.17,113.85,64.4,47.8,29.4333
2015-01-23,28.245,159.81,15.6195,84.13,134.62,85.61,58.62,28.21,106.85,94.72,180.49,105.37,96.6981,155.87,102.2,56.68,43.31,89.56,136.6833,62.49,47.18,48.08,0.5177,90.08,91.3367,107.0,112.0,64.5725,47.15,29.5033
2015-01-26,28.275,159.73,15.483,83.3,134.07,86.03,59.78,27.97,108.88,94.97,180.42,106.36,96.1226,156.36,102.26,56.77,43.0,90.67,136.8667,62.82,47.01,48.175,0.5153,89.58,91.7633,107.07,111.61,64.1325,46.96,29.5433
2015-01-27,27.285,158.89,15.3375,82.4,132.48,79.85,57.79,26.9,108.26,93.97,176.49,105.16,95.1887,153.67,102.09,56.2,42.39,89.57,136.3583,62.56,42.66,47.25,0.4908,86.49,91.3933,106.05,110.01,62.7475,46.35,29.1767
2015-01-28,28.8275,154.64,15.1955,81.73,139.64,80.01,56.35,26.81,103.71,92.67,173.05,104.74,94.1698,151.55,101.48,54.75,41.92,88.78,136.6167,61.45,41.19,46.655,0.4828,85.15,90.31,104.58,108.46,61.59,46.05,28.94
2015-01-29,29.725,156.37,15.589,82.0,147.78,80.0,58.1,27.22,103.0,93.22,175.99,107.62,94.5,155.48,102.38,55.67,42.1,93.27,138.4417,62.09,42.01,47.435,0.4945,85.67,91.6233,104.54,109.39,62.0,46.11,29.24
2015-01-30,29.29,152.26,17.7265,80.69,145.37,79.97,56.45,26.36,102.53,90.96,172.41,104.42,92.2264,153.31,100.14,54.38,41.17,92.44,135.25,60.28,40.4,46.125,0.48,84.29,90.4233,102.82,106.25,63.7275,45.71,28.3267
2015-02-02,29.6575,152.5,18.2235,82.13,146.26,80.84,57.28,26.83,106.06,91.93,175.49,104.43,94.1226,154.66,100.83,55.47,41.59,92.51,137.0167,60.88,41.28,45.96,0.4905,85.12,90.9533,104.58,107.29,63.835,46.98,28.57
2015-02-03,29.6625,152.23,18.1775,83.73,147.34,83.92,58.61,27.12,109.53,94.1,180.24,107.24,95.5377,158.47,102.46,56.72,41.63,93.92,138.2833,61.02,41.6,46.675,0.5028,85.95,91.19,106.04,107.81,64.9475,47.83,28.73
2015-02-04,29.89,151.45,18.2375,83.61,147.22,81.95,58.99,26.69,108.35,101.28,178.78,108.41,95.0472,156.96,101.36,56.38,41.68,94.05,137.3417,59.05,41.84,46.27,0.504,85.79,91.3667,106.73,107.92,66.2225,47.8,28.8833
2015-02-05,29.985,153.36,18.6945,84.73,148.6,83.57,59.26,27.26,109.31,102.64,180.77,108.99,96.5472,157.91,102.46,56.77,41.79,94.34,138.7917,59.17,42.45,46.67,0.5123,86.7,92.6333,107.41,108.82,67.95,47.86,29.0933
2015-02-06,29.7325,151.4,18.714,85.01,148.0,83.21,59.17,27.24,109.61,102.02,183.43,109.04,95.9906,156.72,101.1,57.89,41.45,93.99,138.3917,58.79,42.41,45.895,0.51,85.61,93.4367,107.2,107.6,66.855,49.33,29.11
2015-02-09,29.93,150.01,18.528,84.98,147.58,84.67,57.98,27.12,110.43,101.73,182.22,108.34,95.8396,155.75,99.78,57.82,41.23,92.72,137.3667,58.33,42.36,45.585,0.5095,85.05,91.4633,105.77,106.49,66.365,49.09,28.6367
2015-02-10,30.505,152.57,18.6495,85.84,148.04,83.9,58.79,27.49,110.18,101.92,184.56,110.67,96.6415,158.56,100.35,58.46,42.4,94.02,138.1833,58.85,42.6,46.375,0.5238,85.39,93.3533,106.52,108.97,66.1375,49.51,29.0967
2015-02-11,31.22,153.11,18.757,86.01,147.92,83.41,58.8,26.93,109.98,101.87,187.65,110.31,96.6321,158.2,100.38,58.37,42.37,94.21,137.0667,58.74,42.38,45.655,0.5203,85.64,92.65,107.77,109.85,66.4975,49.81,28.78
2015-02-12,31.615,153.18,18.8585,80.48,148.09,83.53,61.26,29.46,110.86,103.58,189.78,112.16,97.6415,158.52,98.44,59.57,42.17,95.09,138.2583,58.88,43.09,46.0,0.5575,86.03,94.34,108.04,109.84,67.7275,49.52,28.63
2015-02-13,31.77,153.48,19.0915,78.08,149.73,85.13,62.85,29.43,112.78,104.17,189.0,111.89,98.4717,160.4,99.62,59.67,41.99,95.65,138.2833,58.81,43.87,46.02,0.5578,85.9,95.0,108.0,109.44,67.4075,49.31,28.6033
2015-02-17,31.9575,154.24,18.7715,79.08,149.92,85.38,62.07,29.31,112.4,104.12,190.02,112.0,98.1132,160.96,100.44,60.1,41.81,94.35,139.1,58.79,43.58,45.93,0.5595,85.49,95.3667,108.0,109.76,67.7175,49.18,28.6533
2015-02-18,32.1775,155.78,18.6685,79.78,151.17,84.8,63.0,29.49,110.44,103.86,188.67,111.99,98.6981,162.19,99.96,59.37,41.73,94.58,139.5,58.8,43.53,46.81,0.553,86.26,96.0167,107.98,109.77,67.28,48.94,28.7633
2015-02-19,32.1125,156.05,18.9495,78.4,153.75,83.3,62.81,29.31,108.35,103.89,189.11,110.94,98.7736,163.89,100.7,59.23,42.11,94.19,139.2417,58.3,43.5,46.85,0.5543,85.21,95.5867,107.99,110.03,67.275,48.91,27.84
2015-02-20,32.3725,157.66,19.183,79.83,158.31,84.44,63.74,29.61,108.6,104.55,191.51,112.24,99.3962,163.65,100.26,59.8,41.97,94.19,140.1,58.35,43.85,47.465,0.5583,84.87,96.5833,107.82,112.62,68.25,48.97,28.1
2015-02-23,33.25,158.42,19.007,80.3,154.74,83.49,62.58,29.63,107.86,104.99,190.31,112.28,98.4717,162.91,100.18,59.35,41.85,94.31,140.675,58.3,44.15,47.505,0.554,85.39,96.52,107.08,116.4,68.2525,48.77,28.2
2015-02-24,33.0425,157.37,18.9295,80.86,154.38,84.5,61.93,29.63,107.96,104.67,192.22,116.75,98.3962,164.83,100.7,60.82,42.13,94.98,140.9333,58.36,44.09,47.71,0.5578,85.5,96.8733,107.55,115.43,68.1175,49.22,28.19
2015-02-25,32.1975,158.08,19.2685,82.17,153.01,85.15,62.87,29.49,108.58,105.57,191.72,116.31,98.4811,162.81,101.21,61.14,42.05,98.66,140.7417,58.49,43.99,48.41,0.5535,85.46,95.9167,106.91,114.05,68.2525,49.2,27.8567
2015-02-26,32.6025,158.97,19.24,83.25,151.73,83.8,70.24,29.91,107.06,104.56,192.2,115.38,97.7736,160.87,102.8,61.58,42.46,99.51,141.3417,58.96,44.06,48.495,0.555,85.17,95.9,107.82,113.66,68.4375,49.37,27.9333
2015-02-27,32.115,157.72,19.008,81.59,150.85,82.9,69.38,29.51,106.68,104.08,189.79,114.75,96.9623,161.94,102.51,61.28,43.3,98.9,140.5417,58.54,43.85,48.56,0.5515,85.13,95.0667,107.44,113.63,67.8275,49.45,27.9767
2015-03-02,32.2725,159.63,19.2825,82.03,153.8,83.0,68.46,30.19,105.9,105.89,191.79,116.12,98.6604,160.48,103.22,61.77,43.2,100.0,142.0833,58.58,43.88,49.375,0.5648,85.41,96.9633,107.9,114.4,69.5725,49.47,27.9867
2015-03-03,32.34,158.56,19.2305,81.91,155.57,82.84,66.95,29.54,105.16,106.35,191.27,116.07,98.1509,161.03,102.34,61.97,42.95,99.74,140.225,58.34,43.28,48.985,0.5545,85.16,95.31,107.4,112.86,68.825,49.55,27.79
2015-03-04,32.135,159.19,19.136,80.63,154.35,81.73,64.88,29.33,105.16,105.57,189.67,114.76,97.217,159.42,101.65,62.13,42.5,100.25,139.3,57.88,43.06,48.76,0.5608,84.35,95.3033,106.88,113.82,68.4375,49.07,27.5267
2015-03-05,31.6025,159.6,19.3915,81.15,154.47,81.51,65.59,29.3,104.73,105.03,190.08,115.91,97.2925,161.18,102.52,62.0,42.4,99.11,139.6417,57.98,43.11,49.23,0.5715,84.63,96.39,107.6,114.79,68.5325,48.92,27.8567
2015-03-06,31.65,154.88,19.0045,80.31,153.12,80.06,64.56,28.92,103.55,103.82,186.91,114.45,96.1038,158.5,100.11,60.89,41.52,97.13,136.9667,56.84,42.36,48.455,0.5637,82.66,95.48,105.8,112.88,67.335,48.29,27.53
2015-03-09,31.785,155.01,18.928,80.51,154.75,80.81,65.48,29.36,103.95,105.26,187.93,115.25,97.3019,160.77,100.66,61.5,41.39,97.71,138.6417,57.26,42.85,48.715,0.5653,83.09,95.2467,106.72,114.9,67.855,48.23,27.6267
2015-03-10,31.1275,153.58,18.4755,79.11,152.42,79.91,63.76,28.66,102.91,103.09,182.71,112.56,95.4434,157.81,99.53,59.96,40.69,96.29,135.2167,56.58,42.03,48.255,0.575,81.54,93.82,104.73,112.46,66.3,47.51,27.3567
2015-03-11,30.56,152.7,18.3185,79.45,151.17,79.7,63.68,28.26,103.54,102.89,184.18,113.07,94.9528,156.8,98.32,60.24,40.1,94.96,134.775,56.06,41.98,47.67,0.572,81.39,93.65,105.67,112.72,66.1875,47.68,26.8967
2015-03-12,31.1125,154.25,18.712,81.56,152.04,80.19,64.95,28.24,102.42,107.17,189.95,116.1,96.6604,157.98,99.83,61.37,40.57,96.25,137.0583,56.17,41.02,48.52,0.5668,82.09,95.0767,107.83,114.88,67.395,48.73,27.3
2015-03-13,30.8975,154.26,18.529,80.6,151.57,79.23,64.6,27.94,101.62,106.44,189.34,114.82,95.4434,154.28,99.21,61.0,39.91,96.35,135.6167,56.2,41.38,47.905,0.5675,81.83,95.08,106.72,115.25,66.2575,48.84,27.3
2015-03-16,31.2375,163.03,18.6675,81.5,153.67,79.97,66.43,28.3,103.13,107.37,191.9,116.5,96.9623,157.08,101.06,61.85,40.29,97.15,138.5083,57.12,41.56,48.22,0.5743,83.56,96.0467,108.93,118.52,67.255,49.27,27.7633
2015-03-17,31.76,163.07,18.596,81.06,154.51,78.45,67.55,28.15,103.17,106.96,190.57,115.58,96.4245,156.96,99.89,61.61,40.51,96.17,136.8583,56.47,41.69,48.27,0.5813,82.85,95.35,108.75,117.6,66.125,48.95,27.54
2015-03-18,32.1175,166.54,18.757,81.86,155.73,81.33,68.55,28.15,106.7,107.97,192.32,116.08,97.9623,159.81,101.46,61.75,40.6,97.0,138.725,57.65,42.5,48.755,0.5718,83.75,94.2667,109.52,119.96,66.9175,49.54,27.51
2015-03-19,31.875,169.11,18.662,81.54,154.11,80.09,68.88,28.26,104.75,107.37,189.97,115.16,97.1887,159.81,101.69,61.2,40.02,95.98,138.05,58.21,42.28,49.16,0.5805,83.38,94.83,109.11,120.76,66.81,49.3,27.1733
2015-03-20,31.475,170.1,18.9245,82.7,154.5,81.19,67.69,28.44,107.03,108.43,193.13,117.49,99.434,162.88,102.4,61.75,40.65,97.05,138.7417,58.58,42.88,50.99,0.5867,84.74,96.6667,109.73,119.14,67.41,49.56,27.7467
2015-03-23,31.8025,166.54,18.7555,82.2,152.81,81.09,67.66,28.41,105.92,108.22,191.96,116.07,98.3962,164.63,102.98,61.14,40.62,98.62,138.4417,58.73,42.85,50.73,0.5678,84.86,95.9533,109.62,119.04,67.08,49.64,27.77
2015-03-24,31.6725,166.01,18.7045,81.37,151.65,80.48,67.37,28.0,104.2,107.11,191.28,116.15,98.1698,163.0,101.96,60.46,40.47,99.36,138.6,58.63,42.9,50.325,0.56,83.92,95.2867,109.23,118.12,67.1,49.41,27.6833
2015-03-25,30.845,160.62,18.548,80.11,148.23,79.86,65.78,27.46,105.67,105.0,187.35,113.68,96.1604,159.2,100.34,59.61,40.45,98.14,135.5833,58.26,41.46,49.495,0.526,83.01,93.7833,107.61,116.54,65.73,48.73,27.1067
2015-03-26,31.06,160.55,18.3675,78.48,148.17,79.88,65.99,27.09,105.25,105.24,187.24,112.37,96.3868,160.59,100.14,59.54,40.35,97.64,135.4917,57.6,41.21,49.665,0.5242,82.15,93.1067,106.83,116.25,65.59,48.42,27.2967
2015-03-27,30.8125,162.59,18.528,77.97,148.85,79.67,66.55,27.13,104.28,105.48,188.06,113.86,97.1321,160.4,100.34,59.55,40.08,96.96,136.25,57.75,40.97,49.94,0.5345,82.31,93.8933,107.13,118.01,65.54,48.56,27.1167
2015-03-30,31.5925,164.3,18.7295,78.05,152.7,81.37,66.85,27.65,106.9,106.12,191.02,114.63,98.9717,162.67,101.55,60.96,40.51,97.88,138.375,58.34,40.96,50.445,0.5368,82.72,94.7467,109.64,121.0,65.66,49.12,27.51
2015-03-31,31.1075,159.85,18.605,78.12,150.08,80.03,66.81,27.52,104.98,104.89,187.97,113.61,98.4057,160.5,100.6,60.58,40.55,97.44,137.4583,57.48,40.65,50.165,0.523,81.94,94.8333,108.13,118.29,65.41,48.63,27.4167
2015-04-01,31.0625,157.1,18.513,78.93,148.64,79.64,66.08,27.25,104.79,105.44,192.23,113.13,97.3962,159.18,99.15,59.95,40.68,96.29,135.4333,56.86,40.72,49.775,0.5253,82.32,95.2733,107.11,117.45,65.18,48.92,26.9033
2015-04-02,31.33,155.88,18.6125,79.7,149.28,80.24,66.68,27.13,105.28,106.0,191.55,114.54,97.651,160.45,99.64,60.52,40.68,95.83,135.6667,57.1,40.29,49.83,0.5265,82.43,94.7833,107.74,117.36,65.29,49.47,26.91
2015-04-06,31.8375,155.28,18.852,79.63,150.93,81.49,67.94,27.22,106.92,105.63,192.05,114.95,98.5755,162.04,99.16,60.47,41.17,96.28,137.9,57.18,41.54,49.865,0.5418,83.04,95.6267,108.13,117.7,65.2,49.63,26.9967
2015-04-07,31.5025,157.28,18.7205,78.33,152.32,80.54,68.2,27.39,108.54,105.43,192.39,114.3,98.2359,162.07,100.1,60.85,41.01,96.35,138.5083,57.43,41.53,49.805,0.5465,82.39,95.8667,107.34,117.35,65.8,49.27,26.8333
2015-04-08,31.4,160.33,19.06,78.69,153.36,80.44,68.21,27.55,106.66,106.36,192.56,115.59,97.9717,161.85,100.16,61.05,40.89,96.85,138.5583,57.15,41.42,50.42,0.5505,82.77,96.8833,107.34,118.19,66.5,49.13,27.01
2015-04-09,31.64,161.49,19.177,79.16,153.42,80.68,67.74,27.63,106.95,106.77,194.89,114.57,98.4811,162.34,101.33,61.47,41.05,96.55,138.9917,57.43,41.48,50.36,0.563,82.89,97.0167,107.3,118.55,66.44,49.01,26.9467
2015-04-10,31.775,163.38,19.1325,79.59,154.38,82.6,67.64,28.04,106.91,106.95,195.64,115.24,98.7736,162.86,102.06,61.7,40.88,97.8,139.225,57.25,41.72,49.985,0.569,83.35,96.8833,107.65,119.0,66.34,49.22,26.8833
2015-04-13,31.7125,162.49,19.118,79.27,153.24,82.14,67.08,27.98,106.5,106.51,195.58,114.44,97.434,162.38,100.55,62.07,40.7,97.44,138.2,56.73,41.76,49.635,0.5637,83.43,96.6,107.87,119.37,65.61,49.04,26.7633
2015-04-14,31.575,162.57,19.2555,79.49,153.21,83.0,66.91,27.81,108.84,106.66,197.72,114.05,97.4057,162.3,100.52,63.04,40.51,97.58,138.325,57.76,41.65,49.765,0.559,83.6,96.73,107.79,119.92,65.53,49.18,26.7167
2015-04-15,31.695,165.47,19.1725,79.75,152.43,85.16,67.21,28.25,110.41,106.98,201.1,113.45,97.9151,164.13,100.6,64.21,40.4,96.44,138.7,58.45,42.26,49.915,0.5658,83.51,96.2433,108.08,117.32,65.68,49.39,26.58
2015-04-16,31.5425,166.87,19.302,80.91,151.97,84.34,67.91,28.6,110.16,108.1,200.21,113.37,98.0377,163.13,99.79,63.81,40.6,95.63,138.2417,57.84,42.16,49.95,0.5623,83.5,94.6033,108.67,121.6,65.65,49.27,26.4133
2015-04-17,31.1875,163.58,18.778,77.32,149.6,83.28,65.81,27.92,109.11,106.69,197.35,112.1,95.9434,160.67,99.58,62.84,40.3,94.88,134.7583,56.88,41.62,49.275,0.555,82.53,94.0467,105.4,118.71,64.52,48.9,25.96
2015-04-20,31.9,165.97,19.4755,77.23,152.67,84.6,66.9,28.48,110.29,108.22,198.1,112.86,96.7736,166.16,100.21,63.24,40.66,96.18,137.0917,57.61,42.9,49.995,0.5523,82.87,93.97,106.14,118.58,64.72,49.38,26.0467
2015-04-21,31.7275,168.46,19.559,77.28,153.33,83.92,67.38,28.69,109.73,107.68,196.84,113.17,95.5943,164.26,100.3,62.31,40.78,94.87,136.6667,57.66,42.63,50.145,0.5515,83.08,94.14,101.88,119.28,65.35,49.17,26.01
2015-04-22,32.155,169.1,19.49,78.44,151.19,84.87,67.71,28.62,109.5,107.94,198.32,112.99,96.4057,165.36,100.43,62.94,41.31,97.84,137.225,57.69,42.99,50.075,0.5578,83.09,93.88,102.02,117.81,68.01,49.57,26.1433
2015-04-23,32.4175,169.17,19.4995,78.15,149.87,84.79,68.47,28.67,109.97,109.0,199.31,113.96,97.1792,170.24,100.46,62.8,40.95,97.0,133.05,57.51,43.34,50.555,0.5555,80.95,94.12,103.48,118.26,67.72,50.05,26.3933
2015-04-24,32.57,167.91,22.255,77.99,148.4,84.6,67.83,28.82,109.87,109.53,197.99,113.7,96.6981,169.78,101.08,62.6,40.89,98.74,132.4917,57.6,47.87,50.475,0.5508,81.0,94.2067,103.95,118.69,67.48,50.03,26.6133
2015-04-27,33.1625,162.38,21.928,77.49,147.8,85.33,67.84,28.89,109.7,110.16,196.52,111.39,96.7359,170.73,100.58,62.34,40.83,96.44,131.65,57.1,48.03,50.47,0.555,80.6,94.3033,103.33,116.24,67.1,50.08,26.4567
2015-04-28,32.64,162.49,21.4655,77.49,147.51,86.2,66.89,29.32,111.12,109.92,197.49,110.58,97.1038,173.92,100.74,62.76,40.77,96.83,131.9417,59.98,49.15,49.93,0.5578,80.42,93.96,103.68,117.59,66.77,50.55,26.3667
2015-04-29,32.16,160.98,21.4685,77.16,146.15,87.5,74.65,29.05,111.73,109.81,198.56,108.71,95.9811,174.4,100.39,63.6,40.49,97.02,130.8083,59.68,49.06,50.085,0.5535,79.85,93.0667,102.85,113.61,67.34,50.47,25.96
2015-04-30,31.2875,157.91,21.089,77.45,143.34,86.88,72.82,28.83,111.06,108.72,196.42,106.98,95.2075,171.29,99.2,63.26,40.56,96.55,130.325,59.56,48.64,49.42,0.5548,79.51,92.6667,101.11,111.4,66.05,50.44,26.0167
2015-05-01,32.2375,160.36,21.1435,77.68,144.67,87.37,73.36,29.13,109.04,110.52,197.53,109.55,96.6981,173.67,100.13,63.61,40.91,97.8,131.4,59.86,48.65,50.39,0.5688,80.29,94.0533,102.12,113.2,65.77,50.41,26.2
2015-05-04,32.175,162.11,21.152,78.28,144.02,87.3,71.6,29.17,108.32,111.03,199.3,110.06,96.7736,173.97,100.35,64.72,40.96,96.13,132.5167,60.64,48.24,50.415,0.5653,80.35,93.3467,102.17,114.56,65.58,50.52,26.3933
2015-05-05,31.45,159.44,21.0595,77.84,142.91,87.0,72.75,28.89,108.0,110.81,197.29,108.06,95.7925,173.08,99.5,64.4,40.75,96.13,131.5917,60.49,47.6,50.21,0.5508,80.07,91.6433,102.05,113.37,65.96,50.09,26.0433
2015-05-06,31.2525,158.95,20.955,77.85,141.04,86.99,73.79,28.97,107.95,109.72,196.25,108.31,95.2736,170.05,99.17,63.92,40.66,96.39,131.3667,60.26,46.28,50.11,0.5525,80.4,92.63,101.77,113.49,65.67,49.64,25.8833
2015-05-07,31.315,157.9,21.344,78.43,141.49,86.43,74.52,28.81,107.57,109.26,197.39,110.04,95.2925,170.99,99.66,64.5,40.7,96.78,132.175,60.3,46.7,50.725,0.5623,80.2,93.8,102.58,114.76,66.58,49.73,26.01
2015-05-08,31.905,162.34,21.6845,78.98,145.46,87.31,72.4,29.23,108.65,110.11,200.5,112.47,96.3396,172.68,101.47,65.49,40.98,98.23,133.8333,60.74,47.75,51.22,0.5208,80.96,95.7333,103.73,115.68,69.47,50.14,26.1767
2015-05-11,31.58,161.05,21.6425,79.7,145.89,88.77,71.2,29.21,107.36,108.6,201.73,111.9,96.8774,171.12,101.03,65.45,40.94,97.51,133.25,60.0,47.37,51.395,0.5158,80.27,95.65,102.22,114.77,69.02,49.8,26.0333
2015-05-12,31.465,158.24,21.551,79.08,145.43,88.16,71.77,29.23,107.56,109.24,200.53,112.52,96.5189,170.55,100.47,65.36,40.69,97.95,133.3917,59.44,47.35,51.185,0.5208,79.95,96.2367,101.67,114.64,68.69,49.62,26.32
2015-05-13,31.5025,158.39,21.3435,79.86,145.62,88.44,71.79,29.35,107.7,109.19,201.43,111.19,98.5283,172.28,100.55,65.52,41.05,97.35,134.425,59.18,47.63,51.08,0.5238,79.7,95.9767,101.97,115.86,68.65,49.73,26.0533
2015-05-14,32.2375,161.98,21.614,80.75,147.96,88.74,72.88,29.05,108.45,109.93,202.62,111.94,100.4151,174.05,101.83,66.05,41.5,97.71,135.9583,59.78,48.72,51.72,0.5323,80.57,97.1,102.75,118.53,70.0,49.97,26.24
2015-05-15,32.1925,162.36,21.3,80.22,146.88,88.43,72.4,29.55,108.03,110.3,202.97,113.35,100.8019,173.26,102.3,65.88,41.52,98.04,136.0833,60.23,48.29,52.49,0.5325,81.05,97.0733,102.68,119.33,69.57,49.79,26.4133
2015-05-18,32.5475,163.44,21.262,80.17,146.71,88.29,72.8,29.76,106.65,110.33,204.66,114.33,100.7264,173.06,103.42,66.42,41.32,98.02,135.725,60.01,48.01,52.375,0.5318,80.74,97.0167,103.17,119.8,70.0,49.6,26.64
2015-05-19,32.5175,163.56,21.0855,81.36,147.05,87.24,71.48,29.74,105.02,110.56,205.4,112.34,99.8208,173.48,103.96,67.01,41.31,100.68,135.9333,60.52,47.58,52.32,0.526,80.83,97.48,103.66,120.55,70.16,49.55,25.4767
2015-05-20,32.515,163.98,21.193,80.96,146.42,87.93,70.16,29.62,105.25,110.2,205.08,112.1,100.217,173.76,103.6,66.48,41.35,100.11,134.9167,60.46,47.58,52.305,0.526,80.48,95.89,103.7,121.24,69.78,49.69,25.3
2015-05-21,32.8475,163.84,21.5815,80.76,147.35,89.33,72.91,29.43,105.49,110.39,204.95,112.01,100.3396,173.34,102.42,66.65,41.23,99.28,135.05,60.1,47.42,52.2,0.5223,80.41,95.8167,103.09,120.46,69.37,49.9,25.37
2015-05-22,33.135,163.58,21.3815,81.25,144.81,88.63,75.01,29.26,104.89,110.26,207.8,112.16,99.9245,172.22,101.35,66.47,41.21,98.99,134.15,59.38,46.9,52.215,0.5215,79.95,95.5033,102.73,119.59,69.62,49.61,25.2867
2015-05-26,32.405,159.01,21.2735,80.19,142.8,87.84,73.57,28.95,103.29,109.44,206.38,110.93,98.9057,170.13,100.82,65.73,40.99,98.46,132.9917,58.97,46.59,51.71,0.5183,79.14,95.4633,101.6,118.24,68.54,49.42,24.9667
2015-05-27,33.01,160.44,21.571,80.11,143.0,87.92,73.95,29.31,103.11,110.37,209.06,112.16,99.4151,172.0,101.13,66.47,41.12,98.66,134.1833,59.46,47.61,51.42,0.546,79.39,96.58,102.34,119.45,69.49,49.57,25.0633
2015-05-28,32.945,157.35,21.3285,80.09,142.33,86.01,72.68,29.35,103.24,110.53,208.48,112.19,99.7076,171.71,101.15,66.2,41.14,96.48,134.0583,59.7,47.45,51.15,0.5535,79.33,96.6367,102.15,119.62,69.56,49.54,24.9467
2015-05-29,32.57,156.26,21.4615,79.72,140.52,85.32,72.75,29.31,103.0,110.37,206.19,111.42,98.3019,169.65,100.14,65.78,40.96,95.93,132.5667,60.89,46.86,50.835,0.5533,78.39,96.06,101.12,120.21,68.68,49.44,24.7567
2015-06-01,32.635,157.03,21.546,79.47,141.25,85.53,73.1,29.18,102.63,110.96,207.81,111.67,98.1698,170.18,100.04,66.08,40.94,96.22,132.4833,60.75,47.23,50.88,0.5595,78.85,96.08,101.01,119.86,69.11,49.22,24.91
2015-06-02,32.49,156.44,21.5495,79.99,143.25,86.17,72.9,29.08,102.58,110.75,206.43,111.59,98.6415,169.65,99.98,66.02,40.99,96.29,132.5667,60.24,46.92,51.055,0.5483,78.54,95.5067,100.33,117.75,69.04,49.14,24.8433
2015-06-03,32.53,157.13,21.8295,80.6,143.81,86.23,73.47,29.09,102.17,111.17,208.29,113.16,99.0377,169.92,100.09,66.7,40.87,96.52,133.4667,60.39,46.85,51.255,0.5425,78.56,95.7533,101.01,118.35,68.95,49.08,24.9633
2015-06-04,32.34,158.09,21.539,79.36,141.19,85.47,72.21,28.61,101.39,110.3,208.87,111.46,97.8491,168.38,99.23,66.33,40.59,96.31,131.9583,59.47,46.36,50.975,0.5523,78.15,94.07,100.21,116.65,68.21,48.1,24.7167
2015-06-05,32.1625,157.25,21.3475,79.39,140.73,86.05,73.55,28.58,101.59,110.3,210.45,110.37,97.8679,167.4,98.59,67.42,40.1,95.54,130.9,58.99,46.14,51.015,0.5565,77.43,93.46,99.31,116.53,68.37,47.23,24.3533
2015-06-08,31.95,156.47,21.175,78.81,140.64,86.15,71.84,28.27,100.42,109.29,209.79,109.93,97.4151,165.34,97.96,66.89,40.16,95.32,130.4917,58.87,45.73,50.72,0.5438,77.71,92.7667,97.76,116.91,67.68,47.44,24.2033
2015-06-09,31.855,154.8,21.274,79.17,140.1,86.73,71.76,28.24,100.42,108.52,209.02,109.53,97.6981,165.68,98.21,67.18,40.2,94.73,130.8167,58.84,45.65,50.675,0.5465,78.9,92.7233,97.8,116.99,67.95,47.34,24.1567
2015-06-10,32.22,155.55,21.5385,80.19,141.62,88.48,73.03,28.66,101.83,110.0,213.13,110.98,98.8396,168.92,98.88,68.26,40.33,95.3,132.5333,59.61,46.61,51.67,0.5368,79.54,94.1633,99.18,118.55,69.63,47.47,24.31
2015-06-11,32.1475,157.96,21.6485,80.3,142.96,88.17,72.4,28.86,101.12,110.62,213.94,111.29,98.9623,168.78,99.24,68.52,40.1,95.59,133.2167,58.91,46.44,51.94,0.5425,79.41,94.2567,100.13,119.32,69.64,47.76,24.3133
2015-06-12,31.7925,156.12,21.496,79.53,142.8,87.85,71.77,28.54,99.87,109.95,213.06,110.6,98.1604,166.99,98.35,68.25,39.96,95.06,131.7,57.87,45.97,51.89,0.5278,78.87,93.6367,99.47,117.65,69.33,47.25,24.1433
2015-06-15,31.73,156.1,21.1835,79.25,142.29,87.13,72.56,28.48,99.29,110.18,211.76,110.01,97.5849,166.26,97.49,67.99,39.59,94.3,129.8917,57.12,45.47,51.675,0.5268,78.12,92.9533,98.79,118.98,68.57,47.0,23.9767
2015-06-16,31.9,156.23,21.363,79.36,142.34,86.59,73.4,28.71,100.04,111.06,213.56,110.23,98.2075,166.84,98.36,68.37,40.08,94.63,130.4083,57.71,45.83,52.28,0.5333,79.1,93.0367,99.49,121.55,69.01,47.42,24.1167
2015-06-17,31.825,155.65,21.3905,80.32,143.43,87.25,74.42,28.93,99.76,111.49,212.93,110.47,98.3019,167.17,98.73,68.14,40.27,95.22,130.7917,57.91,45.97,52.375,0.5395,80.08,93.41,99.78,119.74,68.75,47.27,24.2433
2015-06-18,31.97,160.12,21.9695,80.77,145.38,87.44,75.71,29.21,100.25,113.22,214.6,111.85,99.5566,168.25,100.36,68.78,40.65,96.17,133.0167,58.59,46.72,53.0,0.5485,80.82,94.5033,101.47,120.89,69.5,47.77,24.3267
2015-06-19,31.65,160.72,21.746,80.19,145.13,87.52,75.0,29.03,99.47,112.62,213.19,112.43,99.3774,166.99,99.86,68.08,40.4,96.08,132.4583,58.04,46.1,53.265,0.5468,80.54,93.9967,99.45,120.33,68.69,47.46,24.2467
2015-06-22,31.9025,162.22,21.8145,81.25,145.7,88.27,74.78,28.94,100.29,113.53,216.51,113.07,99.4057,167.73,100.09,68.96,40.48,96.87,133.0667,58.83,46.23,53.395,0.5443,80.45,95.06,100.04,120.25,69.09,47.53,24.2633
2015-06-23,31.7575,161.69,22.2995,81.36,144.43,88.45,74.2,28.78,100.09,114.41,218.4,113.18,98.8302,168.62,99.78,69.75,40.38,97.18,133.2,59.03,45.91,53.6,0.5305,79.79,94.84,100.0,122.74,69.42,47.77,24.19
2015-06-24,32.0275,159.89,22.042,80.74,143.0,88.17,73.5,28.51,99.27,113.77,214.43,112.35,98.2075,166.97,99.33,69.02,40.19,96.64,131.2833,58.24,45.63,53.11,0.5253,79.51,93.9933,98.78,119.17,68.86,47.29,24.1267
2015-06-25,31.875,158.76,22.005,79.88,142.45,86.72,73.61,28.4,98.34,114.45,212.82,112.24,97.5094,166.08,99.12,68.65,40.02,95.79,129.9333,57.9,45.65,52.61,0.5293,79.39,94.2,97.81,122.33,68.62,47.44,23.9533
2015-06-26,31.6875,158.02,21.905,79.88,142.48,86.82,72.34,28.28,98.6,114.99,213.17,112.6,97.6792,165.46,99.64,68.95,40.0,97.29,130.9083,58.49,45.26,54.855,0.5185,79.34,94.3633,97.92,123.25,68.75,47.62,24.04
2015-06-29,31.1325,151.6,21.493,77.8,138.73,85.3,70.0,27.54,96.69,113.05,207.65,110.54,96.0849,162.97,97.68,67.2,39.4,95.44,128.2917,57.29,44.37,53.835,0.503,78.32,92.09,96.14,121.19,66.72,46.77,23.8067
2015-06-30,31.3575,153.52,21.7045,77.72,138.72,84.82,69.63,27.46,96.47,114.14,208.79,111.13,96.1981,162.66,97.46,67.76,39.23,95.07,128.5833,56.93,44.15,54.01,0.5028,78.24,91.6733,96.66,122.0,67.15,46.61,23.6433
2015-07-01,31.65,154.99,21.8695,78.4,140.73,83.95,70.54,27.35,96.09,115.13,209.94,112.07,97.0189,164.49,98.47,68.07,39.5,95.76,129.7083,57.6,44.44,54.715,0.51,79.72,93.6033,99.3,123.38,67.85,47.0,23.96
2015-07-02,31.61,153.26,21.8855,78.21,140.21,84.38,70.42,27.33,95.87,114.97,209.2,111.49,96.7076,165.09,98.44,67.52,39.49,96.17,129.4833,57.67,44.4,54.935,0.5105,79.93,92.5567,99.23,121.81,68.24,47.2,23.9533
2015-07-06,31.5,154.5,21.802,77.59,140.52,83.15,69.16,27.22,94.77,115.7,208.04,111.32,96.5849,164.73,98.2,67.33,39.42,95.65,129.2333,57.55,44.39,54.92,0.5043,80.05,93.32,98.94,122.16,68.12,47.04,24.1767
2015-07-07,31.4225,155.39,21.836,77.55,143.15,83.99,70.26,27.36,95.27,117.1,208.21,112.4,97.0189,165.0,98.92,66.8,40.25,96.68,129.525,57.99,44.3,55.645,0.4948,81.72,94.5433,100.03,120.7,67.77,47.25,24.5967
2015-07-08,30.6425,152.31,21.485,75.93,141.92,82.27,69.39,26.99,93.56,115.19,204.06,111.0,95.2547,163.16,97.77,65.43,39.86,95.84,127.2583,57.35,44.24,54.635,0.4913,80.99,93.6467,98.76,118.78,66.73,46.58,24.3533
2015-07-09,30.0175,151.31,21.7195,76.34,142.8,81.69,69.96,26.91,93.78,115.6,204.81,111.38,95.4528,163.85,98.4,66.11,39.92,96.49,128.125,57.38,44.52,54.72,0.4853,80.66,92.47,100.07,119.34,67.05,46.26,24.26
2015-07-10,30.82,154.1,22.1755,77.31,144.48,82.15,71.14,27.28,94.41,116.44,207.19,113.1,96.6132,166.95,99.53,67.05,40.39,97.65,129.125,57.95,44.61,55.26,0.4938,80.95,92.7367,101.0,122.15,68.42,47.0,24.3733
2015-07-13,31.415,155.76,22.7785,78.53,146.62,83.64,71.05,27.79,94.6,118.05,210.12,114.9,97.8962,169.38,100.27,68.09,40.66,98.43,130.3917,57.87,45.54,56.205,0.497,81.91,94.0267,102.33,122.45,69.52,47.2,24.6267
2015-07-14,31.4025,159.32,23.2785,78.97,147.75,84.46,71.79,28.03,95.55,117.85,212.16,115.36,98.1887,168.61,99.78,69.04,41.17,98.78,130.65,58.19,45.62,56.17,0.4973,82.04,94.76,102.38,125.0,70.1,47.41,24.5967
2015-07-15,31.705,160.45,23.0595,78.54,146.89,84.16,71.36,28.11,94.24,118.3,212.96,115.58,97.9623,168.53,100.42,69.19,41.13,99.07,130.0,58.22,45.76,55.95,0.4938,82.15,94.0533,102.42,125.86,70.02,47.33,24.55
2015-07-16,32.1275,163.04,23.774,78.92,148.49,83.76,72.42,28.32,94.48,119.07,211.18,114.73,97.7075,171.0,101.11,69.56,41.48,97.86,130.975,58.82,46.66,56.17,0.5048,82.3,87.0767,103.29,124.93,70.57,47.83,24.61
2015-07-17,32.405,163.27,24.1505,79.22,146.84,83.16,72.81,28.18,93.15,118.86,212.46,114.47,99.566,172.51,100.08,69.21,41.25,97.5,130.575,58.82,46.62,56.4,0.5018,82.24,88.67,102.94,123.85,70.88,47.59,24.4633
2015-07-20,33.0175,164.34,24.405,79.3,146.72,82.25,72.77,28.03,92.94,119.58,212.39,113.41,100.3491,173.22,100.37,69.26,41.38,97.49,130.9333,59.0,46.92,56.565,0.4925,82.19,89.2067,102.61,122.65,72.7,48.1,24.3667
2015-07-21,32.6875,163.7,24.4,78.95,145.0,82.22,73.83,27.84,93.9,119.31,211.5,113.86,99.434,163.07,100.34,69.1,41.19,97.32,129.8,58.67,47.28,56.495,0.4948,81.63,88.9967,104.48,120.86,72.02,46.97,24.2467
2015-07-22,31.305,164.25,24.4135,78.99,146.47,79.76,73.87,27.53,93.51,119.33,213.25,114.9,98.8113,160.35,100.18,70.08,40.9,97.58,129.5083,58.13,45.54,57.045,0.4853,80.83,91.23,105.3,120.61,71.97,46.45,24.3867
2015-07-23,31.29,164.1,24.109,77.01,146.11,76.88,72.21,28.01,92.94,118.8,211.05,114.59,98.4151,161.73,100.2,69.64,40.84,97.09,124.5833,58.07,46.11,57.0,0.4913,80.7,90.16,105.3,119.33,71.75,46.35,24.17
2015-07-24,31.125,158.59,26.471,75.9,144.06,76.1,73.92,28.4,90.6,118.91,207.35,113.59,96.9528,159.75,99.15,68.91,40.44,96.1,124.4417,57.41,45.94,56.495,0.4855,80.29,89.04,105.27,117.94,74.8,46.04,23.86
2015-07-27,30.6925,165.54,26.5705,74.92,141.03,75.32,72.46,28.21,89.14,118.25,205.02,113.07,95.8868,159.07,98.28,68.01,40.54,96.04,123.925,56.99,45.35,55.865,0.4828,79.97,88.68,105.59,117.88,73.86,45.83,23.7933
2015-07-28,30.845,172.74,26.3015,75.11,141.81,77.78,73.79,28.21,92.4,118.46,206.24,114.84,98.3019,160.05,99.02,68.05,40.55,97.33,125.925,57.52,45.34,56.735,0.4933,80.23,91.28,105.94,121.52,74.74,45.89,24.0333
2015-07-29,30.7475,171.47,26.45,75.7,144.14,77.33,73.88,28.4,93.25,119.84,206.84,116.37,99.566,161.09,99.73,68.94,40.59,98.21,126.2083,58.54,46.29,57.46,0.4993,80.62,92.9333,106.43,121.52,76.01,46.56,24.0767
2015-07-30,30.5925,171.69,26.838,76.12,143.01,78.35,73.36,28.3,93.03,120.03,207.2,116.46,99.4151,160.96,99.84,69.04,40.56,99.17,126.3083,58.52,46.88,57.505,0.5005,77.39,92.64,106.5,120.56,76.38,46.67,24.0533
2015-07-31,30.325,176.59,26.8075,76.06,144.17,78.63,73.3,28.42,88.48,120.0,205.07,117.03,99.1038,161.99,100.21,68.53,41.08,99.86,126.1167,58.96,46.7,57.61,0.4988,76.7,92.5867,106.12,121.4,75.34,46.79,23.9933
2015-08-03,29.61,175.59,26.7515,75.98,143.69,77.26,72.44,28.36,85.6,121.12,204.69,116.89,98.7736,158.71,100.02,68.53,41.54,99.42,125.1,59.05,46.81,57.415,0.5073,76.4,92.7367,106.94,120.89,75.77,46.97,24.06
2015-08-04,28.66,174.8,26.595,75.72,143.54,76.6,71.89,28.03,85.21,121.69,205.17,117.53,98.6981,157.6,99.8,68.46,41.85,99.14,125.3333,58.7,47.54,57.885,0.5093,75.91,92.5067,106.63,120.84,75.27,46.67,24.0833
2015-08-05,28.85,176.44,26.8505,75.59,144.95,76.88,72.53,28.27,84.03,110.53,205.7,118.0,99.7453,157.9,100.52,68.73,42.12,99.8,125.8417,59.1,47.58,58.375,0.5145,75.77,91.5567,106.08,123.92,74.98,46.64,24.5033
2015-08-06,28.7825,169.66,26.473,75.0,143.82,77.46,70.43,28.21,85.19,108.55,205.09,116.56,99.8019,156.32,99.07,68.25,41.92,99.35,124.3833,58.43,46.62,57.56,0.5113,75.74,90.5733,105.46,122.04,73.58,46.63,24.2633
2015-08-07,28.88,172.31,26.131,79.72,142.42,77.29,70.41,28.15,83.75,109.35,203.44,116.93,99.4906,155.12,98.85,68.05,41.77,98.92,124.075,57.97,46.74,57.255,0.5745,75.48,89.78,105.48,121.82,74.21,46.36,23.75
2015-08-10,29.93,170.6,26.2,81.26,145.86,80.16,71.27,28.59,85.89,111.0,205.97,117.6,101.2264,156.75,99.79,68.89,41.68,99.39,126.0333,58.41,47.33,57.68,0.5945,76.38,91.1633,105.82,122.48,74.38,47.23,23.8267
2015-08-11,28.3725,168.56,26.373,81.34,144.05,78.04,71.63,28.02,85.78,108.0,201.7,117.69,99.4057,155.51,99.01,68.23,41.48,98.81,123.7333,57.76,46.41,57.23,0.5915,76.22,90.34,105.89,122.26,73.36,47.6,23.9767
2015-08-12,28.81,170.62,26.2955,81.0,142.43,78.92,71.04,27.9,86.79,106.99,201.13,117.69,99.566,156.16,98.71,67.24,41.26,98.28,123.7667,58.26,46.74,56.53,0.593,76.39,91.0567,105.43,121.2,73.54,47.85,24.1933
2015-08-13,28.7875,168.58,26.483,80.76,144.81,77.76,71.4,28.7,85.85,107.52,200.74,119.02,99.5472,155.07,98.48,67.55,41.1,99.37,122.8333,58.98,46.73,56.8,0.588,75.78,92.0033,106.95,120.52,73.93,47.66,24.0367
2015-08-14,28.99,167.72,26.576,80.91,145.09,78.49,72.99,29.03,85.99,107.16,202.02,119.75,100.0755,155.75,98.81,67.89,41.25,99.27,123.5667,59.18,47.0,57.18,0.5885,75.62,93.1233,107.71,121.02,74.22,47.49,24.1267
2015-08-17,29.29,169.79,26.761,81.0,144.44,78.54,74.04,28.83,83.23,109.05,202.57,119.7,100.2641,156.31,99.87,68.07,41.35,100.66,124.3667,59.71,47.32,57.49,0.5848,75.53,94.8967,107.71,123.82,74.41,47.52,23.97
2015-08-18,29.125,167.72,26.751,81.24,144.6,78.82,72.58,28.25,83.44,106.94,201.18,122.8,100.1981,156.01,99.37,68.21,41.3,100.76,123.5917,59.66,47.27,57.41,0.577,75.13,95.0233,107.82,125.5,74.47,47.46,23.16
2015-08-19,28.7525,166.57,26.646,80.95,142.72,77.41,72.04,27.8,80.91,106.45,200.95,122.76,99.0943,153.94,99.31,67.6,40.78,101.1,121.5583,59.66,46.61,57.48,0.5748,74.12,93.9733,107.22,123.22,74.4,47.44,22.8567
2015-08-20,28.1625,161.15,25.789,78.76,137.02,76.41,67.82,27.04,79.24,100.02,196.75,120.54,96.8302,152.66,98.79,65.94,40.55,99.76,119.4583,56.95,45.66,56.15,0.554,73.91,89.64,105.7,119.79,73.95,46.88,22.81
2015-08-21,26.44,155.19,24.7235,77.03,131.71,75.0,69.15,26.47,75.76,98.84,187.74,116.16,93.283,148.85,95.56,63.6,39.53,97.13,118.4083,55.77,43.07,53.435,0.5368,71.84,87.1167,102.93,116.28,71.19,46.1,22.18
2015-08-24,25.78,147.64,23.1685,74.65,127.19,72.82,65.17,25.19,72.12,95.36,179.46,112.54,89.8868,143.47,92.82,60.25,38.38,92.87,115.4833,53.99,41.68,51.935,0.5177,69.14,84.7733,98.78,110.43,68.36,44.74,21.3167
2015-08-25,25.935,145.19,23.3185,73.52,125.49,72.06,65.18,24.62,70.02,95.89,178.22,110.97,88.6132,140.96,90.73,59.91,37.99,91.21,114.7,51.17,40.47,51.765,0.507,68.42,82.8833,97.75,109.98,66.97,43.5,21.0333
2015-08-26,27.4225,153.98,25.0385,75.63,129.34,73.87,68.52,25.68,73.09,99.23,184.4,115.93,92.2925,146.7,95.11,62.91,38.73,95.15,118.9333,54.42,42.71,54.38,0.5453,70.9,85.1833,100.0,113.46,70.69,45.16,21.61
2015-08-27,28.23,155.72,25.9185,76.88,131.87,75.66,69.94,26.17,77.64,102.17,189.21,117.66,94.2359,148.54,96.22,64.48,39.27,97.33,119.9167,54.95,43.9,56.31,0.5658,71.48,86.4567,101.4,117.77,72.4,46.19,22.0267
2015-08-28,28.3225,155.89,25.9005,76.65,133.24,75.95,70.25,26.0,80.43,102.48,187.75,117.52,94.3585,147.98,95.17,64.13,39.45,96.25,120.175,55.37,43.93,56.25,0.5683,71.21,86.0367,100.43,117.28,72.46,46.07,21.6467
2015-08-31,28.19,151.78,25.6445,76.72,130.68,76.44,69.36,25.88,80.99,101.88,188.6,116.46,93.6509,147.89,93.98,64.1,39.32,95.02,118.45,53.85,43.52,55.875,0.562,70.67,85.27,99.55,115.7,71.3,46.01,21.5767
2015-09-01,26.93,147.46,24.827,74.0,127.44,74.9,66.63,25.12,78.19,99.51,182.12,113.07,90.5283,142.68,92.09,61.45,38.75,93.47,115.4167,52.53,41.82,54.315,0.539,68.9,82.8433,97.49,112.63,68.96,44.9,21.2733
2015-09-02,28.085,152.29,25.5275,74.94,130.63,76.1,67.98,25.65,78.06,101.89,184.51,116.48,92.4623,145.05,93.35,62.57,38.9,96.04,117.7,52.98,43.36,55.35,0.5553,69.81,84.7067,98.93,114.23,69.62,45.35,21.48
2015-09-03,27.5925,149.23,25.236,75.26,131.02,74.45,68.25,25.9,78.26,101.99,185.06,116.6,92.9906,146.78,92.64,62.68,39.16,96.01,118.1167,52.65,43.5,55.425,0.5568,69.93,85.29,99.37,113.99,70.4,45.72,21.62
2015-09-04,27.3175,147.02,24.95,74.08,129.76,73.1,67.13,25.52,76.67,100.97,180.38,114.42,91.1226,143.7,91.31,61.5,38.52,94.85,116.5333,51.59,42.61,54.845,0.5438,68.76,84.62,97.76,112.36,69.16,44.82,21.2967
2015-09-08,28.0775,154.56,25.877,75.49,133.82,74.3,70.76,26.3,76.84,104.01,185.88,116.43,94.1604,147.23,93.94,63.16,38.9,96.78,119.525,52.69,43.89,55.875,0.567,69.98,87.21,99.65,116.09,70.53,45.88,22.1267
2015-09-09,27.5375,151.08,25.8445,75.12,132.65,72.96,69.03,25.94,74.92,101.91,185.68,113.97,93.2642,145.05,92.22,62.18,38.3,95.43,117.3833,51.93,43.07,54.93,0.5558,68.48,85.76,98.48,115.08,69.6,45.39,21.7067
2015-09-10,28.1425,153.14,26.112,75.31,133.55,72.42,69.74,26.26,75.66,102.6,185.91,114.49,93.9151,146.2,92.72,62.66,38.42,95.25,117.3167,52.72,43.29,55.19,0.5645,68.32,85.22,99.09,116.77,70.23,45.46,21.3733
2015-09-11,28.5525,153.21,26.472,75.5,134.67,72.63,70.05,26.02,75.79,104.48,185.27,115.44,93.9811,147.37,92.93,62.56,38.13,97.41,117.7167,52.09,43.48,55.91,0.5663,68.42,85.22,99.49,118.7,70.76,45.73,21.55
2015-09-14,28.8275,151.0,26.069,75.14,134.43,72.77,69.89,25.7,75.77,103.82,183.94,114.73,93.6038,145.65,93.32,62.38,38.1,96.97,117.3417,52.34,43.04,55.945,0.5673,68.06,83.9833,99.28,117.8,70.01,45.65,21.4267
2015-09-15,29.07,152.14,26.1185,76.5,136.3,74.58,71.27,25.98,77.17,103.43,187.45,116.18,94.6415,147.53,94.4,63.58,38.5,98.19,119.6667,53.55,43.98,56.92,0.5735,69.45,83.5567,100.86,120.03,70.51,46.37,21.44
2015-09-16,29.1025,151.18,26.3695,77.32,137.2,75.64,71.88,26.07,79.02,103.96,188.64,117.82,95.2453,148.41,94.61,64.14,39.15,98.69,120.1667,53.87,44.3,57.79,0.5775,70.1,83.5433,101.91,121.15,70.99,46.19,21.5633
2015-09-17,28.48,153.91,26.9435,77.06,137.45,74.06,72.32,25.88,79.41,104.2,186.45,117.91,94.8396,148.14,94.84,62.65,39.38,97.84,119.125,53.96,44.25,57.635,0.5828,70.24,84.39,101.66,123.26,70.96,45.23,21.49
2015-09-18,28.3625,150.59,27.013,75.95,136.09,71.86,71.4,25.54,77.74,102.84,180.94,115.12,92.4906,144.51,93.39,60.94,38.98,97.05,116.35,52.13,43.48,57.525,0.5823,69.94,82.2167,99.66,122.47,69.79,44.57,21.1133
2015-09-21,28.8025,147.09,27.4195,76.74,136.02,72.16,72.14,25.54,78.09,103.41,183.35,116.58,92.2075,146.48,93.13,61.45,39.19,97.9,116.7,50.98,44.11,58.28,0.5883,70.65,81.4233,100.52,123.94,70.78,44.8,21.24
2015-09-22,28.35,145.93,26.92,75.71,133.99,71.68,71.65,25.14,77.25,102.49,179.72,115.8,90.6038,144.43,93.24,60.91,38.79,97.2,115.0167,50.74,43.9,57.985,0.5723,70.19,79.0833,98.98,122.93,70.25,44.43,21.1967
2015-09-23,28.58,145.72,26.8035,75.63,131.67,70.2,71.99,25.28,76.12,101.57,179.41,116.17,89.2359,143.66,92.99,60.64,38.76,97.38,114.7167,51.03,43.87,57.715,0.575,70.26,77.54,99.08,123.28,70.95,43.98,21.24
2015-09-24,28.75,143.51,26.6875,74.69,129.75,65.8,71.71,25.41,76.89,100.62,176.91,116.34,88.3208,144.41,92.48,60.22,39.15,97.29,114.65,50.59,43.91,57.395,0.586,71.36,75.9333,98.86,121.09,70.24,44.09,21.2767
2015-09-25,28.6775,138.53,26.2125,75.1,131.01,64.98,72.44,26.02,77.7,100.3,179.83,116.74,88.2264,145.42,91.0,61.47,39.62,97.59,116.3,49.6,43.94,62.5,0.5903,72.67,75.83,99.91,116.37,70.69,44.22,21.26
2015-09-28,28.11,132.24,25.203,73.34,128.13,63.79,69.04,25.66,75.77,98.49,173.02,114.1,86.4057,142.52,91.37,59.98,39.53,95.96,115.3167,48.42,43.29,61.07,0.5825,71.77,73.52,99.08,112.7,67.2,43.74,21.22
2015-09-29,27.265,133.82,24.8035,73.1,128.75,64.31,68.38,25.64,76.25,99.42,171.86,112.91,87.283,142.47,93.04,59.84,39.66,97.48,117.9583,48.65,43.44,59.835,0.5928,72.28,72.98,99.47,114.22,68.53,43.53,21.26
2015-09-30,27.575,138.32,25.5945,74.13,130.95,65.36,69.43,26.25,78.88,102.2,173.76,115.49,89.3302,144.97,93.35,60.97,40.12,98.53,118.1417,49.39,44.26,61.485,0.6163,71.94,74.26,99.53,116.01,69.66,43.51,21.6133
2015-10-01,27.395,140.23,26.036,73.89,130.61,64.39,72.91,25.73,78.34,102.67,176.02,117.03,89.3491,143.59,93.17,61.42,39.8,98.78,117.3333,49.37,44.61,61.915,0.6043,71.95,77.3067,98.34,116.61,69.99,42.96,21.4233
2015-10-02,27.595,142.47,26.627,74.41,132.56,65.7,73.93,25.76,81.55,103.0,177.01,117.81,91.0755,144.58,93.93,60.81,40.39,99.79,119.3333,50.14,45.57,62.605,0.62,72.42,79.0,100.03,118.83,70.67,42.84,21.66
2015-10-05,27.695,143.8,27.184,77.3,134.02,69.18,75.27,26.85,84.03,103.85,180.7,119.2,92.8113,149.04,94.76,62.02,41.01,101.17,121.9333,51.23,46.63,62.135,0.6355,73.22,80.39,101.86,119.65,72.23,44.0,21.9567
2015-10-06,27.8275,141.22,26.874,76.91,134.63,70.82,74.42,27.23,86.99,103.77,180.32,118.68,92.6509,148.78,93.42,62.05,40.96,101.9,121.4917,49.8,46.75,61.595,0.6438,73.4,78.8933,101.07,116.05,72.08,44.06,21.8933
2015-10-07,27.695,148.05,27.097,77.18,137.02,70.38,75.0,27.54,88.12,103.39,182.23,119.65,93.8585,150.09,94.98,62.13,41.52,101.77,122.95,50.95,46.8,61.05,0.6505,73.72,79.7067,102.17,116.43,73.22,43.85,22.12
2015-10-08,27.375,149.9,26.658,77.18,139.04,71.84,75.09,27.91,89.91,104.61,181.07,121.06,95.3491,152.28,95.08,62.13,41.98,102.95,124.5667,51.02,47.45,62.455,0.6543,74.4,81.4033,103.09,116.08,73.9,44.23,22.2933
2015-10-09,28.03,149.59,26.99,77.33,139.7,71.3,75.25,27.91,89.57,105.56,179.19,121.33,95.434,152.39,95.37,61.93,42.02,102.76,124.9167,50.95,47.11,62.47,0.6518,74.48,80.9533,102.94,119.27,73.98,44.16,22.23
2015-10-12,27.9,153.03,27.5095,77.31,140.68,70.5,75.88,27.96,88.74,106.35,180.23,121.9,95.7547,151.14,95.99,61.72,42.0,103.24,125.05,50.71,47.0,63.215,0.6588,74.33,81.2567,103.72,122.51,74.99,44.3,22.31
2015-10-13,27.9475,147.58,27.445,76.6,140.29,70.17,76.63,27.85,88.38,106.59,180.97,121.61,94.1698,149.62,95.45,61.55,41.65,103.38,124.2583,49.47,46.89,62.905,0.66,74.11,81.6333,103.31,123.99,75.0,44.36,22.2433
2015-10-14,27.5525,147.81,27.2415,76.17,134.22,70.71,75.58,27.82,89.76,105.73,179.51,120.27,92.6981,150.01,94.53,59.99,41.68,102.82,123.6,49.54,46.68,62.92,0.684,74.21,80.8367,102.77,122.07,74.2,43.99,20.01
2015-10-15,27.965,152.54,28.122,76.74,137.39,70.83,77.7,28.15,90.72,107.89,184.96,121.81,92.9245,150.09,97.15,61.89,41.92,103.66,124.325,50.72,47.01,64.395,0.6858,74.27,78.6933,104.96,120.17,75.34,44.67,19.7767
2015-10-16,27.76,152.61,28.538,77.21,137.6,69.68,78.77,28.25,91.29,108.24,185.18,122.74,91.5377,150.39,98.24,62.43,42.02,104.82,123.9167,51.48,47.51,65.235,0.6965,74.9,81.0567,105.9,119.98,76.0,44.7,19.63
2015-10-19,27.9325,154.47,28.6575,77.0,138.42,69.27,77.93,28.25,90.03,109.47,185.74,123.1,91.6792,149.22,97.94,62.22,41.99,104.49,123.3333,51.4,47.62,66.605,0.6952,75.16,80.9567,106.32,120.73,76.99,44.7,19.6167
2015-10-20,28.4425,150.45,28.044,76.95,138.88,70.27,77.53,28.5,89.99,109.84,185.51,122.85,92.717,140.64,97.59,62.52,42.29,103.84,124.2583,50.39,47.77,66.185,0.6943,74.43,79.8667,108.95,120.42,76.28,45.24,19.5833
2015-10-21,28.44,150.09,27.7885,76.51,141.19,69.67,75.83,28.28,89.33,110.09,179.7,123.3,93.1792,140.92,97.63,62.06,42.19,102.54,124.85,50.59,47.2,66.235,0.6853,73.59,79.4533,110.7,118.11,75.46,44.86,19.5467
2015-10-22,28.875,152.31,28.1955,72.5,146.31,70.88,77.37,29.01,91.62,113.25,183.56,124.36,96.7736,144.09,99.53,63.19,43.24,110.87,130.0,52.01,48.03,66.205,0.71,74.85,82.31,112.32,113.81,76.42,45.89,19.6333
2015-10-23,29.77,155.75,29.9515,74.59,146.7,71.75,78.56,29.35,91.24,113.09,185.5,124.61,97.2925,144.68,100.31,63.87,42.79,112.59,129.825,52.88,52.87,65.265,0.7148,77.03,81.9233,112.28,115.92,77.07,46.16,19.4333
2015-10-26,28.82,158.58,30.4305,74.19,146.7,71.52,78.22,28.95,88.77,113.52,187.01,125.01,96.9623,143.66,99.94,63.9,42.59,112.18,130.45,52.91,54.25,65.69,0.7115,77.49,82.4133,112.77,116.53,78.18,46.36,19.34
2015-10-27,28.6375,161.98,30.5505,74.01,148.46,70.39,77.75,29.05,87.7,113.77,186.31,124.47,96.6509,137.86,100.19,63.64,42.61,111.64,130.6083,53.47,53.69,65.41,0.711,77.29,80.6367,113.41,119.37,77.52,46.17,19.16
2015-10-28,29.8175,162.67,30.855,74.45,147.88,71.97,78.53,29.36,89.79,114.34,191.32,123.82,97.717,140.83,100.48,65.5,42.73,112.94,131.7333,55.1,53.98,65.645,0.7168,76.51,82.2533,114.26,119.78,78.87,46.48,19.2133
2015-10-29,30.1325,160.58,31.3275,74.22,147.18,71.97,78.14,29.14,89.89,115.04,189.89,123.63,97.1132,140.55,101.37,65.21,42.79,112.62,131.3417,54.87,53.36,65.56,0.692,77.02,86.0367,114.29,119.71,78.51,46.4,19.32
2015-10-30,29.875,158.18,31.295,73.26,148.07,72.99,77.71,28.85,90.88,113.74,187.5,123.64,97.434,140.08,101.03,64.25,42.35,112.25,131.0083,54.66,52.64,65.515,0.7093,76.38,88.9433,112.89,117.78,77.58,46.88,19.08
2015-11-02,30.295,162.31,31.4175,73.94,148.4,74.34,79.2,28.77,94.96,115.04,189.68,124.41,98.283,140.37,102.17,65.54,42.24,112.11,133.2667,55.11,53.24,65.595,0.7175,76.6,89.9433,113.87,118.69,75.22,46.78,19.2033
2015-11-03,30.6425,162.46,31.2655,74.03,148.09,74.75,78.63,28.61,98.14,115.54,190.69,125.66,97.783,141.88,101.96,65.78,42.16,112.08,132.2917,55.11,54.15,65.7,0.7125,77.05,89.9967,113.69,117.66,77.9,46.45,19.37
2015-11-04,30.5,161.88,32.0475,74.07,148.19,74.55,78.39,28.47,96.77,113.25,191.65,125.38,97.5189,141.63,101.94,65.85,41.97,112.4,132.425,55.53,54.4,65.18,0.7008,77.06,90.2333,114.08,114.64,78.35,46.14,19.4567
2015-11-05,30.23,161.22,32.7825,73.93,147.97,74.22,78.71,28.43,94.55,113.0,192.02,125.72,97.7359,139.89,102.33,66.44,42.33,112.85,132.4917,55.05,54.38,65.93,0.6928,76.39,89.37,113.97,116.23,79.26,46.2,19.5367
2015-11-06,30.265,160.46,32.9685,74.3,147.94,73.84,79.41,28.45,94.03,115.67,199.17,125.98,98.1132,138.25,101.92,68.46,41.96,113.31,132.7167,54.61,54.92,65.89,0.7888,75.57,89.0767,113.1,114.81,78.75,45.78,19.5933
2015-11-09,30.1425,159.63,32.7745,73.42,145.98,71.89,78.22,28.18,92.32,116.42,196.76,124.5,96.8962,135.31,100.84,67.39,41.54,112.93,131.225,54.24,54.16,65.24,0.7853,75.4,88.8533,112.83,114.26,78.04,45.3,19.4967
2015-11-10,29.1925,158.37,32.984,73.37,145.15,72.43,78.25,27.98,93.23,117.42,197.81,125.26,96.6038,135.47,101.45,67.68,41.77,113.22,131.325,54.43,53.51,65.0,0.7703,75.77,88.19,114.05,115.89,79.48,45.1,19.56
2015-11-11,29.0275,156.86,33.6625,72.91,144.99,71.91,78.71,27.82,92.19,116.52,197.39,124.71,97.4151,135.02,101.86,67.35,42.04,113.85,132.5417,53.72,53.65,63.71,0.7628,75.96,88.7067,114.38,114.54,79.18,45.32,19.1933
2015-11-12,28.93,150.98,33.28,71.98,142.54,68.66,78.3,27.83,89.86,116.21,192.77,123.81,96.1981,133.04,100.27,66.0,41.58,112.11,130.25,53.03,53.32,62.99,0.76,74.66,87.3633,112.31,112.82,78.31,44.83,18.9833
2015-11-13,28.085,151.55,32.1175,71.2,142.59,69.63,75.6,26.21,88.68,114.84,190.39,120.0,95.3585,131.75,99.88,65.56,41.38,109.97,129.7083,53.03,52.84,60.93,0.745,73.96,87.5433,112.0,111.41,78.11,44.23,18.8067
2015-11-16,28.545,154.5,32.3905,71.66,144.42,70.39,76.26,26.79,91.45,115.92,192.16,120.84,97.1321,133.71,101.22,66.51,41.96,111.06,131.8417,53.7,53.76,61.73,0.76,75.3,88.97,112.89,113.82,78.9,45.04,19.29
2015-11-17,28.4225,157.6,32.165,71.11,146.08,69.39,77.24,26.81,91.03,116.13,190.57,126.18,96.5,133.82,101.5,66.13,41.67,110.94,130.8583,53.71,52.97,61.29,0.76,75.07,89.91,112.74,114.39,78.83,45.08,19.9733
2015-11-18,29.3225,160.92,33.177,72.15,148.28,70.32,77.35,27.12,92.21,118.14,193.66,126.54,98.1698,135.82,102.67,67.45,42.28,112.53,131.1583,54.23,53.85,62.89,0.7758,75.9,90.87,114.68,117.25,80.46,45.38,20.31
2015-11-19,29.695,159.49,33.0635,72.74,149.24,70.02,80.64,27.37,90.83,118.71,193.03,126.86,99.0943,136.74,102.49,67.66,43.11,113.3,131.9833,54.28,53.94,62.89,0.778,76.22,90.94,115.02,110.63,80.15,45.76,20.2333
2015-11-20,29.825,159.91,33.4225,72.42,149.4,71.14,80.99,27.57,89.01,120.07,191.47,130.21,99.6509,138.5,102.48,67.54,42.43,113.91,132.4583,54.1,54.19,66.325,0.7848,75.82,91.4267,115.83,112.97,80.19,45.39,20.0233
2015-11-23,29.4375,162.47,33.9495,72.24,148.34,71.02,80.78,27.43,90.01,119.42,189.19,132.5,98.6698,138.46,102.77,66.88,42.96,114.47,132.2083,54.01,54.19,66.23,0.773,75.97,91.8133,115.63,112.16,80.11,44.99,20.0867
2015-11-24,29.72,162.78,33.5575,71.63,148.65,71.4,80.39,27.27,91.35,117.95,188.67,133.6,97.3302,138.6,102.04,66.78,43.36,114.28,131.4583,53.48,54.25,66.255,0.7793,76.45,92.1067,115.44,113.19,79.79,45.19,19.9733
2015-11-25,29.5075,163.95,33.767,71.69,147.43,71.49,80.41,27.24,90.87,118.67,189.15,134.65,97.7641,138.0,101.96,66.86,43.36,114.4,131.3583,53.72,53.69,67.065,0.7783,75.9,91.9267,114.8,114.41,79.56,44.92,20.08
2015-11-27,29.4525,163.52,33.663,71.85,146.95,71.22,79.97,27.32,90.37,115.13,190.47,134.74,98.1698,138.46,102.37,67.17,43.15,114.23,131.6583,53.96,53.93,67.165,0.7848,75.7,92.2767,114.85,114.34,79.84,45.23,19.9633
2015-11-30,29.575,161.1,33.24,71.64,145.45,72.65,79.69,27.25,91.32,113.47,190.02,133.88,98.066,139.42,101.24,66.68,42.62,114.16,130.4833,53.01,54.35,66.14,0.793,74.84,92.0233,114.57,112.71,79.01,45.45,19.6133
2015-12-01,29.335,161.98,33.953,72.2,147.74,71.56,81.01,27.57,92.48,115.39,193.07,134.43,98.2547,141.28,102.36,67.61,42.89,114.45,130.75,54.57,55.22,66.655,0.8188,75.94,92.52,115.68,116.26,79.91,45.58,19.6633
2015-12-02,29.07,160.52,33.8005,71.2,146.96,71.03,80.88,27.44,90.25,114.0,190.26,133.81,97.2641,139.7,102.05,66.66,42.77,113.72,129.75,53.82,55.21,66.325,0.8125,75.79,91.07,114.71,117.64,79.04,44.92,19.45
2015-12-03,28.8,154.65,33.3125,70.42,145.56,69.64,79.93,26.95,88.85,111.89,185.2,130.93,96.6038,138.92,100.79,65.8,42.46,113.39,128.65,52.59,54.2,64.56,0.8108,75.74,88.67,111.29,115.0,78.29,44.56,19.68
2015-12-04,29.7575,161.43,33.632,71.1,148.5,69.98,82.14,27.48,89.71,114.24,189.99,134.53,98.6321,140.43,102.95,67.89,43.29,116.2,131.85,53.64,55.91,66.165,0.8438,77.83,90.8067,114.06,117.74,80.4,45.71,19.8867
2015-12-07,29.57,158.3,33.4915,70.61,148.45,68.36,80.68,27.49,87.28,113.83,185.49,133.93,98.283,139.55,103.32,67.0,43.2,116.42,131.4583,53.68,55.81,65.8,0.8278,78.37,90.2,113.59,115.91,79.55,46.06,20.1667
2015-12-08,29.5575,159.35,33.8665,69.91,144.99,66.54,81.08,27.15,86.44,112.48,182.92,133.84,96.8491,138.05,102.42,65.96,43.01,116.53,130.6583,53.47,55.79,65.85,0.839,77.75,90.2867,112.37,115.88,79.07,45.7,19.87
2015-12-09,28.905,157.89,33.2395,69.86,144.24,65.91,79.71,26.73,87.6,111.47,180.71,131.9,96.1226,136.61,102.15,65.46,42.66,116.58,130.0417,52.82,54.98,64.42,0.8178,77.7,89.2367,111.04,115.05,77.88,45.36,19.71
2015-12-10,29.0425,159.67,33.116,70.11,146.41,66.38,79.38,26.77,89.3,110.76,182.11,132.54,96.0,136.78,102.64,65.61,42.76,117.2,131.2667,53.69,55.27,64.32,0.8245,77.79,88.8467,110.99,116.21,78.12,45.32,19.8533
2015-12-11,28.295,155.15,32.0075,68.86,144.62,65.43,76.87,26.16,86.44,108.04,176.56,130.44,92.6698,134.57,101.68,64.07,42.27,116.08,129.025,52.15,54.06,63.145,0.8123,77.78,87.2933,109.76,115.98,76.11,44.82,19.7867
2015-12-14,28.12,158.11,32.8955,68.83,143.0,66.12,76.99,26.49,89.33,109.35,176.4,132.01,93.3774,135.93,102.15,64.27,42.45,116.26,131.3583,52.2,55.14,63.93,0.8143,78.29,87.78,111.03,115.85,76.87,45.45,20.13
2015-12-15,27.6225,162.62,32.932,70.15,146.53,66.75,77.37,26.85,92.76,112.16,182.01,131.29,92.8962,137.79,104.13,66.1,43.07,116.93,123.4417,52.9,55.2,64.305,0.8243,79.68,87.7967,113.18,117.61,78.62,45.55,19.88
2015-12-16,27.835,164.58,33.7885,70.71,148.11,67.72,78.89,27.24,93.44,113.79,186.21,132.9,98.1887,139.29,105.25,67.53,43.84,117.84,124.9583,54.02,56.13,65.465,0.8293,80.99,89.84,114.54,118.83,79.86,46.51,20.1
2015-12-17,27.245,161.43,33.5325,69.57,145.56,64.9,78.43,26.72,90.54,112.01,182.61,131.35,96.5189,136.75,103.64,66.28,43.49,117.5,124.0417,52.66,55.7,65.11,0.8168,80.29,87.7333,113.27,119.22,78.69,46.1,19.66
2015-12-18,26.5075,158.8,33.207,67.87,139.58,65.11,77.03,26.27,89.81,107.72,175.49,130.29,96.066,134.9,101.95,64.4,42.5,116.66,122.4333,51.64,54.13,64.26,0.8035,78.13,85.41,110.13,115.82,76.32,45.56,19.6167
2015-12-21,26.8325,159.28,33.2255,68.4,140.9,65.24,77.29,26.64,89.24,106.59,177.75,131.31,96.7925,135.5,101.58,65.54,42.78,117.69,122.9,51.87,54.83,64.9,0.8225,78.95,87.03,110.94,117.41,77.17,45.9,19.85
2015-12-22,26.8075,162.3,33.1575,68.85,142.38,68.41,77.86,26.89,90.27,106.74,180.05,131.88,98.2642,137.93,102.71,65.68,43.29,117.72,124.1417,52.1,55.35,65.925,0.8233,79.6,87.2833,112.48,117.44,77.38,46.34,20.18
2015-12-23,27.1525,162.72,33.185,69.97,144.06,69.89,78.04,27.4,93.81,105.56,182.95,133.11,99.0189,138.54,103.49,66.73,43.67,118.8,125.9667,52.98,55.82,64.355,0.8265,79.92,89.05,113.21,118.69,78.56,46.95,20.3633
2015-12-24,27.0075,163.55,33.1395,70.16,143.53,69.38,77.83,27.38,92.05,105.86,182.47,132.9,98.7264,138.25,103.72,66.6,43.54,118.57,125.9917,52.85,55.67,63.18,0.8293,79.79,88.39,113.27,118.34,78.26,46.71,20.2767
2015-12-28,26.705,161.73,33.76,69.76,144.54,68.58,78.2,27.31,90.36,107.25,181.62,132.68,98.4245,137.61,103.22,66.38,43.49,118.75,126.0167,52.84,55.95,63.81,0.8285,79.92,88.0767,113.48,118.33,78.53,46.75,20.25
2015-12-29,27.185,164.44,34.6985,70.55,147.35,69.19,79.44,27.77,91.25,107.08,183.53,133.7,99.3774,139.78,104.03,67.07,43.71,120.07,127.4083,53.34,56.55,64.26,0.842,80.36,88.2967,115.02,119.82,79.21,47.21,20.5367
2015-12-30,26.83,163.29,34.4535,70.16,146.41,68.69,79.14,27.53,90.09,106.34,182.01,133.35,98.5472,139.34,103.78,66.59,43.57,119.43,126.5917,53.25,56.31,63.25,0.8348,80.07,87.4833,114.29,118.92,78.35,46.77,20.56
2015-12-31,26.315,162.33,33.7945,69.55,144.59,67.96,78.4,27.16,89.96,105.08,180.23,132.25,97.7075,137.62,102.72,66.03,42.96,118.14,125.5333,52.82,55.48,62.5,0.824,79.41,86.5333,112.86,117.64,77.55,46.22,20.4333
2016-01-04,26.3375,158.34,31.8495,67.59,140.5,67.99,76.71,26.41,88.85,102.98,177.14,131.07,96.7642,135.95,100.48,63.62,42.4,117.58,122.35,52.48,54.8,61.52,0.8093,78.37,84.9167,109.97,116.46,75.7,45.87,20.4867
2016-01-05,25.6775,158.17,31.6895,66.55,141.07,67.28,77.05,26.29,89.61,100.9,174.09,130.43,97.5566,135.85,100.9,63.73,42.55,119.2,122.8833,53.15,55.05,62.38,0.8223,78.62,85.26,110.47,116.68,76.27,46.5,20.9733
2016-01-06,25.175,156.72,31.6325,64.42,138.83,66.22,76.29,26.01,86.07,100.36,169.84,129.08,96.4528,135.17,100.39,62.81,42.32,118.4,120.4083,52.42,54.05,61.49,0.7883,77.86,82.7933,109.04,115.49,75.27,45.52,21.1833
2016-01-07,24.1125,152.98,30.397,63.84,133.01,63.94,74.3,25.41,83.02,99.5,164.62,125.4,93.6132,132.86,99.22,60.27,41.62,115.66,117.475,51.96,52.17,59.85,0.757,77.18,80.5233,106.44,112.09,73.79,45.27,21.6767
2016-01-08,24.24,150.71,30.3525,63.63,129.99,63.29,73.23,24.78,82.13,99.25,163.94,123.9,92.8585,131.63,98.16,58.92,41.51,115.48,117.075,51.08,52.33,58.87,0.7408,75.97,80.59,105.99,110.16,72.88,44.83,21.18
2016-01-11,24.6325,147.69,30.887,64.05,130.21,61.47,73.18,25.27,80.77,99.92,165.73,125.78,92.8491,133.23,97.57,58.83,41.58,116.69,117.05,51.25,52.3,59.55,0.742,76.67,80.6567,106.79,109.58,73.92,45.09,21.4067
2016-01-12,24.99,150.79,30.8945,64.4,131.92,61.6,74.46,25.35,82.15,101.46,165.71,127.49,93.5566,132.9,98.24,58.96,42.12,117.44,117.3833,51.76,52.78,59.94,0.7545,76.51,82.14,107.98,112.26,74.76,44.93,21.2067
2016-01-13,24.3475,145.46,29.0905,62.85,128.12,60.89,72.35,24.6,81.33,98.48,158.99,121.4,91.6038,131.17,97.02,57.34,41.85,115.12,115.6,50.66,51.64,58.78,0.7315,75.85,80.3867,106.06,109.23,73.1,44.15,20.64
2016-01-14,24.88,153.16,29.65,63.29,129.2,62.27,73.07,24.66,85.47,99.11,161.39,119.62,93.1509,132.91,98.89,58.2,41.88,116.62,117.65,51.8,53.11,58.51,0.7168,76.15,81.08,106.98,110.76,73.8,44.87,21.02
2016-01-15,24.2825,151.3,28.509,62.91,125.63,59.87,70.86,23.62,83.67,93.9,155.61,119.23,91.7547,130.03,97.0,57.04,41.5,115.18,115.575,51.14,50.99,57.56,0.6778,74.98,80.7,105.1,109.27,71.83,44.43,20.6433
2016-01-19,24.165,151.3,28.724,62.64,126.06,59.03,70.8,23.85,81.51,93.97,156.82,119.76,91.8208,128.11,97.5,57.01,41.92,117.5,115.325,51.34,50.56,58.32,0.6833,76.73,79.7833,105.76,112.58,71.39,44.87,20.8533
2016-01-20,24.1975,155.02,28.5885,63.03,122.14,58.81,70.33,22.9,78.98,92.54,153.75,116.46,90.7925,121.86,95.75,55.51,41.38,115.78,114.1333,50.55,50.79,59.04,0.687,75.83,81.79,103.65,114.79,70.68,44.42,20.28
2016-01-21,24.075,152.78,28.751,62.64,123.4,59.69,69.51,22.9,81.05,94.02,151.65,120.22,91.1132,122.91,95.94,55.25,41.39,117.84,114.8,50.92,50.48,60.56,0.695,76.72,81.99,102.7,113.5,71.56,45.87,20.6267
2016-01-22,25.355,156.08,29.819,55.06,124.61,60.98,71.55,23.37,83.54,96.9,156.86,122.76,92.283,122.5,96.75,56.95,42.06,118.4,116.2667,51.35,52.29,60.88,0.7113,77.36,83.3367,103.14,114.33,72.7,47.04,20.8967
2016-01-25,24.86,153.43,29.8265,55.02,124.01,57.91,69.92,23.17,80.89,95.29,151.12,121.71,91.0189,122.08,96.4,55.66,42.16,119.2,114.6417,50.92,51.79,60.7,0.7105,76.85,81.38,102.08,113.38,71.74,47.03,21.15
2016-01-26,24.9975,153.78,30.0625,55.09,128.01,59.16,69.87,23.72,84.12,96.27,154.45,122.2,92.934,122.59,101.18,57.08,42.08,120.43,120.65,51.45,52.17,61.11,0.7175,78.81,83.14,103.25,113.96,71.88,48.25,21.3333
2016-01-27,23.355,150.47,29.1675,54.52,116.58,58.32,67.43,23.43,83.29,94.32,153.72,121.57,91.4717,120.96,102.16,57.04,42.09,120.87,121.2917,50.37,51.22,59.58,0.709,78.8,84.0833,103.31,112.33,70.91,49.03,21.3167
2016-01-28,23.5225,148.35,31.7675,52.88,118.01,61.08,65.69,23.1,85.92,93.53,157.06,122.28,92.4245,122.22,102.27,57.28,42.57,122.38,122.7667,49.2,52.06,61.2,0.7013,79.82,83.22,104.47,111.38,69.33,49.01,21.4067
2016-01-29,24.335,152.73,29.35,53.5,120.13,62.24,68.06,23.79,86.47,95.82,161.56,125.76,97.3585,124.79,104.44,59.5,42.92,123.78,125.8333,50.67,55.09,62.01,0.7323,81.69,85.2233,107.04,115.16,74.49,49.97,22.12
2016-02-01,24.1075,152.75,28.7405,54.7,121.56,62.7,68.44,23.48,85.29,95.15,159.65,126.51,97.0566,124.83,104.37,58.86,43.0,124.61,123.9417,50.75,54.71,63.16,0.7325,81.12,84.95,107.01,115.89,74.38,50.76,22.5
2016-02-02,23.62,150.11,27.605,53.66,117.52,60.67,64.52,22.83,81.24,93.12,151.7,125.27,94.9623,122.94,103.41,57.03,42.44,123.95,123.225,50.41,53.0,62.55,0.7015,80.22,82.9833,106.03,113.88,73.4,49.91,22.2867
2016-02-03,24.0875,150.69,26.5535,54.11,121.87,63.27,65.34,23.1,84.62,95.14,152.68,123.79,96.3774,124.72,104.14,57.41,42.72,121.47,127.1,50.05,52.16,62.49,0.705,81.1,85.62,106.89,112.75,74.38,50.62,22.09
2016-02-04,24.15,149.91,26.813,54.38,123.61,65.96,67.2,23.54,84.79,95.43,156.49,121.11,96.7453,127.65,103.9,58.4,42.53,120.66,127.8667,48.59,52.0,60.17,0.7052,80.7,86.7533,107.49,114.2,73.68,50.43,22.14
2016-02-05,23.505,145.04,25.1065,53.98,122.56,66.12,58.51,22.89,82.88,93.9,156.47,116.43,96.3491,128.57,100.54,57.75,42.44,115.4,127.8917,49.38,50.16,57.17,0.6608,81.2,85.3733,106.29,111.72,71.54,50.97,22.3333
2016-02-08,23.7525,143.0,24.405,52.4,119.47,64.58,54.05,22.93,85.99,92.12,149.25,111.85,95.783,126.98,102.0,56.54,42.65,116.05,128.25,48.83,49.41,55.04,0.6305,82.62,82.21,105.6,110.02,67.77,50.74,22.3
2016-02-09,23.7475,143.16,24.1035,52.63,118.88,63.93,57.33,22.65,82.92,92.32,148.25,113.86,96.9057,124.07,101.97,56.2,43.3,117.01,128.95,49.16,49.28,55.68,0.6373,82.64,84.1433,105.92,111.16,68.33,50.15,21.9367
2016-02-10,23.5675,144.81,24.524,52.29,116.36,62.14,58.76,22.51,83.04,88.85,147.23,114.33,96.7925,120.19,101.73,55.52,42.55,117.54,127.0417,49.53,49.71,57.41,0.6358,81.62,84.2367,105.72,112.74,70.15,49.98,21.93
2016-02-11,23.425,141.46,25.191,51.11,108.44,61.41,59.24,24.68,82.99,90.31,140.69,113.27,95.7925,117.85,101.7,53.07,42.41,116.73,125.5583,48.85,49.69,56.0,0.6325,79.9,82.6267,103.77,110.62,68.47,49.39,21.7733
2016-02-12,23.4975,144.72,25.354,52.66,108.63,63.15,59.68,25.11,85.43,91.15,146.13,116.32,97.6226,121.04,101.82,57.49,43.11,117.93,128.3,49.03,50.5,56.42,0.6433,80.99,85.55,107.49,111.82,70.42,50.11,22.06
2016-02-16,24.16,147.15,26.055,53.18,112.6,65.21,59.72,25.84,84.81,92.91,149.02,119.43,99.0094,122.74,102.32,58.35,43.36,119.18,129.6083,49.78,51.09,57.79,0.6748,81.47,86.3133,107.37,115.15,71.1,50.24,21.9667
2016-02-17,24.53,151.07,26.705,53.61,116.34,67.26,63.49,26.46,88.31,95.5,150.94,121.21,100.1226,126.1,102.5,58.77,43.49,118.64,130.5167,50.6,52.42,58.17,0.6915,82.45,86.3833,109.18,118.3,72.03,50.32,22.0367
2016-02-18,24.065,149.3,26.25,54.15,117.57,66.12,61.7,26.43,86.73,95.17,147.73,119.97,100.4434,132.45,104.24,57.81,43.61,117.17,130.65,50.32,52.19,58.6,0.751,81.98,84.9267,108.85,117.45,71.24,50.94,21.3733
2016-02-19,24.01,150.12,26.745,54.71,115.16,65.42,62.14,26.55,86.5,95.01,146.91,121.69,101.1981,133.08,104.16,57.82,43.77,116.53,130.375,50.12,51.82,59.31,0.761,81.79,85.17,108.09,117.68,71.53,50.86,21.5533
2016-02-22,24.22,148.56,27.975,55.63,117.39,67.31,63.98,26.63,88.82,96.37,148.79,122.85,99.217,133.77,104.75,58.57,43.94,117.67,131.4167,50.77,52.65,60.17,0.788,82.13,85.9333,109.35,121.27,73.06,51.07,21.8767
2016-02-23,23.6725,147.26,27.647,55.11,116.9,65.78,62.9,26.12,84.91,95.38,144.91,124.53,97.7736,132.4,104.08,56.12,43.69,116.9,130.1417,50.54,51.18,60.21,0.79,81.81,84.9033,107.91,121.15,72.15,50.63,22.16
2016-02-24,24.025,147.11,27.702,54.64,115.59,65.88,62.52,26.32,85.27,95.43,145.56,125.61,97.4528,132.8,104.96,56.14,43.91,117.06,131.0167,50.56,51.36,60.4,0.7955,81.56,86.57,108.48,120.2,71.85,50.82,22.3733
2016-02-25,24.19,146.75,27.7575,55.39,116.82,66.47,69.42,26.6,85.3,95.65,148.25,126.86,98.2925,134.5,106.38,57.01,44.16,118.37,132.4917,51.0,52.1,62.38,0.7972,82.34,88.4867,109.27,121.2,73.27,51.11,22.68
2016-02-26,24.2275,147.6,27.7615,55.38,118.16,66.87,69.72,26.41,84.35,95.31,150.25,126.26,97.1981,132.03,105.78,57.54,43.14,117.06,131.8917,50.64,51.3,62.6,0.792,81.1,91.01,108.46,121.33,72.73,51.02,22.17
2016-02-29,24.1725,142.28,27.626,55.58,118.18,67.7,67.75,26.18,83.44,95.52,149.53,124.12,95.6132,131.03,105.21,56.3,43.13,117.19,130.725,50.21,50.88,61.59,0.784,80.29,90.1667,107.52,119.1,72.39,50.73,22.1133
2016-03-01,25.1325,148.39,28.952,56.8,119.96,69.09,70.02,26.83,86.13,97.65,154.65,125.7,99.8774,134.37,107.22,59.2,43.69,118.85,132.9917,51.75,52.58,62.92,0.8188,81.23,93.72,110.13,121.67,74.64,51.46,22.1533
2016-03-02,25.1875,147.49,29.0105,57.12,119.65,69.38,70.43,26.9,87.14,97.0,154.2,125.59,100.4623,136.3,107.04,59.76,43.77,118.48,132.8417,52.27,52.95,62.22,0.8235,82.55,91.23,110.2,121.27,74.3,52.12,22.07
2016-03-03,25.375,145.84,28.8745,58.09,119.61,71.75,70.8,26.87,87.53,98.82,155.33,126.8,101.8679,137.8,106.65,59.96,43.96,116.69,132.8167,52.1,52.35,61.47,0.8163,82.84,90.6633,109.8,121.82,73.91,51.89,22.0467
2016-03-04,25.7525,145.98,28.757,58.29,121.07,72.84,71.06,26.8,87.93,98.48,156.84,125.56,102.0283,137.8,106.5,60.05,44.11,117.18,133.3917,52.08,52.03,61.26,0.8137,83.49,92.27,110.4,121.8,73.9,51.81,22.26
2016-03-07,25.4675,147.31,28.14,59.0,122.9,74.77,70.49,27.14,90.67,99.39,155.35,126.17,101.3868,140.15,106.74,59.94,44.01,117.15,133.8083,52.64,51.03,59.25,0.8085,83.1,92.0933,110.41,121.76,71.94,52.21,22.63
2016-03-08,25.2575,144.63,28.013,59.43,122.35,71.73,69.82,27.05,88.74,97.82,151.6,126.72,101.4906,139.07,106.22,58.78,44.32,118.42,133.5,52.45,51.65,59.81,0.7938,83.06,92.0633,110.85,121.66,70.62,52.46,22.68
2016-03-09,25.28,140.9,27.9735,59.05,122.86,71.87,71.04,27.61,92.82,97.66,149.91,126.03,102.7642,140.41,106.84,59.12,44.81,119.64,133.4083,52.36,52.84,58.33,0.7933,82.96,91.7367,111.33,121.1,70.68,52.34,22.51
2016-03-10,25.2925,141.03,27.9465,58.75,122.94,71.36,70.7,27.38,93.94,97.04,151.02,125.89,102.2264,140.19,107.14,58.61,45.23,119.98,133.2417,53.04,52.05,58.88,0.792,82.28,93.2,111.53,122.09,70.22,52.32,22.47
2016-03-11,25.565,144.57,28.4805,59.46,124.63,72.8,71.63,27.86,94.58,97.94,153.94,128.46,102.8585,142.36,107.71,59.34,45.2,121.55,134.9,53.2,53.07,60.08,0.8055,81.75,94.9433,113.64,125.1,71.63,52.53,22.39
2016-03-14,25.63,144.62,28.6685,59.57,126.34,72.73,72.22,27.7,94.26,98.81,153.49,128.84,102.3679,142.78,107.66,59.12,45.29,122.9,134.8417,53.08,53.17,60.81,0.8075,81.17,94.5633,112.82,125.22,71.49,52.54,22.4533
2016-03-15,26.145,143.21,28.851,59.23,126.36,72.44,71.7,27.66,94.27,98.24,152.03,129.71,102.5283,142.96,107.76,59.2,45.24,123.43,135.3417,52.42,53.59,61.4,0.8035,81.31,94.2467,113.92,124.85,71.91,52.67,22.6967
2016-03-16,26.4925,143.98,28.7135,59.7,127.57,74.34,72.73,27.88,95.4,98.44,150.54,130.45,103.0472,144.79,107.41,58.92,45.05,123.52,135.7417,51.94,54.35,61.86,0.8275,81.34,95.67,114.68,124.9,72.37,53.21,22.6633
2016-03-17,26.45,144.13,27.972,60.08,130.7,75.9,72.72,28.19,96.89,99.6,152.91,130.88,104.7359,147.04,106.74,58.75,45.77,123.16,136.4583,51.53,54.66,63.18,0.8205,82.75,95.6967,115.83,124.53,73.14,53.63,22.4833
2016-03-18,26.48,145.51,27.604,61.22,133.96,75.47,72.65,28.33,97.69,99.2,157.6,131.35,105.7547,147.09,107.5,60.48,45.6,124.08,137.775,52.25,53.49,62.99,0.8453,83.15,96.23,115.76,126.72,73.78,53.24,22.3167
2016-03-21,26.4775,147.01,27.699,61.21,135.86,75.89,72.25,28.19,96.44,98.46,156.29,131.01,106.3019,148.63,107.28,60.46,45.67,123.81,137.3667,52.8,53.86,64.72,0.8478,83.32,91.0967,116.03,126.74,73.77,53.44,22.6567
2016-03-22,26.68,150.62,28.024,60.61,135.12,75.55,72.85,28.28,95.5,97.58,154.2,130.59,106.5849,148.1,107.38,60.24,45.5,123.82,137.425,53.03,54.07,64.9,0.8463,82.74,94.0,116.06,128.02,72.96,53.21,22.6233
2016-03-23,26.5325,148.76,28.4815,60.63,132.86,73.68,71.78,27.83,93.59,96.83,154.08,130.22,105.8585,145.4,108.5,59.94,45.46,124.19,136.8917,53.08,53.97,62.44,0.8608,82.82,94.33,115.89,129.79,73.91,52.91,22.4867
2016-03-24,26.4175,149.24,29.1475,60.47,132.12,75.29,72.44,27.96,94.85,97.22,153.0,130.46,105.0189,147.95,108.31,59.48,45.58,123.29,137.05,53.07,54.21,61.65,0.862,82.89,93.7833,115.39,128.59,74.14,53.56,22.6667
2016-03-28,26.2975,148.37,28.9935,60.28,131.29,75.32,71.95,27.9,94.68,98.09,153.84,131.08,105.283,148.4,108.23,59.4,45.8,123.17,138.5667,52.83,53.54,61.34,0.8708,82.62,94.6433,116.25,128.92,74.08,53.4,22.7067
2016-03-29,26.92,149.49,29.693,60.6,130.88,76.01,72.3,28.1,95.32,98.16,155.03,132.47,105.566,149.33,109.14,59.03,46.48,123.97,136.9917,53.32,54.71,61.49,0.8848,82.8,95.2,116.41,129.83,75.38,54.05,22.6767
2016-03-30,27.39,149.48,29.9345,60.29,128.58,76.51,74.3,28.46,95.25,98.91,156.5,133.42,105.8208,148.41,108.98,59.71,46.58,125.83,138.9583,53.22,55.05,62.04,0.894,82.68,94.81,117.43,129.68,76.78,54.04,22.9333
2016-03-31,27.2475,149.93,29.682,61.4,126.94,76.54,73.83,28.47,95.4,99.31,156.98,133.43,105.7076,151.45,108.2,59.22,46.39,125.68,138.8583,52.91,55.23,61.47,0.8908,82.31,94.89,116.71,128.9,76.48,54.08,22.83
2016-04-01,27.4975,154.16,29.925,61.1,126.96,76.79,75.73,28.69,94.26,99.07,159.82,134.85,106.8208,152.52,109.19,59.87,46.83,127.02,139.6083,53.7,55.57,61.59,0.9038,83.53,95.8833,117.4,129.92,77.59,54.01,23.02
2016-04-04,27.78,154.66,29.6595,60.62,126.34,75.72,75.69,28.14,93.43,98.68,157.77,134.85,106.1793,152.07,108.59,59.2,46.89,127.57,138.6667,54.4,55.43,59.97,0.895,83.21,95.71,117.56,129.49,77.83,54.42,23.0333
2016-04-05,27.4525,152.95,29.307,60.19,127.03,75.24,74.58,27.58,92.67,97.0,155.35,134.58,105.4528,150.0,108.95,58.36,46.53,127.38,138.175,54.24,54.56,59.67,0.8938,83.16,95.7467,116.13,127.04,76.97,54.09,22.88
2016-04-06,27.74,159.66,30.104,59.88,127.93,75.22,75.58,28.0,94.84,97.48,155.19,135.44,106.6604,150.02,109.42,58.81,46.71,127.52,139.0083,55.63,55.12,60.31,0.895,83.81,96.9233,115.93,128.03,78.21,53.52,23.0133
2016-04-07,27.135,157.38,29.5715,58.86,127.0,74.17,75.32,27.6,94.79,96.16,150.41,133.87,105.3491,148.25,109.27,57.32,46.36,128.14,139.3,55.42,54.46,60.3,0.8858,83.24,97.5767,114.5,126.87,77.58,52.0,22.74
2016-04-08,27.165,156.46,29.73,59.5,127.88,74.35,74.85,27.69,96.33,96.42,150.28,133.62,105.7736,149.35,109.1,57.74,46.87,127.96,138.8583,55.36,54.42,59.42,0.8915,83.2,98.9933,115.23,125.68,78.03,52.18,22.6867
2016-04-11,27.255,156.39,29.7965,59.8,127.91,74.63,74.16,27.62,95.24,96.27,152.2,133.01,105.6038,149.25,108.97,58.2,46.44,127.56,138.825,55.05,54.31,57.92,0.897,82.73,98.2367,114.78,126.33,77.82,51.61,22.4667
2016-04-12,27.61,158.6,30.1585,60.68,129.47,76.1,74.27,27.64,97.51,97.35,154.31,134.38,106.6321,149.63,109.6,59.28,46.65,127.61,140.025,55.34,54.65,58.55,0.896,82.83,99.22,115.19,126.8,78.52,51.95,22.9333
2016-04-13,28.01,160.06,30.741,62.16,131.14,79.13,75.95,28.23,97.6,99.48,159.85,133.84,108.2453,151.23,109.87,61.79,46.04,126.89,140.4917,55.96,55.35,59.58,0.9185,82.46,99.0267,115.96,127.76,79.71,51.29,23.05
2016-04-14,28.025,160.12,31.0375,62.51,130.85,79.05,76.15,28.25,97.98,98.63,160.91,134.37,108.0377,151.16,109.84,62.59,45.83,127.51,140.1333,56.45,55.36,59.49,0.921,82.01,98.1667,115.36,127.98,80.33,51.36,22.9333
2016-04-15,27.4625,160.13,31.2945,62.14,131.13,79.17,76.31,27.9,97.23,98.59,158.52,135.01,108.1415,151.72,110.18,61.87,46.1,127.78,140.65,56.14,55.65,59.5,0.9283,82.3,98.81,116.23,127.33,80.08,51.35,23.02
2016-04-18,26.87,161.7,31.7675,62.59,131.97,79.25,77.27,28.19,98.7,101.48,159.02,136.8,108.9245,152.53,110.93,62.27,46.22,128.85,141.2917,56.51,56.46,59.57,0.9243,82.83,98.9233,116.01,127.81,81.45,51.73,23.2867
2016-04-19,26.7275,162.1,31.395,63.57,132.68,80.39,76.19,28.33,100.5,102.64,162.65,135.44,109.2453,144.0,112.68,63.32,46.6,128.86,141.375,56.86,56.39,59.56,0.9078,83.28,99.4333,116.27,130.5,80.75,52.08,23.2567
2016-04-20,26.7825,162.76,31.6495,65.02,130.57,79.74,76.14,28.44,101.69,103.27,166.98,135.19,108.6604,146.11,113.58,64.24,44.37,128.55,140.7833,56.58,55.59,59.62,0.9113,81.55,100.0067,115.8,133.93,81.15,51.75,23.07
2016-04-21,26.4925,164.35,31.55,65.61,130.74,78.66,77.15,28.24,101.4,102.91,165.32,134.6,108.4151,149.3,113.57,63.6,43.66,125.79,140.55,56.6,55.78,60.08,0.9103,80.8,99.1233,108.79,132.96,80.79,50.03,22.8233
2016-04-22,26.42,163.19,31.025,65.93,131.05,78.32,76.48,28.15,102.01,103.77,166.75,135.66,107.7075,148.5,113.32,63.97,44.54,125.5,140.55,56.74,51.78,59.43,0.9068,80.95,99.7,110.84,134.13,79.11,50.55,22.9067
2016-04-25,26.27,163.46,31.31,65.7,130.75,76.79,76.51,28.23,101.51,104.57,165.09,135.65,106.8396,148.81,113.51,63.6,44.71,127.46,140.3167,56.22,52.11,59.21,0.9113,81.41,99.75,110.34,133.78,78.14,50.76,23.1567
2016-04-26,26.0875,162.85,30.844,66.2,133.24,77.65,76.21,28.45,102.29,104.89,165.84,135.34,108.3019,149.08,112.91,63.93,44.53,127.71,138.4833,56.04,51.44,59.54,0.912,79.55,100.04,109.97,134.24,78.53,50.44,23.1
2016-04-27,24.455,161.0,30.3285,66.23,137.08,78.68,75.69,28.64,103.85,105.28,166.92,135.75,108.9057,150.47,112.77,64.11,44.68,128.3,139.8,56.31,50.94,59.27,0.9328,79.89,99.5933,109.53,132.8,78.76,51.69,23.14
2016-04-28,23.7075,160.56,30.1,65.84,134.8,77.75,75.38,27.96,102.4,104.03,164.29,132.73,108.1321,147.07,112.48,63.6,44.63,127.92,139.1667,55.74,49.9,58.54,0.905,79.76,96.5367,109.13,132.07,77.68,51.02,22.97
2016-04-29,23.435,158.3,32.9795,65.43,134.8,77.72,75.8,27.49,102.18,103.26,164.11,133.89,107.8019,145.94,112.08,63.2,44.8,126.49,139.4833,54.84,49.87,58.94,0.8883,80.12,95.77,109.9,131.68,77.24,50.94,22.29
2016-05-02,23.41,158.99,34.1925,65.68,134.01,77.84,77.25,27.37,103.31,104.36,166.18,136.05,108.1793,145.27,112.75,63.79,44.98,128.2,140.2833,55.3,50.61,59.59,0.9,80.97,96.5033,110.91,132.1,78.46,51.32,22.53
2016-05-03,23.795,156.35,33.566,64.85,132.49,76.36,74.9,26.86,101.32,103.78,163.14,134.54,108.0283,144.13,112.69,62.56,44.84,128.4,139.975,55.08,49.78,59.52,0.8893,81.1,96.3333,110.33,132.46,77.19,50.68,22.3333
2016-05-04,23.5475,154.18,33.545,64.26,130.89,74.24,73.99,26.44,100.59,103.67,160.07,135.16,106.5377,144.25,112.22,61.57,44.98,129.33,139.3,54.81,49.87,59.11,0.869,81.6,96.3333,109.73,132.03,77.07,50.84,22.3967
2016-05-05,23.31,154.25,32.9545,63.92,132.08,72.79,73.81,26.21,101.42,104.93,159.53,134.67,107.1887,146.47,112.88,61.24,45.06,129.28,139.8083,54.09,49.94,58.19,0.8743,81.3,96.2933,110.75,132.31,77.36,50.84,22.4033
2016-05-06,23.18,153.19,33.6975,64.51,133.26,73.36,74.25,26.53,101.86,105.54,158.85,135.7,107.3396,147.29,112.74,61.6,45.32,130.58,140.7417,53.6,50.39,58.43,0.8833,82.13,96.8267,110.45,132.04,77.72,51.12,22.75
2016-05-09,23.1975,155.41,33.9875,63.98,132.1,70.78,74.62,26.51,100.35,105.34,157.51,136.24,106.7547,147.34,113.72,61.21,45.24,130.83,140.4333,54.1,50.07,58.72,0.882,82.12,97.2667,110.81,132.67,78.22,51.08,22.9833
2016-05-10,23.355,157.24,35.1535,64.84,134.72,72.51,75.92,27.03,101.27,106.6,161.42,137.51,108.434,149.97,114.67,62.04,45.75,131.6,141.8833,54.68,51.02,59.2,0.899,82.48,98.6667,112.27,133.57,79.2,51.54,22.93
2016-05-11,23.1275,154.18,35.6615,64.59,133.0,72.43,75.79,26.7,101.14,102.29,159.42,134.3,107.6509,148.95,114.37,61.81,45.46,129.14,141.475,54.31,51.05,57.01,0.9015,82.15,98.0,111.97,130.69,77.3,51.15,22.1367
2016-05-12,22.585,152.9,35.8965,64.34,134.42,71.7,75.89,26.67,102.12,101.71,158.07,134.19,107.7264,148.84,114.23,61.77,45.83,130.12,141.7917,54.12,51.51,57.99,0.8893,82.41,98.7267,112.64,129.74,77.89,51.47,22.2833
2016-05-13,22.63,152.35,35.496,64.12,132.12,70.07,76.37,26.53,100.74,100.52,155.34,133.13,106.7925,147.72,113.56,61.2,45.35,128.83,140.2667,53.88,51.08,57.31,1.0245,81.23,97.7233,112.67,129.0,76.83,50.94,21.6467
2016-05-16,23.47,153.27,35.533,64.07,134.14,70.7,77.31,26.97,102.29,100.36,155.38,135.34,108.3396,149.46,114.44,61.66,45.62,129.64,141.2917,54.65,51.83,57.14,1.0548,81.63,99.2267,112.24,130.64,77.8,51.23,22.0067
2016-05-17,23.3725,150.11,34.7635,62.76,132.56,71.05,76.77,26.65,100.75,99.94,154.65,132.0,107.1981,148.0,113.83,61.66,44.75,127.69,139.8417,54.32,50.51,57.1,1.057,80.62,97.56,110.42,129.56,76.79,50.9,21.7
2016-05-18,23.64,150.83,34.8725,63.52,130.99,70.59,77.87,26.72,100.06,99.0,159.94,131.77,106.3113,147.34,113.59,64.04,44.48,126.21,139.0167,54.67,50.81,56.12,1.084,79.85,97.0767,111.3,130.51,77.43,50.39,21.05
2016-05-19,23.55,148.67,34.926,62.74,128.08,69.43,81.09,27.57,99.85,98.41,154.7,131.73,105.9623,144.93,112.85,63.39,44.32,125.29,137.5917,54.58,50.32,57.04,1.0888,80.19,96.1133,110.1,130.0,76.88,49.63,23.0667
2016-05-20,23.805,150.18,35.14,63.92,127.39,69.87,81.02,27.97,99.79,99.78,154.51,131.85,106.8113,147.25,112.64,63.51,43.95,122.56,137.5083,55.11,50.62,56.48,1.1083,80.02,96.5367,111.89,130.94,77.67,49.66,23.2867
2016-05-23,24.1075,149.3,34.8375,63.59,127.58,70.4,81.73,27.94,99.38,99.18,155.45,131.42,106.4151,146.77,112.16,63.46,43.97,122.81,138.425,54.92,50.03,55.99,1.11,80.2,97.5733,111.39,130.42,77.21,49.14,23.1667
2016-05-24,24.475,152.72,35.21,64.87,127.5,71.09,82.75,28.47,100.19,99.51,157.59,133.36,107.8962,148.31,112.69,64.54,44.37,123.95,140.525,55.6,51.59,56.59,1.134,80.97,97.3067,113.44,132.59,79.38,49.58,23.4133
2016-05-25,24.905,155.57,35.4175,65.31,128.86,72.57,83.57,28.92,101.77,99.86,161.25,133.2,108.2264,151.69,113.35,65.52,44.38,123.26,141.6583,56.57,52.12,55.99,1.1292,81.48,97.0833,113.54,133.42,79.06,49.85,23.4933
2016-05-26,25.1025,155.55,35.7455,65.23,129.31,72.08,83.35,28.9,101.5,99.81,159.22,134.05,107.7264,152.44,112.9,65.03,44.69,123.79,140.7583,56.39,51.89,55.84,1.1413,81.22,96.14,113.6,132.98,79.0,50.16,23.6167
2016-05-27,25.0875,156.74,35.612,65.52,129.22,71.96,83.77,28.92,102.02,100.29,159.53,133.94,107.8585,152.84,113.06,65.43,44.78,123.25,140.7417,56.48,52.32,56.19,1.1475,81.43,97.2633,114.18,134.0,79.66,50.62,23.5833
2016-05-31,24.965,157.95,36.1395,65.76,126.15,72.51,83.71,29.05,101.0,99.22,159.48,132.12,107.3868,153.74,112.69,65.27,44.6,122.06,140.2667,56.26,53.0,55.22,1.168,81.04,97.03,114.14,133.67,78.94,50.9,23.5933
2016-06-01,24.615,158.05,35.972,65.91,126.41,72.27,83.45,28.9,101.13,98.52,159.97,131.83,107.4906,152.51,112.78,65.69,44.7,121.97,140.575,56.33,52.85,54.93,1.1703,81.79,97.1133,114.84,134.53,79.22,50.43,23.5
2016-06-02,24.43,159.87,36.412,66.41,126.85,73.62,83.24,29.08,100.53,98.72,159.28,132.41,108.0472,153.5,114.49,65.81,44.72,121.17,140.0333,56.82,52.48,54.53,1.1785,81.95,97.3433,114.87,136.04,79.95,50.77,23.65
2016-06-03,24.48,159.19,36.277,65.49,127.38,75.04,82.55,29.13,100.66,98.75,155.67,131.74,108.2925,152.89,114.76,64.64,45.04,121.35,140.3167,56.64,51.79,53.45,1.162,82.47,97.0,114.62,136.84,79.94,50.92,23.6233
2016-06-06,24.6575,160.19,36.3365,65.94,131.9,76.42,82.83,29.1,101.17,98.78,157.06,129.19,109.0,152.73,115.77,65.28,45.37,122.0,141.7333,57.17,52.13,54.3,1.156,82.77,97.8233,114.33,138.15,80.54,50.71,23.6833
2016-06-07,24.7575,158.89,36.187,65.89,131.93,76.81,83.14,29.07,103.32,98.35,155.17,129.92,108.8208,153.33,115.73,65.06,45.32,121.9,142.425,57.0,52.1,53.55,1.1583,82.32,97.9433,114.58,136.94,80.6,51.75,23.6767
2016-06-08,24.735,158.0,36.332,66.26,133.0,78.11,83.35,29.14,103.09,98.04,154.64,129.59,109.5,154.0,115.8,65.25,45.55,122.11,142.85,57.62,52.04,54.12,1.1545,82.65,98.4333,114.22,140.4,81.65,51.52,23.76
2016-06-09,24.9125,156.78,36.3825,65.71,133.1,77.16,82.73,29.14,102.81,97.84,153.17,129.3,110.5755,153.42,117.0,64.75,45.76,122.79,141.775,57.18,51.62,54.94,1.1845,83.17,97.6767,114.22,140.68,81.26,51.95,23.6967
2016-06-10,24.7075,154.78,35.8955,64.97,131.14,76.03,81.83,29.03,101.98,97.34,149.89,128.83,110.0755,152.37,117.01,63.84,45.99,122.36,140.4667,56.81,51.48,55.11,1.155,83.2,97.35,113.81,139.24,80.18,52.67,23.7133
2016-06-13,24.335,153.08,35.762,63.67,129.92,75.23,81.49,28.84,102.1,97.57,148.63,127.83,108.6132,151.28,116.79,63.27,45.12,122.99,139.275,56.11,50.14,54.91,1.1698,82.57,97.15,113.0,138.09,78.4,52.57,23.51
2016-06-14,24.365,152.99,35.965,61.07,130.5,74.86,81.09,28.96,101.28,98.4,146.19,125.24,108.9717,151.06,117.12,62.08,45.04,122.51,139.675,56.25,49.83,54.12,1.172,83.35,97.3833,112.55,137.87,78.57,52.99,23.65
2016-06-15,24.285,151.9,35.713,61.42,130.16,75.07,81.99,28.65,100.63,98.27,146.16,126.53,108.9811,150.68,116.41,61.97,45.01,122.25,139.8333,56.09,49.69,54.31,1.184,82.95,96.9733,111.81,137.26,78.17,52.84,23.7067
2016-06-16,24.3875,152.3,35.8755,61.93,129.37,74.99,81.64,28.87,101.07,98.38,146.63,127.36,109.2359,151.06,116.64,62.22,45.31,122.47,141.6083,57.5,50.39,53.47,1.1888,83.41,96.8467,112.75,138.66,78.35,53.46,23.7667
2016-06-17,23.8325,149.62,35.3195,61.86,129.82,75.93,80.5,28.95,101.57,99.0,145.64,127.14,109.3585,151.99,115.48,62.28,44.79,122.27,140.7833,55.89,50.13,53.71,1.168,83.13,96.1033,111.86,137.69,76.99,53.78,23.65
2016-06-20,23.775,150.65,35.7005,62.3,132.75,76.43,81.22,28.8,102.61,99.57,147.75,127.62,110.434,153.61,116.54,62.37,44.98,123.42,142.6917,56.14,50.07,54.36,1.189,83.04,96.52,112.61,138.52,77.34,53.76,23.7
2016-06-21,23.9775,149.42,35.791,62.29,131.52,76.49,81.63,28.77,103.24,98.82,148.35,127.74,110.6604,154.05,116.18,62.95,45.13,122.63,142.8083,56.25,51.19,54.77,1.1818,83.41,95.8333,112.72,138.19,77.33,54.1,23.82
2016-06-22,23.8875,149.81,35.53,61.95,131.77,76.43,80.62,28.72,102.29,98.79,148.14,127.6,109.9717,152.92,116.46,62.71,44.86,120.62,142.6917,57.04,50.99,54.57,1.1808,83.57,96.64,111.83,137.9,76.53,54.03,23.9167
2016-06-23,24.025,152.27,36.104,63.25,133.55,78.22,82.28,29.22,104.44,99.02,152.66,128.29,110.6793,155.35,117.38,64.05,45.08,121.21,145.0917,57.68,51.91,54.12,1.2123,84.21,96.31,113.85,139.19,78.23,54.67,24.0333
2016-06-24,23.35,146.45,34.948,60.06,126.52,73.03,78.46,27.75,101.9,95.72,141.86,126.4,106.5849,146.59,115.63,59.6,43.93,119.44,140.9333,55.88,49.83,52.59,1.1433,82.26,94.5833,111.02,137.29,75.05,54.43,23.9867
2016-06-27,23.01,144.58,34.568,57.67,122.7,71.38,76.07,27.31,100.36,94.38,139.51,124.67,105.1509,143.5,116.55,57.61,43.78,116.3,139.325,55.31,48.43,51.89,1.131,81.23,93.44,110.35,137.11,73.34,54.74,23.8333
2016-06-28,23.3975,148.42,35.3975,57.9,123.89,72.52,77.55,27.79,101.63,96.05,142.41,127.53,107.6038,145.7,118.23,59.52,44.18,118.5,141.325,55.58,49.44,53.09,1.1475,82.46,96.6867,114.13,138.71,75.16,54.82,23.8367
2016-06-29,23.6,150.1,35.78,59.63,126.99,74.23,79.0,28.26,103.42,96.98,145.5,127.37,107.9811,148.46,119.33,61.2,44.44,119.49,142.9333,57.05,50.54,55.13,1.1663,83.91,96.8033,116.81,140.52,76.74,55.06,24.1533
2016-06-30,23.9,152.15,35.781,60.76,129.87,75.81,79.41,28.69,104.83,97.82,148.58,127.69,109.7359,151.78,121.3,62.14,45.33,120.34,145.9333,57.61,51.17,55.2,1.1752,84.67,97.89,119.04,141.2,74.17,55.84,24.34
2016-07-01,23.9725,154.28,36.284,60.69,129.69,76.45,79.83,28.8,104.15,98.03,148.25,129.62,109.9057,152.35,121.29,61.26,45.12,120.4,146.2833,57.94,51.16,55.61,1.1665,84.78,97.9333,118.85,140.86,74.48,56.23,24.27
2016-07-05,23.7475,154.27,36.405,59.15,126.97,74.38,78.67,28.33,103.57,97.66,144.45,129.35,108.7076,151.68,122.27,59.55,45.43,120.76,146.3583,58.0,51.17,55.2,1.1838,85.44,98.22,118.68,141.56,74.67,56.53,24.38
2016-07-06,23.8825,156.05,36.8805,59.48,126.96,74.83,78.5,28.72,104.58,98.45,145.58,131.57,110.2075,152.37,122.64,60.19,45.27,120.63,145.9667,59.16,51.38,55.8,1.1913,85.03,99.93,118.76,142.38,74.06,56.26,24.6067
2016-07-07,23.985,156.59,36.8285,59.81,127.17,75.05,78.76,28.74,103.05,98.41,147.0,131.16,109.5377,152.6,122.51,60.58,45.09,120.92,145.725,58.78,51.38,55.92,1.2223,84.83,100.7,117.51,140.8,74.51,55.38,24.51
2016-07-08,24.17,161.1,37.2905,61.49,130.09,77.37,80.89,29.26,104.77,99.62,150.38,134.34,112.1132,154.46,122.85,61.83,45.38,121.31,147.6,59.35,52.3,56.72,1.2713,85.77,102.1733,118.08,141.27,76.42,55.9,24.6133
2016-07-11,24.245,160.18,37.689,62.16,132.04,77.8,81.66,29.43,105.39,99.98,152.19,135.15,111.8585,155.33,122.93,62.27,45.57,122.0,148.3417,59.34,52.59,56.83,1.3005,85.75,102.3967,118.12,140.32,76.52,55.93,24.6867
2016-07-12,24.355,161.96,37.4105,63.0,130.81,79.8,81.93,29.61,106.78,100.2,156.92,134.84,112.283,157.04,122.92,63.2,45.58,122.25,149.3,59.6,53.21,58.06,1.32,85.75,101.8933,118.09,139.86,77.48,55.47,24.4233
2016-07-13,24.2175,160.52,37.1315,63.1,130.11,79.69,81.33,29.75,106.65,99.88,157.92,133.56,112.3113,158.02,123.0,63.16,45.74,122.82,149.3417,59.55,53.51,57.99,1.3195,85.89,102.2967,118.0,141.48,77.46,56.0,24.54
2016-07-14,24.6975,162.74,37.06,63.61,131.55,80.06,81.56,29.76,106.7,99.97,162.54,134.54,112.3491,160.28,123.18,64.12,45.69,123.93,150.75,59.65,53.74,58.49,1.333,85.87,102.0833,118.74,140.84,78.14,55.84,24.5667
2016-07-15,24.695,163.28,36.772,63.78,132.39,80.7,81.4,29.82,107.03,99.8,161.64,134.78,112.4811,159.78,123.0,64.18,45.63,123.61,151.1667,59.63,53.7,57.87,1.3175,86.01,101.9667,118.64,141.33,78.3,55.84,24.5567
2016-07-18,24.9575,162.93,36.8035,63.99,133.43,79.82,81.63,29.91,106.09,100.15,163.33,136.34,112.1604,159.86,123.14,63.96,45.63,123.8,150.925,59.02,53.96,57.74,1.3243,85.93,102.4167,117.38,140.75,78.31,55.93,24.6133
2016-07-19,24.9675,162.49,36.9975,64.16,134.66,79.74,81.37,29.92,106.04,99.47,161.41,136.98,112.5943,159.58,125.25,63.86,45.63,126.5,151.0333,58.66,53.09,57.76,1.338,86.17,103.0,117.05,142.59,78.72,55.7,24.5533
2016-07-20,24.99,163.25,37.286,64.48,134.72,79.69,82.14,30.63,105.59,98.22,161.77,137.41,113.0943,161.36,125.14,63.93,45.51,126.06,151.1833,58.79,55.91,57.76,1.3555,85.32,104.0333,117.01,143.02,79.36,55.62,24.5967
2016-07-21,24.8575,164.19,37.2215,63.43,133.53,80.01,81.7,30.58,105.39,98.01,160.05,136.07,111.9434,160.45,125.15,63.69,45.45,127.18,150.2167,58.79,55.8,56.99,1.3305,85.26,96.8767,116.72,142.87,78.79,55.37,24.5067
2016-07-22,24.665,165.67,37.243,64.28,133.47,79.38,82.55,30.71,105.66,97.71,160.41,136.52,109.066,162.07,125.03,64.04,45.83,128.26,150.3667,58.82,56.57,56.73,1.3668,85.72,97.86,117.15,143.69,79.91,56.1,24.5167
2016-07-25,24.335,166.56,36.9805,64.33,132.94,78.69,82.19,30.79,103.07,97.39,160.51,136.5,108.9528,162.65,124.89,63.87,45.57,127.4,149.6917,58.56,56.73,57.14,1.392,85.8,98.3967,117.45,141.73,78.94,55.87,24.5833
2016-07-26,24.1675,167.67,36.7795,64.37,134.85,82.75,81.76,30.88,102.68,96.69,161.16,136.75,109.3868,162.12,125.15,64.13,44.88,121.71,148.05,58.36,56.76,56.37,1.4158,85.27,97.6333,117.65,141.7,78.49,54.81,24.5767
2016-07-27,25.7375,170.68,36.8335,64.59,135.96,84.1,81.5,30.76,102.26,96.33,160.99,136.31,108.4528,161.83,124.77,64.33,43.4,119.48,148.5583,58.6,56.19,55.79,1.4015,84.46,97.4333,116.43,141.68,78.53,55.32,24.44
2016-07-28,26.085,171.28,37.6305,64.79,133.01,82.92,82.33,30.52,101.79,95.91,160.53,137.96,109.2076,161.37,124.46,64.1,43.65,119.42,148.3167,58.43,56.21,55.45,1.4045,84.81,99.2967,117.61,142.76,79.19,54.86,24.4133
2016-07-29,26.0525,172.03,37.9405,64.46,133.66,82.76,81.8,30.53,102.48,95.95,158.81,138.24,109.7453,160.62,125.23,63.97,43.63,117.65,148.6333,58.66,56.68,55.5,1.4275,85.59,99.91,116.22,143.2,78.05,55.41,24.3233
2016-08-01,26.5125,174.16,38.387,64.13,133.21,81.95,81.02,30.73,99.11,95.54,158.18,138.77,109.3208,161.45,125.4,63.8,43.45,118.01,148.575,58.66,56.58,55.41,1.4183,86.41,99.12,116.81,143.51,78.26,54.5,24.5933
2016-08-02,26.12,174.15,38.029,63.47,131.6,81.24,80.5,30.62,99.59,95.01,156.06,137.22,108.9151,160.58,124.85,63.65,43.53,117.7,148.6333,58.33,56.58,54.92,1.401,86.76,100.5767,117.03,143.17,78.28,54.0,24.3767
2016-08-03,26.4475,173.43,37.732,63.83,131.87,82.03,80.41,30.72,100.61,96.09,158.34,137.06,109.4434,160.67,123.9,64.66,43.64,117.52,148.65,57.65,56.97,54.75,1.4048,85.97,100.5033,117.98,142.88,78.71,53.9,24.3133
2016-08-04,26.4675,172.67,38.0385,63.94,131.21,81.77,80.56,30.8,100.39,95.16,158.05,136.05,109.3868,161.55,123.86,64.56,43.51,118.3,148.175,57.84,57.39,54.79,1.4308,86.05,100.01,117.88,142.71,79.48,53.93,24.4333
2016-08-05,26.87,173.66,38.299,65.52,131.73,82.56,81.33,31.04,100.51,95.83,162.09,136.91,109.783,163.5,124.24,66.3,43.48,119.21,148.8083,63.86,57.96,55.85,1.455,85.78,100.1267,118.58,142.99,80.14,53.64,24.5867
2016-08-08,27.0925,172.34,38.328,65.83,132.19,83.44,81.17,31.01,101.2,95.75,162.83,136.21,109.4717,162.04,123.65,66.1,43.44,118.29,148.8167,62.86,58.06,55.98,1.4685,85.76,99.19,118.15,142.13,79.95,53.59,24.4467
2016-08-09,27.2025,172.08,38.4155,65.39,132.62,82.83,81.18,30.94,101.32,96.67,163.44,136.11,109.6793,161.77,123.43,65.87,43.47,118.31,148.6583,62.49,58.2,55.77,1.4723,85.99,98.43,118.18,141.82,80.06,53.66,24.5133
2016-08-10,27.0,171.23,38.428,64.74,132.28,82.65,80.24,30.85,100.14,97.86,162.19,135.6,109.4623,162.08,123.36,65.28,43.61,118.8,149.0167,62.64,58.02,55.13,1.4628,86.31,98.82,118.23,142.19,79.68,53.81,24.65
2016-08-11,26.9825,172.43,38.562,65.48,133.0,83.24,81.48,30.95,101.4,97.77,163.86,137.04,109.783,163.53,123.77,65.46,43.75,119.38,150.8333,63.63,58.3,56.73,1.4925,86.73,98.9133,118.6,142.63,80.12,53.86,24.6
2016-08-12,27.045,173.02,38.628,65.38,133.1,83.0,81.63,30.87,102.16,96.84,163.25,136.57,109.5283,161.95,123.22,65.32,44.03,119.52,150.225,63.35,57.94,56.45,1.576,87.04,98.6033,118.51,142.88,80.02,53.65,24.63
2016-08-15,27.37,174.58,38.4245,65.63,134.66,84.15,78.92,31.19,102.77,97.1,165.55,137.06,110.2264,161.88,122.31,65.72,44.24,118.52,150.4667,63.32,58.12,56.77,1.5745,87.02,98.7767,118.35,141.62,80.91,53.61,24.44
2016-08-16,27.345,172.16,38.202,65.3,135.0,84.29,77.96,31.12,102.62,96.88,165.65,136.23,109.651,160.7,120.33,65.71,43.83,117.94,149.375,63.04,57.44,56.88,1.565,86.58,97.1767,116.98,141.08,80.81,52.76,24.2967
2016-08-17,27.305,174.31,38.2315,65.68,134.72,84.41,76.32,30.72,102.22,96.87,165.67,136.15,109.2264,160.44,121.31,65.89,44.06,117.1,149.8917,63.29,57.56,56.86,1.5288,86.96,95.8833,117.42,141.71,80.84,53.17,24.31
2016-08-18,27.27,174.75,38.223,65.63,135.0,83.38,76.91,30.48,103.55,96.65,166.06,134.8,109.3019,161.36,120.72,65.95,44.1,117.13,149.3167,63.63,57.6,57.21,1.5525,87.44,96.1933,117.82,142.17,80.27,52.87,24.7667
2016-08-19,27.34,173.62,37.8655,65.53,134.44,83.84,77.48,30.52,102.32,96.39,166.23,135.46,109.5377,160.04,119.92,65.86,43.92,115.01,149.675,63.36,57.62,58.9,1.5565,87.31,95.9233,117.47,142.04,80.47,52.45,24.27
2016-08-22,27.1275,174.35,37.974,65.36,134.99,83.59,77.25,30.63,101.94,95.87,166.26,135.34,109.9811,160.0,119.13,65.8,43.74,115.42,149.225,63.55,57.67,58.66,1.563,86.85,95.9633,116.95,142.09,81.06,52.55,24.2333
2016-08-23,27.2125,174.4,38.1225,65.68,134.14,84.01,78.02,30.98,101.68,95.97,166.08,136.22,110.3868,160.26,119.44,65.77,43.85,115.19,149.8083,63.58,57.89,59.62,1.5728,87.4,97.0433,116.63,142.01,80.8,52.63,23.99
2016-08-24,27.0075,170.84,37.8625,65.16,133.29,83.15,77.82,31.06,102.2,95.82,165.3,135.06,110.1509,159.05,118.71,65.95,43.85,114.87,149.5083,62.73,57.95,60.22,1.5485,87.31,95.6033,117.11,139.87,80.29,52.53,24.0767
2016-08-25,26.8925,170.23,37.961,65.0,132.98,82.84,80.16,31.29,101.89,95.55,165.9,135.43,110.1604,158.63,118.57,66.07,43.67,115.43,149.65,62.32,58.17,59.24,1.5383,87.9,95.5033,117.75,137.3,80.32,52.75,23.74
2016-08-26,26.735,171.97,38.45,64.79,132.23,82.66,80.03,31.35,101.32,95.21,165.97,134.36,110.1415,158.32,119.04,66.22,43.32,114.44,149.5083,62.85,58.03,59.0,1.5508,87.58,95.2733,117.14,136.62,80.57,52.07,23.7133
2016-08-29,26.705,171.51,38.5645,65.52,132.9,83.1,79.92,31.58,102.05,94.87,166.87,135.24,110.5377,159.72,119.92,66.95,43.54,115.41,150.4167,63.01,58.1,58.63,1.5498,88.3,95.56,118.48,137.27,80.87,52.5,23.8
2016-08-30,26.5,170.76,38.379,65.45,130.81,82.48,79.83,31.54,101.7,94.86,169.37,134.1,110.3962,159.4,119.47,67.5,43.24,115.36,150.125,62.71,57.89,58.0,1.5408,87.54,95.57,118.47,136.87,81.17,52.27,23.77
2016-08-31,26.525,170.06,38.458,65.58,129.45,81.95,79.42,31.44,100.58,94.46,169.46,134.12,110.1038,158.88,119.34,67.5,43.43,115.66,149.3667,62.79,57.46,57.64,1.5335,87.31,94.57,118.71,136.05,80.9,52.33,23.8133
2016-09-01,26.6825,170.13,38.531,64.86,129.9,81.45,75.91,31.58,100.21,94.26,168.51,134.23,109.5566,159.54,119.08,67.21,43.35,115.4,149.9833,62.9,57.59,58.54,1.5788,88.31,95.09,118.35,135.74,81.3,52.56,24.28
2016-09-02,26.9325,169.77,38.622,65.19,131.16,81.69,75.1,31.83,100.93,94.42,169.18,135.15,109.8019,159.55,119.32,67.49,43.66,115.83,150.675,62.98,57.67,58.02,1.5632,88.2,95.4767,118.84,136.61,82.0,52.88,24.1667
2016-09-06,26.925,170.84,39.4435,65.76,132.99,82.08,75.42,31.87,102.43,93.8,169.33,134.1,109.1604,160.35,119.75,67.44,43.79,117.25,150.3833,63.24,57.61,57.41,1.578,88.64,95.0433,119.29,135.97,82.53,53.51,24.3333
2016-09-07,27.09,170.63,39.224,66.19,132.64,83.72,75.01,31.79,102.88,93.71,169.67,132.79,107.7736,161.64,119.61,67.16,43.64,116.92,149.7917,62.87,57.66,57.72,1.5548,87.95,95.4967,118.68,134.99,83.24,53.71,24.02
2016-09-08,26.38,170.97,39.203,66.24,132.9,83.54,74.88,31.47,104.12,94.09,171.66,131.26,107.3774,159.0,119.47,67.25,43.63,116.17,150.0833,63.24,57.43,56.17,1.566,87.78,94.45,116.9,135.44,82.97,53.6,23.9433
2016-09-09,25.7825,166.55,38.007,65.12,128.53,80.79,74.2,30.85,101.27,92.42,168.57,127.74,105.6698,155.69,118.23,66.65,42.27,114.58,146.3667,62.49,56.21,55.33,1.488,86.24,91.4633,114.44,133.62,81.33,51.82,23.4333
2016-09-12,26.36,172.04,38.5745,65.9,130.12,81.92,74.36,31.44,102.25,93.64,171.06,128.59,107.066,158.29,119.16,67.06,43.19,115.95,148.4167,63.19,57.05,56.01,1.5188,88.25,93.1167,115.52,135.53,82.97,52.57,23.98
2016-09-13,26.9875,169.3,38.0505,64.36,128.76,80.23,73.06,31.06,99.43,92.7,167.0,125.72,105.283,155.81,117.61,66.53,42.28,114.73,146.725,61.81,56.53,55.37,1.4968,87.05,91.25,114.26,133.95,81.89,51.45,23.82
2016-09-14,27.9425,170.14,38.0545,63.48,127.67,81.02,73.82,31.0,98.42,92.26,166.16,126.26,107.5755,154.05,117.86,66.4,42.11,115.18,146.35,61.35,56.26,55.13,1.51,87.01,91.87,113.71,133.69,81.49,51.49,23.84
2016-09-15,28.8925,172.64,38.4845,63.83,127.77,82.03,73.99,31.31,99.5,92.5,168.08,126.96,108.7547,155.66,118.63,66.64,42.36,116.14,147.1583,62.38,57.19,55.47,1.5673,88.06,92.2467,114.94,135.61,82.01,51.98,24.1333
2016-09-16,28.73,172.96,38.926,63.66,126.7,82.05,73.29,30.84,97.84,92.56,166.0,126.11,107.7925,153.84,118.25,65.82,42.14,115.28,145.8833,62.28,57.25,55.18,1.571,88.05,91.3267,114.67,138.47,82.07,51.88,24.29
2016-09-19,28.395,171.38,38.755,64.06,127.48,81.88,73.0,31.02,98.04,92.63,166.21,126.29,108.0566,154.87,117.66,66.19,42.1,115.21,147.2667,61.33,56.93,54.95,1.5918,88.37,91.1767,115.09,137.68,82.51,51.2,24.03
2016-09-20,28.3925,173.38,39.011,63.72,127.79,81.7,72.91,31.1,97.7,92.95,166.47,126.83,108.3679,154.45,117.95,66.46,42.34,116.45,148.0,61.94,56.81,54.87,1.5773,88.58,91.7233,114.79,137.47,82.48,51.27,23.99
2016-09-21,28.3875,173.85,39.487,64.28,130.56,83.47,74.18,31.36,99.63,92.39,167.03,128.11,109.3679,155.53,118.91,66.84,42.53,116.93,149.6583,62.7,57.76,55.34,1.6215,87.8,92.7933,115.93,139.91,83.22,51.87,24.0633
2016-09-22,28.655,175.62,40.235,64.63,131.87,83.5,74.59,31.66,99.98,93.41,168.02,128.75,110.217,156.11,119.46,67.39,42.96,117.36,149.875,63.02,57.82,55.41,1.6255,88.99,93.2067,116.73,141.04,83.36,52.35,24.09
2016-09-23,28.1775,174.8,40.2875,63.85,131.78,82.44,70.39,31.34,99.22,93.27,165.13,127.79,109.4151,154.98,118.81,67.25,42.74,117.17,147.825,62.96,57.43,55.15,1.6238,87.76,94.3333,115.31,140.51,82.54,52.56,24.1167
2016-09-26,28.22,173.53,39.958,63.42,130.57,82.37,70.19,31.07,98.78,91.96,161.48,125.45,109.3774,153.98,117.78,65.78,42.05,116.53,146.625,62.15,56.9,54.4,1.6085,87.85,93.4367,113.94,139.72,81.81,52.15,23.8733
2016-09-27,28.2725,171.63,40.8055,64.28,131.32,82.88,70.05,31.48,98.98,91.72,162.89,126.82,109.6321,156.77,119.22,66.36,42.59,116.88,146.9167,62.57,57.95,55.34,1.6635,88.36,94.1267,114.41,140.79,82.16,52.49,24.11
2016-09-28,28.4875,169.71,41.436,64.22,132.23,86.59,71.62,31.5,102.15,92.2,163.45,128.27,110.5283,158.29,119.39,66.71,42.15,115.18,147.9917,63.3,58.03,53.25,1.6695,89.46,93.9733,115.01,140.41,82.97,52.06,23.93
2016-09-29,28.045,165.45,41.4525,63.37,131.03,87.47,71.2,31.39,101.27,91.8,158.95,127.93,109.6132,158.11,117.27,65.65,42.03,114.79,146.1417,61.91,57.4,52.16,1.685,88.23,92.4333,113.87,138.32,81.92,52.12,23.5767
2016-09-30,28.2625,166.81,41.8655,64.04,131.74,88.77,71.33,31.72,102.92,92.86,161.27,128.68,109.9906,158.85,118.13,66.59,42.32,115.36,146.8583,62.41,57.6,52.65,1.713,89.75,92.22,114.55,140.0,82.7,51.98,24.04
2016-10-03,28.13,167.34,41.837,63.81,132.38,88.28,70.52,31.5,102.45,92.49,161.07,128.5,109.4811,157.61,118.81,66.51,42.03,114.64,145.8667,62.52,57.42,52.67,1.7113,88.66,91.9467,113.0,138.49,82.86,51.88,24.0033
2016-10-04,28.25,167.55,41.7015,63.91,132.25,87.51,72.63,31.35,101.27,92.59,162.27,128.2,108.3774,156.46,118.82,66.6,41.84,113.5,143.0667,62.46,57.24,52.14,1.7075,88.35,90.3333,112.32,138.16,82.73,51.26,23.9167
2016-10-05,28.2625,167.24,42.218,64.36,134.66,89.42,68.42,31.59,102.23,92.45,166.4,127.58,108.7359,157.08,119.18,67.69,41.81,113.41,143.6583,62.8,57.64,52.12,1.7058,88.85,90.6967,113.1,137.6,83.35,50.27,23.89
2016-10-06,28.4725,166.9,42.083,61.94,134.42,89.29,71.26,31.48,102.18,92.83,167.15,130.19,109.066,156.88,118.75,67.87,41.71,113.92,143.0333,62.66,57.74,52.03,1.6835,89.22,91.3567,113.18,136.47,83.36,50.26,23.12
2016-10-07,28.515,167.5,41.9715,61.76,133.85,88.47,70.91,31.47,102.27,92.49,169.83,128.31,100.8868,155.67,119.24,68.11,41.73,113.45,142.775,62.77,57.8,51.79,1.6713,90.0,89.58,114.53,136.66,82.88,49.92,22.9
2016-10-10,29.0125,168.31,42.0855,61.9,135.84,88.22,75.1,31.47,103.98,92.49,171.04,127.25,100.7547,157.02,119.8,68.64,41.73,114.71,142.6167,63.9,58.04,51.79,1.6775,89.06,90.2467,115.14,138.08,83.12,50.19,22.66
2016-10-11,29.075,164.32,41.55,60.86,133.74,87.47,72.42,31.04,103.04,91.86,169.04,125.85,99.7925,154.79,117.64,68.31,41.54,113.68,141.4,61.93,57.19,51.82,1.6533,88.54,89.1367,114.0,134.75,82.04,49.9,22.4633
2016-10-12,29.335,163.88,41.7045,60.69,133.16,87.58,72.23,30.34,102.15,91.41,169.3,126.69,101.3491,154.29,117.97,68.13,41.78,114.71,141.4333,61.66,57.11,52.44,1.6608,88.57,89.6767,115.35,135.1,82.25,50.3,22.4867
2016-10-13,29.245,164.29,41.464,60.41,133.38,86.97,70.63,30.17,100.79,91.12,167.42,126.29,102.1321,153.72,118.26,67.74,41.76,115.41,141.6833,62.51,56.92,52.03,1.6338,88.24,89.82,115.06,134.19,81.87,50.29,22.7433
2016-10-14,29.4075,161.9,41.148,60.15,133.5,87.67,74.27,30.18,101.08,91.3,170.52,126.42,102.8302,154.45,117.56,67.52,41.67,114.09,141.9417,62.14,57.42,51.62,1.6498,88.43,89.4667,115.08,133.92,82.45,50.28,22.8167
2016-10-17,29.3875,162.62,40.6475,59.9,134.0,87.29,72.83,30.22,101.36,90.83,169.0,125.14,101.9245,154.77,118.49,67.17,41.6,112.41,141.8417,61.52,57.22,51.03,1.6403,87.83,89.8633,114.98,134.13,82.15,50.43,22.74
2016-10-18,29.3675,162.8,40.8825,60.08,135.1,87.22,72.77,30.44,101.79,91.17,172.63,125.74,101.7642,150.72,115.41,67.7,41.97,111.25,141.625,62.09,57.66,51.22,1.6653,87.45,90.2833,115.18,143.39,81.58,50.27,22.9567
2016-10-19,29.28,161.08,40.8845,61.25,136.18,88.0,72.82,30.35,102.27,91.93,174.51,125.89,102.1415,151.26,114.59,68.35,42.05,111.26,141.5917,61.87,57.53,51.8,1.6618,85.54,90.5,116.23,144.37,82.81,50.38,22.9633
2016-10-20,29.265,161.5,40.516,66.78,135.84,86.63,72.59,30.16,101.87,92.03,174.51,126.25,102.0189,151.52,114.87,68.26,41.93,110.57,141.55,61.92,57.25,51.89,1.6933,84.93,91.9433,109.52,145.07,82.5,49.14,22.91
2016-10-21,29.15,158.51,40.9495,67.36,135.63,86.33,74.0,30.15,101.3,93.03,174.67,126.6,102.7925,149.63,113.44,68.49,42.13,113.93,141.25,61.2,59.66,51.77,1.6885,84.33,92.38,108.35,145.37,82.35,48.2,22.78
2016-10-24,29.4125,158.76,41.9045,67.09,137.45,85.99,75.06,30.46,100.66,93.37,175.12,127.78,103.0755,150.57,113.61,68.87,42.56,113.57,142.725,60.75,61.0,51.87,1.7678,84.1,92.6267,109.07,144.69,83.17,48.21,23.0633
2016-10-25,29.5625,157.9,41.759,66.74,139.02,84.48,75.06,30.34,100.77,92.75,175.55,123.34,102.8962,150.88,113.96,68.8,42.54,112.72,138.525,61.95,60.99,51.05,1.7968,86.97,82.5367,109.03,143.78,82.03,47.84,23.12
2016-10-26,28.8975,158.99,41.1295,66.8,145.54,84.13,74.95,30.55,101.19,93.49,177.07,122.71,103.2359,151.81,114.56,69.13,42.44,112.11,138.7583,60.87,60.63,51.97,1.804,87.4,83.0767,108.82,142.23,81.75,47.63,23.1967
2016-10-27,28.62,160.57,40.918,66.93,143.31,83.01,74.74,30.38,99.92,94.02,177.75,122.26,102.6698,153.35,115.7,69.23,42.12,112.08,138.1333,61.29,60.1,51.89,1.767,86.58,82.5333,108.02,141.94,81.92,48.54,23.2767
2016-10-28,28.43,145.18,38.816,66.45,143.01,83.88,75.13,30.59,103.82,93.85,177.14,123.58,103.6132,152.61,115.33,69.11,42.23,112.1,138.1417,58.84,59.87,52.02,1.764,86.84,81.5767,108.43,140.35,82.22,48.21,23.33
2016-10-31,28.385,141.16,39.491,66.42,142.43,83.46,75.16,30.68,104.75,92.69,178.24,122.01,103.4717,153.69,115.99,69.26,42.4,112.57,137.75,58.72,59.92,50.18,1.779,86.8,81.62,108.18,141.33,82.51,48.1,23.34
2016-11-01,27.8725,140.76,39.2705,66.25,142.41,82.24,75.45,30.48,106.48,92.39,178.06,119.89,102.9717,152.79,115.34,68.97,42.12,112.25,136.875,59.3,59.8,49.62,1.7263,86.85,80.21,106.24,139.43,81.62,47.66,23.1
2016-11-02,27.8975,138.7,38.278,65.45,140.75,81.11,75.0,30.39,105.39,91.91,176.58,120.29,102.3208,151.95,114.86,68.68,42.05,112.39,138.1083,58.84,59.43,49.72,1.719,86.74,80.8267,105.62,138.98,80.58,46.94,23.15
2016-11-03,27.4575,135.22,38.3515,65.33,140.02,81.27,74.14,30.32,105.39,93.37,176.21,120.18,102.217,152.37,115.03,68.38,42.03,111.72,139.025,58.43,59.21,49.73,1.699,86.6,80.5067,105.72,137.83,80.65,46.87,23.21
2016-11-04,27.21,135.4,37.7525,65.51,139.54,82.31,74.37,30.19,104.78,92.45,175.92,120.91,102.1226,152.43,115.11,67.76,41.69,111.04,138.7333,58.82,58.71,49.96,1.6893,85.08,80.8467,104.67,137.71,80.36,47.08,23.0533
2016-11-07,27.6025,139.21,39.2465,67.0,143.03,83.75,76.3,30.94,106.85,94.43,181.48,123.75,104.9528,155.72,116.66,69.88,42.46,112.82,141.45,60.05,60.42,50.91,1.7818,86.56,82.6567,105.36,141.93,82.51,47.46,23.26
2016-11-08,27.765,138.45,39.3875,67.07,142.2,84.68,76.55,31.0,107.29,94.38,181.92,124.25,104.3585,155.17,117.05,70.03,42.88,114.11,142.525,60.51,60.47,51.08,1.779,87.46,84.0633,108.01,142.9,82.88,47.65,23.2633
2016-11-09,27.72,146.42,38.594,68.74,145.09,91.2,75.9,31.36,107.64,94.64,192.63,126.02,106.0,154.81,120.31,73.25,42.27,114.98,141.9917,64.18,60.17,51.12,1.749,85.93,85.9133,106.94,141.9,83.24,47.86,23.7
2016-11-10,26.9475,151.57,37.119,70.11,147.69,93.45,73.63,31.0,107.79,94.96,200.87,129.03,106.783,160.22,119.54,76.65,40.94,114.51,145.2333,64.96,58.7,50.39,1.6943,82.96,88.3367,109.62,146.13,81.87,46.69,23.7967
2016-11-11,27.1075,149.04,36.9505,70.5,148.52,93.01,74.59,31.36,106.64,97.68,203.94,129.85,106.8396,161.27,118.47,76.69,41.03,114.22,145.9,63.95,59.02,50.77,2.1993,83.58,87.2533,110.28,146.42,81.88,46.69,23.7433
2016-11-14,26.4275,146.42,35.9535,72.42,149.99,94.17,72.76,31.37,106.59,97.92,209.18,127.67,106.6415,158.21,116.6,79.51,41.17,117.86,144.0917,63.53,58.12,50.21,2.091,83.0,87.7933,112.18,152.28,78.38,46.18,23.4967
2016-11-15,26.7775,147.06,37.162,72.47,148.11,94.44,74.02,31.7,108.96,97.7,211.19,124.4,106.717,158.67,116.32,79.36,41.44,118.32,145.2,63.65,58.87,50.13,2.1548,83.62,88.5767,111.85,152.23,78.57,47.37,23.8067
2016-11-16,27.4975,147.23,37.3245,71.68,146.44,93.35,73.31,31.57,108.35,99.12,206.26,125.33,105.9151,159.29,116.36,77.4,41.26,119.21,143.3417,62.63,59.65,50.68,2.2908,83.19,87.3267,111.35,151.5,80.08,47.93,23.7967
2016-11-17,27.4875,147.36,37.82,71.78,145.33,92.78,75.19,30.05,108.12,99.37,209.63,128.93,106.6981,159.8,116.57,78.02,41.12,119.45,143.975,62.7,60.64,51.59,2.3098,83.07,87.57,111.18,150.77,81.07,47.84,23.0633
2016-11-18,27.515,145.23,38.008,71.0,146.35,92.34,77.77,30.18,109.2,98.24,210.35,128.33,105.7453,160.39,115.36,77.71,40.91,120.0,144.1333,61.87,60.35,51.1,2.334,82.0,86.7633,111.82,149.45,80.82,48.07,22.8467
2016-11-21,27.9325,145.55,39.0,71.54,147.02,92.9,76.15,30.05,110.18,97.63,211.08,128.22,105.8585,162.77,115.0,78.05,41.36,119.5,142.9333,62.3,60.86,51.28,2.3245,82.64,88.7133,111.84,150.41,81.69,48.31,23.1233
2016-11-22,27.95,144.33,39.2665,71.72,149.52,93.62,75.57,29.89,110.62,97.71,211.11,130.98,106.1509,162.67,112.74,78.53,41.37,119.69,143.2583,61.7,61.12,51.71,2.3413,82.76,89.5933,112.4,152.26,79.93,49.49,23.3733
2016-11-23,27.8075,145.03,39.006,72.88,149.74,96.18,73.95,29.71,111.0,98.26,212.31,131.21,107.3868,161.98,113.07,78.86,41.12,120.14,143.5417,61.64,60.4,51.34,2.3493,82.68,90.8033,113.07,153.54,79.57,50.23,23.61
2016-11-25,27.9475,145.43,39.0185,72.86,150.04,95.81,73.73,30.09,111.0,98.82,211.38,131.57,107.7075,163.14,114.13,78.83,41.53,120.66,144.575,62.21,60.53,51.52,2.354,83.46,91.6567,113.45,152.81,80.13,50.67,23.7433
2016-11-28,27.8925,145.07,38.3385,72.13,149.77,94.9,72.93,29.92,110.5,98.97,210.35,130.64,107.4057,164.52,113.13,78.32,41.75,121.82,143.75,61.8,60.61,51.01,2.3528,83.07,91.34,113.81,152.11,79.08,51.12,23.73
2016-11-29,27.865,146.0,38.126,71.49,151.64,94.04,72.93,29.83,109.34,99.67,211.75,129.62,106.9245,163.53,112.48,78.92,41.15,120.68,143.975,62.19,61.09,50.63,2.3313,82.89,92.1067,113.7,157.59,79.15,50.96,23.79
2016-11-30,27.63,144.07,37.5285,72.04,150.56,95.56,72.0,29.82,111.56,99.12,219.29,129.4,107.4906,162.22,111.3,80.17,40.35,119.27,143.1167,61.19,60.26,50.07,2.305,82.46,89.5567,113.35,158.32,77.32,49.9,23.4767
2016-12-01,27.3725,142.39,37.1825,72.53,152.39,96.24,68.46,29.45,113.29,98.94,226.63,129.47,107.2359,159.82,111.38,81.79,40.17,118.47,143.8583,60.76,59.2,50.65,2.191,81.86,88.6267,115.41,160.94,75.43,49.87,23.5567
2016-12-02,27.475,144.01,37.017,71.86,152.25,95.14,68.41,29.25,113.0,98.5,223.36,129.87,106.0849,160.02,111.96,81.6,40.36,118.24,143.6917,61.13,59.25,50.46,2.2113,82.4,88.3533,115.65,160.73,75.72,49.81,23.6267
2016-12-05,27.2775,145.29,37.968,72.03,152.16,94.45,70.8,29.53,113.25,99.96,228.55,129.68,106.4906,159.84,111.94,83.26,40.62,119.29,143.0167,60.25,60.22,51.85,2.297,82.99,88.8,115.87,157.63,77.31,49.75,23.3133
2016-12-06,27.4875,145.11,38.236,72.31,152.24,95.22,70.62,29.33,112.76,100.66,231.38,128.74,106.6698,160.35,112.06,83.69,40.57,119.25,143.1667,60.28,59.95,50.57,2.3348,82.91,88.82,116.83,157.32,77.11,50.36,23.4533
2016-12-07,27.7575,141.19,38.521,74.29,154.14,97.33,71.78,29.95,114.44,101.99,235.56,132.46,109.9151,164.79,111.1,84.07,41.29,119.92,146.7083,60.06,61.37,52.1,2.3768,84.18,89.9267,117.99,159.4,79.31,51.38,23.5333
2016-12-08,28.03,140.59,38.3665,74.91,155.39,96.27,71.86,29.95,115.17,103.38,241.45,132.53,109.1038,165.36,110.99,85.12,40.98,120.45,146.5667,60.12,61.01,51.55,2.337,83.5,90.4533,118.38,159.32,79.28,51.13,23.4467
2016-12-09,28.4875,143.45,38.433,74.77,156.49,95.53,71.17,30.06,115.81,104.86,241.85,133.39,109.651,166.52,112.26,85.49,42.0,121.26,148.7417,61.23,61.97,51.72,2.2955,84.37,90.3067,119.19,160.12,79.14,51.49,23.36
2016-12-12,28.325,145.76,38.006,73.58,157.16,95.08,70.38,30.17,117.15,104.06,237.17,134.58,110.7642,165.5,115.36,84.73,41.9,121.74,149.7,61.72,62.17,51.54,2.2398,85.13,90.2533,120.91,159.49,78.5,51.76,23.89
2016-12-13,28.7975,148.37,38.717,73.84,156.66,96.02,71.61,30.59,117.42,103.85,238.55,136.54,111.4057,168.29,115.89,84.76,41.76,122.68,149.025,61.79,62.98,52.3,2.2793,85.18,89.8633,121.43,160.54,79.2,52.36,23.9333
2016-12-14,28.7975,148.69,38.441,74.07,154.47,93.74,71.33,30.46,115.96,104.05,239.93,135.98,109.9151,168.51,114.99,84.73,41.21,122.84,147.1667,61.8,62.68,51.79,2.4112,84.37,88.83,120.37,159.86,79.13,51.63,23.78
2016-12-15,28.955,150.39,38.05,74.94,153.77,94.53,70.23,30.63,117.05,104.39,243.0,135.84,109.7547,168.02,115.89,86.0,41.55,122.36,146.6833,62.37,62.58,51.29,2.4678,84.68,89.24,120.4,160.62,79.5,51.81,23.6933
2016-12-16,28.9925,149.37,37.8885,75.0,154.5,92.58,69.86,30.59,118.08,103.91,238.9,135.11,109.7925,166.73,115.88,84.94,41.74,123.24,147.875,62.44,62.3,50.92,2.5103,84.68,90.5867,121.6,163.94,78.35,52.27,23.66
2016-12-19,29.16,147.74,38.3,74.55,156.18,92.71,69.51,30.75,117.65,105.3,239.07,135.44,110.6509,166.68,116.02,85.43,41.67,122.99,148.4667,61.14,63.62,50.85,2.5408,84.71,89.6267,121.75,161.54,78.1,52.91,23.86
2016-12-20,29.2375,147.22,38.561,75.06,156.39,94.34,69.86,30.56,117.95,105.46,243.09,137.11,111.0472,167.6,115.66,86.53,41.66,123.33,148.875,60.5,63.54,51.79,2.6293,84.57,88.73,122.44,161.59,78.36,53.12,23.94
2016-12-21,29.265,146.17,38.53,75.32,157.48,93.82,70.11,30.42,117.91,105.56,241.44,136.83,110.566,167.33,115.31,86.75,41.57,123.18,148.6917,59.43,63.54,52.3,2.6458,84.28,90.4033,122.57,161.33,78.14,52.97,23.7467
2016-12-22,29.0725,146.36,38.317,74.58,157.46,94.12,69.9,30.46,118.77,105.42,240.12,135.43,110.3019,167.06,115.44,86.89,41.55,123.72,149.3333,59.58,63.55,52.14,2.6778,84.47,90.07,122.12,161.58,77.9,53.65,23.1967
2016-12-23,29.13,147.55,38.0295,74.97,157.81,94.32,69.87,30.53,118.42,105.15,240.97,135.05,110.3679,166.71,115.96,87.05,41.6,123.14,148.9583,59.56,63.24,51.91,2.7445,84.96,90.7667,122.12,163.03,78.15,53.68,23.18
2016-12-27,29.315,148.36,38.57,74.98,157.48,94.55,69.85,30.68,118.22,105.17,241.56,135.26,110.4057,167.14,115.91,87.13,41.61,123.07,149.1,59.79,63.28,51.29,2.933,84.6,90.7933,121.98,162.64,78.35,53.64,23.2333
2016-12-28,29.19,147.67,38.6065,74.37,156.1,93.15,69.09,30.42,117.91,104.3,240.65,135.07,109.1981,166.19,115.1,86.5,41.39,122.68,148.4,59.27,62.99,51.02,2.7313,84.07,90.1,122.08,161.44,78.3,53.44,23.1033
2016-12-29,29.1825,147.78,38.2575,73.92,155.69,93.29,69.15,30.46,117.82,104.56,238.18,135.1,109.434,166.6,115.49,85.89,41.6,122.79,148.675,59.04,62.9,51.06,2.7858,84.35,90.3767,122.29,161.04,78.33,53.74,23.0867
2016-12-30,28.955,146.21,37.4935,74.08,155.68,92.74,68.46,30.22,117.7,104.22,239.45,134.08,109.2925,165.99,115.21,86.29,41.46,121.72,148.8083,58.87,62.14,50.83,2.6685,84.08,89.58,122.42,160.04,78.02,53.38,23.04
2017-01-03,29.0375,150.73,37.6835,75.35,156.97,93.99,70.54,30.54,117.85,106.08,241.57,134.31,109.6038,167.19,115.84,87.23,41.8,119.62,148.375,60.15,62.58,51.98,2.5503,84.2,91.5133,120.9,161.45,79.5,54.58,22.8867
2017-01-04,29.005,152.87,37.859,76.26,158.62,93.57,72.8,30.1,117.82,107.44,243.13,135.5,109.9057,169.26,115.65,86.91,41.65,119.48,148.6,60.13,62.3,53.07,2.6098,84.5,92.1333,120.25,161.91,80.15,54.52,23.02
2017-01-05,29.1525,152.98,39.0225,75.32,158.71,93.0,72.79,30.17,117.31,107.38,241.32,133.9,110.1509,168.7,116.86,86.11,41.75,119.7,148.0917,60.11,62.3,53.06,2.5435,85.06,92.06,118.33,162.18,81.09,54.64,23.07
2017-01-06,29.4775,156.78,39.7995,75.47,159.1,93.04,73.8,30.23,116.84,108.98,244.9,133.53,111.8208,169.53,116.3,86.12,41.74,120.76,148.525,60.27,62.84,53.91,2.5775,85.03,92.9967,118.27,162.41,82.21,53.26,22.7533
2017-01-09,29.7475,158.84,39.846,75.86,158.32,92.37,73.96,30.18,115.84,108.36,242.89,134.31,110.8962,167.65,116.28,86.18,41.32,120.43,147.725,61.1,62.64,53.38,2.682,84.4,92.92,117.32,161.95,81.75,52.68,22.9033
2017-01-10,29.7775,158.76,39.795,76.65,159.07,93.83,73.98,30.38,114.96,108.38,242.57,136.1,111.1793,165.52,116.16,86.43,41.04,120.25,147.15,59.92,62.62,53.11,2.6618,83.49,92.96,117.18,161.58,81.31,52.76,22.7433
2017-01-11,29.9375,156.62,39.951,76.91,159.4,94.65,75.77,30.15,115.93,109.44,245.76,135.7,111.3302,167.75,114.73,87.08,41.05,120.88,148.2417,61.63,63.19,52.69,2.629,83.75,94.5867,117.65,161.89,81.8,52.46,22.8433
2017-01-12,29.8125,155.36,40.682,76.88,158.29,93.99,75.21,30.04,116.16,107.53,243.84,135.07,110.9717,167.95,114.62,86.24,40.95,122.1,147.8667,62.21,62.61,52.4,2.586,83.84,94.5133,116.75,162.36,81.37,52.68,22.6567
2017-01-13,29.76,156.12,40.857,76.62,158.83,94.48,75.64,30.07,116.38,108.06,244.3,135.04,111.3868,167.34,114.6,86.7,40.88,121.5,147.825,62.34,62.7,52.92,2.5858,84.01,95.0333,117.05,161.8,81.17,52.55,22.3767
2017-01-17,30.0,154.8,40.486,76.6,157.67,93.57,75.02,29.99,116.28,107.97,235.74,135.93,110.5943,167.89,114.87,83.55,41.22,122.75,147.7167,61.48,62.53,53.65,2.5278,85.21,94.7867,117.46,160.66,81.26,52.74,22.8067
2017-01-18,29.9975,155.77,40.374,77.49,158.32,93.33,75.78,30.03,115.94,108.16,234.29,136.16,111.3774,166.8,114.7,83.94,41.29,122.71,148.7417,61.17,62.5,53.27,2.5738,84.93,95.6533,118.54,157.74,81.59,52.25,22.7033
2017-01-19,29.945,153.8,40.452,76.69,159.0,93.38,75.57,29.98,115.58,107.28,231.41,135.39,111.2359,166.81,114.2,83.3,41.14,122.18,148.9,60.33,62.3,52.93,2.629,84.7,94.3633,117.99,158.7,81.73,52.36,22.54
2017-01-20,30.0,154.67,40.4165,76.2,159.53,94.58,76.03,30.1,115.6,107.66,232.2,135.6,111.1509,170.55,114.15,83.67,41.32,122.26,148.7417,62.53,62.74,53.2,2.6003,87.45,94.54,118.02,158.66,81.84,52.72,22.3933
2017-01-23,30.02,152.72,40.894,75.97,157.84,94.46,76.16,30.27,115.39,107.12,232.67,138.07,110.7642,171.03,113.91,83.71,41.43,121.38,148.7583,61.81,62.96,53.24,2.6273,86.96,94.6667,118.04,159.07,82.15,52.41,22.2167
2017-01-24,29.9925,151.85,41.122,77.43,160.55,96.24,77.11,30.6,116.37,107.9,233.68,138.06,111.283,175.9,111.76,84.72,41.9,121.05,146.6417,61.21,63.52,53.45,2.6833,87.86,93.59,116.84,160.43,83.23,50.12,22.4667
2017-01-25,30.47,154.1,41.826,76.89,167.36,98.15,78.47,30.7,117.24,108.04,237.25,137.48,111.2075,178.29,112.8,86.03,42.12,121.79,147.275,61.08,63.68,53.86,2.6948,87.16,94.4733,117.67,161.24,83.9,49.77,22.2967
2017-01-26,30.485,152.98,41.9575,76.93,169.12,97.22,77.95,30.74,116.55,108.06,239.58,138.46,111.2925,178.66,111.84,86.75,41.81,121.88,147.35,61.2,64.27,53.65,2.7413,86.6,101.6667,118.13,162.75,83.24,49.12,22.2433
2017-01-27,30.4875,157.16,41.7885,76.85,167.7,98.99,78.21,30.98,113.79,109.3,236.95,138.33,111.717,177.3,113.38,86.93,41.45,122.86,147.9,61.75,65.78,53.19,2.7943,86.72,101.7333,118.1,162.99,83.77,49.6,21.8867
2017-01-30,30.4075,154.43,41.519,77.28,165.57,96.79,78.71,30.83,111.82,110.94,233.9,138.47,112.3679,175.8,113.13,86.03,41.38,123.02,146.1833,61.43,65.13,53.08,2.7505,86.75,101.61,117.51,162.09,83.7,49.37,22.14
2017-01-31,30.3375,156.68,41.174,76.38,163.42,95.66,79.1,30.72,111.35,110.65,229.32,137.58,111.6226,174.52,113.25,84.63,41.57,122.57,145.6833,61.99,64.65,52.9,2.7295,87.6,101.27,117.78,162.1,82.71,49.01,22.2467
2017-02-01,32.1875,159.67,41.6175,76.76,163.97,95.11,78.58,30.5,111.0,111.3,230.67,137.44,111.3208,174.29,113.23,84.95,41.26,122.42,145.975,62.1,63.58,53.02,2.8487,87.33,102.06,116.54,162.71,82.44,48.39,22.0767
2017-02-02,32.1325,159.58,41.9975,76.51,162.26,93.77,80.13,31.18,112.21,110.61,230.41,136.95,111.3113,174.58,113.57,84.59,41.4,123.22,145.15,64.18,63.17,52.8,2.8848,87.76,101.2867,117.63,160.76,82.3,48.28,22.2333
2017-02-03,32.27,167.53,40.51,78.04,162.4,93.28,80.21,31.32,113.57,110.3,240.95,137.98,112.4434,175.82,113.64,87.18,41.54,124.24,145.8667,64.29,63.68,52.36,2.8595,87.41,101.3333,117.78,161.87,86.08,48.58,22.1667
2017-02-06,32.5725,166.58,40.382,77.82,163.98,92.87,79.75,31.3,112.98,109.57,239.98,136.49,112.5849,175.86,113.4,86.77,41.56,124.45,145.9167,64.94,63.64,52.8,2.9328,87.4,100.6567,117.67,160.51,85.83,48.03,22.1333
2017-02-07,32.8825,166.82,40.625,77.72,166.5,93.31,80.21,31.45,111.39,109.0,239.62,136.65,112.9434,178.46,113.48,86.72,41.9,124.59,146.4667,64.2,63.43,52.81,2.9783,88.01,100.6833,117.76,160.53,85.78,48.04,22.2967
2017-02-08,33.01,168.12,40.9855,77.8,163.81,92.91,80.7,31.27,111.58,109.0,237.73,137.88,112.9528,176.17,113.4,85.96,42.02,124.67,147.5583,64.32,63.34,53.88,2.9653,88.33,101.7867,117.81,160.31,85.09,48.37,22.6033
2017-02-09,33.105,167.47,41.068,78.18,164.28,93.96,81.03,31.5,112.26,109.49,241.55,138.71,113.8302,177.21,114.08,87.2,41.25,124.48,148.4833,64.39,64.06,55.31,2.9095,88.67,102.1633,118.78,160.44,85.58,48.81,23.0267
2017-02-10,33.03,167.89,41.373,78.48,166.23,96.31,80.64,31.51,113.05,109.26,242.72,139.85,114.9528,178.68,115.24,87.0,40.58,125.82,149.1667,64.15,64.0,56.22,2.8405,87.97,102.1567,119.73,160.75,85.9,48.98,22.6733
2017-02-13,33.3225,167.66,41.8265,78.91,168.03,98.5,80.91,31.97,113.91,109.65,246.27,139.87,116.6226,179.36,115.88,88.15,40.62,125.54,150.85,64.77,64.72,56.09,2.7095,88.31,103.2067,119.71,161.99,86.44,48.55,22.59
2017-02-14,33.755,168.05,41.8195,79.41,168.5,98.09,80.92,32.31,112.52,110.33,249.46,141.36,116.6226,180.13,116.36,89.56,40.53,125.81,151.3333,65.66,64.57,56.45,2.7195,87.86,103.3,120.24,163.13,86.85,48.27,22.8867
2017-02-15,33.8775,171.79,42.135,79.6,169.3,99.02,81.67,32.82,112.57,110.18,250.54,142.19,117.2453,181.68,117.2,90.59,40.44,126.48,151.4167,65.16,64.53,56.64,2.725,91.12,103.3033,120.98,164.29,87.54,48.08,22.8967
2017-02-16,33.8375,172.11,42.207,79.51,170.81,98.26,80.82,33.6,110.68,110.71,249.44,141.54,117.1321,181.43,118.08,90.53,41.2,126.7,152.8417,65.26,64.52,56.29,2.6813,90.79,103.7233,121.79,163.65,87.41,48.46,22.9567
2017-02-17,33.93,173.29,42.2535,79.71,172.71,98.85,81.47,33.74,110.33,110.06,250.38,143.0,117.5094,180.67,118.86,90.23,41.23,127.8,152.4583,65.39,64.62,56.75,2.6808,91.09,103.7833,121.95,157.62,87.46,49.19,23.1233
2017-02-21,34.175,173.14,42.822,79.97,175.56,98.1,82.18,34.13,111.72,110.01,251.76,145.02,117.6509,180.26,119.66,91.01,41.46,128.04,152.8083,65.48,64.49,57.36,2.7768,91.67,104.1733,121.55,160.57,87.92,49.43,23.8167
2017-02-22,34.2775,172.61,42.7805,79.86,175.36,98.2,82.08,34.09,110.38,110.12,251.73,145.25,117.9623,181.15,119.52,91.06,41.6,127.85,155.0333,65.29,64.36,58.24,2.769,91.44,104.1533,121.9,160.57,87.8,49.67,23.9033
2017-02-23,34.1325,174.01,42.6095,80.05,176.86,95.55,82.07,34.04,111.02,109.73,251.19,144.71,117.7547,181.65,121.7,91.13,41.66,128.27,155.9917,65.85,64.62,57.39,2.5123,91.13,103.4,122.36,162.6,88.18,50.31,23.77
2017-02-24,34.165,174.56,42.262,79.76,177.44,95.48,81.78,34.32,110.12,110.32,247.35,145.95,117.9528,181.35,122.73,90.33,41.78,128.65,156.175,66.16,64.62,57.86,2.5365,91.05,104.2167,122.27,163.06,88.43,50.6,24.13
2017-02-27,34.2325,176.13,42.432,80.17,179.43,97.44,81.54,34.26,111.75,110.23,249.33,145.3,117.8208,179.4,122.4,90.43,41.67,126.99,155.7583,65.85,64.23,57.69,2.6103,90.89,103.4,122.04,165.38,88.0,49.94,23.9133
2017-02-28,34.2475,176.53,42.252,80.06,180.23,96.66,81.35,34.18,112.5,110.09,248.06,144.91,117.4528,179.82,122.21,90.62,41.96,127.65,155.2917,65.87,63.98,57.16,2.537,91.07,102.8467,122.24,165.38,87.94,49.63,23.6433
2017-03-01,34.9475,178.24,42.654,81.92,183.91,98.58,83.81,34.44,113.88,111.04,252.71,146.68,120.0472,181.95,123.86,93.6,42.16,129.05,158.2167,66.21,64.94,57.95,2.5698,91.66,105.12,124.99,167.94,88.99,49.81,23.4833
2017-03-02,34.74,178.07,42.4455,80.1,182.99,94.36,82.67,34.39,113.36,110.59,251.06,147.95,119.1793,180.53,123.63,92.14,42.47,128.23,158.2417,66.08,64.01,57.8,2.475,90.91,104.3233,124.52,167.31,88.53,49.98,23.5867
2017-03-03,34.945,180.2,42.494,79.88,182.18,95.12,82.22,34.29,113.55,111.24,252.89,147.81,119.066,180.05,123.79,92.8,42.48,127.9,157.7583,66.58,64.25,56.7,2.4608,90.5,103.9767,124.13,168.2,88.79,50.09,23.3433
2017-03-06,34.835,179.46,42.3305,79.5,180.93,95.66,82.5,34.19,113.17,110.67,252.01,147.13,118.9434,180.47,123.71,91.92,42.18,128.03,157.4167,66.47,64.27,56.77,2.4418,90.37,103.77,122.32,168.7,88.94,50.03,23.2933
2017-03-07,34.88,177.38,42.301,79.58,182.02,95.93,82.97,34.2,111.81,110.86,250.9,146.02,119.1132,180.38,123.83,91.41,41.99,128.07,157.575,65.96,64.4,56.55,2.4685,90.29,103.5267,122.14,168.3,89.06,49.44,23.29
2017-03-08,34.75,177.78,42.525,79.04,181.74,93.23,83.48,34.02,109.61,110.84,250.24,146.92,119.4245,179.45,124.1,91.21,41.99,128.09,157.925,65.8,64.99,56.51,2.464,90.14,103.6667,121.24,167.91,88.96,49.16,23.2667
2017-03-09,34.67,178.92,42.65,79.3,180.57,91.39,83.28,34.07,110.04,111.03,250.18,146.62,119.0472,177.18,125.95,91.57,42.03,128.14,158.25,65.89,64.73,56.36,2.4635,90.34,103.4033,121.9,168.01,89.11,49.28,23.2867
2017-03-10,34.785,181.44,42.623,79.38,178.7,92.31,83.51,34.26,110.61,110.92,248.38,146.85,119.8491,177.83,126.21,91.28,42.29,127.98,159.3417,65.6,64.93,56.43,2.478,91.07,103.9667,122.83,169.98,89.73,49.35,23.3667
2017-03-13,34.8,181.05,42.7295,79.21,179.05,92.64,83.61,34.1,109.35,111.52,248.16,147.43,119.5566,176.46,126.68,91.36,42.03,127.61,159.6,64.15,64.71,56.67,2.5463,91.31,103.9633,122.15,170.21,90.11,49.47,23.3167
2017-03-14,34.7475,180.12,42.6265,79.69,178.73,91.86,83.51,34.12,107.36,112.31,247.72,147.16,118.5943,175.72,127.05,91.51,41.97,127.8,158.6083,64.2,64.41,57.28,2.5445,91.0,103.38,122.62,169.06,89.55,49.36,23.5733
2017-03-15,35.115,182.6,42.6485,79.23,178.71,93.36,83.48,34.24,108.88,111.87,246.78,147.95,119.783,175.81,128.96,91.73,42.12,127.88,159.3333,64.7,64.75,57.66,2.5638,91.4,104.2,122.99,171.78,89.92,50.14,23.5267
2017-03-16,35.1725,180.11,42.671,79.77,178.19,92.85,83.52,34.23,107.86,111.71,248.22,148.73,119.2075,177.24,128.46,91.64,42.25,127.98,158.5917,64.18,64.64,57.6,2.5952,91.44,103.7767,122.74,171.3,90.04,50.04,23.48
2017-03-17,34.9975,168.61,42.6155,79.25,180.1,92.91,83.03,34.23,107.68,111.76,243.94,149.6,119.9623,175.65,128.06,90.68,42.03,128.64,160.3,63.9,64.87,57.8,2.6518,91.0,104.46,123.14,169.7,90.24,50.39,23.2967
2017-03-20,35.365,169.24,42.8485,78.85,179.39,95.4,82.9,34.28,107.66,112.71,242.14,147.8,119.3396,175.7,128.07,90.03,42.18,128.78,160.8417,64.11,64.93,58.68,2.7363,91.22,104.0433,122.36,168.0,89.18,50.24,23.3267
2017-03-21,34.96,166.85,42.16,77.53,175.96,92.43,81.55,33.88,108.04,111.75,233.0,146.61,118.5472,173.88,127.25,87.39,42.5,128.52,160.1083,63.91,64.21,58.01,2.6478,91.19,102.65,121.69,167.7,88.06,50.16,23.3
2017-03-22,35.355,167.45,42.403,77.67,176.98,92.43,81.88,34.1,108.39,112.08,231.07,147.36,118.3962,174.78,126.26,87.53,42.38,129.1,160.1833,63.5,65.03,53.92,2.7018,90.99,103.8867,122.03,167.03,88.52,49.71,23.4167
2017-03-23,35.23,166.04,42.369,77.84,177.26,92.23,81.52,33.96,107.87,112.24,231.9,147.99,118.4151,174.82,125.9,87.39,42.17,129.0,160.1167,63.28,64.87,55.37,2.6773,90.77,103.5833,121.29,165.29,88.86,49.64,23.2867
2017-03-24,35.16,165.74,42.2805,78.2,175.82,92.15,81.61,34.08,107.99,112.14,228.41,147.71,117.7075,173.83,125.48,87.29,42.12,129.34,159.5917,63.18,64.98,56.36,2.6868,90.57,103.15,120.77,165.0,89.19,49.68,23.2033
2017-03-27,35.22,164.91,42.341,77.6,176.1,91.51,81.61,33.99,106.28,112.38,225.48,146.87,117.4528,173.77,125.8,87.24,42.32,129.49,158.6917,63.19,65.1,55.93,2.7063,90.49,103.1567,121.01,164.6,88.95,49.14,23.22
2017-03-28,35.95,164.71,42.8,78.64,177.36,92.95,82.14,34.02,107.17,113.05,229.33,147.2,118.1887,174.51,125.66,88.6,42.43,129.45,159.1583,63.34,65.29,56.62,2.6923,90.76,103.6467,121.8,165.35,89.12,49.3,23.44
2017-03-29,36.03,163.06,43.716,78.25,177.63,92.86,82.38,33.74,108.07,112.53,228.45,147.04,118.2076,173.94,124.92,88.27,42.42,128.84,158.9,63.64,65.47,56.68,2.6835,90.6,103.38,120.53,163.44,89.18,49.13,23.58
2017-03-30,35.9825,164.38,43.817,79.21,177.98,93.22,82.56,33.74,107.78,113.18,231.22,146.95,118.3113,173.86,124.66,89.03,42.6,129.32,159.4,63.45,65.71,56.04,2.735,90.2,103.4033,121.03,164.99,89.01,49.06,23.8633
2017-03-31,35.915,164.07,44.327,79.11,176.86,92.76,82.49,33.8,107.37,113.39,229.72,146.83,117.8019,174.14,124.55,87.84,42.44,129.61,159.4417,63.54,65.86,55.73,2.7233,89.85,103.3967,120.54,164.01,88.87,48.75,24.0267
2017-04-03,35.925,163.89,44.5755,78.59,176.65,92.27,82.31,33.58,107.8,113.2,228.96,146.62,117.2925,174.5,124.69,87.52,42.41,129.61,158.9333,63.47,65.55,55.56,2.7095,89.68,102.87,120.38,165.59,89.36,49.18,23.9433
2017-04-04,36.1925,164.36,45.3415,78.26,178.7,94.13,82.97,33.41,108.66,113.04,229.26,146.34,117.1509,174.52,124.68,87.31,42.68,129.29,158.4917,63.67,65.73,55.04,2.5195,89.91,102.7933,120.61,164.97,88.78,49.31,24.0033
2017-04-05,36.005,162.24,45.464,77.76,177.08,94.24,85.34,33.0,108.64,113.0,227.66,146.64,116.5755,172.88,124.8,86.19,42.57,130.41,158.5333,63.57,65.56,54.98,2.5008,89.97,103.0933,120.91,165.37,89.03,49.02,23.8833
2017-04-06,35.915,162.25,44.914,77.92,177.37,95.82,85.0,33.08,109.29,113.05,228.64,147.24,116.8208,172.45,125.05,86.48,42.67,130.15,158.2417,63.24,65.73,55.14,2.519,89.4,103.49,120.54,165.34,89.09,48.43,23.81
2017-04-07,35.835,163.38,44.744,77.77,178.85,95.52,84.38,32.96,108.86,112.58,227.88,147.13,117.2359,172.14,124.92,86.18,42.61,129.96,158.325,63.13,65.68,55.11,2.5083,89.23,104.3567,120.15,166.02,88.74,48.66,24.3
2017-04-10,35.7925,162.79,45.352,77.49,177.56,97.14,84.24,33.01,109.43,112.43,228.89,148.21,117.4151,171.2,124.34,85.88,42.69,129.98,158.0917,62.55,65.53,54.9,2.4442,89.49,103.95,121.11,165.48,88.86,48.54,24.3533
2017-04-11,35.4075,163.11,45.118,77.26,178.57,97.1,83.86,32.92,108.97,113.07,227.74,148.2,117.4906,170.58,124.22,85.73,42.66,131.2,158.3917,62.58,65.48,54.92,2.453,89.8,104.1333,121.19,165.83,88.85,48.7,24.4767
2017-04-12,35.45,163.05,44.8115,76.68,176.05,94.86,83.37,32.62,108.97,113.04,225.75,146.54,116.1793,170.66,125.4,85.4,42.94,131.26,158.0833,63.05,65.23,55.57,2.4328,90.31,104.32,121.46,165.56,88.68,48.92,24.48
2017-04-13,35.2625,161.61,44.2335,75.8,175.62,93.1,83.13,32.42,106.1,113.2,223.32,145.91,115.566,169.53,124.99,84.4,42.79,130.76,157.2083,62.61,64.95,55.34,2.3873,90.03,102.7833,120.53,164.96,88.87,48.62,24.3833
2017-04-17,35.4575,162.11,45.0995,76.67,179.02,94.14,84.2,32.61,106.17,113.78,226.26,147.31,116.4434,171.1,125.72,85.86,43.07,131.35,158.6333,62.8,65.48,56.24,2.4808,90.39,103.6167,121.92,167.18,89.81,48.81,24.4967
2017-04-18,35.3,161.25,45.189,75.79,177.85,94.39,83.71,32.67,105.68,114.19,215.59,147.76,116.1132,170.05,121.82,85.16,43.48,132.3,158.5167,62.27,65.39,56.11,2.4823,90.8,103.69,120.75,168.59,89.73,49.22,24.63
2017-04-19,35.17,161.26,44.96,75.55,178.4,93.47,83.5,32.65,104.23,113.73,214.09,147.22,115.7925,161.69,121.37,84.46,43.23,132.64,158.1917,62.64,65.04,55.86,2.492,89.6,103.8467,120.4,169.25,89.75,48.94,24.69
2017-04-20,35.61,162.04,45.103,80.02,179.3,94.66,84.05,32.83,104.88,114.79,218.06,148.72,116.7642,162.3,121.87,85.55,43.09,133.27,159.3,62.55,65.5,56.4,2.5315,89.33,108.0067,118.88,171.54,91.15,48.41,24.9333
2017-04-21,35.5675,160.41,44.9265,79.59,180.38,94.32,83.79,32.82,104.89,114.44,216.86,150.0,119.8868,160.38,121.76,84.52,43.07,133.41,159.5833,61.89,66.4,55.85,2.542,88.62,108.2,119.1,171.16,91.15,47.25,24.98
2017-04-24,35.91,163.14,45.3705,80.45,182.06,96.81,84.17,33.28,105.93,113.7,223.22,151.89,122.4434,160.75,122.89,87.5,43.28,134.23,161.8583,62.14,67.53,55.47,2.5738,89.55,109.2433,120.57,172.33,91.85,47.05,24.9267
2017-04-25,36.1325,164.7,45.381,80.63,183.51,104.42,84.75,33.42,106.73,115.18,226.63,153.03,121.9811,160.39,123.43,88.26,43.11,141.7,162.6083,62.3,67.92,55.45,2.6185,90.0,110.3933,121.32,174.04,92.11,46.7,25.0167
2017-04-26,35.92,164.61,45.4645,80.52,181.71,104.66,84.95,33.4,106.08,115.58,226.2,154.22,122.7359,160.06,123.51,88.43,43.24,140.84,162.5,62.7,67.83,55.16,2.6005,87.74,110.3133,122.01,174.38,91.82,47.36,25.1433
2017-04-27,35.9475,162.72,45.919,80.33,183.22,102.68,85.85,33.75,105.47,115.84,225.81,156.12,122.5283,160.32,123.74,87.61,43.01,140.87,163.425,62.58,68.27,55.47,2.641,87.69,111.8567,122.16,174.63,91.6,46.67,25.1467
2017-04-28,35.9125,163.32,46.2495,79.25,184.83,102.26,86.12,34.07,106.7,115.6,223.8,156.1,123.717,160.29,123.47,87.0,43.15,139.93,163.1917,62.33,68.46,55.41,2.6075,87.33,111.56,121.66,174.88,91.22,45.91,25.06
2017-05-01,36.645,162.6,47.4115,79.23,182.39,102.0,86.66,33.97,105.92,114.73,224.85,154.21,123.4906,158.84,123.34,87.06,43.22,141.15,162.3417,62.38,69.41,54.99,2.666,87.09,110.85,121.18,174.59,91.26,45.88,25.0767
2017-05-02,36.8775,163.49,47.347,79.54,183.44,101.51,87.09,34.24,105.36,114.37,225.12,154.95,123.7642,159.1,123.7,86.5,43.39,141.23,163.775,62.7,69.3,55.07,2.587,86.22,111.5667,120.36,174.14,92.54,45.91,25.1733
2017-05-03,36.765,163.81,47.0515,78.83,183.39,101.54,86.55,34.25,106.72,111.62,226.31,155.0,123.651,158.63,123.33,87.0,43.32,142.62,164.6917,63.63,69.08,54.53,2.6063,86.43,111.3933,120.81,172.54,92.44,46.15,25.2533
2017-05-04,36.6325,164.29,46.8765,78.33,183.07,99.39,86.52,34.18,104.81,111.17,226.59,154.86,123.7736,159.05,123.95,87.1,43.66,143.45,166.2583,63.38,68.81,54.47,2.5963,86.45,112.87,120.81,174.02,92.62,45.88,25.4467
2017-05-05,37.24,163.81,46.7075,78.32,185.01,99.64,86.97,34.39,105.79,111.99,226.87,155.73,123.9717,155.05,123.51,87.0,43.69,143.96,166.1667,63.97,69.0,53.95,2.5965,86.5,112.7467,121.3,174.12,92.09,46.69,25.5
2017-05-08,38.2525,163.03,47.452,78.16,186.02,99.37,86.86,34.29,106.68,111.42,225.03,156.89,123.7076,153.03,123.25,87.1,43.89,144.24,165.5417,64.01,68.94,54.3,2.5692,86.55,112.5833,121.01,174.44,91.92,46.63,25.3733
2017-05-09,38.4975,163.22,47.641,78.44,186.91,99.29,87.13,33.9,105.08,112.07,223.76,157.68,124.4434,152.11,123.21,86.75,43.51,144.36,164.9667,63.29,69.04,54.89,2.5735,86.4,112.7933,119.95,173.24,92.0,46.42,25.5733
2017-05-10,38.315,160.51,47.4475,78.65,183.18,100.36,87.31,33.74,106.5,109.66,224.88,158.13,124.283,151.25,122.81,87.43,43.57,144.52,163.8667,63.94,69.31,54.56,3.0323,86.49,112.5667,120.69,173.39,92.25,46.38,25.5667
2017-05-11,38.4875,160.08,47.381,77.92,183.94,100.99,87.71,33.63,106.21,109.58,224.76,156.2,124.434,150.65,123.2,87.16,43.67,144.21,163.9583,64.43,68.46,54.24,3.1625,86.17,111.5467,120.54,173.32,92.1,46.02,25.3767
2017-05-12,39.025,160.22,48.0675,77.49,183.25,100.71,89.04,33.45,105.96,109.69,222.82,156.92,124.0472,150.37,123.64,86.92,43.59,145.36,163.8083,63.57,68.38,54.2,3.1973,86.19,111.35,120.59,171.81,92.73,45.84,25.2367
2017-05-15,38.925,159.97,47.8985,78.33,182.39,102.42,89.8,34.23,106.85,109.13,225.12,157.33,124.5094,151.51,126.99,87.34,43.73,146.28,164.6917,63.51,68.43,53.77,3.3578,86.33,111.31,120.25,171.53,93.23,45.38,25.43
2017-05-16,38.8675,159.99,48.3035,78.13,182.7,102.34,89.75,34.3,107.25,107.98,225.6,158.26,124.5377,153.68,127.77,87.61,43.85,147.29,164.925,63.79,69.41,52.78,3.4203,86.24,112.2933,119.93,168.12,93.15,45.31,25.0367
2017-05-17,37.5625,157.06,47.238,76.37,178.78,100.14,87.84,33.82,104.7,106.31,213.72,156.09,122.5849,150.93,126.67,84.27,43.93,146.41,162.3667,63.0,67.48,51.8,3.193,86.26,109.49,120.25,168.86,91.76,44.48,25.04
2017-05-18,38.135,157.96,47.9245,76.38,177.4,100.22,87.75,31.38,105.17,106.68,215.16,155.7,123.0377,150.78,126.97,83.96,43.8,147.01,162.7,63.89,67.71,51.68,3.3268,85.87,110.4067,120.88,171.45,91.71,45.04,25.8467
2017-05-19,38.265,156.51,47.992,76.8,180.76,102.43,87.4,31.21,106.52,107.52,215.39,156.3,123.9623,151.98,127.0,84.78,43.9,148.15,163.1667,63.78,67.69,51.77,3.4,86.24,110.79,120.79,172.59,92.48,45.42,26.2567
2017-05-22,38.4975,153.02,48.5335,76.98,183.67,102.29,88.94,31.59,106.12,107.63,216.02,155.96,124.3774,152.64,127.26,84.7,44.18,148.19,165.425,64.04,68.45,51.57,3.4725,86.21,110.4833,121.65,174.7,93.31,45.48,26.1833
2017-05-23,38.45,154.07,48.577,77.2,183.49,103.63,88.49,31.76,106.27,107.02,219.64,154.83,124.3868,152.03,127.52,85.76,44.39,147.82,164.775,64.55,68.68,52.2,3.4258,86.08,110.6367,121.66,175.22,93.86,45.48,26.1633
2017-05-24,38.335,154.6,49.0175,77.12,185.25,103.95,89.6,31.49,106.22,107.71,223.83,155.0,124.6604,152.51,127.51,85.71,45.03,149.5,164.575,64.93,68.77,52.01,3.4643,86.5,110.9267,122.05,175.59,94.81,45.04,26.05
2017-05-25,38.4675,155.43,49.669,77.44,187.07,105.02,91.27,31.44,105.11,107.27,222.47,156.46,126.1793,153.2,127.53,85.35,45.41,149.78,166.2833,65.04,69.62,52.35,3.4565,86.86,111.3633,123.72,178.05,95.04,45.31,26.1033
2017-05-26,38.4025,155.01,49.789,77.46,186.59,105.66,90.83,31.5,104.72,108.41,223.53,154.9,125.7075,152.49,126.92,85.36,45.39,149.86,167.225,64.92,69.96,52.59,3.546,87.25,111.65,123.66,177.5,94.67,45.32,26.0433
2017-05-30,38.4175,153.85,49.835,77.09,186.88,105.47,90.86,31.68,104.06,108.34,218.42,153.88,125.4057,151.73,127.11,83.9,45.43,149.93,168.7,64.88,70.41,52.92,3.6218,87.4,111.7867,123.73,176.59,94.72,46.2,26.05
2017-05-31,38.19,155.24,49.731,76.94,187.63,105.43,89.64,31.53,103.48,107.94,211.26,153.51,125.4623,152.63,128.25,82.15,45.47,150.89,170.3917,65.11,69.84,52.99,3.6088,88.09,110.59,124.85,175.18,95.23,46.64,26.2
2017-06-01,38.295,156.24,49.7975,78.28,187.32,105.65,90.05,31.82,104.27,108.21,215.01,155.15,125.8962,152.67,128.78,83.06,45.79,152.39,170.2917,65.26,70.1,52.3,3.609,88.13,112.98,125.4,179.58,95.4,46.51,26.6033
2017-06-02,38.8625,159.15,50.3365,78.49,190.23,105.95,90.86,31.98,103.11,107.18,213.31,155.35,126.4434,152.05,130.08,82.64,45.89,153.74,172.25,65.47,71.76,52.98,3.591,88.59,115.1333,125.15,179.39,96.15,46.44,26.54
2017-06-05,38.4825,160.22,50.567,78.97,188.95,105.2,91.38,31.76,103.19,106.52,213.99,154.79,125.934,152.41,130.36,82.79,45.99,152.79,171.85,65.07,72.28,53.01,3.7003,88.74,114.0867,125.38,179.37,96.55,46.37,26.7533
2017-06-06,38.6125,159.53,50.15,78.85,186.75,104.55,91.1,31.56,104.17,105.5,214.53,154.2,125.2264,152.37,130.83,82.96,45.98,151.23,171.175,64.67,72.52,52.48,3.6835,88.8,113.44,124.03,180.82,95.79,46.44,26.31
2017-06-07,38.8425,161.66,50.5035,79.81,188.1,103.51,91.39,31.61,103.77,105.92,215.78,154.96,125.2075,150.98,130.75,83.91,45.51,151.94,170.8417,64.06,72.39,53.23,3.728,88.77,113.42,123.5,183.21,96.09,46.5,26.3833
2017-06-08,38.7475,162.65,50.5135,79.95,189.93,105.01,91.25,31.61,104.0,104.32,218.76,153.5,125.9906,152.1,130.55,84.95,45.13,151.43,171.6167,63.2,71.95,53.2,3.9985,87.85,115.3233,123.78,181.69,96.09,46.19,26.31
2017-06-09,37.245,164.06,48.9155,80.31,190.03,105.92,87.27,31.37,106.4,105.62,222.44,152.96,126.217,154.1,131.53,86.96,45.32,151.48,172.4417,64.39,70.32,53.46,3.74,88.16,117.6367,125.23,181.46,94.56,46.72,26.4733
2017-06-12,36.355,164.88,48.2455,80.17,190.0,106.07,86.18,31.25,108.04,107.04,221.91,152.18,125.717,155.18,131.82,86.98,45.33,148.47,172.825,64.39,69.78,54.03,3.7493,88.24,115.98,125.67,179.25,93.5,47.19,26.4133
2017-06-13,36.6475,164.43,49.0395,80.59,191.09,105.75,87.27,31.7,108.13,106.56,224.2,153.99,126.783,154.25,132.02,87.27,45.03,149.82,174.2583,63.27,70.65,54.31,3.785,88.06,117.75,126.1,181.05,95.08,46.46,26.5067
2017-06-14,36.29,165.1,48.8235,80.84,192.38,104.71,87.17,31.6,106.6,106.14,226.51,156.76,126.6415,153.81,132.77,87.09,45.3,150.68,175.0083,63.37,70.27,54.66,3.793,88.44,117.5633,127.96,182.36,95.32,46.69,26.6333
2017-06-15,36.0725,164.11,48.2085,80.7,195.45,106.4,86.27,31.58,106.33,105.98,223.23,156.77,126.8585,154.22,133.04,86.57,45.25,151.17,176.075,63.19,69.9,52.9,3.8093,89.38,117.1667,129.02,180.38,94.17,46.64,26.3033
2017-06-16,35.5675,162.42,49.3855,81.45,196.44,107.6,86.0,31.63,108.35,105.51,221.81,156.64,127.0094,155.38,134.35,86.18,45.31,151.99,177.7,62.97,70.0,51.1,3.7905,89.66,116.85,129.44,181.63,94.17,46.63,25.08
2017-06-19,36.585,165.09,49.7585,81.88,199.08,107.49,87.54,31.99,107.46,105.37,226.13,158.81,128.1509,154.84,134.07,88.07,45.38,153.14,177.8,63.68,70.87,52.02,3.933,89.86,119.0,128.27,183.02,94.79,46.57,25.1667
2017-06-20,36.2525,166.29,49.6295,82.51,198.33,107.04,86.92,31.85,106.48,103.94,225.1,157.67,127.2736,154.95,134.22,87.52,45.61,154.07,177.8,64.53,69.91,51.56,3.9273,89.63,119.32,128.75,183.27,94.38,45.94,25.18
2017-06-21,36.4675,171.35,50.1115,82.21,199.17,103.47,87.56,31.84,104.49,104.8,222.49,156.59,126.6509,153.79,134.91,87.12,45.22,153.73,177.3833,65.46,70.27,52.59,3.9868,89.4,118.4667,128.58,184.92,94.54,45.41,25.4133
2017-06-22,36.4075,173.82,50.065,82.25,199.44,103.84,88.47,31.85,104.45,104.22,219.77,155.48,126.4811,154.4,136.05,87.02,45.07,154.8,176.85,66.02,70.26,52.4,3.9593,89.03,118.25,128.31,186.5,93.95,45.42,25.1733
2017-06-23,36.57,172.5,50.187,82.22,202.23,104.11,88.62,32.09,105.0,104.36,217.19,151.31,126.4057,154.11,136.43,86.86,45.25,154.64,177.4167,66.16,71.21,52.85,3.8458,89.42,119.0333,127.66,185.25,95.58,45.39,24.9467
2017-06-26,36.455,173.67,49.699,82.96,199.98,104.25,88.11,32.24,104.14,105.57,220.44,151.42,126.6604,155.23,136.34,87.24,45.43,153.96,177.175,65.92,70.53,53.28,3.8037,89.36,119.66,127.95,185.12,95.22,45.75,25.1667
2017-06-27,35.9325,170.85,48.839,83.08,198.89,103.93,87.68,31.76,104.07,105.41,220.28,152.24,125.4057,154.75,135.01,88.05,45.05,153.72,174.8167,65.54,69.21,52.95,3.6645,88.61,119.3867,127.38,184.6,94.9,44.84,25.3367
2017-06-28,36.4575,174.07,49.5165,83.97,199.62,106.45,88.09,32.08,104.28,106.86,223.22,153.23,126.3868,155.32,133.82,89.82,45.32,154.3,175.5167,65.16,69.8,53.36,3.7938,88.37,120.3433,127.78,185.7,96.23,44.84,25.5033
2017-06-29,35.92,172.59,48.7965,83.63,197.46,105.64,86.8,31.41,104.12,105.71,224.41,152.16,124.8302,154.13,132.64,91.15,44.83,153.13,173.2083,64.34,68.49,53.17,3.667,86.99,117.5467,126.39,185.27,94.42,44.41,25.31
2017-06-30,36.005,172.23,48.4,84.24,197.75,107.46,86.6,31.3,104.33,106.25,221.9,153.4,125.7453,153.83,132.29,91.4,44.85,153.16,173.4917,64.09,68.93,59.0,3.614,87.15,116.9867,126.53,185.42,93.78,44.66,25.2267
2017-07-03,35.875,172.8,47.683,85.1,198.59,106.97,86.1,31.33,106.3,107.46,227.28,154.01,126.1415,155.58,132.9,92.75,44.76,152.5,174.8583,64.27,68.17,58.65,3.4833,87.74,117.7433,127.34,186.65,93.35,45.0,25.12
2017-07-05,36.0225,174.26,48.57,84.89,201.81,107.49,87.5,31.11,104.62,105.63,228.04,152.69,126.2264,153.67,133.64,93.68,44.82,153.07,174.8,64.16,69.08,57.56,3.5763,87.67,117.0267,126.37,188.25,94.01,44.65,25.1067
2017-07-06,35.6825,171.72,48.257,83.74,201.48,106.51,86.85,30.72,103.82,103.35,226.69,152.05,125.8208,152.36,132.52,93.38,44.4,153.09,173.35,63.1,68.57,57.16,3.587,87.37,116.61,126.18,186.94,93.25,43.52,25.1567
2017-07-07,36.045,171.43,48.938,84.33,202.37,106.92,87.92,30.9,103.49,103.32,225.28,152.23,126.5283,152.94,132.54,93.85,44.39,156.27,174.6583,63.16,69.46,57.98,3.669,87.65,117.3433,127.17,187.96,93.92,43.48,25.11
2017-07-10,36.265,172.2,49.8235,84.3,203.96,107.84,88.5,30.98,103.04,103.59,225.84,151.18,127.066,153.42,131.55,93.19,44.38,155.52,175.4083,62.83,69.98,58.73,3.8425,87.09,117.31,125.77,186.95,95.09,43.2,24.41
2017-07-11,36.3825,173.32,49.7065,84.16,206.27,108.24,88.35,31.09,103.12,103.84,226.95,150.6,126.6226,153.19,131.23,92.83,44.33,154.91,174.7167,62.34,69.99,58.18,3.897,86.77,117.7567,125.05,185.95,95.41,42.89,24.49
2017-07-12,36.435,173.27,50.3255,84.82,206.44,108.96,90.4,31.16,103.89,104.38,227.39,152.59,127.1415,153.7,132.23,92.51,44.51,156.58,176.0833,62.78,71.15,58.22,4.0628,86.96,118.6533,125.25,186.69,96.18,43.22,24.6467
2017-07-13,36.9425,175.04,50.0315,85.37,206.23,108.47,89.57,31.27,104.13,104.29,230.4,153.29,127.6698,153.63,131.86,93.1,44.43,155.04,175.9083,62.89,71.77,57.94,4.0158,86.7,118.3833,125.43,185.48,95.94,43.49,25.0167
2017-07-14,37.26,177.13,50.0905,85.28,208.51,108.77,90.0,31.42,104.44,105.09,228.6,152.88,128.1415,154.24,132.6,92.25,44.68,155.28,176.475,63.06,72.78,58.0,4.1238,87.1,118.8233,125.72,186.9,96.93,43.56,25.4467
2017-07-17,37.39,177.4,50.502,85.22,209.0,108.84,89.29,31.5,104.21,104.79,229.26,153.89,127.6038,153.01,132.15,91.39,44.73,155.26,176.4,62.61,73.35,57.79,4.1063,87.55,119.8,126.23,186.35,96.83,43.66,25.4567
2017-07-18,37.52,177.48,51.2225,85.52,208.24,107.07,89.27,31.51,103.72,105.75,223.31,152.17,127.5377,154.0,134.46,91.07,44.67,153.96,176.0917,62.41,73.3,57.65,4.149,88.64,119.39,125.53,186.85,97.58,43.36,25.4
2017-07-19,37.755,179.18,51.3435,85.93,210.88,107.85,89.56,31.9,104.46,106.82,222.87,153.3,128.4434,147.53,135.21,91.2,44.83,153.89,176.75,62.62,73.86,57.77,4.1275,88.35,119.9067,126.46,189.19,98.25,43.45,25.29
2017-07-20,37.585,179.32,51.435,85.35,210.28,107.32,90.54,31.86,104.63,107.36,222.3,147.03,127.3113,147.66,136.57,91.2,44.82,154.21,177.0417,62.94,74.22,59.1,4.1875,88.6,116.9267,124.57,191.5,98.11,44.22,25.34
2017-07-21,37.5675,180.21,51.2835,85.59,212.14,106.59,89.69,31.84,103.25,107.09,220.18,146.65,128.6321,147.08,135.31,90.89,45.03,153.92,175.9667,62.63,73.79,59.95,4.2025,88.61,117.39,125.15,191.78,99.6,44.23,25.3833
2017-07-24,38.0225,181.06,51.9475,85.0,212.18,108.18,89.67,31.86,103.2,107.0,218.18,144.58,129.9151,145.99,133.01,91.28,44.84,151.85,175.0,62.57,73.6,58.95,4.1538,88.18,117.2167,126.38,190.89,100.37,43.71,25.63
2017-07-25,38.185,180.89,51.9935,85.41,212.46,114.54,90.63,32.12,104.39,106.42,221.58,146.97,129.4811,146.19,131.88,92.8,45.24,159.07,166.1583,62.36,74.19,59.39,4.1338,89.14,117.4067,127.46,190.4,99.99,43.98,26.1733
2017-07-26,38.365,175.89,52.64,85.3,233.45,113.52,91.07,31.66,105.12,106.94,222.25,146.69,130.6509,145.36,130.95,91.93,45.74,156.51,165.8583,61.8,74.05,58.36,4.1815,89.3,116.8667,126.0,190.75,100.85,44.4,26.3
2017-07-27,37.64,172.15,52.3,83.85,241.0,114.37,90.51,31.57,106.11,110.0,221.48,147.73,129.2264,145.07,130.83,91.55,46.12,156.95,166.7083,63.69,73.16,58.15,4.0435,90.68,115.1933,125.88,188.93,99.57,47.81,26.5933
2017-07-28,37.375,174.54,51.002,84.8,241.27,114.1,90.62,31.52,108.12,109.96,223.61,148.08,129.0472,144.29,131.85,91.28,46.01,155.85,166.4333,64.11,73.04,58.67,4.1098,90.21,114.1267,127.21,191.15,99.15,47.94,26.6033
2017-07-31,37.1825,174.51,49.389,85.23,242.46,113.95,90.8,31.45,109.19,109.93,225.33,149.6,128.4151,144.67,132.72,91.8,45.84,155.14,167.6417,63.88,72.7,59.05,4.0628,90.82,112.4233,128.09,191.81,99.56,48.4,26.6633
2017-08-01,37.5125,174.13,49.8095,85.24,239.44,113.1,91.22,31.65,110.78,110.61,227.0,149.85,129.2547,145.3,132.51,93.03,45.7,154.04,169.3167,63.92,72.58,59.84,4.1123,91.1,112.3633,129.21,192.23,100.87,48.89,26.8333
2017-08-02,39.285,174.46,49.7945,85.3,237.95,113.09,89.89,31.52,110.46,108.67,226.27,150.5,130.8679,144.45,132.16,93.11,45.59,156.59,171.175,63.44,72.26,59.79,4.1098,91.04,112.3567,128.73,193.0,101.28,48.21,26.8433
2017-08-03,38.8925,174.18,49.346,85.54,238.25,113.56,90.35,31.56,109.43,109.12,223.99,150.79,131.6604,144.94,133.35,92.5,45.67,154.72,173.0167,63.52,72.15,60.14,4.162,90.86,111.3433,129.56,194.77,100.59,48.61,26.9567
2017-08-04,39.0975,173.85,49.379,85.97,237.71,114.35,90.45,31.8,110.11,107.69,229.79,152.75,132.1132,145.16,133.18,93.66,45.5,153.82,173.0417,63.1,72.68,59.76,4.1803,90.67,111.69,129.69,194.88,100.89,48.91,26.8267
2017-08-07,39.7025,174.58,49.6135,85.85,240.23,114.71,90.5,31.84,109.78,106.35,232.92,153.35,131.0944,143.47,132.86,94.02,45.64,154.97,172.8667,62.84,72.4,59.79,4.3088,91.44,111.4633,128.8,194.78,101.49,48.86,27.0933
2017-08-08,40.02,173.69,49.492,85.94,239.5,114.41,90.26,31.67,110.35,106.98,232.05,153.35,130.8208,142.11,132.27,93.68,45.6,154.92,172.025,62.32,72.79,59.46,4.2575,91.58,110.8333,128.55,194.9,101.28,48.6,27.1967
2017-08-09,40.265,173.55,49.1005,85.69,234.31,114.34,90.12,31.62,110.89,102.83,231.01,155.26,131.1321,141.77,133.23,93.53,45.59,154.92,172.0667,62.49,72.47,59.9,4.3028,91.92,111.8933,130.15,194.83,100.97,48.22,27.2033
2017-08-10,38.83,169.11,47.846,84.56,232.88,113.15,87.63,31.0,110.11,101.35,225.5,153.88,129.4717,141.84,133.09,92.19,45.74,156.62,171.8583,62.18,71.41,59.07,4.1185,91.74,110.68,129.69,192.57,99.49,48.02,26.8867
2017-08-11,39.37,169.43,48.3995,84.29,234.88,112.85,88.29,31.47,109.23,101.99,224.15,154.88,128.8585,141.84,133.1,91.42,45.59,157.3,171.65,62.38,72.5,58.97,3.899,91.34,110.6267,128.18,193.02,100.09,48.06,26.8
2017-08-14,39.9625,171.67,49.165,85.47,237.15,113.71,90.25,31.84,108.71,101.4,227.36,154.26,130.4434,142.32,133.48,92.49,45.8,157.26,172.8083,62.67,73.59,59.78,4.21,91.65,112.5033,128.79,193.71,101.87,48.78,26.9
2017-08-15,40.4,170.04,49.137,86.79,239.17,113.65,90.7,32.09,108.57,101.51,227.59,150.17,129.6415,142.07,133.38,92.73,46.19,157.62,172.65,62.5,73.22,58.56,4.1745,92.2,110.8567,129.05,194.5,102.63,48.48,26.9233
2017-08-16,40.2375,171.39,48.909,87.39,237.59,114.12,92.24,32.34,106.84,102.2,225.61,152.25,130.2642,142.5,134.17,92.09,46.2,158.9,173.2667,62.7,73.65,58.54,4.1288,92.44,111.1433,129.47,193.77,103.32,48.41,26.9933
2017-08-17,39.465,167.81,48.0285,86.09,235.59,113.14,90.88,31.04,105.92,101.38,221.42,149.67,128.1604,140.7,133.04,90.65,45.86,157.89,171.125,61.84,72.4,57.46,4.0368,92.07,109.8533,128.19,192.7,102.16,47.89,26.5667
2017-08-18,39.375,167.29,47.9235,85.38,235.77,113.92,90.76,30.37,106.48,100.7,222.15,147.49,127.3113,139.7,132.63,90.74,45.67,157.76,169.6083,61.49,72.49,54.95,4.0375,92.47,109.6567,127.89,190.82,102.51,47.69,26.4367
2017-08-21,39.3025,168.16,47.6645,85.3,235.68,113.6,91.76,30.68,105.78,101.17,220.79,149.2,127.8962,140.33,133.45,90.63,45.68,158.36,170.4583,61.97,72.15,53.61,3.9788,92.86,109.8733,127.45,192.03,103.22,48.14,26.57
2017-08-22,39.945,170.07,48.345,85.3,239.75,115.82,92.95,31.27,106.36,102.77,223.58,149.91,129.1509,141.01,134.7,91.56,45.6,159.64,171.2167,62.42,73.16,54.13,4.0638,92.79,113.01,127.77,194.79,104.07,48.35,26.6733
2017-08-23,39.995,169.0,47.9,85.28,238.09,114.75,93.07,30.92,106.61,101.5,222.74,149.1,128.6887,142.14,132.8,91.67,45.54,158.81,168.8917,62.15,72.72,53.61,4.145,92.44,111.9233,127.16,194.24,103.18,48.28,26.6533
2017-08-24,39.8175,169.95,47.6225,85.36,238.74,114.78,94.15,31.24,107.44,101.52,222.99,148.25,128.8113,142.94,132.89,91.52,45.41,158.41,168.4333,62.71,72.69,53.84,4.1298,92.27,111.8533,125.57,194.75,103.22,48.31,26.1133
2017-08-25,39.965,169.74,47.263,85.47,235.89,115.35,94.1,31.44,108.23,102.41,222.47,149.65,129.0755,143.74,131.68,91.89,45.57,158.82,168.4417,62.94,72.82,53.9,4.0953,92.51,113.0533,126.47,194.36,103.35,48.68,26.21
2017-08-28,40.3675,171.78,47.301,85.41,237.18,115.07,93.66,31.54,107.76,102.56,220.35,151.39,129.1226,142.51,131.74,91.6,45.42,159.67,168.7167,63.32,72.83,53.73,4.1243,92.47,112.9733,123.23,195.09,103.78,48.61,26.01
2017-08-29,40.7275,172.23,47.703,85.42,240.49,116.01,93.83,31.48,107.86,102.57,219.96,149.84,129.8396,143.14,132.21,91.1,45.45,159.38,169.1,63.12,73.05,52.73,4.1175,92.32,111.0467,123.01,196.73,103.77,48.51,26.2567
2017-08-30,40.8375,173.65,48.3795,85.69,240.46,117.55,94.86,31.99,107.73,102.87,222.42,150.0,130.2264,142.56,131.07,91.31,45.39,159.53,169.7417,63.12,74.01,52.56,4.142,91.87,112.6667,121.81,195.88,103.73,48.12,26.18
2017-08-31,41.0,177.77,49.03,86.1,239.66,117.49,95.49,32.21,107.62,101.2,223.74,149.87,130.4434,143.03,132.37,90.89,45.55,159.97,170.2667,63.86,74.77,52.81,4.236,92.27,113.09,121.18,198.9,103.52,47.97,26.0233
2017-09-01,41.0125,178.71,48.9125,86.14,240.33,118.28,96.01,32.3,108.76,101.5,225.88,150.78,129.8396,144.08,131.03,91.7,45.78,159.81,169.6333,63.83,73.94,53.36,4.2615,92.53,114.54,119.9,199.75,103.9,47.92,26.1233
2017-09-05,40.52,176.74,48.2635,85.31,237.0,118.3,96.18,31.62,109.44,101.6,217.78,152.93,128.783,143.04,129.9,89.51,45.92,159.1,167.4833,63.62,73.61,53.01,4.1478,92.72,114.9933,115.43,199.31,103.01,47.36,26.6
2017-09-06,40.4775,178.38,48.39,85.23,234.62,116.98,95.82,31.87,111.79,101.5,218.83,156.56,128.8208,143.82,130.67,90.11,45.96,158.22,168.375,64.0,73.4,52.76,4.1453,92.72,114.32,117.73,198.38,103.18,46.91,26.6933
2017-09-07,40.315,180.71,48.9735,84.41,236.31,117.77,96.73,31.76,111.8,97.06,215.84,157.93,129.3208,142.9,132.19,88.53,46.28,159.9,170.3833,64.32,74.34,52.39,4.1645,92.97,113.1833,115.18,198.17,104.56,46.2,26.7067
2017-09-08,39.6575,180.64,48.295,84.25,238.78,117.82,96.43,31.48,110.78,97.07,217.21,159.66,129.783,142.45,130.98,88.42,46.3,159.71,171.4083,64.27,73.98,52.2,4.0923,92.84,114.85,119.76,197.75,104.43,46.11,26.2933
2017-09-11,40.375,186.49,48.898,85.69,240.59,118.87,97.71,32.19,112.52,97.09,221.06,158.37,131.1321,144.86,133.21,89.79,46.52,161.53,174.6333,65.13,74.76,53.03,4.225,93.99,115.84,122.56,199.58,106.15,46.3,26.36
2017-09-12,40.215,191.0,49.129,86.55,240.58,120.94,96.85,32.41,112.49,97.89,225.95,159.91,130.8302,145.76,132.63,90.89,46.72,156.33,174.7,65.46,74.68,53.4,4.2403,93.51,116.7833,122.48,197.47,106.21,46.79,26.5367
2017-09-13,39.9125,189.7,49.98,86.64,241.93,119.63,95.61,32.18,114.18,98.82,226.56,160.02,130.0943,145.99,132.45,91.15,46.87,157.0,174.575,65.45,75.21,53.52,4.2593,93.55,115.64,121.51,198.33,105.83,47.25,26.62
2017-09-14,39.57,189.44,49.6105,86.19,245.23,120.48,95.3,32.19,114.45,97.9,226.85,159.38,129.4434,145.54,134.18,90.97,46.11,157.0,176.1917,66.12,74.77,53.73,4.235,93.55,115.5133,119.96,197.73,106.08,47.18,26.56
2017-09-15,39.97,187.47,49.3395,86.99,249.0,121.37,94.63,32.44,114.63,98.52,225.22,158.4,131.0849,144.82,134.45,91.62,46.18,156.92,177.7917,66.16,75.31,53.87,4.5028,93.27,113.66,120.7,198.18,105.3,47.86,26.7933
2017-09-18,39.6675,186.47,48.7095,87.87,253.08,123.83,95.74,32.52,115.19,98.1,227.53,157.81,129.8774,144.55,135.38,92.92,46.11,156.68,178.1333,65.99,75.16,53.5,4.6888,93.15,113.2333,120.72,198.19,104.83,48.09,26.6667
2017-09-19,39.6825,186.32,48.493,89.0,252.46,124.74,95.35,32.49,116.34,98.43,228.91,157.66,129.9528,144.39,135.22,93.94,45.98,157.43,177.9667,65.95,75.44,53.33,4.6838,94.17,114.2467,120.58,194.65,105.41,49.34,26.6833
2017-09-20,39.0175,188.17,48.6605,88.43,255.46,124.85,95.21,32.6,116.37,99.21,229.79,158.68,130.8396,145.88,133.22,94.6,45.78,159.88,175.425,65.79,74.94,53.56,4.646,94.4,115.68,121.91,195.75,104.97,49.48,26.8333
2017-09-21,38.3475,186.64,48.2325,88.42,256.04,124.79,94.86,32.7,116.47,98.89,231.29,159.19,132.8868,145.26,131.75,95.03,45.4,159.03,175.3667,65.6,74.21,53.19,4.519,92.64,116.5367,121.49,195.21,105.31,48.94,26.67
2017-09-22,37.9725,185.76,47.755,88.4,256.45,124.43,94.94,33.37,117.29,98.6,231.03,159.97,133.7264,145.13,131.39,94.83,45.49,158.91,175.6333,65.13,74.41,53.24,4.475,92.24,116.5867,122.04,193.03,105.56,49.9,26.51
2017-09-25,37.6375,186.29,46.9895,88.21,254.32,124.32,92.47,33.72,117.99,99.57,230.26,161.1,132.8396,145.87,131.17,94.12,45.69,156.26,175.6083,65.18,73.26,53.23,4.275,92.72,117.3333,122.67,191.75,103.02,49.9,26.3833
2017-09-26,38.285,185.6,46.93,88.69,253.7,124.51,92.34,33.76,117.52,98.63,229.94,161.26,132.3019,146.56,130.94,93.7,45.57,153.35,175.8583,64.76,73.26,53.7,4.299,92.65,117.38,122.57,192.7,102.94,49.51,26.4633
2017-09-27,38.5575,184.88,47.5435,89.49,255.28,124.52,93.21,33.48,117.45,99.24,234.76,160.92,131.6698,145.66,129.75,95.18,44.64,154.05,174.5667,64.57,73.85,52.67,4.3933,90.87,116.6133,122.59,194.49,103.89,49.51,26.43
2017-09-28,38.32,185.46,47.82,90.14,254.27,125.23,92.6,33.35,117.62,98.05,235.47,162.36,132.6226,145.66,129.47,95.38,44.91,157.49,174.625,64.29,73.87,52.63,4.392,90.89,119.0133,122.8,196.1,104.58,49.41,26.3167
2017-09-29,38.53,186.45,48.0675,90.46,254.21,124.71,93.42,33.63,117.5,98.57,237.19,163.56,133.717,145.08,130.01,95.51,45.01,156.68,174.9167,64.03,74.49,51.85,4.4693,90.98,119.3467,122.52,195.85,105.24,49.49,26.0467
2017-10-02,38.4525,187.17,47.9595,90.54,255.99,124.72,93.94,33.75,117.43,99.86,240.65,164.02,134.5849,146.66,131.22,96.84,44.8,156.96,177.3,64.55,74.61,51.87,4.475,91.77,119.81,123.32,197.44,105.44,49.36,26.15
2017-10-03,38.62,187.23,47.855,91.43,255.46,125.51,95.36,33.85,117.82,100.79,241.62,165.17,134.5943,146.78,132.1,97.35,45.19,156.86,178.8083,64.37,74.26,51.47,4.4843,92.12,124.79,123.7,198.63,105.59,49.85,26.4067
2017-10-04,38.37,188.59,48.2725,91.01,255.76,126.74,95.52,33.44,117.58,100.55,240.31,165.29,134.4811,146.48,132.89,96.36,45.5,157.21,180.4333,64.6,74.69,52.08,4.5218,92.42,124.7233,123.9,200.48,105.31,49.9,26.3633
2017-10-05,38.8475,186.85,49.0425,91.16,258.89,126.4,95.73,33.59,118.58,100.11,246.06,166.12,134.9717,146.72,133.19,97.09,45.52,158.8,180.3083,64.6,75.97,52.18,4.5193,92.03,126.6333,124.44,197.9,106.24,49.77,26.47
2017-10-06,38.825,185.82,49.479,91.55,258.58,126.93,96.32,33.75,117.03,100.07,246.02,165.85,135.4906,146.48,133.22,96.92,45.49,159.6,180.4333,64.55,76.0,52.42,4.5325,92.33,127.8233,125.07,198.06,106.73,48.81,26.3333
2017-10-09,38.96,185.46,49.5495,91.69,258.39,126.88,96.27,33.76,117.71,99.57,242.8,165.71,135.4717,147.39,133.45,96.41,45.41,160.12,180.5667,64.33,76.29,51.52,4.6348,92.12,127.3333,124.95,196.3,107.01,49.05,26.8433
2017-10-10,38.975,185.79,49.36,91.89,260.93,128.19,95.39,33.55,118.8,99.58,242.6,165.16,135.1981,148.5,133.9,97.13,45.87,160.58,180.625,64.46,76.29,51.53,4.7233,91.62,127.1567,125.94,194.68,107.31,49.14,28.0433
2017-10-11,39.1375,184.15,49.75,91.96,261.44,128.6,96.01,33.59,119.33,98.55,242.4,165.25,134.6415,147.62,136.65,96.84,46.1,163.15,180.425,63.78,76.42,51.03,4.7735,91.46,127.68,125.61,195.26,108.44,48.86,28.5767
2017-10-12,39.0,182.76,50.0465,91.61,261.91,129.99,96.74,33.26,119.14,96.93,239.8,164.59,135.0849,147.03,136.83,95.99,46.11,163.91,181.325,63.83,77.12,50.83,4.7758,92.15,127.8567,125.95,192.92,108.11,48.35,28.7
2017-10-13,39.2475,183.01,50.147,92.86,260.74,130.71,96.94,33.47,119.16,97.38,238.53,164.47,135.2547,147.1,136.43,95.86,46.18,165.37,181.4333,63.39,77.49,50.98,4.8648,93.04,128.6133,126.67,192.52,108.66,47.86,28.8733
2017-10-16,39.97,181.9,50.317,91.96,259.75,131.47,97.15,33.54,120.13,98.13,242.41,164.22,135.6132,146.83,136.12,97.84,46.62,165.01,182.2667,63.34,77.65,51.37,4.9483,93.14,128.0234,128.82,193.2,108.3,48.09,28.58
2017-10-17,40.1175,186.19,50.4565,91.69,258.62,130.54,96.72,33.6,120.22,98.36,236.09,163.35,135.3113,146.54,140.79,97.62,46.52,165.4,181.4583,63.22,77.59,52.0,4.9438,92.8,127.56,128.65,203.89,107.54,48.4,28.66
2017-10-18,39.94,186.28,49.85,92.08,260.04,131.29,96.44,33.55,118.15,98.25,242.03,163.45,135.3208,159.53,140.68,97.99,46.4,165.77,181.8917,63.51,77.61,52.3,4.9395,92.77,128.03,130.02,205.23,107.8,48.65,28.74
2017-10-19,38.995,184.12,49.3305,91.9,259.04,131.55,97.19,33.75,118.2,99.01,239.99,163.24,135.4906,160.9,142.04,98.11,46.59,166.5,182.7,63.75,77.91,52.69,4.945,91.59,129.19,133.17,203.25,107.02,49.21,28.8
2017-10-20,39.0625,182.96,49.1455,92.09,264.75,131.36,98.9,34.25,118.64,99.4,244.73,163.43,137.1227,162.07,142.4,99.51,46.38,166.3,184.4333,63.88,78.81,53.06,4.9225,88.25,129.9,133.32,207.49,107.55,49.53,29.1467
2017-10-23,39.0425,180.53,48.315,92.38,262.32,131.68,98.44,34.35,118.93,98.7,242.13,164.74,137.6604,159.55,143.62,99.34,46.32,163.34,184.625,63.4,78.83,53.66,4.9155,87.3,128.86,134.45,207.01,107.53,48.99,29.55
2017-10-24,39.275,180.37,48.795,93.86,266.0,138.24,98.66,34.58,119.23,98.29,244.84,166.03,137.8491,155.88,141.64,100.92,46.18,163.88,195.5417,63.11,78.86,53.42,4.967,86.98,129.6367,133.19,208.15,108.41,48.94,29.3267
2017-10-25,39.1025,177.5,48.6455,93.53,258.42,136.84,99.59,34.3,118.44,97.8,241.71,166.07,137.7264,153.5,142.36,101.02,46.05,163.58,198.0667,62.45,78.63,54.94,4.8415,86.86,130.8467,131.78,207.56,109.49,48.64,29.4933
2017-10-26,39.3525,176.52,48.6215,95.69,259.27,136.94,100.05,34.27,118.44,98.56,241.72,167.65,137.5849,153.6,141.81,101.74,46.23,164.01,194.1167,61.99,78.76,56.81,4.8923,87.5,132.1667,131.94,209.15,109.8,48.89,29.54
2017-10-27,40.7625,175.28,55.0475,95.79,256.46,137.81,100.7,34.43,113.54,98.31,241.71,167.34,137.9245,153.68,141.78,101.77,46.07,165.39,195.6167,58.24,83.81,55.96,5.0465,87.04,132.43,131.06,212.6,109.71,48.87,29.39
2017-10-30,41.68,174.59,55.5425,95.07,259.25,136.49,100.7,34.04,114.39,98.04,240.89,165.31,136.4528,154.36,140.0,101.41,45.86,166.23,192.5167,54.71,83.89,55.27,5.096,86.27,131.4167,132.62,209.39,110.04,47.83,28.9833
2017-10-31,42.26,175.22,55.264,95.52,257.98,135.8,102.34,34.15,115.89,97.81,242.48,165.78,136.0,154.06,139.41,100.61,45.98,166.91,191.825,55.09,83.18,54.99,5.1703,86.34,131.7167,132.45,210.22,109.98,47.87,29.1033
2017-11-01,41.7225,175.42,55.184,95.79,258.5,136.29,101.95,34.62,115.9,99.03,244.26,165.38,136.7264,154.03,139.98,100.92,45.8,166.37,191.8167,55.34,83.18,55.07,5.18,86.89,131.9233,133.47,209.53,111.07,47.83,29.3133
2017-11-02,42.0275,172.41,54.711,95.98,262.63,136.47,102.6,34.21,115.33,98.35,246.88,162.71,137.1793,153.35,139.93,101.59,45.88,168.1,193.525,55.37,84.05,55.12,5.1485,86.51,130.7033,134.69,211.1,110.98,47.46,29.6
2017-11-03,43.125,173.44,55.58,96.43,261.75,136.63,102.71,34.47,114.99,98.64,244.4,164.39,136.7642,151.58,140.08,101.41,45.97,168.65,193.5167,56.06,84.14,55.71,5.2173,86.58,132.37,133.32,212.87,111.36,47.42,29.8933
2017-11-06,43.5625,170.8,56.033,96.29,264.07,137.71,102.42,34.41,117.04,100.64,243.49,164.22,137.3585,150.84,139.76,100.78,45.47,170.07,191.925,55.88,84.47,56.04,5.2408,86.05,131.3133,133.44,212.12,111.92,45.53,29.5667
2017-11-07,43.7025,173.48,56.1585,95.37,266.13,138.81,102.72,34.4,117.24,101.61,239.81,163.66,138.6509,151.35,139.77,98.75,45.94,170.77,191.7083,55.59,84.27,55.15,5.3008,86.98,131.3367,133.72,212.7,112.09,45.57,29.65
2017-11-08,44.06,173.58,56.644,95.13,265.57,137.29,105.03,34.5,116.67,101.18,241.25,164.05,138.5472,151.57,141.32,97.64,46.18,170.1,191.525,56.58,84.56,55.76,5.229,87.58,131.8367,133.52,210.77,112.47,45.46,30.0867
2017-11-09,43.97,174.0,56.4565,93.75,262.7,135.34,103.6,34.05,117.24,102.68,240.79,163.27,137.2076,150.3,140.35,97.63,46.23,167.0,190.325,56.21,84.09,56.13,5.133,87.78,129.01,134.53,211.56,112.14,45.07,30.1
2017-11-10,43.6675,172.35,56.2675,93.52,260.85,136.48,105.24,33.99,117.18,104.78,240.15,164.11,137.5,149.16,139.56,97.51,46.54,165.59,189.5417,55.48,83.87,56.09,5.4035,88.16,129.82,135.54,211.07,111.88,44.88,30.3067
2017-11-13,43.4925,171.5,56.4585,93.9,262.42,136.53,105.78,33.95,117.23,104.74,240.27,165.35,138.4151,148.4,139.76,97.86,46.72,167.37,190.1833,55.1,83.93,55.91,5.3158,89.0,129.9033,133.32,212.66,111.4,44.75,30.33
2017-11-14,42.835,170.13,56.842,93.76,261.76,137.54,106.23,34.04,116.92,103.17,237.24,168.06,138.9811,148.89,139.49,97.27,47.43,168.11,191.1083,54.99,84.05,55.98,5.3545,88.87,129.71,133.86,211.71,111.98,44.22,30.3633
2017-11-15,42.27,169.38,56.3345,93.26,262.86,134.1,105.43,34.11,116.45,103.69,237.61,165.47,138.0849,147.1,139.1,98.19,46.81,167.32,189.5,54.8,82.98,56.63,5.2495,88.23,128.6533,133.71,209.86,110.25,44.11,29.9433
2017-11-16,42.775,170.77,56.8645,93.56,263.7,136.36,107.03,35.88,114.57,103.6,239.37,167.5,138.566,149.12,138.87,98.47,46.55,168.09,191.1833,55.17,83.2,57.23,5.2903,89.25,129.3433,130.81,211.13,111.02,44.77,33.2067
2017-11-17,42.5375,170.0,56.494,93.69,262.26,136.13,107.58,35.9,114.71,103.44,238.02,167.74,138.1981,148.97,138.0,98.14,45.71,166.72,191.1333,55.2,82.4,59.19,5.284,88.43,128.9934,129.92,209.9,109.82,45.42,32.49
2017-11-20,42.495,168.79,56.3155,93.95,264.63,136.91,107.37,36.5,114.72,102.75,238.13,170.45,139.566,150.51,137.93,99.01,45.46,166.93,192.9083,54.1,82.53,59.25,5.352,88.27,129.23,129.77,210.25,109.95,46.2,32.4933
2017-11-21,43.285,169.84,56.9745,94.41,266.99,137.6,108.8,36.65,115.17,103.0,238.02,172.86,140.8962,151.95,138.34,98.93,45.78,168.3,195.075,54.27,83.72,59.39,5.4013,88.72,130.0433,130.63,212.6,111.45,46.18,32.1733
2017-11-22,43.74,169.96,57.808,93.82,265.15,138.01,106.83,36.45,115.91,102.74,236.43,172.06,140.5566,151.77,137.29,98.64,45.84,169.05,192.9833,54.37,83.11,59.07,5.3733,88.33,130.1867,130.01,211.22,110.82,47.1,32.1367
2017-11-24,43.7425,170.12,59.3,93.48,265.88,137.39,107.15,36.49,116.51,102.64,235.95,172.33,141.1887,151.84,138.01,98.32,45.88,169.11,192.8167,54.35,83.26,59.32,5.424,88.45,131.3433,129.83,212.51,111.97,47.01,32.2067
2017-11-27,43.5225,169.71,59.7915,93.47,265.58,137.19,106.58,36.87,115.59,102.79,235.11,174.16,141.9151,151.98,138.1,97.93,45.9,168.96,195.0,54.55,83.87,59.63,5.3535,88.96,130.07,130.48,212.4,112.38,47.66,32.2067
2017-11-28,43.2675,170.26,59.68,95.28,267.99,138.99,106.46,37.73,116.45,103.41,239.41,176.57,144.1132,152.47,140.02,101.36,45.83,171.34,196.3583,54.93,84.88,59.58,5.2678,89.4,132.5133,133.01,216.14,113.36,48.82,32.2567
2017-11-29,42.37,172.23,58.0635,96.6,269.3,138.06,103.53,37.48,117.18,105.24,241.36,177.25,144.566,153.55,139.81,103.73,45.5,170.43,198.3417,55.36,83.34,60.36,4.9105,89.38,131.32,134.53,222.88,109.86,49.9,32.52
2017-11-30,42.9625,175.66,58.8375,97.71,276.8,141.15,104.32,37.3,118.99,104.82,247.64,179.82,147.1321,153.97,139.33,104.52,45.77,171.97,202.6167,55.27,84.17,60.42,5.0178,89.99,133.14,135.57,228.17,112.59,50.89,32.41
2017-12-01,42.7625,177.2,58.1175,97.86,271.38,141.52,103.83,37.6,119.51,105.25,248.95,180.42,145.6604,154.76,139.98,104.79,45.97,172.87,200.9583,55.87,84.26,59.88,4.942,90.36,131.69,136.21,226.78,110.73,51.25,32.45
2017-12-04,42.45,178.69,56.6975,98.59,277.97,141.5,99.85,37.72,120.84,110.22,250.65,184.9,145.066,156.46,139.01,106.95,46.23,170.65,199.3833,56.22,81.08,60.1,4.6665,91.41,135.6433,136.36,221.42,107.43,51.72,32.3367
2017-12-05,42.41,178.67,57.0785,98.71,275.54,140.14,100.69,37.31,120.39,107.22,248.33,182.85,144.3962,155.35,139.67,105.72,46.26,172.99,198.55,55.77,81.59,60.42,4.6935,91.4,135.1833,135.32,220.09,108.58,50.92,32.61
2017-12-06,42.2525,176.22,57.6175,98.21,278.27,140.34,102.92,37.41,119.61,105.46,245.95,180.8,144.3396,154.1,141.06,104.93,46.45,173.48,198.8917,54.35,82.78,59.72,4.7315,91.25,133.73,135.36,219.94,109.74,50.68,32.4267
2017-12-07,42.33,173.96,57.9895,98.58,281.97,142.89,104.07,37.4,119.63,105.26,248.56,182.0,144.6038,153.57,140.01,104.62,45.78,172.91,200.25,54.77,82.49,60.6,4.7998,90.1,135.49,134.21,220.15,111.4,50.42,32.26
2017-12-08,42.3425,175.41,58.1,98.55,285.9,143.86,103.44,37.61,119.92,104.23,250.35,183.41,144.9623,154.81,140.59,105.93,45.31,173.15,198.4417,55.57,84.16,61.3,4.7873,90.37,136.2833,133.75,223.91,112.6,51.09,32.1833
2017-12-11,43.1675,176.83,58.446,99.0,283.16,143.77,104.54,37.96,120.42,106.83,250.13,182.25,144.5377,155.41,141.14,105.62,45.33,173.25,199.4167,56.34,85.23,61.91,4.8665,90.23,135.92,133.16,222.77,112.37,51.84,32.31
2017-12-12,42.925,176.26,58.254,99.37,289.94,143.42,103.67,37.91,119.68,107.43,257.68,181.8,145.0377,156.74,142.6,106.85,45.29,172.23,197.15,57.07,85.58,62.17,4.771,89.85,135.6733,134.35,222.49,113.46,53.19,32.2333
2017-12-13,43.0675,177.38,58.2065,97.78,291.84,148.57,103.94,38.15,119.93,107.61,255.56,183.03,146.9811,153.91,142.89,105.51,45.9,173.55,199.2583,56.91,85.35,64.3,4.6545,90.88,135.15,133.56,224.35,113.31,52.89,32.5867
2017-12-14,43.055,174.92,58.713,97.15,293.88,146.28,104.24,37.9,119.53,110.57,255.48,182.13,144.5566,154.0,141.65,104.66,46.03,173.14,198.4,56.01,84.69,64.53,4.6618,91.0,133.41,132.58,221.25,112.92,52.34,32.3767
2017-12-15,43.4925,177.04,58.957,98.52,293.94,146.69,105.48,38.19,119.73,111.27,257.17,182.58,145.5189,152.5,142.46,106.14,46.19,174.06,198.3333,56.24,86.85,64.79,4.789,91.89,134.6067,134.89,221.82,113.82,52.67,32.37
2017-12-18,44.105,176.14,59.529,99.68,296.14,149.77,105.08,38.48,119.7,111.03,260.02,184.73,145.8396,153.33,141.8,106.96,45.93,174.2,198.6833,56.22,86.38,64.81,4.9475,91.88,136.05,135.21,222.67,113.55,53.25,32.6333
2017-12-19,43.635,176.87,59.369,99.15,297.25,150.91,104.26,38.3,119.84,111.81,256.48,185.98,145.3868,153.23,141.78,106.51,46.13,173.39,198.6583,56.23,85.83,64.24,4.9028,91.68,137.29,135.54,222.04,112.14,52.83,32.9333
2017-12-20,43.5875,177.11,58.881,98.51,297.9,152.52,103.39,38.74,120.89,109.69,255.18,187.31,145.9717,152.95,141.16,106.14,46.08,172.17,197.4333,56.11,85.52,63.59,4.92,91.53,138.1133,135.26,222.38,112.12,52.77,32.9167
2017-12-21,43.7525,176.68,58.738,98.5,295.03,154.64,103.62,38.53,124.82,109.57,261.01,188.08,145.0189,151.5,141.06,107.83,45.6,171.85,195.65,56.6,85.5,64.77,4.8973,91.67,137.1767,134.44,221.69,112.41,53.01,32.6867
2017-12-22,43.7525,176.42,58.418,98.74,295.1,155.75,102.63,38.55,124.98,108.67,258.97,188.13,144.8019,152.5,140.12,107.45,45.59,171.42,195.6083,56.36,85.51,63.29,4.8818,92.13,137.6967,134.39,220.0,112.69,53.19,32.7367
2017-12-26,42.6425,176.09,58.838,98.57,295.36,156.44,102.54,38.48,125.98,108.12,257.72,190.36,145.0566,152.83,140.09,107.02,45.81,171.29,196.2083,56.34,85.4,63.65,4.936,92.48,137.13,134.78,219.6,112.99,53.22,33.0533
2017-12-27,42.65,176.21,59.113,99.13,295.62,157.52,102.65,38.56,125.55,107.64,255.95,190.19,145.2358,153.13,140.57,107.22,45.93,172.67,196.8333,56.34,85.71,62.95,4.9293,92.1,136.7333,134.77,220.42,114.02,53.28,33.0867
2017-12-28,42.77,175.25,59.305,99.7,296.35,158.42,102.79,38.59,125.58,107.77,256.5,189.78,145.4057,154.04,140.56,107.79,45.72,173.1,196.4333,56.6,85.72,62.95,4.935,92.07,137.69,135.66,222.77,114.35,53.43,33.1333
2017-12-29,42.3075,173.9,58.4735,99.31,294.91,157.58,102.23,38.3,125.19,107.51,254.76,189.53,144.6793,153.42,139.72,106.94,45.88,172.12,196.1417,56.27,85.54,62.55,4.8375,91.88,136.68,135.64,220.46,114.02,52.93,32.9167
2018-01-02,43.065,177.0,59.4505,98.94,296.84,157.04,104.41,38.86,127.58,111.8,255.67,188.03,145.0095,154.25,139.23,107.95,45.54,173.22,196.3667,56.22,85.95,63.49,4.9838,90.65,137.9,131.98,221.16,114.51,53.53,32.8633
2018-01-03,43.0575,180.34,60.21,99.55,297.8,157.28,105.29,39.17,128.51,112.28,253.29,189.01,143.8113,158.49,140.56,108.06,45.44,172.49,196.3583,56.14,86.35,63.48,5.3118,90.54,138.4533,132.4,223.48,115.65,52.43,33.15
2018-01-04,43.2575,179.58,60.4795,100.85,296.67,159.44,106.68,38.99,128.11,112.23,256.83,190.51,145.7547,161.7,140.55,109.04,46.08,173.7,198.925,57.05,87.11,63.44,5.3398,91.18,137.7,132.4,224.45,116.08,52.6,33.18
2018-01-05,43.75,180.65,61.457,101.08,308.84,161.96,108.1,39.53,127.9,111.62,255.52,192.5,146.7736,162.49,141.71,108.34,46.07,174.05,200.475,56.99,88.19,63.98,5.385,91.24,140.5534,132.16,228.73,118.86,52.48,33.3767
2018-01-08,43.5875,180.6,62.3435,100.15,310.15,166.03,108.86,39.94,128.53,110.02,251.81,192.04,145.9811,163.47,141.89,108.5,46.0,173.93,199.825,56.66,88.28,64.55,5.55,91.72,141.3333,131.45,224.76,119.34,52.39,33.87
2018-01-09,43.5825,183.38,62.635,100.52,318.43,166.43,109.15,39.69,127.84,109.94,253.94,193.1,147.1793,163.83,144.14,109.05,46.23,173.54,201.0667,56.8,88.22,64.09,5.5485,91.05,141.4033,132.47,225.88,119.11,51.61,33.4633
2018-01-10,43.5725,182.86,62.7165,101.22,320.26,165.87,108.8,39.91,128.66,109.47,254.33,191.8,148.1981,164.18,143.97,110.25,46.07,173.51,200.95,57.3,87.82,64.22,5.592,90.47,139.8433,132.11,224.2,118.98,51.69,33.2233
2018-01-11,43.82,181.96,63.834,100.73,328.12,169.2,109.1,40.1,132.57,110.99,255.13,194.68,148.9811,164.2,144.79,110.84,46.04,173.39,201.925,57.6,88.08,64.29,5.602,90.15,141.7867,132.34,225.39,119.84,52.11,33.34
2018-01-12,44.2725,185.04,65.26,100.97,336.21,170.3,110.24,40.87,133.6,112.47,257.03,196.42,150.066,163.14,145.76,112.67,46.15,173.57,203.725,58.66,89.6,64.67,5.5745,89.61,144.28,134.73,228.64,120.09,51.86,33.6233
2018-01-16,44.0475,185.54,65.243,100.34,335.16,169.31,108.89,40.54,132.01,110.69,258.46,196.31,148.9528,163.85,146.86,112.27,46.53,173.68,203.95,62.07,88.35,63.42,5.5028,90.22,141.29,135.52,232.9,120.39,51.66,33.5633
2018-01-17,44.775,188.01,64.75,100.76,351.01,168.5,110.04,41.2,132.36,111.97,253.65,199.82,149.4434,168.65,146.98,112.99,46.82,174.98,206.7583,62.03,90.14,63.81,5.618,91.2,142.3133,136.86,238.43,121.98,51.72,34.2333
2018-01-18,44.815,187.59,64.666,99.86,340.16,168.83,111.77,41.3,131.59,110.42,250.97,198.33,148.8491,169.12,146.92,113.26,46.88,174.57,204.925,61.13,90.1,64.11,5.611,90.18,143.5867,137.34,243.16,123.11,51.55,34.7667
2018-01-19,44.615,189.28,64.729,98.03,337.73,170.41,111.93,41.29,131.3,110.59,256.12,201.33,149.7076,162.37,147.36,113.01,47.16,176.12,206.8167,61.28,90.0,67.21,5.7528,91.07,143.6,137.85,243.35,122.7,51.91,34.8633
2018-01-22,44.25,192.33,66.3655,98.32,338.0,170.89,112.89,41.66,132.56,111.1,261.52,204.46,149.566,162.6,148.14,114.33,47.38,176.21,206.0833,61.25,91.61,66.39,5.8423,91.89,142.3933,139.35,243.56,124.33,53.46,35.15
2018-01-23,44.26,191.99,68.127,97.98,335.59,169.43,113.24,42.1,131.02,110.41,260.09,204.9,150.5566,166.25,141.83,114.21,47.45,176.81,205.2583,61.7,91.9,67.14,5.9728,89.05,143.07,146.26,245.21,124.65,53.23,35.3
2018-01-24,43.555,190.63,67.8755,99.3,334.69,168.34,112.85,42.17,131.39,110.5,265.68,206.22,150.9151,165.37,142.07,115.67,47.83,176.12,206.4083,61.18,91.82,68.0,5.895,88.31,143.1267,147.62,244.85,124.55,54.22,35.2633
2018-01-25,42.7775,190.08,68.8975,99.69,343.11,169.37,111.96,41.9,130.65,110.55,269.03,205.37,152.6793,165.47,144.4,115.7,47.84,175.66,210.3,61.3,92.33,67.71,5.9088,88.34,141.5534,148.47,245.18,125.22,54.29,35.5333
2018-01-26,42.8775,196.01,70.1025,99.63,343.22,167.06,113.7,42.56,131.19,112.19,268.14,207.23,155.6509,167.34,145.33,116.32,48.53,178.36,215.525,62.04,94.06,68.04,6.0833,87.73,141.2267,149.42,248.47,126.32,54.72,36.13
2018-01-29,41.99,198.0,70.884,99.41,340.82,162.58,113.3,42.85,128.48,111.54,272.48,204.92,152.3302,166.8,143.68,116.2,47.7,177.77,213.3417,61.63,93.92,67.58,6.1713,86.86,140.2633,148.96,247.41,124.84,54.13,36.5167
2018-01-30,41.7425,191.27,71.891,98.71,337.71,163.76,112.23,42.25,125.23,110.11,268.94,201.81,149.9717,163.62,142.43,115.11,47.41,172.48,209.6167,60.65,92.74,67.33,6.068,86.95,140.4533,148.72,236.65,123.55,53.9,35.91
2018-01-31,41.8575,186.05,72.5445,99.4,354.37,162.78,113.91,41.54,125.35,108.67,267.89,200.9,150.6321,163.7,138.19,115.67,47.59,171.14,208.75,59.25,95.01,68.22,6.145,86.34,139.0367,149.92,236.78,124.23,54.07,35.5333
2018-02-01,41.945,185.56,69.5,100.0,356.94,162.24,112.74,41.7,125.57,110.49,272.23,199.9,150.6132,162.4,140.02,116.87,47.45,171.9,206.6167,59.86,94.26,67.65,6.0125,85.85,137.3767,150.0,235.22,125.72,54.3,35.1733
2018-02-02,40.125,187.01,71.4975,96.68,348.91,157.49,110.78,40.93,118.58,108.7,260.04,193.97,147.783,159.03,137.68,114.28,46.73,169.38,204.3083,58.56,91.78,67.22,5.838,84.25,134.3767,147.95,231.88,120.91,52.98,34.8267
2018-02-05,39.1225,174.75,69.5,92.01,328.88,151.08,107.65,38.78,112.62,104.7,249.11,183.11,141.6698,152.53,130.39,108.8,44.89,163.85,192.8667,56.4,88.0,64.39,5.3425,81.06,131.0767,141.52,220.02,116.27,50.5,33.3633
2018-02-06,40.7575,176.65,72.142,94.18,340.91,156.41,109.57,40.17,117.18,106.17,258.7,191.04,142.8302,155.34,131.83,112.11,44.67,165.18,194.6917,55.46,91.33,65.22,5.6395,82.38,135.0,140.85,225.18,119.97,50.83,33.6333
2018-02-07,39.885,177.47,70.839,93.61,348.12,154.34,110.05,40.34,115.29,104.76,257.1,191.29,142.6321,153.85,131.42,112.87,44.56,165.71,194.325,55.88,89.61,65.63,5.72,81.84,134.4934,142.14,225.82,119.65,51.01,34.2833
2018-02-08,38.7875,173.12,67.525,88.34,329.66,145.99,104.03,38.77,112.3,101.35,246.35,181.22,137.7547,147.59,126.36,107.88,43.1,158.97,185.7417,54.73,85.01,62.49,5.438,80.22,129.2167,135.01,216.46,113.86,49.04,33.34
2018-02-09,39.1025,173.46,66.98,91.72,332.83,149.21,106.98,39.53,113.5,103.09,249.3,184.12,139.5283,149.51,129.53,110.04,43.13,160.8,187.675,54.87,88.18,65.49,5.802,79.92,132.9533,137.08,220.96,116.32,49.88,33.1233
2018-02-12,40.6775,174.87,69.3115,94.7,343.8,152.29,108.55,40.6,113.98,103.39,253.16,184.06,141.0094,151.4,130.27,111.74,43.97,163.9,190.9917,55.43,89.13,65.98,5.7008,81.33,134.5633,138.14,225.69,118.47,50.11,33.1833
2018-02-13,41.085,175.94,70.7255,94.56,343.16,153.97,107.69,41.23,113.29,104.12,255.53,183.72,140.0943,150.75,129.96,112.43,44.19,162.4,192.8,54.9,89.83,65.87,5.8158,81.5,135.2533,138.58,226.64,118.35,50.08,33.66
2018-02-14,41.8425,179.52,72.5525,96.23,344.85,158.06,109.02,42.09,113.63,104.6,262.58,184.69,141.8679,154.76,129.67,115.03,44.1,159.99,193.3333,54.9,90.81,67.96,6.0355,80.68,135.22,140.6,228.78,120.83,49.51,33.9
2018-02-15,43.2475,183.6,73.088,96.56,356.46,159.98,113.12,44.08,112.53,105.18,267.68,185.27,144.7358,156.01,131.23,115.51,44.78,160.78,195.725,55.99,92.66,68.29,6.1625,82.41,133.6967,140.88,226.02,122.28,49.74,34.41
2018-02-16,43.1075,183.55,72.4345,96.79,355.04,156.29,112.86,44.33,112.14,106.53,267.62,186.97,145.3113,156.18,133.15,114.68,44.98,157.79,197.225,56.29,92.0,68.3,6.096,82.6,134.1,141.16,229.37,121.85,50.15,34.9267
2018-02-20,42.9625,182.98,73.4175,97.19,353.35,155.56,114.35,44.06,110.98,105.98,264.89,186.71,145.6038,155.16,130.87,114.71,43.99,157.16,195.8917,54.98,92.72,67.49,6.227,81.34,132.2233,139.07,226.66,122.01,48.92,31.37
2018-02-21,42.7675,182.43,74.146,97.5,352.37,155.23,114.48,43.31,109.06,105.05,263.4,183.06,145.3302,153.96,129.91,115.19,43.34,158.64,193.4833,54.55,91.49,67.05,6.0377,80.24,132.3767,138.54,225.13,120.43,47.96,30.5067
2018-02-22,43.125,182.45,74.267,97.35,355.92,158.86,113.0,42.94,109.89,105.24,261.43,185.47,144.6321,153.18,129.91,114.98,43.52,160.66,196.6667,54.57,91.73,67.13,6.0538,80.84,132.96,137.64,227.09,120.38,47.87,30.9233
2018-02-23,43.875,186.67,75.0,98.8,356.66,162.41,114.96,44.0,112.59,107.25,266.77,188.35,146.3396,155.52,132.02,117.31,44.04,163.06,197.5167,54.87,94.06,68.16,6.1483,81.05,132.7333,139.74,230.16,122.93,48.29,30.9633
2018-02-26,44.7425,188.5,76.0975,101.64,363.48,163.69,116.65,45.36,114.6,109.81,271.26,188.46,147.6415,158.58,132.07,118.77,44.03,163.58,203.45,56.06,95.42,69.65,6.1645,81.63,134.7333,142.58,234.06,124.59,49.09,31.04
2018-02-27,44.5975,185.79,75.599,99.58,364.64,161.26,116.47,45.04,113.61,104.87,267.93,184.98,145.2076,156.55,131.67,117.36,43.62,160.66,200.65,54.72,94.2,68.03,6.1515,80.54,133.1367,141.54,232.52,123.37,48.04,30.5067
2018-02-28,44.53,183.77,75.6225,97.51,362.21,154.63,116.25,44.78,111.92,103.16,262.93,182.27,142.5566,155.83,129.88,115.5,43.22,157.74,196.2583,54.22,93.77,67.03,6.05,78.52,133.86,139.0,226.16,122.94,47.74,30.0033
2018-03-01,43.75,183.29,74.6725,95.14,349.69,150.23,119.43,43.8,112.04,102.57,256.78,179.64,138.8774,153.81,127.28,113.43,43.43,155.7,192.7833,53.7,92.85,66.32,5.8053,78.7,132.17,138.97,224.45,120.4,47.96,29.6933
2018-03-02,44.0525,185.08,75.0125,95.6,344.67,146.38,121.92,44.06,111.64,102.99,258.12,178.46,139.7547,154.49,128.82,113.32,43.72,148.27,191.975,54.36,93.05,65.89,5.9135,79.5,130.08,137.88,225.19,120.77,48.26,29.59
2018-03-05,44.205,190.13,76.1805,96.66,352.75,151.12,122.5,44.52,113.15,103.41,263.12,181.74,140.1038,156.95,129.79,115.06,43.89,151.03,194.0083,54.4,93.64,65.05,5.8913,80.29,131.0333,139.58,228.38,121.88,48.71,29.9933
2018-03-06,44.1675,190.35,76.882,96.07,348.92,153.75,124.48,44.29,113.65,104.94,266.93,181.64,140.8774,155.72,128.22,115.16,43.93,151.2,194.7167,54.3,93.32,65.24,6.054,80.02,133.6767,141.39,226.18,121.06,48.89,29.6867
2018-03-07,43.7575,187.53,77.25,95.64,347.04,151.51,125.33,44.2,113.84,103.59,265.35,178.58,141.8962,158.32,129.04,114.73,43.82,152.38,196.3083,54.47,93.86,64.17,6.046,79.16,135.9333,138.88,227.27,121.85,48.84,29.2467
2018-03-08,44.235,187.16,77.593,96.59,348.73,153.59,126.36,44.34,113.35,104.03,266.34,177.94,142.6698,156.21,132.06,114.74,44.45,154.44,196.95,54.76,94.43,65.11,6.0295,79.97,134.7833,139.67,224.73,122.22,49.01,29.3067
2018-03-09,44.995,191.1,78.9445,99.05,354.52,158.25,127.41,45.37,117.22,104.73,270.77,182.16,145.4811,159.31,133.8,118.04,44.82,157.24,201.125,55.14,96.54,66.3,6.1333,80.29,140.3867,142.3,225.43,124.51,49.01,29.5733
2018-03-12,45.43,189.3,79.9195,97.67,344.19,154.5,126.78,45.55,116.79,105.17,273.38,179.71,143.6132,160.26,132.63,117.66,44.53,157.74,199.8333,55.36,96.77,66.82,6.244,79.86,138.4167,141.49,222.77,124.24,48.8,29.3567
2018-03-13,44.9925,189.75,79.409,95.37,338.67,153.69,126.73,45.16,116.46,103.73,268.53,178.35,142.9245,159.32,134.35,116.25,44.57,158.22,197.975,55.37,94.41,66.17,6.1928,79.72,137.9233,140.69,226.94,123.2,48.65,29.4333
2018-03-14,44.61,190.57,79.55,94.53,330.26,152.54,127.99,45.28,115.13,103.9,264.43,177.41,141.9057,158.12,132.32,114.95,43.78,158.24,195.2417,54.8,93.85,66.2,6.2185,79.0,136.34,139.52,225.38,122.58,48.45,29.2233
2018-03-15,44.6625,189.75,79.116,94.39,329.98,154.57,127.22,45.33,115.58,103.24,266.61,178.07,142.5189,159.61,133.06,115.24,43.67,161.61,196.5583,55.25,94.18,66.39,6.2335,78.67,136.7567,140.47,229.48,123.41,48.29,29.17
2018-03-16,44.505,188.24,78.584,95.61,330.47,156.46,125.97,45.01,115.4,102.87,267.6,178.96,143.1887,160.26,133.68,115.44,43.46,162.36,197.6833,55.67,94.6,65.91,6.262,78.97,136.3433,141.32,227.86,124.53,48.56,29.7233
2018-03-19,43.825,182.55,77.2465,94.84,331.76,152.15,124.98,44.27,113.89,101.48,262.53,177.1,141.6981,157.35,130.24,114.53,43.26,159.01,192.9667,54.63,92.89,65.71,6.025,78.66,135.11,140.02,225.05,123.21,48.31,29.15
2018-03-20,43.81,182.03,79.3255,94.95,337.63,154.06,125.12,44.37,114.5,101.35,263.19,178.16,141.9623,156.2,131.21,114.64,43.16,159.38,193.7083,54.64,93.13,66.8,6.2395,78.31,135.3034,141.48,226.78,124.91,47.69,29.3167
2018-03-21,42.8175,181.59,79.093,94.74,337.1,155.8,121.7,44.31,117.04,101.82,261.85,178.02,142.7925,156.69,131.19,114.74,43.0,158.66,195.1167,54.69,92.48,66.35,6.214,77.04,135.0767,141.1,222.82,123.22,47.28,29.3933
2018-03-22,42.2125,176.08,77.246,91.41,319.61,146.9,118.04,43.07,113.7,100.6,252.6,175.29,138.566,152.09,127.38,109.95,42.76,157.04,185.975,54.12,89.79,64.42,6.0463,76.41,131.0333,138.15,215.21,119.99,46.88,29.0467
2018-03-23,41.235,169.43,74.778,90.45,321.0,144.29,114.43,42.42,112.98,98.54,245.26,171.8,135.1698,148.89,125.1,107.01,42.33,154.98,179.4667,53.41,87.18,64.63,5.8243,75.91,129.4733,134.9,212.55,117.0,46.29,28.4733
2018-03-26,43.1925,175.19,77.793,92.62,328.97,149.19,118.97,44.06,115.35,100.65,254.88,176.38,138.6226,153.37,127.39,110.31,42.69,158.01,183.5333,54.04,93.78,65.9,6.112,76.41,131.6433,138.22,219.07,120.64,47.07,29.1667
2018-03-27,42.085,171.15,74.8525,91.42,321.12,146.99,113.81,42.68,114.66,99.36,247.26,174.68,136.1698,151.91,127.21,108.17,42.89,157.48,179.8917,53.75,89.47,66.17,5.638,77.79,130.24,136.75,217.96,117.4,47.31,28.6833
2018-03-28,41.62,170.46,71.571,92.21,320.02,145.16,112.88,41.66,112.1,98.54,249.37,174.76,135.1509,152.52,127.45,108.0,43.32,158.41,180.45,55.09,89.39,65.44,5.5338,78.84,128.4167,138.79,218.5,116.99,48.0,29.2567
2018-03-29,41.945,170.48,72.367,93.28,327.88,147.38,116.3,42.89,114.04,100.44,251.86,178.24,136.3302,153.43,128.15,109.97,43.43,156.38,182.9333,54.47,91.27,66.44,5.7898,79.28,130.7067,138.86,214.0,119.62,47.82,29.6567
2018-04-02,41.67,166.05,68.5995,91.0,322.44,143.89,115.3,41.01,112.24,98.66,247.35,172.9,134.3679,150.07,124.56,107.85,42.67,157.72,177.1833,53.27,88.52,64.12,5.5263,77.4,127.2933,134.84,217.2,118.39,47.16,28.5167
2018-04-03,42.0975,168.22,69.6025,92.74,330.82,145.06,116.49,41.38,114.83,99.42,250.58,173.76,136.0943,149.85,128.35,109.33,43.38,160.4,180.275,54.09,89.71,66.7,5.6338,78.46,131.0067,136.99,224.58,119.2,47.5,28.9333
2018-04-04,42.9025,173.52,70.5285,93.58,327.44,145.18,119.48,41.2,114.48,100.95,252.62,177.44,136.6415,154.12,130.41,110.99,44.24,161.73,181.3,54.54,92.33,68.42,5.656,79.05,132.1533,138.63,228.79,119.81,47.93,29.0733
2018-04-05,43.2,172.0,72.5875,94.2,336.4,148.13,119.04,41.82,117.29,102.11,255.81,179.13,138.1132,154.03,130.71,111.88,44.4,163.95,182.225,54.53,92.38,69.59,5.5345,78.8,132.2734,139.29,229.07,121.19,48.24,29.27
2018-04-06,42.095,168.14,70.2615,91.91,326.12,142.99,116.1,40.73,114.76,100.35,249.97,174.45,134.6604,150.57,128.1,109.09,43.92,161.25,176.875,53.36,90.23,67.55,5.3563,78.43,128.57,137.25,223.96,117.7,47.48,28.8967
2018-04-09,42.5125,169.62,70.304,92.14,322.48,143.08,117.19,41.17,115.98,99.7,252.19,172.51,134.7453,152.69,129.48,110.4,43.83,161.23,177.3417,56.16,90.77,67.18,5.3853,78.16,129.7067,137.23,222.73,118.79,46.92,28.76
2018-04-10,43.3125,173.13,71.811,93.0,334.83,148.09,119.49,42.51,118.85,101.37,256.57,173.49,137.3868,155.39,130.25,112.51,43.99,162.77,180.8167,56.49,92.88,67.0,5.6978,78.37,129.39,137.86,226.79,120.72,48.27,28.8167
2018-04-11,43.11,172.41,71.3525,91.6,327.36,146.79,119.16,42.43,119.25,100.8,252.94,172.86,136.1132,155.36,129.63,110.62,43.99,163.34,178.6083,56.2,91.86,66.83,5.656,78.27,129.5433,136.59,221.9,119.78,47.58,28.6367
2018-04-12,43.535,171.02,72.425,93.35,337.48,150.14,121.4,43.34,119.23,100.39,259.59,173.36,138.1793,158.07,130.43,113.37,44.03,161.62,180.35,56.74,93.58,67.77,5.865,77.79,128.8833,137.29,224.24,121.07,47.74,28.4767
2018-04-13,43.6825,171.48,71.5395,93.03,329.28,150.23,119.01,43.0,119.92,100.35,255.92,172.8,137.8491,156.71,130.62,110.3,44.51,161.73,179.6,57.17,93.08,67.25,5.7875,78.37,128.4767,136.29,224.28,120.75,47.66,28.6733
2018-04-16,43.955,171.38,72.075,93.6,331.77,152.14,119.41,43.3,120.7,100.24,257.88,174.43,138.4434,157.89,131.76,110.21,44.68,161.63,181.4167,58.65,94.17,67.06,5.7873,78.61,129.3034,137.55,230.32,121.88,48.39,28.9467
2018-04-17,44.56,174.88,75.1915,93.86,336.72,153.31,123.35,44.59,121.46,102.17,253.63,174.91,140.283,160.91,130.54,110.21,44.88,162.55,183.4083,59.27,96.07,67.51,5.9385,78.43,132.8067,137.34,238.55,123.8,48.85,29.3
2018-04-18,44.46,175.11,76.392,95.15,341.0,155.95,124.46,44.63,123.82,101.21,254.0,179.85,140.9151,148.79,127.72,109.32,44.51,161.81,182.9333,58.92,96.44,66.2,5.9092,78.2,133.6267,136.47,236.4,124.48,48.62,29.19
2018-04-19,43.2,172.93,77.8455,102.37,340.64,155.7,124.06,44.56,123.71,100.89,254.17,177.08,139.7453,147.7,127.55,111.72,44.31,159.53,182.375,58.64,96.11,65.73,5.726,74.95,132.0633,136.59,235.76,123.96,48.43,29.2967
2018-04-20,41.43,171.56,76.3745,100.79,338.67,153.25,122.82,44.09,122.31,100.24,251.96,177.01,142.0472,144.9,126.66,111.47,43.74,158.77,181.4583,58.83,95.0,66.09,5.7178,73.8,130.7967,136.84,235.06,124.2,47.9,28.9933
2018-04-23,41.31,174.66,75.893,100.61,338.84,153.99,121.89,44.25,123.58,100.15,246.67,177.66,140.2075,145.86,126.83,110.93,43.98,158.99,179.9,60.25,95.35,66.88,5.597,73.0,129.2367,137.23,234.34,124.46,48.66,28.7
2018-04-24,40.735,171.94,73.0045,100.44,329.06,144.44,117.88,43.74,122.54,99.46,242.49,176.26,138.8868,145.56,126.19,110.41,43.07,157.32,167.6083,60.09,93.12,66.97,5.53,72.5,123.0267,132.88,234.22,121.27,49.67,28.8433
2018-04-25,40.9125,174.83,73.0085,98.78,342.86,145.19,117.32,43.71,122.72,101.15,239.23,177.39,138.7358,145.94,126.76,109.99,42.43,155.94,165.7,59.63,92.31,66.67,5.4165,72.3,124.24,132.22,234.9,121.21,50.1,29.0567
2018-04-26,41.055,175.37,75.898,100.23,342.79,146.31,120.83,44.21,124.22,99.84,240.09,185.72,138.4906,146.72,128.01,110.1,42.75,158.9,164.2417,59.41,94.26,68.05,5.6305,72.75,123.7567,132.95,237.03,127.08,49.76,29.3133
2018-04-27,40.58,177.46,78.631,99.61,340.88,144.72,120.22,44.71,126.62,99.23,239.8,186.46,138.6132,146.48,128.27,109.4,43.31,158.3,163.4333,59.47,95.82,69.56,5.6583,72.81,125.0467,133.19,240.18,126.01,51.57,29.0967
2018-04-30,41.315,174.48,78.3065,98.75,333.56,144.36,120.99,44.29,125.11,100.33,238.33,184.8,136.4906,144.96,126.49,108.78,43.21,167.44,161.9917,58.87,93.52,68.39,5.6225,72.34,122.5533,131.6,236.4,126.88,49.35,29.4867
2018-05-01,42.275,169.28,79.113,98.58,329.54,144.42,123.11,44.83,124.86,100.06,236.67,184.63,136.3302,145.0,126.01,108.78,42.59,163.44,162.5167,57.98,95.0,68.1,5.6785,71.96,124.6067,131.09,236.85,127.51,48.82,29.1367
2018-05-02,44.1425,169.43,78.484,97.63,324.19,143.86,122.82,43.86,125.49,99.62,234.05,185.91,134.8868,142.45,123.5,107.92,42.06,160.68,162.0833,57.3,93.51,68.26,5.6578,70.94,123.71,128.32,233.46,126.38,47.75,28.78
2018-05-03,44.2225,166.39,78.6038,97.14,330.69,143.78,124.41,44.44,126.01,98.76,233.41,183.19,135.2453,141.99,123.03,107.24,41.89,160.08,163.0667,57.53,94.07,66.9,5.8248,71.36,123.4167,127.31,234.15,127.18,47.84,28.7433
2018-05-04,45.9575,167.98,79.0475,98.35,334.43,146.37,125.12,45.3,125.53,101.15,234.94,185.03,135.7453,143.91,124.19,108.43,42.36,165.03,166.1333,57.75,95.16,68.1,5.9765,72.43,125.8433,129.71,235.9,128.16,48.19,29.1767
2018-05-07,46.29,168.06,80.007,98.58,340.43,149.82,126.97,45.73,124.94,102.48,237.2,183.56,136.0,143.22,123.59,109.37,42.14,165.0,166.8833,57.38,96.22,69.34,6.217,71.98,126.2167,128.99,233.78,129.26,47.73,28.49
2018-05-08,46.5125,168.49,79.6195,99.74,338.37,149.93,128.75,45.71,126.57,101.79,237.0,185.04,136.066,143.0,122.61,110.99,41.81,164.77,168.1167,56.76,95.81,68.46,6.26,71.44,125.98,128.66,232.03,129.9,47.02,28.58
2018-05-09,46.84,169.64,80.4,100.5,344.5,152.61,129.73,46.04,128.72,99.97,241.73,186.36,137.4434,142.61,123.51,113.41,41.78,164.24,169.5167,57.95,96.94,67.95,6.3945,72.37,126.9367,129.75,229.21,130.84,46.38,27.6867
2018-05-10,47.51,170.77,80.454,101.38,344.07,153.97,130.62,46.3,128.82,101.68,243.44,187.16,138.9623,144.24,125.35,114.29,42.18,165.07,170.8583,58.06,97.91,67.92,6.5033,73.15,126.8167,130.88,233.71,131.0,47.2,27.5633
2018-05-11,47.1475,173.89,80.1455,101.42,342.46,154.86,130.63,45.93,129.84,102.07,242.92,190.31,139.0189,144.14,127.24,113.86,42.14,165.39,170.9667,59.69,97.7,68.43,6.3633,73.37,127.03,131.25,238.28,131.82,48.62,27.7933
2018-05-14,47.0375,175.96,80.077,101.29,344.59,155.28,127.69,45.7,130.39,102.44,243.91,191.08,138.9623,144.3,126.06,113.9,42.04,164.72,171.4667,59.68,98.03,68.84,6.384,73.28,128.1933,130.0,242.9,131.21,48.49,28.13
2018-05-15,46.61,172.34,78.806,100.74,342.12,152.59,128.13,45.48,129.74,102.92,241.56,187.98,139.0094,143.74,125.13,113.03,41.72,163.06,168.675,59.2,97.32,69.5,6.139,72.95,126.55,129.86,239.5,131.1,47.79,28.1733
2018-05-16,47.045,173.8,79.364,100.59,340.97,153.8,128.77,45.16,129.56,105.04,240.96,186.38,139.1981,144.63,125.35,113.34,41.55,162.87,166.8417,59.75,97.15,71.34,6.1503,73.53,127.04,130.15,241.72,130.89,47.86,28.71
2018-05-17,46.7475,174.65,79.088,101.22,344.14,153.69,126.05,43.46,129.46,104.34,239.1,185.33,138.7925,144.5,123.85,112.96,42.3,161.31,166.9667,59.07,96.18,70.94,6.1928,73.96,126.7433,130.72,242.96,129.93,47.85,28.1633
2018-05-18,46.5775,176.3,78.7185,100.99,351.23,155.71,126.96,43.21,127.86,103.93,237.0,187.42,139.9434,144.08,124.24,111.13,42.18,160.98,165.8,59.14,96.36,71.32,6.1485,73.45,129.19,129.85,244.64,129.93,47.74,27.88
2018-05-21,46.9075,176.47,79.273,102.04,363.92,158.92,126.37,43.75,129.37,104.06,237.7,189.79,141.9717,145.49,123.72,112.15,42.41,161.48,168.1333,58.57,97.6,71.38,6.106,74.06,130.2633,131.14,247.9,130.66,48.43,28.17
2018-05-22,46.79,178.36,79.07,102.7,355.02,156.2,125.44,43.65,128.23,104.07,238.0,186.87,142.3302,145.09,122.91,113.01,42.25,159.45,165.8083,58.45,97.5,71.31,6.0675,74.03,125.3233,131.42,245.18,130.71,48.81,27.79
2018-05-23,47.09,179.94,80.093,101.93,359.21,157.74,128.09,43.68,128.7,102.89,237.81,186.67,142.7547,144.67,123.45,112.49,42.4,161.62,165.5583,59.17,98.66,71.34,6.1885,74.18,128.1667,130.9,244.26,131.88,48.59,27.67
2018-05-24,47.0375,177.96,80.1535,102.01,359.0,157.7,128.74,43.57,126.61,102.11,236.1,187.15,142.5283,144.07,122.25,111.23,42.32,162.39,166.175,59.13,98.31,72.18,6.1923,73.77,128.8267,130.65,242.73,131.89,48.64,27.6167
2018-05-25,47.145,178.24,80.5075,101.1,360.09,155.85,127.96,43.26,122.19,102.2,235.01,186.85,142.1321,143.64,121.47,110.66,42.4,163.21,165.8583,59.09,98.36,72.25,6.232,74.31,130.75,131.03,244.95,131.28,48.52,27.4867
2018-05-29,46.975,177.44,80.6435,97.72,352.48,153.62,126.88,42.97,121.39,99.69,227.03,185.0,139.8113,141.22,119.4,105.93,42.68,160.62,163.1167,58.4,98.01,70.92,6.2148,74.05,129.3233,128.21,242.17,129.69,48.2,27.4667
2018-05-30,46.875,180.24,81.2445,98.99,358.19,155.46,129.3,42.85,125.16,99.98,229.16,187.09,141.9245,142.62,120.97,108.35,43.13,161.82,165.5667,59.72,98.95,72.23,6.3248,74.89,128.4167,130.17,244.94,130.64,48.6,28.04
2018-05-31,46.7175,179.62,81.481,98.3,352.16,151.91,129.33,42.71,124.3,99.47,225.88,186.55,139.5377,141.31,119.62,107.01,43.0,160.01,164.3583,59.53,98.84,71.8,6.3048,73.17,126.4167,128.52,241.51,130.72,47.67,27.5133
2018-06-01,47.56,183.57,82.077,98.25,356.72,153.52,130.52,43.66,123.85,99.36,228.35,187.35,141.5943,141.95,121.26,108.4,43.12,159.16,166.325,60.56,100.79,72.76,6.4405,73.45,128.6667,129.29,243.35,130.85,47.81,27.6633
2018-06-04,47.9575,185.44,83.2635,99.45,360.73,152.5,132.65,43.58,122.26,100.24,229.89,191.36,141.6415,143.04,121.95,108.45,43.49,160.22,167.55,62.02,101.67,73.83,6.6213,74.18,128.95,129.72,244.63,133.07,47.82,28.4733
2018-06-05,48.3275,181.73,84.8175,99.31,360.1,153.01,134.12,43.67,122.73,99.94,228.34,191.94,141.3868,143.7,121.48,107.84,43.11,159.48,167.6667,61.39,102.19,74.05,6.6268,73.97,130.1433,129.17,244.43,133.56,47.97,28.2067
2018-06-06,48.495,183.55,84.7875,100.97,371.56,156.51,135.55,44.26,123.38,101.91,232.23,193.59,142.4528,144.71,122.79,110.36,43.46,162.38,169.8833,61.93,102.49,74.75,6.6288,74.35,131.8567,128.77,248.65,136.28,48.41,28.1867
2018-06-07,48.365,183.3,84.465,101.48,368.53,156.29,132.91,43.65,126.96,102.47,233.45,196.17,143.4811,145.36,123.33,110.8,43.44,169.48,170.8917,61.99,100.88,74.76,6.5725,75.76,131.6933,129.77,248.98,133.84,49.01,28.3167
2018-06-08,47.925,184.3,84.1995,101.0,369.5,155.32,133.53,43.48,126.44,103.98,233.39,198.33,143.2642,146.14,124.06,111.11,43.95,168.91,172.1583,62.58,101.63,74.9,6.557,77.18,132.6833,131.32,250.68,134.74,49.18,28.12
2018-06-11,47.8075,184.61,84.456,101.2,370.94,156.3,133.98,43.69,127.56,104.35,234.09,199.64,143.2736,146.58,122.66,110.83,44.13,166.49,170.9333,62.33,101.05,74.59,6.5155,77.53,132.84,130.5,253.78,133.91,49.3,28.1
2018-06-12,48.07,185.07,84.9375,100.73,370.62,157.49,136.26,43.94,127.08,104.33,232.63,201.31,143.6415,146.87,122.54,110.19,44.41,166.73,170.7667,62.44,101.31,74.29,6.5645,77.24,134.1467,129.58,253.58,134.86,48.81,28.0333
2018-06-13,47.675,183.68,85.243,100.02,363.85,154.71,136.5,44.01,127.07,106.31,233.83,200.31,143.2359,146.35,122.63,109.97,44.18,166.58,170.7417,62.59,100.85,74.11,6.56,76.47,132.05,129.72,252.87,134.4,47.4,28.03
2018-06-14,47.7,185.79,86.193,99.76,362.42,153.14,138.41,44.69,126.51,108.75,233.65,199.67,142.6415,145.2,122.41,108.03,43.58,167.05,169.6917,61.56,101.42,74.7,6.6728,75.99,133.7333,128.86,255.33,135.0,47.82,27.93
2018-06-15,47.21,185.01,85.7985,98.52,357.88,150.02,138.41,44.25,124.04,108.85,231.92,200.54,141.7264,145.39,122.61,107.9,44.12,166.46,170.8083,62.03,100.13,75.84,6.6315,77.38,134.0367,129.37,255.98,135.1,48.06,27.9
2018-06-18,47.185,183.95,86.1895,98.47,354.74,148.68,139.8,44.21,125.97,107.06,231.39,200.69,141.4623,144.48,121.32,108.18,43.55,166.28,170.1417,60.99,100.86,75.61,6.6273,75.84,132.78,127.59,254.87,136.2,47.46,27.6667
2018-06-19,46.4225,186.19,86.739,97.14,341.12,143.3,139.52,43.82,125.54,106.1,228.32,199.21,138.9434,143.9,122.57,107.55,43.6,164.97,166.1583,61.03,100.86,74.26,6.5043,76.33,132.5367,128.16,253.02,135.11,48.5,27.87
2018-06-20,46.625,186.51,87.504,96.42,342.69,143.13,138.94,43.74,125.29,107.15,227.82,199.08,138.2453,142.63,122.04,107.54,43.26,162.56,165.0667,61.28,101.87,74.72,6.5578,75.85,132.6333,124.99,252.81,135.5,48.09,27.87
2018-06-21,46.365,185.99,86.511,96.63,337.66,139.53,137.88,43.16,122.59,105.89,226.98,200.31,135.8208,141.25,121.45,107.51,43.09,160.53,162.9333,61.18,101.14,73.94,6.4277,76.44,131.7933,123.45,251.89,134.53,48.63,28.07
2018-06-22,46.23,185.15,85.7835,97.23,338.91,139.94,135.01,43.2,125.1,106.34,226.02,197.41,135.8491,141.28,122.84,105.75,43.25,164.55,163.75,61.47,100.41,73.43,6.2738,77.43,132.0433,124.41,254.37,135.33,49.76,28.2733
2018-06-25,45.5425,185.36,83.1575,98.54,331.2,136.58,133.19,42.29,122.61,104.45,221.54,196.38,135.8868,138.79,122.59,104.79,43.58,159.81,163.1667,61.08,98.39,72.35,5.978,77.79,131.65,123.72,250.71,130.93,49.6,28.8233
2018-06-26,46.1075,184.59,84.5545,98.21,331.3,135.54,135.48,42.55,124.16,104.26,221.58,196.36,135.8585,139.08,122.35,104.86,43.33,160.91,163.8167,60.72,99.08,72.56,6.0498,78.0,133.5967,122.62,249.77,132.55,49.3,28.66
2018-06-27,46.04,183.53,83.0255,96.96,329.82,134.61,133.22,42.33,126.0,103.96,220.18,195.02,135.0377,137.48,121.61,103.24,43.07,157.42,162.4333,59.88,97.54,71.35,5.893,77.69,132.84,121.34,248.17,131.02,49.31,28.9633
2018-06-28,46.375,183.34,85.0725,96.97,334.65,136.03,135.12,42.94,125.66,104.77,223.42,195.21,135.0283,140.04,122.0,104.93,43.47,156.32,163.3083,60.3,98.63,71.7,6.0215,78.05,134.9567,122.45,244.9,132.74,50.86,28.62
2018-06-29,46.2775,184.59,84.99,98.0,335.51,135.67,136.4,43.03,126.43,104.81,220.57,195.1,135.8962,139.7,121.34,104.2,43.86,156.69,163.9333,60.7,98.61,79.68,5.9225,78.06,135.8567,122.34,245.34,132.45,50.31,28.55
2018-07-02,46.795,185.29,85.689,99.0,336.08,136.29,140.43,42.81,124.25,105.33,223.26,194.02,136.6132,139.86,121.58,105.08,43.75,156.87,162.9333,60.46,100.01,78.35,6.056,78.13,135.5867,122.39,247.48,132.5,50.42,28.0
2018-07-03,45.98,185.71,84.698,97.84,332.93,133.83,137.84,42.67,124.73,104.04,220.38,193.62,136.7359,139.57,122.71,103.61,43.99,156.48,163.1917,60.71,99.05,76.28,5.921,77.9,135.6433,122.77,246.98,131.45,50.7,28.1467
2018-07-05,46.35,187.36,84.9865,98.53,333.18,135.81,139.77,42.56,123.98,105.34,220.74,194.41,136.717,141.43,125.0,103.72,44.66,157.32,164.45,61.64,99.76,76.55,6.0683,79.21,136.62,122.6,250.5,133.29,51.28,28.19
2018-07-06,46.9925,191.01,85.5315,98.52,334.64,135.41,141.4,42.71,124.14,104.78,221.79,194.48,137.4717,142.48,125.75,104.06,44.64,159.42,164.55,62.2,101.16,76.48,6.1833,79.31,137.86,123.18,250.76,134.09,51.48,28.17
2018-07-09,47.645,194.17,86.951,99.91,341.92,140.97,141.76,42.67,125.99,106.02,227.99,196.08,139.0755,144.39,126.05,107.28,44.4,159.94,167.1083,62.02,101.85,77.28,6.2313,77.86,138.39,125.4,253.67,135.52,50.74,28.6433
2018-07-10,47.5875,195.69,87.1535,99.91,347.16,141.25,142.45,42.86,127.59,106.03,226.85,197.61,139.6604,144.71,127.38,106.62,44.97,160.62,167.9,62.3,102.12,77.57,6.3313,79.82,139.6267,125.87,255.54,136.69,51.34,29.07
2018-07-11,46.97,193.15,87.75,100.3,340.6,136.76,145.25,42.57,123.52,108.04,225.66,196.95,136.3396,144.94,126.24,106.39,44.79,158.62,164.7333,61.9,101.98,77.36,6.1883,79.16,138.4267,125.05,254.59,138.15,51.34,28.8433
2018-07-12,47.7575,194.08,89.831,101.15,346.03,139.42,148.16,43.58,124.26,108.25,227.22,197.95,139.5189,146.45,127.76,106.85,44.67,159.12,166.1,62.66,104.19,77.37,6.2807,78.89,138.0267,126.02,256.05,139.9,51.24,28.84
2018-07-13,47.8325,195.91,90.6515,100.5,350.79,140.75,147.61,41.78,124.04,110.0,226.41,198.69,139.1509,145.9,125.93,106.36,44.74,158.51,167.65,62.89,105.43,77.38,6.233,79.31,139.4634,126.63,258.7,139.42,51.41,29.2333
2018-07-16,47.7275,194.88,91.1245,100.69,356.1,138.08,146.96,42.5,122.98,110.2,231.44,198.88,138.1132,145.46,124.69,110.58,44.73,158.78,167.5917,62.59,104.91,77.75,6.205,79.53,138.95,128.19,256.98,138.46,51.59,29.2133
2018-07-17,47.8625,193.92,92.1965,101.15,356.88,138.95,147.02,42.34,121.91,110.3,231.02,201.1,140.0849,143.49,129.11,110.5,45.25,159.75,168.3917,62.53,105.95,77.47,6.3423,80.03,141.4533,128.79,250.29,139.64,51.43,29.3967
2018-07-18,47.6,192.8,92.146,102.98,360.23,141.12,147.84,42.21,121.53,110.69,231.24,200.97,140.7075,144.52,127.8,111.53,45.12,157.93,168.5,62.94,105.12,76.59,6.2925,79.72,142.1767,130.0,255.42,140.9,51.14,29.3567
2018-07-19,47.97,191.76,90.6485,100.17,355.33,139.42,147.16,42.4,121.67,112.13,229.63,202.63,139.1887,149.24,125.94,109.89,45.11,157.41,168.0,62.51,104.4,76.95,6.3008,78.73,143.0267,125.18,252.93,140.13,50.75,29.24
2018-07-20,47.86,190.49,90.685,100.15,354.9,136.82,146.87,42.01,122.27,111.48,231.69,202.45,144.4623,146.35,125.85,111.28,45.28,157.97,168.2917,62.52,106.27,76.96,6.2723,78.68,142.04,125.2,252.7,140.99,50.62,29.3533
2018-07-23,47.9025,189.97,90.1,101.22,353.27,136.28,147.56,42.06,121.33,111.09,233.76,202.23,145.0,145.7,126.63,113.35,44.95,158.75,165.7,62.69,107.97,76.59,6.2353,78.51,140.5234,124.24,252.74,140.03,50.75,29.21
2018-07-24,48.25,191.4,91.462,101.71,358.27,137.97,146.0,42.39,123.85,110.7,235.88,201.99,146.3774,146.38,129.36,114.15,45.26,157.94,167.2333,63.42,107.66,75.53,6.2178,78.99,143.26,124.75,253.76,140.03,51.51,29.32
2018-07-25,48.705,193.04,93.1805,102.63,355.92,140.48,148.87,43.16,124.9,111.18,236.69,201.0,149.0755,146.62,128.62,115.18,46.09,158.89,170.3167,64.49,110.83,77.16,6.2968,79.47,145.7633,126.28,254.86,142.64,50.91,29.3
2018-07-26,48.5525,194.05,90.4,102.5,359.32,142.58,147.57,43.53,123.95,113.51,237.11,199.4,150.1132,146.71,130.28,114.85,46.24,156.14,173.3,64.01,109.62,78.15,6.371,80.09,149.6767,129.49,257.0,142.5,51.18,29.41
2018-07-27,47.745,192.44,90.8635,103.85,360.65,142.56,143.91,42.57,125.97,112.62,237.64,197.14,150.3208,145.15,131.55,116.03,46.21,157.48,172.85,63.49,107.68,76.89,6.3005,80.58,147.9233,130.73,255.95,140.71,52.01,29.3767
2018-07-30,47.4775,190.63,88.961,100.85,351.06,139.75,138.03,42.17,127.83,112.63,238.95,197.28,148.0377,145.49,132.17,116.73,46.23,158.64,170.9333,64.81,105.37,75.96,6.1033,80.2,146.76,131.1,253.84,136.48,52.49,29.6267
2018-07-31,47.5725,196.55,88.872,99.52,356.3,143.8,137.15,42.29,126.27,113.56,237.43,197.52,150.6132,144.93,132.52,114.95,46.63,157.54,176.9333,65.87,106.08,76.91,6.1215,80.88,146.91,130.14,253.22,136.74,51.64,29.7433
2018-08-01,50.375,195.84,89.8585,99.45,352.76,138.54,137.68,41.86,125.39,112.97,236.04,196.3,148.0094,143.5,132.64,115.66,46.39,156.92,172.5417,65.49,106.28,77.54,6.1618,80.65,146.0833,128.96,253.37,138.25,51.73,29.4133
2018-08-02,51.8475,196.38,91.7165,99.73,349.73,138.01,141.14,42.53,123.76,112.75,233.99,195.66,147.0755,142.96,131.25,116.15,46.18,155.41,171.275,65.22,107.57,78.65,6.2655,82.0,146.1233,128.33,256.08,138.92,51.98,29.5867
2018-08-03,51.9975,197.99,91.1645,100.79,348.44,138.51,141.04,42.83,124.05,114.09,234.09,195.64,146.2642,147.7,131.95,117.09,46.62,156.21,172.7417,65.93,108.04,78.74,6.3025,82.33,147.6267,129.7,257.22,139.82,52.27,29.8667
2018-08-06,52.2675,197.61,92.3875,100.92,346.57,139.48,142.71,43.3,124.3,115.94,235.93,195.69,146.1981,146.03,132.02,117.12,46.65,156.72,172.25,66.22,108.13,79.51,6.3508,82.52,148.1433,130.0,256.76,139.71,52.48,29.89
2018-08-07,51.7775,200.4,93.124,101.97,350.76,142.38,144.44,43.58,125.18,116.56,237.83,197.05,147.5094,147.01,131.46,117.55,46.5,156.04,173.8083,66.58,108.88,80.53,6.4238,82.64,148.03,129.94,257.65,140.28,52.46,29.9233
2018-08-08,51.8125,196.2,94.326,102.78,347.78,139.71,145.17,43.84,123.88,113.98,236.37,198.02,146.4151,146.89,131.17,117.79,46.15,158.92,172.6167,66.69,109.49,80.5,6.4605,82.35,147.8867,129.21,258.81,140.68,52.7,30.0167
2018-08-09,52.22,193.97,94.926,102.99,343.72,138.52,145.82,43.78,122.53,114.16,233.78,198.08,145.2453,144.77,131.2,116.88,46.35,159.3,170.65,66.0,109.67,81.26,6.4115,81.4,148.0167,129.56,261.59,140.01,53.01,29.67
2018-08-10,51.8825,194.42,94.315,101.58,339.41,135.92,145.51,43.78,123.34,112.68,229.61,196.3,144.4245,144.48,130.75,115.73,46.08,158.68,168.3,66.07,109.0,80.73,6.3698,81.43,147.6633,128.87,260.36,139.73,52.47,30.06
2018-08-13,52.2175,195.61,94.81,101.81,338.36,135.02,144.45,43.75,122.44,112.12,226.86,194.14,143.7264,142.71,130.22,113.89,45.83,158.14,166.5333,66.72,108.21,80.15,6.403,81.52,145.05,128.05,260.91,140.21,52.22,29.88
2018-08-14,52.4375,195.76,95.9825,102.18,339.14,134.92,146.57,44.0,122.58,112.75,229.56,193.1,145.4057,143.36,129.5,114.65,45.89,160.6,167.1,66.46,109.56,80.14,6.5358,81.31,145.4467,127.54,263.48,140.76,52.87,30.2833
2018-08-15,52.56,195.26,94.131,101.51,331.76,132.02,145.04,43.86,117.94,112.85,229.25,193.99,144.5094,143.91,130.43,113.7,46.08,159.88,167.825,67.37,107.66,79.57,6.477,82.3,146.2067,128.77,260.61,139.92,53.24,30.0733
2018-08-16,53.33,196.44,94.326,102.65,345.98,136.26,145.73,45.16,117.66,112.48,233.0,195.39,145.3774,145.34,132.48,114.77,46.22,161.73,169.2917,68.85,107.64,80.05,6.436,83.69,147.45,130.34,263.1,140.65,54.27,32.88
2018-08-17,54.395,197.42,94.111,103.03,346.4,139.34,145.02,45.87,117.8,112.48,233.38,195.56,146.3868,146.06,134.47,114.77,46.6,161.15,170.6417,69.06,107.58,79.75,6.1205,83.69,147.7967,130.42,262.33,141.33,54.79,32.6167
2018-08-20,53.865,197.56,93.8355,103.83,350.74,138.67,145.71,46.22,117.75,111.99,235.78,197.93,146.6698,146.51,136.88,114.62,46.73,161.68,170.5,70.17,106.87,82.18,6.196,83.64,148.02,131.42,262.4,140.94,54.65,32.0
2018-08-21,53.76,197.31,94.171,104.81,353.77,139.99,145.53,45.78,117.94,112.39,238.65,200.23,148.0943,145.97,135.35,115.32,46.22,161.04,171.4083,69.17,105.98,82.95,6.333,83.9,148.2667,131.71,261.69,140.04,54.91,32.0267
2018-08-22,53.7625,197.84,95.245,105.83,350.03,139.63,146.46,45.99,118.92,111.94,239.34,198.97,147.2925,145.24,134.61,114.97,45.93,160.55,170.2167,69.04,107.06,82.64,6.5705,83.39,146.36,129.41,260.74,141.14,54.14,31.89
2018-08-23,53.8725,196.6,95.145,105.37,347.48,136.79,147.83,46.02,118.1,112.0,236.34,200.16,148.9717,145.37,135.11,114.73,45.7,159.05,168.9583,68.97,107.56,82.91,6.671,83.24,146.6067,129.52,261.42,142.1,54.28,31.7267
2018-08-24,54.04,196.64,95.2695,105.76,349.38,138.21,152.3,46.32,119.01,111.93,235.11,201.3,148.5943,146.04,135.95,114.68,45.63,159.38,171.075,69.04,108.4,82.45,6.8055,83.36,149.13,130.51,264.28,144.2,54.78,31.65
2018-08-27,54.485,198.6,96.384,107.05,353.74,142.04,151.68,46.59,120.35,112.33,242.6,201.98,150.3302,146.69,134.92,116.71,45.69,160.48,173.6083,68.99,109.6,82.65,6.8975,83.44,151.68,131.89,267.08,145.4,54.85,31.5133
2018-08-28,54.925,198.62,96.641,107.28,351.21,142.0,152.99,46.95,119.86,112.58,242.37,201.97,151.0377,146.59,134.32,116.14,45.37,161.64,174.525,68.63,110.26,82.58,6.8595,83.48,150.8733,132.28,268.51,145.2,54.65,32.0233
2018-08-29,55.745,199.75,99.905,106.71,350.19,141.86,154.8,47.48,120.22,112.45,241.4,201.68,151.2264,147.54,134.86,115.76,45.33,163.11,175.3833,68.81,112.02,82.79,6.9623,83.49,152.1433,132.66,269.0,147.03,54.57,31.88
2018-08-30,56.2575,200.35,100.119,106.23,346.9,139.06,152.14,47.15,119.81,111.92,239.4,199.26,150.4245,145.93,134.95,115.19,44.95,162.8,175.1833,68.54,111.95,81.4,6.9453,83.41,152.0733,131.65,268.39,146.74,54.75,32.0333
2018-08-31,56.9075,199.81,100.6355,105.98,342.79,138.85,152.68,47.77,118.46,112.02,237.81,200.77,150.0566,146.48,134.69,114.58,44.57,162.23,175.7667,68.59,112.33,82.2,7.017,82.95,151.86,131.6,268.46,146.89,54.37,31.9533
2018-09-04,57.09,196.73,101.9755,107.01,346.25,138.24,153.21,47.73,118.87,110.85,237.66,205.08,150.6038,145.68,133.72,115.15,44.76,161.72,173.8333,67.95,111.71,79.6,7.0925,82.7,153.1167,132.13,268.51,147.8,53.19,31.7867
2018-09-05,56.7175,197.75,99.741,105.68,346.68,140.59,148.65,47.27,118.92,109.87,237.56,204.15,152.6321,146.66,135.86,114.59,45.38,163.24,176.525,68.62,108.49,79.92,6.9605,83.29,153.8867,132.59,267.64,142.67,53.82,32.2067
2018-09-06,55.775,196.15,97.9155,105.4,351.27,141.57,148.83,47.28,115.23,110.26,234.52,205.89,154.7264,146.39,136.87,114.1,45.77,163.74,177.2833,69.38,108.74,80.4,6.818,82.65,154.13,132.57,269.65,144.5,54.29,32.15
2018-09-07,55.325,196.3,97.6035,106.08,349.28,141.32,150.43,47.05,114.6,110.97,233.91,206.23,153.5943,145.45,137.32,114.32,45.72,163.9,177.1417,69.67,108.21,80.3,6.7965,81.91,154.1733,130.09,268.28,143.2,54.0,31.9433
2018-09-10,54.5825,202.5,96.9505,107.29,341.86,142.05,151.32,47.07,114.48,110.68,231.91,210.69,154.1226,145.65,137.21,113.71,46.06,165.07,177.4417,69.56,109.38,82.1,6.8683,82.38,155.67,127.6,259.73,144.08,54.12,32.3
2018-09-11,55.9625,199.47,99.3575,108.31,345.25,142.03,152.84,47.03,115.02,109.6,230.21,213.85,153.8302,146.49,138.51,114.43,46.02,164.62,176.4833,69.08,111.24,82.63,6.82,82.01,156.4767,127.85,261.04,145.49,54.72,32.2133
2018-09-12,55.2675,199.5,99.5,107.88,353.41,144.28,155.37,46.89,115.79,109.46,228.15,211.98,154.6132,146.57,139.36,113.08,46.24,164.74,172.2583,69.86,111.71,83.0,6.705,83.11,156.05,126.89,262.67,146.57,54.97,31.99
2018-09-13,56.6025,202.93,99.4935,108.66,355.46,145.54,158.18,47.24,116.3,110.67,228.33,209.45,156.3302,148.95,139.89,113.52,45.83,162.4,174.2083,70.83,112.91,83.47,6.7835,83.45,156.6233,128.83,265.49,147.63,54.94,31.7067
2018-09-14,55.96,200.58,98.5095,109.56,359.8,144.9,157.49,47.4,117.38,109.26,229.24,209.07,155.7642,148.33,139.49,113.5,45.99,160.84,173.2333,69.98,113.37,83.49,6.9108,83.61,155.9934,130.01,265.31,147.84,54.55,31.53
2018-09-17,54.47,200.81,95.4015,109.2,355.96,146.22,154.92,47.11,117.51,109.36,227.89,208.4,156.3679,147.94,139.96,113.84,46.32,158.14,174.6083,70.42,112.14,83.26,6.8483,84.25,156.49,129.89,263.87,146.18,54.7,31.6067
2018-09-18,54.56,202.34,97.0525,109.64,363.58,149.07,156.0,47.46,118.13,109.53,228.89,211.02,156.7358,148.56,140.54,114.3,45.93,157.77,176.275,70.42,113.21,85.26,6.7755,84.0,157.66,131.37,263.29,147.63,54.39,31.81
2018-09-19,54.5925,203.2,96.321,110.1,365.22,152.76,152.9,47.28,119.51,109.79,235.58,211.68,156.4151,149.06,140.46,117.62,45.96,159.18,177.6,69.98,111.7,84.43,6.7995,84.0,158.3467,132.5,265.33,147.42,53.5,31.7467
2018-09-20,55.0075,205.1,97.215,111.11,367.46,156.0,155.5,47.73,119.42,111.62,237.4,211.06,157.1132,151.15,141.98,118.63,46.64,160.79,179.3917,70.78,113.57,85.37,6.657,85.36,159.3267,134.15,266.39,149.24,53.95,31.9167
2018-09-21,54.415,205.1,95.7505,110.9,372.23,156.38,155.52,48.56,121.13,110.4,235.34,212.39,157.8679,151.35,142.88,117.85,46.58,165.3,180.275,71.1,114.26,85.55,6.5863,85.82,156.6533,134.44,266.67,150.05,54.42,31.9667
2018-09-24,55.1975,207.21,96.718,109.85,367.99,154.0,158.78,48.44,122.62,112.77,232.9,207.99,156.0944,150.03,140.47,116.72,46.07,163.31,177.925,70.78,114.67,84.27,6.6425,84.27,155.5333,132.83,267.36,149.11,53.54,31.64
2018-09-25,55.5475,206.46,98.7275,109.87,367.23,154.09,158.87,48.47,123.37,113.63,232.5,207.46,156.1887,148.91,138.64,116.39,45.68,166.41,175.5333,70.65,114.45,84.79,6.7103,83.12,153.8667,131.29,263.51,149.58,53.05,31.7
2018-09-26,55.105,206.83,98.7425,108.01,365.03,153.17,158.33,48.41,121.95,115.21,228.88,207.52,156.3774,151.61,138.16,115.02,45.85,165.76,175.8917,70.33,113.98,83.7,6.673,83.26,152.7033,129.5,262.91,149.27,53.14,31.53
2018-09-27,56.2375,208.89,100.649,107.85,367.39,152.47,160.43,48.33,122.47,116.04,227.74,206.84,156.0,151.5,138.22,114.52,46.01,166.53,175.0917,70.72,114.41,84.54,6.685,82.86,151.84,129.12,264.65,150.02,53.59,31.3767
2018-09-28,56.435,207.29,100.15,106.49,371.9,152.49,159.03,48.65,122.28,116.94,224.24,207.15,156.9811,151.21,138.17,112.84,46.19,167.29,175.5917,70.94,114.37,84.72,7.0255,83.23,151.7367,129.71,266.04,150.09,53.39,31.3033
2018-10-01,56.815,206.91,100.218,107.9,382.29,152.28,159.86,48.87,124.39,116.24,225.33,207.6,157.0189,153.0,139.69,113.5,46.23,166.67,176.825,71.53,115.61,84.46,7.234,83.67,152.3333,128.97,269.1,150.79,53.84,31.4667
2018-10-02,57.32,207.67,98.5655,108.39,386.37,154.82,157.26,49.01,124.74,117.66,226.07,204.75,156.6321,153.75,140.48,113.97,46.51,165.18,179.7583,71.75,115.15,82.77,7.162,84.36,151.3333,129.51,270.63,149.67,54.42,31.7167
2018-10-03,58.0175,206.9,97.638,108.45,392.3,158.22,159.1,49.14,125.31,116.91,227.78,203.74,156.0189,153.22,139.03,115.04,45.87,164.66,179.8,71.37,115.17,82.5,7.1683,83.03,147.4033,129.54,270.9,149.37,54.29,31.3567
2018-10-04,56.9975,203.47,95.471,107.74,389.99,156.75,154.9,48.38,124.95,116.13,227.48,198.85,155.3868,151.31,139.35,115.27,45.85,165.8,178.2,71.22,112.79,80.18,6.9823,81.92,146.4267,130.79,268.32,146.76,55.02,31.4033
2018-10-05,56.0725,204.02,94.4825,107.23,386.47,153.31,155.07,48.13,125.33,114.78,225.71,196.38,154.783,149.03,139.1,114.62,45.88,166.57,177.6583,71.03,112.13,80.12,6.7465,82.15,147.3167,130.13,269.2,145.36,54.94,31.1033
2018-10-08,55.9425,205.57,93.221,106.99,385.77,153.35,148.65,47.52,124.84,116.02,225.35,198.41,155.5283,148.39,139.39,115.32,46.48,167.77,178.6417,71.46,110.85,80.23,6.6443,82.4,147.52,131.66,269.01,141.89,55.02,31.5633
2018-10-09,56.7175,206.0,93.516,106.66,385.44,149.46,148.5,47.49,126.82,116.89,222.91,195.75,151.8302,147.24,139.2,114.52,46.39,169.83,175.35,72.34,112.26,80.42,6.6385,82.2,141.5767,131.59,270.11,142.31,54.99,32.36
2018-10-10,54.09,201.2,87.7625,103.57,367.47,143.72,137.81,45.63,122.6,112.86,214.89,193.7,147.7547,142.69,137.73,111.47,45.68,168.37,168.4583,70.45,106.16,74.94,6.1423,81.44,138.2633,128.17,263.08,135.52,54.33,31.92
2018-10-11,53.6125,193.85,85.968,101.58,358.11,140.97,139.24,44.12,118.43,111.15,212.97,189.74,144.9245,139.02,133.84,108.13,44.64,162.97,163.9417,68.37,105.91,74.51,5.8783,78.87,135.74,124.31,257.12,133.73,53.33,31.3067
2018-10-12,55.5275,197.39,89.4305,103.0,360.11,142.07,146.74,45.71,117.77,112.61,213.87,192.47,147.3585,140.85,133.87,106.95,44.68,163.82,165.1917,69.81,109.57,75.91,6.1635,79.06,135.6567,123.65,259.61,140.06,53.73,31.6033
2018-10-15,54.34,195.59,88.0475,102.62,358.88,141.8,141.95,44.67,116.94,113.44,215.22,191.17,147.3679,141.13,133.95,106.34,44.91,163.67,165.7833,69.46,107.6,74.99,5.8845,80.13,134.1,123.39,260.25,137.23,53.6,31.2733
2018-10-16,55.5375,202.34,90.998,104.27,368.25,143.71,147.44,45.82,117.51,116.19,221.7,193.58,150.5283,145.12,136.56,108.62,45.49,164.07,168.6083,71.22,111.0,77.48,6.1458,81.01,138.31,124.75,272.57,141.74,53.7,31.9367
2018-10-17,55.2975,202.77,91.5865,104.34,365.5,141.34,147.01,45.94,117.29,117.13,228.28,185.17,149.1038,134.05,139.46,109.83,45.86,166.77,169.1083,71.82,110.71,76.48,6.0765,81.86,136.89,126.44,267.3,142.45,53.96,32.1867
2018-10-18,54.005,202.72,88.536,102.84,359.35,135.8,142.84,45.46,117.47,116.18,224.95,180.44,146.4057,130.55,139.5,108.09,45.61,166.81,166.9833,72.21,108.5,75.6,5.9883,80.24,135.6067,125.14,266.81,139.29,54.65,32.0567
2018-10-19,54.8275,201.8,88.2015,106.73,356.26,131.32,140.49,45.34,118.14,118.9,226.96,179.85,144.783,129.1,139.05,107.91,46.33,167.49,166.5417,72.35,108.66,74.21,5.7293,87.3,134.46,126.07,265.3,140.08,54.9,32.3833
2018-10-22,55.1625,198.02,89.465,104.51,355.98,128.71,142.95,45.76,117.21,118.27,221.6,178.75,143.9717,130.02,138.68,106.36,45.97,166.63,167.8,72.57,109.63,74.9,5.7805,86.6,134.5867,124.07,262.19,140.64,54.98,32.38
2018-10-23,55.6825,197.64,88.435,104.38,350.05,118.98,140.66,45.42,113.4,117.85,218.56,178.53,142.0755,131.21,138.93,105.25,46.36,177.15,160.4583,72.1,108.1,73.35,5.5265,87.16,133.9833,123.8,264.86,139.12,57.21,32.6
2018-10-24,53.7725,187.88,83.21,101.84,354.65,112.34,133.26,44.07,110.21,111.61,209.18,176.97,137.1132,127.21,137.47,103.29,46.73,177.35,153.7833,70.54,102.32,72.12,4.9853,89.46,129.3,121.56,256.32,134.26,57.42,32.52
2018-10-25,54.95,188.1,89.1085,103.6,363.77,115.63,140.8,45.47,111.58,114.16,214.01,179.07,139.1321,126.45,138.47,104.86,46.51,175.31,154.1583,69.96,108.3,73.1,5.196,89.0,122.6667,121.24,264.24,140.52,56.43,33.06
2018-10-26,54.075,185.98,82.1405,101.25,359.27,115.05,135.52,44.25,111.53,113.19,212.36,172.23,137.7736,124.79,136.97,103.42,45.92,173.34,154.125,70.4,106.96,72.07,4.9573,87.86,123.48,121.29,258.18,137.74,55.51,32.98
2018-10-29,53.06,188.19,76.944,101.19,335.59,113.98,130.99,43.84,108.93,113.04,214.49,173.2,133.0755,119.64,137.55,104.85,46.46,173.23,154.825,71.45,103.85,72.19,4.6405,88.24,122.24,122.32,256.52,134.33,56.48,33.2667
2018-10-30,53.325,189.08,76.521,102.08,349.91,117.46,132.17,44.58,110.85,114.76,219.28,176.24,134.8679,115.4,140.75,106.7,47.63,178.49,158.175,72.87,103.73,74.51,5.075,89.19,128.2667,125.87,258.28,132.76,58.18,34.14
2018-10-31,54.715,192.79,79.9005,102.73,354.86,121.32,137.24,45.75,111.65,114.83,225.37,175.88,136.6227,115.43,139.99,109.02,47.88,176.9,158.55,73.61,106.81,75.04,5.2708,88.68,131.1567,125.13,261.35,137.85,57.09,33.4267
2018-11-01,55.555,192.9,83.2765,104.04,363.07,124.7,139.59,45.65,111.17,116.1,226.97,180.46,136.2736,116.83,140.82,108.98,47.74,174.88,160.1833,73.12,105.92,76.79,5.4528,89.59,132.62,125.2,260.93,140.83,56.05,33.5267
2018-11-02,51.87,187.06,83.2765,103.71,357.75,125.79,136.79,45.48,114.73,115.18,229.69,179.93,137.2453,115.67,140.68,108.38,48.0,176.75,160.675,72.27,106.16,76.58,5.373,89.81,134.1267,124.9,261.01,139.78,56.63,33.78
2018-11-05,50.3975,189.92,81.39,105.21,361.98,126.41,135.44,46.14,118.94,115.45,228.72,182.19,138.8491,120.06,142.2,109.09,48.69,180.39,161.0417,73.12,107.51,77.53,5.2943,91.2,134.7067,126.53,261.01,139.8,57.21,34.3033
2018-11-06,50.9425,190.75,82.1405,104.98,366.47,129.33,133.95,46.5,118.9,116.71,228.2,182.01,140.0472,123.12,142.57,109.6,49.11,182.71,162.75,73.31,107.72,76.57,5.2765,91.51,135.0234,128.6,263.54,140.79,57.21,34.4433
2018-11-07,52.4875,197.62,87.7745,107.31,372.02,135.1,141.79,47.9,120.87,117.05,231.28,187.23,141.6981,124.84,144.75,111.48,49.37,184.25,167.7417,75.08,111.96,77.97,5.3448,91.29,138.26,130.28,274.63,144.78,57.65,34.7733
2018-11-08,52.1225,196.02,87.7455,108.5,370.77,131.39,141.87,48.44,119.36,116.0,231.65,188.0,142.0283,123.38,145.3,112.38,49.33,185.48,170.0583,75.48,111.75,77.78,5.1498,91.36,138.4467,130.99,276.65,145.23,58.27,34.96
2018-11-09,51.1175,193.16,85.6215,108.28,369.34,126.91,136.92,47.11,119.51,118.0,222.65,185.99,141.8113,123.54,145.34,111.29,49.68,185.94,167.5833,74.86,109.57,76.36,5.1418,92.41,138.28,131.03,276.55,143.93,58.46,35.1867
2018-11-12,48.5425,191.56,81.8425,106.49,357.03,125.0,130.5,45.62,117.39,116.7,206.05,179.43,139.7453,120.9,145.62,108.95,49.87,184.37,164.2,74.69,106.87,75.1,4.7385,92.7,136.35,127.04,272.38,139.72,58.72,34.6233
2018-11-13,48.0575,191.55,81.5585,107.86,349.51,125.96,132.16,45.12,115.35,116.85,205.05,179.0,139.3207,120.84,144.68,109.59,49.86,184.01,165.3083,74.61,106.94,75.2,4.9828,93.47,138.92,126.81,269.22,139.72,58.66,34.3133
2018-11-14,46.7,190.36,79.9505,107.77,344.72,125.1,129.35,44.33,115.72,117.12,202.49,179.9,139.1793,120.2,144.25,107.33,49.76,183.85,165.05,74.09,104.97,75.2,4.9298,93.49,138.3,123.04,264.96,139.49,58.94,33.8433
2018-11-15,47.8525,192.45,80.972,109.6,341.57,129.42,132.49,46.77,116.95,117.11,203.74,177.36,139.4057,121.44,144.5,110.07,49.74,183.56,170.7583,74.84,107.28,74.33,5.0598,93.83,140.33,125.59,264.94,141.84,59.08,33.18
2018-11-16,48.3825,194.18,79.6705,109.46,335.95,129.96,132.55,46.35,119.06,116.19,202.12,177.02,140.1415,121.57,145.99,109.99,50.17,187.59,174.1667,76.06,108.29,74.74,4.1107,93.82,141.32,128.77,271.11,140.18,60.21,32.5633
2018-11-19,46.465,194.91,75.6145,108.25,320.94,125.98,121.01,45.75,119.42,115.42,198.22,173.59,139.1226,120.31,147.73,110.83,50.51,186.72,171.3167,76.35,104.62,72.52,3.6175,93.29,138.42,130.52,266.05,134.76,60.62,32.26
2018-11-20,44.245,196.44,74.773,106.09,317.7,122.27,120.67,44.49,116.1,111.87,191.34,169.05,135.8962,117.2,146.45,108.45,49.38,183.71,167.0917,74.78,101.71,71.12,3.727,92.1,136.68,128.37,261.5,133.37,59.46,31.3867
2018-11-21,44.195,192.77,75.8365,106.5,317.32,123.87,123.59,44.89,117.57,113.03,192.6,169.3,135.9434,118.57,141.99,107.64,48.73,182.72,165.575,74.79,103.11,72.37,3.6178,91.41,136.82,127.76,260.55,134.42,59.16,31.39
2018-11-23,43.0725,192.57,75.103,105.74,312.32,122.32,122.03,44.54,113.6,112.08,189.1,168.85,135.1509,117.19,142.23,106.65,49.02,181.93,164.0,74.67,103.07,71.49,3.625,91.54,138.3667,126.6,261.62,132.87,58.64,31.7
2018-11-26,43.655,194.3,79.0665,109.68,316.36,124.8,126.41,45.57,114.98,112.55,194.34,169.82,135.1132,119.56,141.37,109.26,48.87,183.89,166.55,75.44,106.47,72.71,3.8263,91.94,137.18,130.34,266.16,135.94,59.17,31.7167
2018-11-27,43.56,197.1,79.071,110.11,318.03,124.6,127.54,46.12,115.21,113.9,193.65,173.22,134.8019,120.03,143.22,109.72,49.37,184.63,167.2417,76.34,107.14,72.09,3.8433,92.72,134.48,129.61,271.15,135.91,60.65,31.68
2018-11-28,45.235,201.42,83.8875,112.89,333.5,130.77,140.64,47.29,118.14,116.1,198.35,177.43,136.1321,123.0,146.44,110.94,49.71,187.85,170.2833,77.23,111.12,74.66,4.0018,93.01,138.8267,130.7,280.95,141.38,60.06,32.4867
2018-11-29,44.8875,202.37,83.6785,111.31,342.56,130.23,139.72,47.34,118.85,116.61,194.85,175.66,137.4906,121.48,145.85,110.06,48.98,189.26,170.4667,77.91,110.19,74.34,3.934,92.82,139.92,130.63,282.55,139.1,59.45,32.43
2018-11-30,44.645,208.25,84.5085,112.27,346.76,135.67,142.76,47.87,118.94,115.49,190.69,180.32,138.4434,124.27,146.9,111.19,50.4,188.51,173.2667,79.34,110.89,75.12,4.0858,94.51,141.3567,130.37,281.36,141.71,60.3,32.55
2018-12-03,46.205,202.93,88.618,112.36,359.96,138.95,144.15,48.74,120.67,115.74,191.63,181.74,140.5472,125.31,146.21,112.24,49.69,185.37,173.9667,79.22,112.09,77.94,4.251,93.32,139.4467,130.11,286.33,145.0,58.16,32.9167
2018-12-04,44.1725,197.76,83.42,107.64,342.5,129.32,139.24,47.35,117.24,112.87,184.31,175.3,134.6038,121.6,146.03,107.23,49.58,185.04,168.5,78.21,108.52,75.79,3.9278,93.31,135.5333,126.69,278.55,138.64,58.09,31.9367
2018-12-06,43.68,199.01,84.9595,108.25,331.9,128.37,142.06,48.39,115.91,114.33,184.09,175.96,133.5472,123.91,145.91,105.19,49.38,185.45,168.9,78.37,109.19,75.54,3.9573,93.55,133.6767,125.41,276.85,141.05,58.08,31.59
2018-12-07,42.1225,191.44,81.4565,106.68,323.22,123.55,135.95,46.44,115.49,111.98,179.67,172.79,130.8585,119.34,145.43,103.29,49.09,182.96,165.2,76.72,104.82,73.34,3.6903,92.45,129.8333,123.56,269.18,137.11,57.68,31.0633
2018-12-10,42.4,194.09,82.0515,105.79,326.35,123.39,137.27,46.86,114.94,111.86,178.83,171.69,130.1415,121.13,145.26,101.36,49.24,184.65,165.2667,77.42,107.59,72.51,3.7965,93.03,131.1533,123.0,266.53,137.88,58.27,31.3133
2018-12-11,42.1575,196.18,82.162,105.4,322.03,123.24,136.79,47.09,115.47,111.97,176.8,172.21,129.066,120.89,146.5,100.37,49.54,183.59,164.55,77.11,108.59,73.57,3.7048,93.91,130.2833,120.97,267.22,136.81,58.85,31.2833
2018-12-12,42.275,196.41,83.177,107.48,326.69,125.37,140.09,47.42,115.62,112.21,176.7,174.21,130.4623,121.16,147.1,101.02,49.22,183.48,166.5083,78.01,109.08,74.32,3.7225,94.03,130.5167,122.01,270.64,137.8,57.25,31.0367
2018-12-13,42.7375,197.53,82.919,106.7,325.47,125.9,141.14,47.47,115.94,113.39,175.92,173.87,130.9623,120.73,147.84,101.12,49.47,186.43,168.4417,79.01,109.45,72.93,3.7223,96.49,128.63,121.5,272.15,137.54,57.09,30.9867
2018-12-14,41.37,192.07,79.5955,105.7,318.75,126.77,137.04,45.82,113.83,112.2,172.77,172.29,128.717,119.9,133.0,100.29,49.34,183.29,163.4167,76.48,106.03,72.53,3.6613,96.64,128.6667,120.55,265.02,135.09,57.08,30.6167
2018-12-17,40.985,190.08,76.0455,101.18,316.13,124.47,130.83,44.2,112.45,110.62,168.01,167.97,126.7736,116.1,129.14,99.01,48.33,180.79,160.6833,75.23,102.89,69.9,3.5895,92.77,125.4833,119.93,258.07,131.4,55.95,30.2567
2018-12-18,41.5175,187.1,77.574,101.02,328.06,124.27,132.32,44.06,109.74,109.45,171.5,170.04,127.5283,116.65,130.42,98.54,48.32,179.71,162.1333,74.33,103.97,71.15,3.6735,92.49,127.97,119.3,252.97,132.66,55.65,30.36
2018-12-19,40.2225,185.49,74.754,98.77,319.55,122.33,131.16,43.14,107.83,109.22,169.25,167.56,125.717,116.43,127.61,97.29,47.9,179.16,158.3,73.77,103.69,68.97,3.4628,91.76,126.7467,119.16,250.31,131.26,55.86,30.1833
2018-12-20,39.2075,184.96,73.0415,95.77,313.05,121.55,127.73,42.49,104.98,107.0,168.41,164.16,123.2736,113.02,128.27,96.45,47.54,173.68,156.15,73.49,101.51,67.53,3.3775,90.98,126.4633,117.32,242.44,128.76,55.07,29.0933
2018-12-21,37.6825,180.21,68.8725,91.33,304.55,120.07,122.91,41.85,104.21,104.22,160.05,160.48,122.1132,110.94,128.09,94.17,47.57,174.15,153.125,72.9,98.23,72.37,3.2393,90.97,125.5167,116.06,238.34,124.26,54.92,29.0433
2018-12-24,36.7075,178.4,67.198,89.5,294.16,116.95,121.33,40.28,100.99,100.35,156.35,158.14,117.7642,107.57,122.84,92.14,45.96,170.28,148.85,71.15,94.13,68.1,3.177,87.36,121.7467,112.63,232.94,121.73,53.05,28.6067
2018-12-26,39.2925,187.86,73.545,93.84,313.93,124.76,130.84,42.47,107.39,105.83,162.93,168.28,122.2359,111.39,126.71,95.96,46.94,174.03,155.2167,74.0,100.56,73.01,3.3275,90.09,128.9067,117.17,243.35,130.23,54.44,30.1367
2018-12-27,39.0375,190.33,73.082,94.68,317.14,126.67,135.2,42.91,109.32,106.52,165.41,170.32,124.1227,113.78,127.41,97.04,47.53,175.71,158.9167,75.38,101.18,73.67,3.2793,92.02,130.39,118.67,245.97,132.01,55.15,30.53
2018-12-28,39.0575,190.73,73.901,94.42,316.38,125.61,134.68,42.77,108.65,107.3,163.03,170.22,123.3585,113.03,127.27,96.83,47.2,175.56,157.8083,75.37,100.39,73.34,3.3413,91.18,129.86,118.24,246.24,130.94,55.27,30.71
2018-12-31,39.435,194.67,75.0985,95.32,322.5,127.07,136.97,43.33,108.79,109.65,167.05,171.82,124.6415,113.67,129.05,97.62,47.35,177.57,158.7833,76.41,101.57,74.14,3.3375,91.92,131.1533,119.75,249.12,131.94,56.22,31.05
2019-01-02,39.48,191.9,76.9565,95.68,323.81,126.38,135.55,42.95,110.69,108.97,172.03,172.41,124.3679,115.21,127.75,99.31,46.93,176.06,159.125,75.59,101.12,74.06,3.4055,91.28,130.7434,117.37,243.49,132.92,56.02,31.1133
2019-01-03,35.5475,188.98,75.014,93.43,310.9,121.51,130.4,41.07,108.57,106.33,169.51,168.61,122.7076,112.91,125.72,97.11,46.64,174.9,153.1333,74.04,97.4,72.75,3.1998,90.64,126.7967,115.26,236.85,128.13,56.22,30.9533
2019-01-04,37.065,195.44,78.7695,97.64,327.08,128.15,137.96,42.92,110.82,109.61,175.05,173.62,127.0,117.32,127.83,100.69,47.57,178.28,159.4333,76.27,101.93,74.65,3.4048,92.49,130.1567,118.68,239.62,133.65,56.36,31.1467
2019-01-07,36.9825,198.07,81.4755,98.17,328.11,128.23,142.22,43.21,112.26,110.56,176.02,177.04,127.7075,118.15,127.01,100.76,46.95,180.22,159.0667,75.43,102.06,75.72,3.585,92.12,131.9934,118.3,240.08,136.06,56.72,31.5133
2019-01-08,37.6875,200.61,82.829,98.65,340.53,129.77,145.72,43.56,111.77,111.42,175.37,177.89,127.4434,119.83,129.96,100.57,47.48,180.6,159.7333,75.99,102.8,76.73,3.4958,92.46,132.93,117.84,243.29,136.8,58.38,31.7333
2019-01-09,38.3275,200.37,82.971,98.83,343.83,130.27,145.99,43.32,113.27,112.67,176.47,179.73,128.0377,120.69,128.93,100.4,46.57,180.29,160.25,75.41,104.27,76.59,3.5645,90.95,132.7134,118.68,243.64,138.41,57.05,31.63
2019-01-10,38.45,202.68,82.811,98.26,352.61,132.96,147.04,43.24,113.45,112.8,176.0,179.06,129.9528,121.79,129.71,100.39,47.07,181.55,161.3333,74.48,103.6,76.42,3.6308,91.17,133.1833,120.27,244.87,138.67,57.6,31.6533
2019-01-11,38.0725,200.56,82.028,98.55,352.9,132.1,147.55,43.49,112.54,112.65,176.93,179.41,129.5849,121.46,129.75,99.91,47.34,182.37,160.175,74.9,102.8,76.04,3.7208,91.77,131.9767,120.47,247.67,138.06,58.02,31.6133
2019-01-14,37.5,196.78,80.8605,98.44,350.36,131.8,146.05,43.21,111.72,112.42,178.72,178.81,129.8208,120.39,128.28,100.94,47.15,181.22,160.1417,73.37,102.05,76.09,3.761,91.15,132.6,120.58,248.06,137.1,58.03,31.65
2019-01-15,38.2675,199.38,83.728,97.99,352.24,130.69,149.19,44.02,112.12,111.76,179.91,176.47,129.9717,121.73,129.36,101.68,47.57,181.02,157.45,74.5,105.01,77.88,3.7468,92.01,127.1467,121.82,256.87,137.34,58.1,32.0833
2019-01-16,38.735,198.89,84.189,99.41,352.06,131.66,148.54,43.96,111.4,110.91,197.08,177.04,130.2076,121.62,128.04,102.5,46.92,179.35,157.9,74.61,105.38,77.68,3.721,91.37,128.98,122.3,261.46,137.34,57.08,32.1167
2019-01-17,38.965,201.92,84.661,99.49,359.09,134.54,149.82,44.21,111.96,111.01,199.09,174.87,131.9623,122.19,129.09,102.92,47.06,181.11,159.7583,75.6,106.12,79.13,3.793,90.64,131.51,122.94,259.77,137.28,56.83,32.2467
2019-01-18,39.205,203.88,84.81,100.48,364.73,136.6,152.51,45.03,114.37,111.04,202.54,179.58,133.8208,123.82,130.69,104.59,47.61,182.57,163.2167,75.87,107.71,80.45,3.9233,91.42,132.8433,124.01,265.5,138.5,57.09,32.5767
2019-01-22,38.325,201.98,81.6085,99.83,357.9,132.24,148.95,44.78,112.34,110.6,197.68,177.11,131.9057,122.52,128.8,102.94,47.72,184.57,160.2167,75.83,105.68,80.75,3.7193,90.44,131.3233,122.36,265.69,138.05,56.99,32.4967
2019-01-23,38.48,201.56,82.001,99.71,358.61,131.82,149.75,45.46,111.39,111.12,196.9,176.89,132.7736,132.89,128.8,102.68,48.27,186.09,160.2417,75.44,106.71,80.5,3.7323,94.84,131.13,123.02,267.02,137.01,57.76,32.9033
2019-01-24,38.175,200.97,82.7465,99.72,358.27,132.73,146.87,45.61,113.51,110.55,197.8,177.29,133.1887,132.53,127.03,102.74,47.69,187.37,160.4333,73.17,106.2,80.44,3.946,94.3,130.0867,124.38,266.13,137.7,57.07,32.7867
2019-01-25,39.44,198.77,83.5285,100.77,364.2,136.86,149.74,46.13,113.22,111.09,200.74,180.4,133.6887,133.97,128.23,103.39,47.37,184.0,163.25,72.95,107.17,80.61,4.0038,93.6,130.9433,124.98,268.05,138.67,56.4,32.3133
2019-01-28,39.075,191.95,81.8945,100.38,362.97,124.37,147.33,45.75,112.17,110.81,199.72,179.83,132.5283,134.27,128.99,103.88,47.17,183.6,161.0,72.92,105.08,80.32,3.4503,93.52,132.3333,125.03,266.77,135.99,55.07,32.3533
2019-01-29,38.67,192.11,79.694,100.96,364.91,126.53,145.18,45.96,111.83,110.9,200.5,179.69,133.717,134.33,130.33,104.17,47.4,182.17,164.125,73.23,102.94,80.22,3.29,93.54,134.3333,124.82,267.34,135.0,53.28,32.2367
2019-01-30,41.3125,184.86,83.5215,102.67,387.72,130.11,149.16,46.71,113.01,110.13,202.48,182.18,135.1698,134.38,131.64,104.41,47.86,181.77,166.0583,73.37,106.38,81.28,3.4348,94.52,135.0767,125.88,270.37,137.6,54.0,31.6
2019-01-31,41.61,187.11,85.9365,102.7,385.62,133.16,151.97,47.29,114.65,111.52,198.01,183.53,135.5,134.42,133.08,103.5,48.13,178.78,166.9167,74.43,104.43,81.88,3.5938,96.47,140.5067,125.54,270.2,135.01,55.06,31.9433
2019-02-01,41.63,187.07,81.3115,103.06,387.43,130.91,155.87,47.34,118.37,111.3,196.54,184.37,136.5189,134.1,134.2,103.88,48.7,176.72,165.9667,76.45,102.78,81.51,3.6183,97.47,139.0067,126.49,268.72,140.15,54.55,31.2867
2019-02-04,42.8125,186.18,81.6655,103.42,397.0,130.88,157.72,47.35,119.74,111.8,197.72,186.43,139.5566,135.19,132.88,104.25,49.25,177.55,166.8417,76.87,105.74,81.99,3.7295,98.03,139.6533,126.04,268.21,141.5,54.04,31.59
2019-02-05,43.545,188.31,82.9405,103.9,410.18,132.0,158.99,47.26,119.48,112.66,198.01,186.39,140.2736,135.55,132.88,103.79,49.26,177.57,167.6,77.15,107.22,82.86,3.7488,97.44,140.61,126.18,266.31,142.53,54.14,31.8667
2019-02-06,43.56,190.76,82.013,104.96,411.11,130.54,158.13,47.48,118.88,111.41,196.62,184.72,140.4717,136.32,133.0,103.74,49.26,176.18,168.8083,77.39,106.03,82.71,3.825,97.92,140.35,125.55,269.5,141.49,53.79,31.88
2019-02-07,42.735,184.23,80.7185,104.39,405.17,128.78,154.93,46.7,118.23,110.95,193.07,184.07,139.7642,133.19,132.05,102.38,49.42,175.28,166.5333,76.82,105.27,82.39,3.6855,97.14,139.37,126.76,269.0,140.17,53.57,32.2433
2019-02-08,42.6025,186.0,79.411,104.52,404.91,128.6,156.67,47.19,117.58,111.51,191.67,184.54,140.1981,133.71,132.4,101.36,49.5,174.75,166.5167,77.52,105.67,82.36,3.7043,97.71,140.3367,125.79,261.9,140.38,53.95,31.86
2019-02-11,42.3575,185.79,79.55,105.41,403.95,128.93,159.91,47.58,116.95,109.44,191.33,182.92,140.0755,133.99,132.0,100.88,49.61,174.26,167.425,76.71,105.25,83.68,3.6613,98.27,141.2367,125.42,257.14,140.8,54.05,32.0667
2019-02-12,42.7225,188.43,81.9005,107.0,410.72,132.67,162.79,47.89,118.72,109.2,194.49,185.52,141.8491,136.05,134.16,102.6,49.66,173.97,172.1417,78.52,106.89,84.71,3.7793,99.26,145.7467,127.26,263.5,141.99,54.42,32.3233
2019-02-13,42.545,188.98,82.0,107.56,410.58,133.1,160.4,47.5,119.57,110.2,194.69,188.41,142.9057,137.52,134.45,103.09,49.79,174.15,174.7667,79.02,106.81,85.4,3.822,99.24,144.6633,128.04,263.8,143.49,54.48,32.6467
2019-02-14,42.7,186.68,81.1325,106.62,409.82,132.62,159.47,48.4,118.16,110.66,192.53,187.71,142.0,136.48,134.31,102.42,45.59,175.87,170.775,78.94,106.9,84.68,3.8633,98.46,143.9267,126.93,265.33,143.16,54.03,32.84
2019-02-15,42.605,188.34,80.3975,107.38,417.97,136.2,159.05,49.43,119.35,112.59,198.5,192.39,144.6415,138.03,136.38,105.55,45.24,179.97,174.05,79.81,108.22,85.38,3.9335,98.48,146.3933,128.74,271.13,144.91,55.16,33.33
2019-02-19,42.7325,186.97,81.379,106.5,416.26,135.8,160.61,49.65,119.31,113.51,198.67,192.33,144.6038,138.7,135.69,105.18,44.83,179.25,173.675,79.24,108.17,84.57,3.916,99.99,145.85,129.1,270.41,144.44,55.44,34.0667
2019-02-20,43.0075,186.92,81.105,106.78,421.55,140.31,158.54,49.63,120.28,113.68,198.6,191.85,145.8302,138.0,136.35,105.69,45.1,180.49,173.775,79.43,107.15,84.84,3.9638,99.28,146.4233,129.74,269.51,144.73,55.76,33.2933
2019-02-21,42.765,185.5,80.972,106.61,417.58,138.88,159.63,49.41,119.14,114.29,196.36,191.82,143.9717,137.84,135.42,105.47,45.86,182.81,173.1417,79.83,109.41,83.95,3.8943,99.78,146.5667,129.82,266.4,144.0,56.15,33.13
2019-02-22,43.2425,187.5,81.578,107.44,424.05,138.68,161.31,50.11,119.39,115.25,196.0,192.39,144.5283,139.25,136.6,105.0,45.28,183.17,174.4583,80.77,110.97,84.76,3.9798,100.25,146.6267,131.02,267.11,145.87,56.92,33.1833
2019-02-25,43.5575,189.81,81.65,106.93,426.87,141.41,161.36,50.79,119.62,113.59,198.65,189.98,145.3396,139.46,136.2,106.1,44.94,182.61,175.4833,80.38,111.59,85.17,3.9673,99.57,145.8933,132.49,264.6,146.06,56.78,33.04
2019-02-26,43.5825,190.08,81.82,106.94,426.77,137.98,163.0,51.18,119.94,113.5,198.9,188.3,145.2076,139.72,136.11,105.29,44.69,183.21,174.4833,80.74,112.36,85.8,3.9275,99.83,144.7734,133.27,262.98,147.04,56.64,32.8967
2019-02-27,43.7175,191.42,82.0545,107.42,435.44,139.58,163.12,51.59,120.08,112.78,198.1,183.67,145.8491,139.17,135.87,105.16,44.94,183.36,174.1917,80.62,112.17,86.17,3.8853,98.91,146.7734,132.62,250.08,147.22,56.72,32.7033
2019-02-28,43.2875,190.08,81.9915,107.74,439.96,137.34,163.65,51.77,119.58,112.84,196.7,185.14,145.3491,138.13,136.64,104.36,45.34,183.84,172.825,81.29,112.03,85.73,3.8565,98.55,144.4,132.91,242.22,148.12,56.92,32.9967
2019-03-01,43.7425,191.16,83.5865,108.9,440.62,137.47,164.53,51.41,122.03,114.01,198.2,185.17,146.9057,139.2,138.35,104.43,45.38,185.05,172.9083,81.65,112.53,87.16,3.9113,98.44,145.54,133.03,246.15,149.47,56.96,32.6433
2019-03-04,43.9625,189.78,84.8085,109.0,432.69,138.35,158.5,51.16,122.12,114.33,195.98,183.81,145.7547,138.43,138.48,104.19,45.65,180.59,172.3833,81.37,112.26,85.64,3.9195,98.87,145.9167,132.15,236.02,147.96,56.24,32.6167
2019-03-05,43.8825,188.82,84.6215,108.85,430.12,137.14,156.97,51.3,123.29,114.0,196.0,184.0,145.4245,137.88,138.77,104.11,45.6,181.35,169.8667,81.7,111.7,85.44,3.913,99.09,143.81,132.69,241.43,147.95,56.08,32.78
2019-03-06,43.63,183.15,83.4475,108.98,424.46,134.83,156.79,51.67,123.53,114.85,194.74,184.45,145.0377,136.98,139.09,103.72,45.45,182.03,169.0,80.76,111.75,85.13,3.8013,98.93,140.7533,131.8,239.07,147.81,55.68,32.7533
2019-03-07,43.125,181.46,81.2975,107.86,422.56,132.8,155.6,51.29,121.94,114.01,192.77,182.51,143.8491,135.36,138.24,102.97,45.28,180.52,166.55,80.45,110.39,85.26,3.7315,98.55,138.0167,131.49,236.7,146.83,56.3,32.4833
2019-03-08,43.2275,180.87,81.04,107.98,422.54,131.35,155.06,51.07,121.62,113.81,195.24,181.23,143.0094,135.09,138.06,103.01,44.84,179.5,167.4083,79.8,110.51,84.8,3.766,98.41,138.99,131.02,237.29,147.35,56.53,32.53
2019-03-11,44.725,184.14,83.531,109.56,400.01,133.11,157.65,51.92,123.62,114.75,195.97,182.44,144.5189,137.71,138.56,104.35,46.18,181.08,172.5833,80.87,112.83,85.82,4.0285,99.58,142.6633,131.87,243.15,150.67,57.58,32.8267
2019-03-12,45.2275,184.18,83.655,110.43,375.41,132.48,158.28,52.15,123.9,114.73,196.63,184.0,144.8113,138.28,139.18,104.04,46.05,181.83,171.5,81.23,113.62,85.43,4.063,100.05,140.9,132.72,245.88,151.73,57.43,32.79
2019-03-13,45.4275,187.35,84.5405,112.14,377.14,133.5,159.81,52.59,124.67,114.09,197.25,181.14,146.2642,138.56,139.41,104.39,46.22,182.06,172.2167,81.6,114.5,85.93,4.2155,101.18,141.7367,133.0,252.25,152.47,57.66,33.01
2019-03-14,45.9325,187.76,84.311,112.35,373.3,133.69,160.67,52.74,124.6,114.48,197.47,181.61,146.4623,138.79,138.02,105.34,45.7,182.74,172.8167,81.49,114.59,86.87,4.139,101.32,142.94,133.06,253.27,154.2,57.95,32.74
2019-03-15,46.53,191.24,85.618,113.52,378.99,132.67,161.51,53.2,125.31,114.96,198.26,182.23,146.5566,139.43,137.6,106.55,45.3,185.33,173.4,81.57,115.91,86.8,4.2453,102.44,143.6767,134.18,251.4,155.46,58.39,32.8067
2019-03-18,47.005,191.31,87.1075,113.55,372.28,134.1,161.95,53.51,125.88,113.12,202.47,183.42,148.0472,140.21,137.17,107.19,45.41,183.95,173.7417,81.35,117.57,87.82,4.2238,101.51,143.7833,134.94,255.0,154.96,58.07,33.22
2019-03-19,46.6325,191.49,88.0925,112.67,373.43,134.15,163.93,53.31,125.28,110.0,201.12,184.13,148.3396,140.49,138.44,106.8,45.56,183.11,174.1833,81.91,117.65,87.69,4.3928,101.9,143.4233,132.93,257.13,154.59,57.5,33.2833
2019-03-20,47.04,191.12,89.8635,110.77,376.16,133.01,163.51,53.26,124.69,109.99,194.32,186.1,147.4434,139.6,137.29,104.52,45.53,184.97,173.5833,82.08,117.52,86.69,4.36,101.72,143.0867,131.33,250.5,153.75,57.67,32.88
2019-03-21,48.7725,191.89,90.963,111.82,372.7,134.06,166.95,53.94,125.86,108.66,194.58,189.97,149.4811,141.44,138.1,102.87,45.51,186.37,174.675,82.95,120.22,88.01,4.5985,102.49,144.5433,134.37,252.02,155.8,58.29,33.02
2019-03-22,47.7625,186.7,88.2385,109.46,362.17,129.77,161.5,52.74,123.09,108.23,188.96,188.75,147.0094,139.45,136.91,99.76,45.93,186.81,170.55,82.29,117.05,82.19,4.4375,101.66,140.24,134.9,247.09,153.07,59.76,32.76
2019-03-25,47.185,186.59,88.713,109.04,370.46,131.38,160.88,52.73,122.89,107.79,188.51,189.68,147.1038,139.18,136.61,98.93,46.03,185.72,169.3417,82.35,117.66,82.33,4.3445,101.96,140.7967,134.95,246.86,153.03,60.08,32.7233
2019-03-26,46.6975,188.27,89.188,109.5,370.38,131.84,159.4,53.23,124.13,110.14,190.69,189.34,148.566,140.22,138.57,99.92,46.64,187.48,172.7,82.92,117.91,83.38,4.4218,103.02,140.1333,134.98,243.39,155.3,60.63,32.7733
2019-03-27,47.1175,186.32,88.285,108.98,374.21,131.2,155.12,53.14,122.79,110.28,190.03,189.25,148.217,139.24,138.7,99.58,46.61,187.51,172.6333,82.29,116.77,83.09,4.4125,102.9,142.23,136.35,241.71,154.22,60.88,32.4033
2019-03-28,47.18,187.65,88.671,109.16,374.44,132.37,155.18,53.36,123.02,110.71,191.18,190.06,149.566,139.92,138.88,100.71,46.58,189.39,173.775,82.63,116.93,84.04,4.4313,103.55,143.74,136.9,242.23,154.67,59.08,32.3767
2019-03-29,47.4875,189.98,89.0375,109.3,381.42,135.49,158.37,53.99,123.18,111.03,191.99,191.89,149.9245,141.1,139.79,101.23,46.86,189.9,173.15,83.17,117.94,84.21,4.489,104.05,143.57,137.16,247.26,156.19,59.13,32.51
2019-04-01,47.81,191.77,90.7095,111.7,391.54,140.25,161.18,54.98,124.94,112.51,196.74,195.64,152.3302,143.3,138.98,104.64,46.72,188.39,176.6167,83.3,119.02,85.23,4.557,103.64,144.4433,138.02,245.54,157.26,59.09,32.6067
2019-04-02,48.505,192.43,90.699,111.0,390.75,140.19,160.51,55.29,124.93,111.96,197.5,194.31,151.9245,143.0,137.71,105.14,46.57,188.35,176.775,83.21,119.19,84.37,4.575,103.75,145.7233,136.81,244.41,157.78,58.53,32.3133
2019-04-03,48.8375,192.92,91.035,110.56,384.74,139.26,162.62,55.63,123.89,112.52,200.86,198.61,151.217,143.63,137.17,105.35,46.18,188.35,177.6083,83.18,119.97,84.47,4.7155,103.69,146.8933,136.6,245.84,158.46,58.87,32.3967
2019-04-04,48.9225,192.33,90.943,110.12,395.86,140.13,158.52,55.14,124.8,114.75,202.23,200.45,151.9528,142.78,135.57,105.56,46.48,189.87,179.1917,81.85,119.36,85.28,4.7065,103.43,148.1267,136.52,247.39,157.64,58.99,32.7033
2019-04-05,49.25,195.41,91.864,110.96,391.93,140.36,158.56,55.21,126.42,115.0,202.38,202.06,152.5472,143.28,136.18,105.31,46.47,190.71,179.5083,81.15,119.89,85.4,4.7738,103.65,149.7434,136.4,248.78,157.65,59.09,32.9433
2019-04-08,50.025,194.88,92.493,110.7,374.52,139.82,158.47,55.49,126.68,114.96,202.54,203.55,152.8868,143.39,136.14,105.65,46.55,189.85,179.1833,80.95,119.93,84.73,4.7947,104.97,148.81,135.88,248.75,157.75,59.13,33.0767
2019-04-09,49.875,192.98,91.792,109.85,369.04,136.35,156.97,55.18,125.54,116.86,200.62,200.9,151.7453,142.11,135.57,104.87,46.67,190.08,176.6333,80.8,119.28,84.28,4.7315,104.66,147.9133,135.19,248.79,157.49,58.4,32.8967
2019-04-10,50.155,193.89,92.3665,110.16,364.94,137.53,160.24,55.82,125.49,117.16,202.98,199.43,150.9151,143.02,135.58,105.34,46.64,189.22,176.7583,80.82,120.19,84.88,4.8025,104.65,147.9033,135.46,246.03,158.56,58.61,33.2
2019-04-11,49.7375,192.11,92.2035,109.85,370.16,138.87,160.73,55.6,125.99,116.6,202.83,201.48,151.7925,143.78,135.21,106.23,46.71,188.88,177.9417,79.84,120.33,85.0,4.7885,104.75,147.7533,136.28,235.42,157.86,58.56,33.6
2019-04-12,49.7175,191.42,92.153,110.91,379.64,141.2,160.71,56.29,119.76,130.06,207.84,203.85,153.2736,144.35,135.98,111.21,46.74,191.6,181.1833,79.43,120.95,86.24,4.7503,105.06,147.1767,137.72,223.22,159.64,58.74,33.8533
2019-04-15,49.8075,191.2,92.2435,110.53,375.46,140.25,160.09,56.56,120.14,132.04,199.91,204.86,152.8302,143.9,136.52,109.94,47.0,191.85,179.8583,78.53,121.05,86.83,4.6175,105.73,147.9233,136.79,230.2,160.44,58.71,34.1433
2019-04-16,49.8125,188.05,93.152,111.88,381.72,142.03,158.69,56.95,121.17,129.9,201.84,204.47,153.6415,145.14,138.02,111.1,46.95,191.7,180.75,77.56,120.77,87.8,4.7053,106.42,150.1567,138.34,220.96,160.23,58.79,34.31
2019-04-17,50.7825,182.47,93.241,111.76,377.52,142.74,155.34,56.31,120.27,131.75,207.9,206.55,153.6698,139.11,138.52,114.3,47.28,191.61,181.3667,73.92,121.77,88.73,4.6823,105.85,147.6367,135.87,216.84,160.44,57.78,34.3867
2019-04-18,50.965,177.47,93.0845,113.67,380.07,143.36,155.99,56.4,119.86,132.45,205.91,205.66,159.4906,140.33,137.52,113.46,47.48,194.91,182.4,73.19,123.37,89.2,4.6575,106.05,150.81,138.93,221.75,160.16,58.04,34.3933
2019-04-22,51.1325,176.36,94.3655,112.33,375.17,142.38,158.76,56.34,121.9,131.68,204.6,204.78,158.717,138.89,137.83,113.6,47.4,193.92,182.1167,73.46,123.76,87.36,4.7118,106.01,150.63,136.61,227.11,160.4,58.37,34.1233
2019-04-23,51.87,179.76,96.1885,113.97,374.02,142.03,161.23,56.69,122.02,133.36,204.14,206.05,162.0849,140.44,139.9,113.74,48.21,195.26,182.9167,74.6,125.44,87.43,4.7668,103.16,153.48,138.01,230.58,161.66,57.15,34.3567
2019-04-24,51.79,178.3,95.0875,114.02,375.46,137.73,159.56,56.88,118.28,135.1,200.54,206.72,161.5943,139.95,139.2,113.55,47.98,197.63,182.5667,74.73,125.01,88.39,4.7793,103.69,152.6333,139.18,230.35,161.49,57.08,34.51
2019-04-25,51.32,180.48,95.1125,115.88,382.8,136.13,163.09,56.33,117.9,137.24,201.4,206.5,160.7736,138.63,139.65,113.61,47.84,197.93,158.9333,76.34,129.15,87.56,4.6728,103.28,150.4333,139.19,230.79,161.02,55.85,34.5067
2019-04-26,51.075,181.47,97.5315,117.6,380.79,139.03,165.96,55.88,117.1,139.92,203.08,203.61,162.5,139.44,140.39,114.47,48.26,197.42,159.725,76.63,129.89,88.31,4.4523,105.86,152.2233,140.24,237.0,162.93,56.58,33.8433
2019-04-29,51.1525,181.17,96.9215,116.76,379.05,139.02,165.36,56.13,117.72,139.3,206.92,202.16,162.783,139.05,139.84,116.12,48.42,197.12,158.5083,76.78,129.77,88.26,4.4833,104.78,150.51,141.46,237.45,164.15,56.84,33.8533
2019-04-30,50.1675,179.32,96.326,117.23,377.69,139.42,165.35,55.95,120.06,136.97,205.92,203.7,163.8019,140.27,141.2,116.05,49.06,197.57,157.925,78.71,130.6,87.83,4.525,106.48,151.61,143.75,233.07,164.43,57.19,34.28
2019-05-01,52.63,176.14,95.576,117.02,376.8,138.15,162.15,55.58,117.81,136.38,204.73,198.8,161.2642,140.56,141.95,115.16,48.59,194.17,155.0583,78.72,127.88,85.9,4.5118,104.93,149.1667,143.08,231.95,162.79,56.52,33.7867
2019-05-02,52.2875,176.5,95.041,117.25,375.8,135.17,161.83,54.94,116.38,134.14,204.99,201.01,161.6793,139.59,141.28,115.41,48.39,194.61,153.9583,79.52,126.21,85.27,4.5798,105.56,150.89,142.7,232.45,161.12,56.99,33.7167
2019-05-03,52.9375,177.31,98.123,119.35,376.46,139.06,163.34,54.94,117.27,134.33,207.52,200.56,163.717,140.25,142.01,116.12,48.72,197.52,154.35,80.0,128.9,85.7,4.5753,106.08,151.97,143.35,231.95,162.04,57.24,34.0267
2019-05-06,52.12,177.06,97.5275,119.34,371.6,136.76,162.5,54.59,118.4,135.0,206.43,199.63,162.8396,140.38,142.09,115.09,48.47,198.9,152.5333,79.48,128.15,83.57,4.4963,105.68,150.8,143.43,240.5,162.28,56.91,34.1533
2019-05-07,50.715,173.87,96.05,118.22,357.23,133.67,156.9,53.45,118.27,133.44,202.63,194.77,160.2359,137.64,139.97,113.21,48.0,198.04,149.2667,77.9,125.52,82.54,4.3278,104.7,148.9934,141.71,238.05,160.21,56.63,33.7667
2019-05-08,50.725,172.15,95.8885,117.49,359.75,131.95,156.86,53.47,117.5,134.99,200.95,195.17,160.717,138.0,139.79,112.61,47.85,198.03,148.825,78.18,125.51,82.77,4.348,105.07,148.17,141.53,239.15,160.76,56.38,33.4333
2019-05-09,50.18,172.87,94.9935,117.26,354.13,131.2,156.31,52.92,121.19,133.59,201.63,194.58,160.7453,135.34,138.73,112.52,47.4,197.73,146.0667,78.33,125.5,82.98,4.2548,104.24,147.32,141.83,237.97,159.81,56.48,33.18
2019-05-10,49.295,171.85,94.499,118.46,354.67,131.34,159.94,53.36,121.99,134.04,202.05,194.58,161.9151,135.32,139.05,112.51,48.19,199.99,146.55,78.19,127.13,83.95,4.2205,106.01,146.64,143.96,240.59,160.71,56.91,33.97
2019-05-13,46.43,167.6,91.134,115.9,337.37,125.3,153.15,51.3,120.44,131.34,194.97,190.34,157.3774,131.42,137.2,109.45,48.05,199.03,145.0583,77.17,123.35,82.53,3.9613,106.11,143.63,143.41,239.55,157.33,56.75,33.2967
2019-05-14,47.165,167.81,92.006,117.01,343.04,127.47,158.07,52.02,121.64,133.2,196.28,191.62,158.6415,133.31,136.82,110.32,48.69,198.01,146.0083,77.42,124.73,83.67,4.051,105.6,144.8034,145.71,236.43,160.21,56.55,33.43
2019-05-15,47.73,169.87,93.5575,117.66,345.64,127.3,155.06,52.44,122.14,134.68,196.4,191.76,159.7925,134.4,136.91,109.9,49.18,199.07,145.1,77.55,126.02,84.01,3.9895,106.7,143.64,146.52,236.08,162.79,56.81,33.2933
2019-05-16,47.52,169.92,95.3785,119.84,353.81,126.61,158.48,55.93,120.8,135.5,199.14,192.38,161.1226,135.88,138.21,111.31,49.58,199.99,143.175,79.13,128.93,84.28,4.0048,108.11,144.4267,147.41,236.79,164.87,57.38,33.77
2019-05-17,47.25,169.91,93.45,119.07,355.02,122.76,154.57,56.35,120.52,135.04,197.43,192.58,160.3302,134.32,138.61,110.77,49.2,199.22,140.9083,78.72,128.07,84.57,3.9133,107.45,145.2267,147.49,241.38,164.09,58.09,33.62
2019-05-20,45.7725,168.39,92.9485,119.84,352.79,122.43,155.98,56.01,120.84,133.91,197.24,190.95,159.0755,135.12,138.42,111.35,48.85,198.99,138.5417,78.88,126.22,82.85,3.7938,107.33,141.5033,148.17,245.99,163.47,59.01,33.84
2019-05-21,46.65,169.69,92.876,120.55,358.75,124.95,155.78,56.52,121.34,134.09,199.11,191.45,160.0,136.45,138.12,111.73,48.6,199.84,139.4167,79.5,126.9,83.64,3.8765,106.37,143.9733,147.47,249.94,163.86,59.5,33.7067
2019-05-22,45.695,171.3,92.984,120.01,352.78,123.56,157.64,55.69,120.57,133.85,195.52,188.91,159.7264,136.35,138.76,110.82,49.65,199.96,141.45,80.98,127.67,83.2,3.805,106.72,143.8133,147.96,249.34,164.24,59.25,34.0767
2019-05-23,44.915,172.11,90.774,118.43,350.55,122.26,153.71,54.19,117.87,132.73,191.97,192.0,157.0189,132.39,139.79,108.64,49.85,198.97,138.225,81.02,126.18,82.64,3.683,106.76,143.5234,146.94,246.5,161.51,58.87,33.9533
2019-05-24,44.7425,171.28,91.164,119.51,354.9,122.9,154.51,54.37,118.71,132.79,193.0,193.59,157.2453,132.28,138.85,109.71,49.61,197.77,138.4083,81.17,126.24,82.16,3.6288,106.69,143.5733,147.94,247.63,162.64,59.32,34.2233
2019-05-28,44.5575,168.85,91.8215,118.17,354.88,121.59,155.19,53.93,118.31,132.62,190.49,191.55,155.9057,130.46,137.07,108.52,49.1,196.67,136.125,80.26,126.16,81.2,3.5833,104.65,142.3433,146.28,242.06,163.71,58.73,34.14
2019-05-29,44.345,169.18,90.9595,117.01,348.8,121.48,152.89,53.18,116.77,131.57,188.05,189.99,155.066,129.69,131.33,108.22,48.61,196.02,134.5,79.36,124.94,78.87,3.5085,104.19,142.1467,145.07,242.4,162.73,58.18,34.04
2019-05-30,44.575,169.04,90.816,116.74,349.87,121.84,155.66,53.57,115.38,132.2,187.37,191.08,156.0849,129.57,132.11,107.06,49.25,199.24,133.8167,79.68,125.73,79.26,3.4778,105.33,141.5234,145.73,243.5,162.76,56.83,34.0633
2019-05-31,43.7675,166.7,88.7535,114.71,341.61,119.81,151.41,52.03,113.85,132.04,182.49,189.85,155.0094,126.99,131.15,105.96,49.13,198.27,133.125,79.21,123.68,77.14,3.3865,102.91,139.8167,145.57,241.8,161.33,54.35,33.8133
2019-06-03,43.325,172.36,84.6345,114.62,338.89,120.65,145.1,51.78,115.99,132.47,183.19,189.57,157.0472,128.27,131.44,106.46,49.98,198.78,133.3667,80.26,119.84,77.96,3.3445,103.8,142.27,146.79,236.56,158.6,56.38,33.9867
2019-06-04,44.91,174.73,86.478,116.85,344.62,122.08,150.81,53.23,117.3,134.82,189.88,195.25,158.6321,132.69,133.73,109.74,50.0,199.63,136.9083,81.08,123.16,81.62,3.575,104.68,145.13,147.55,240.76,162.33,56.22,34.1867
2019-06-05,45.635,174.55,86.925,118.12,348.75,123.12,158.44,54.75,117.65,135.94,188.44,196.69,159.8208,131.49,134.38,110.13,50.78,200.13,136.5417,81.69,125.83,82.72,3.532,106.73,149.9233,149.85,242.77,165.39,57.03,34.8067
2019-06-06,46.305,174.45,87.718,119.43,350.64,123.39,159.31,55.1,120.68,137.21,189.81,197.17,160.6226,132.22,136.68,110.37,51.4,203.05,137.2667,81.44,127.82,82.45,3.5945,107.38,155.52,149.0,241.82,166.92,57.54,35.0367
2019-06-07,47.5375,175.51,90.2015,121.11,353.7,124.46,161.27,55.93,121.48,138.04,189.81,197.3,162.5094,133.31,138.55,109.16,51.49,205.48,138.8417,82.46,131.4,83.41,3.6375,108.77,157.9934,149.53,246.77,170.05,57.24,35.3533
2019-06-10,48.145,175.58,93.0315,122.66,353.8,125.74,152.79,56.42,122.29,137.07,194.12,198.05,161.5849,134.74,139.02,110.34,51.38,201.3,140.2417,82.48,132.6,82.58,3.7108,108.72,157.1833,149.32,248.14,170.82,56.15,35.84
2019-06-11,48.7025,174.62,93.185,123.23,349.33,127.28,150.15,57.11,121.17,135.08,194.73,198.01,161.934,135.95,139.78,110.68,51.33,203.26,140.7583,82.98,132.1,83.26,3.7688,109.38,156.9567,149.19,245.87,170.31,56.83,35.98
2019-06-12,48.5475,175.6,92.766,122.03,347.03,127.1,151.28,55.86,120.19,135.72,190.22,198.94,163.1132,134.87,141.68,109.27,51.64,204.93,140.8417,83.71,131.49,82.63,3.655,109.68,157.9567,149.73,244.5,171.59,57.36,36.2733
2019-06-13,48.5375,176.71,93.515,121.86,348.86,127.17,151.34,56.17,120.91,141.74,191.45,202.35,163.3868,135.76,140.71,109.54,51.13,204.49,140.7083,82.9,132.32,83.61,3.7065,110.91,159.67,149.41,244.96,169.35,57.62,36.2167
2019-06-14,48.185,176.08,93.4835,122.0,347.16,127.23,150.01,54.75,120.81,141.65,191.66,205.77,163.0283,135.15,140.09,109.82,51.31,205.29,138.9083,82.78,132.45,83.44,3.616,111.2,157.8833,150.11,245.37,169.66,58.28,36.3567
2019-06-17,48.4725,178.39,94.3015,121.45,354.9,127.32,150.29,55.4,121.39,140.97,190.83,206.98,162.6038,134.95,139.44,109.22,50.87,203.81,138.9833,83.3,132.85,82.11,3.6258,110.99,155.92,149.92,245.97,169.56,57.63,36.3867
2019-06-18,49.6125,181.61,95.0685,123.43,373.96,130.33,150.59,56.05,122.93,139.24,194.98,207.48,165.8019,136.38,140.23,110.71,50.64,204.51,143.2167,84.49,135.16,84.3,3.822,109.6,154.9233,150.33,245.7,169.28,57.33,36.55
2019-06-19,49.4675,182.77,95.4395,124.68,368.56,130.61,154.14,56.13,122.89,140.92,195.64,207.94,165.4811,137.08,140.45,109.91,51.12,204.55,142.2917,85.36,135.69,83.55,3.828,110.42,155.0,151.6,250.19,170.69,57.63,36.54
2019-06-20,49.865,184.08,95.9095,124.92,374.88,133.63,157.2,57.41,124.28,142.02,195.7,211.25,166.3113,138.85,142.21,110.19,51.66,205.12,144.95,84.6,136.95,85.24,3.8525,111.74,157.22,152.19,247.76,173.74,57.34,36.7733
2019-06-21,49.695,187.11,95.565,124.73,371.84,133.89,156.84,57.03,124.93,140.23,195.94,209.39,164.4434,139.2,142.09,109.44,51.55,204.26,144.4583,84.57,136.97,85.75,3.794,111.2,155.23,151.48,252.28,173.44,57.77,37.0433
2019-06-24,49.645,184.83,95.695,124.14,373.99,134.37,152.56,57.18,124.91,139.22,197.49,205.5,164.7264,139.35,143.06,108.66,51.92,203.92,144.4833,85.51,137.78,84.5,3.8165,112.33,155.32,152.02,249.64,173.85,58.27,37.08
2019-06-25,48.8925,184.44,93.9135,123.16,369.32,133.71,149.34,56.08,123.64,139.94,196.06,204.74,164.0944,138.36,144.24,107.76,51.76,205.71,143.3583,85.24,133.43,82.62,3.787,111.72,154.4433,153.13,247.66,171.28,58.0,36.9067
2019-06-26,49.95,183.17,94.8915,123.59,374.94,135.15,149.04,56.6,123.93,140.4,197.01,206.42,163.7642,138.52,141.85,108.48,51.12,204.55,143.2333,83.54,133.93,82.55,3.9815,109.73,151.4233,148.7,243.47,171.06,56.99,36.72
2019-06-27,49.935,184.02,95.214,123.94,364.02,135.5,150.69,55.73,123.11,139.3,199.32,207.02,164.0,138.52,140.69,108.84,51.08,206.27,142.9167,83.83,134.15,83.66,4.0808,109.78,151.5833,149.2,246.34,171.23,57.25,36.7
2019-06-28,49.48,184.28,94.6815,123.44,364.01,136.29,151.73,54.73,124.44,139.64,204.6,207.97,164.7075,137.9,139.28,111.8,50.92,207.66,144.45,83.85,133.96,83.95,4.1058,109.65,152.7633,149.52,244.01,173.55,57.13,36.83
2019-07-01,50.3875,186.35,96.1095,124.92,356.46,136.6,154.06,54.74,124.84,141.65,206.86,210.28,166.8019,139.88,139.36,113.68,51.6,206.3,145.425,84.75,135.68,85.41,4.1543,110.49,153.7667,151.42,242.64,173.94,56.66,36.8733
2019-07-02,50.6825,186.64,96.7155,125.1,354.16,135.85,154.12,55.81,122.93,142.53,205.98,210.14,166.6226,140.22,140.03,113.8,51.98,209.58,145.0167,85.51,136.58,84.96,4.0558,111.48,154.4634,152.83,243.97,175.28,58.13,37.2
2019-07-03,51.1025,188.58,96.95,125.86,354.47,135.59,155.59,56.48,123.35,142.98,206.04,212.1,168.3019,141.54,142.14,112.82,52.1,212.81,145.8167,86.9,137.46,86.2,4.0688,114.08,156.72,154.3,245.21,176.87,58.13,37.44
2019-07-05,51.0575,185.94,97.1455,125.4,355.86,135.49,154.58,56.6,123.54,142.45,207.9,211.46,166.5943,141.38,140.57,113.49,52.11,211.24,143.3333,85.6,137.06,86.82,4.0058,113.15,155.38,154.09,246.99,176.66,58.31,37.3267
2019-07-08,50.005,182.24,97.616,124.85,351.12,134.84,152.81,56.19,123.6,141.02,205.75,212.91,165.7264,140.57,140.97,112.87,52.0,212.16,140.9917,84.04,136.96,88.48,3.9303,114.05,154.2633,153.8,247.84,176.19,57.89,37.5733
2019-07-09,50.31,181.59,99.415,125.9,353.09,134.29,153.95,56.34,123.35,141.61,207.77,212.0,165.5849,139.33,141.41,113.35,51.59,212.09,138.0833,84.86,136.46,88.04,3.9328,112.91,154.0467,153.45,246.0,177.73,56.41,37.6267
2019-07-10,50.8075,182.27,100.8705,126.89,352.3,132.64,156.27,57.13,125.44,143.54,205.97,210.75,164.5849,140.47,141.21,113.02,51.82,213.0,138.0833,84.82,137.85,87.44,4.0015,113.75,152.5133,153.33,247.48,179.31,57.0,37.66
2019-07-11,50.4375,178.0,100.0535,127.28,359.0,133.96,158.9,57.3,125.43,143.56,211.35,214.04,164.6604,141.24,140.11,114.1,52.04,212.69,140.8667,81.0,138.4,88.29,4.157,114.38,155.0667,152.43,261.16,180.74,56.92,37.9733
2019-07-12,50.825,174.93,100.55,127.96,365.33,138.36,158.08,57.95,125.98,144.88,213.94,218.23,167.1132,142.74,134.3,115.3,52.12,212.99,144.45,79.73,138.9,89.12,4.1903,114.99,156.5767,153.39,265.9,180.33,57.19,38.2
2019-07-15,51.3025,176.12,101.0495,128.57,361.61,139.64,159.65,58.05,125.72,145.06,211.58,218.7,165.1038,143.32,134.71,113.9,52.13,214.21,144.0333,80.96,138.9,89.48,4.1818,115.48,157.9567,154.83,265.96,180.57,57.58,38.3267
2019-07-16,51.125,177.47,100.495,128.06,362.75,139.09,157.13,57.62,124.76,144.3,215.52,217.26,164.8868,143.53,132.5,115.12,52.14,213.72,147.075,81.59,137.08,88.6,4.177,115.89,155.8467,154.59,264.66,179.31,57.41,38.2533
2019-07-17,50.8375,177.06,99.6015,127.08,369.52,135.73,158.24,57.21,124.14,142.57,213.3,215.61,159.0755,143.07,131.86,113.99,52.18,213.71,145.5583,81.92,136.27,87.5,4.2428,115.94,152.2833,152.38,266.65,179.15,57.22,38.2
2019-07-18,51.415,179.54,98.895,128.4,361.11,134.89,157.98,57.74,124.68,141.63,214.52,214.44,164.0377,149.63,132.07,114.67,52.03,215.91,144.2167,82.69,136.42,87.44,4.2545,115.44,152.5633,152.71,260.6,180.53,57.21,38.24
2019-07-19,50.6475,178.39,98.226,124.82,377.36,136.23,156.75,57.36,125.04,139.85,213.52,213.04,163.1981,149.68,130.31,113.54,51.39,213.87,143.8417,81.39,136.62,86.55,4.211,115.01,152.2,150.23,256.65,179.24,56.59,37.9667
2019-07-22,51.805,175.89,99.2815,126.0,373.42,135.24,157.7,57.73,125.31,140.84,214.0,211.27,163.7547,149.74,128.64,114.27,51.22,215.0,145.5333,81.21,138.43,85.97,4.283,115.3,151.53,149.71,255.32,180.57,55.5,37.6067
2019-07-23,52.21,176.01,99.7245,128.2,373.07,138.1,156.25,57.71,125.82,141.26,219.43,213.08,164.9623,150.38,128.84,116.36,54.33,214.31,147.9333,82.03,139.29,86.7,4.3915,113.85,163.41,147.5,255.01,180.9,55.48,37.3633
2019-07-24,52.1675,175.77,100.0405,127.95,361.43,131.91,159.75,57.23,126.54,141.29,222.03,214.71,164.1132,150.03,129.78,116.83,53.78,212.78,149.5167,81.75,140.72,86.7,4.4665,112.6,167.0433,148.85,251.13,183.33,55.97,37.3333
2019-07-25,51.755,174.11,98.691,127.15,348.09,134.71,159.35,56.62,125.63,143.21,219.98,215.55,163.934,150.39,131.12,115.71,53.07,214.44,148.4417,81.75,140.19,87.28,4.3345,112.77,169.7667,148.49,248.7,181.59,56.36,37.4067
2019-07-26,51.935,175.34,97.1525,126.78,345.0,132.92,159.97,56.53,123.72,144.65,222.14,216.91,163.783,151.36,130.73,116.22,54.17,215.58,144.9833,81.43,141.34,87.54,4.3768,114.73,170.7667,149.93,252.94,183.69,57.08,37.6733
2019-07-29,52.42,176.08,95.6225,127.19,340.21,134.46,156.21,56.93,124.23,146.39,220.32,218.04,164.6509,150.88,133.02,115.85,53.99,214.98,147.3,82.49,141.03,87.62,4.3705,116.0,170.0467,148.74,253.82,183.21,57.37,37.4233
2019-07-30,52.195,176.45,94.9265,126.47,347.46,132.95,156.96,56.47,124.34,144.93,221.4,217.36,164.066,149.77,132.08,115.59,53.72,212.34,148.025,83.27,140.35,87.2,4.3863,120.41,171.6733,147.62,254.93,181.53,56.63,37.3533
2019-07-31,53.26,186.58,93.339,124.37,341.18,131.67,154.5,55.4,123.11,143.01,220.13,213.69,162.6981,148.24,130.22,116.0,52.63,210.72,145.6,82.99,136.27,86.03,4.218,118.04,171.0133,146.62,249.01,178.0,55.27,36.7933
2019-08-01,52.1075,186.0,92.766,124.09,334.29,126.79,150.81,55.39,120.74,141.85,211.6,212.83,159.9528,150.32,130.29,112.94,52.03,211.25,144.4667,83.69,138.06,83.12,4.123,116.73,170.9833,145.78,249.25,179.17,55.26,36.46
2019-08-02,51.005,187.22,91.162,124.31,339.56,124.54,145.7,53.25,120.73,141.71,209.37,212.15,158.5,147.25,131.07,112.93,52.33,214.48,142.125,84.47,136.9,81.14,4.0298,116.44,170.1567,146.92,250.05,177.42,55.59,36.4667
2019-08-05,48.335,181.5,88.2565,120.72,331.06,121.65,142.82,51.37,118.74,138.3,201.68,204.94,152.8396,140.76,130.16,109.57,51.65,210.45,137.2583,83.12,132.21,78.97,3.7698,113.08,165.12,143.93,245.06,168.86,55.22,35.2733
2019-08-06,49.25,184.46,89.3915,122.55,332.45,122.08,142.8,52.6,119.38,141.87,206.01,208.8,155.2076,140.73,130.77,110.43,52.27,214.08,136.425,84.35,134.69,81.3,3.8088,114.28,166.29,145.96,248.28,172.48,55.05,35.7567
2019-08-07,49.76,183.54,89.67,123.54,331.38,120.78,141.64,52.34,119.1,134.86,205.74,207.91,154.1415,139.11,130.21,108.03,53.18,216.83,136.3667,84.25,135.28,81.28,3.8473,115.52,170.9967,147.36,246.45,175.32,55.09,36.0667
2019-08-08,50.8575,185.23,91.6445,125.29,336.35,122.02,143.82,53.16,123.23,137.89,207.0,211.57,157.5566,140.1,131.68,109.86,53.69,218.01,136.85,84.73,138.89,83.0,3.9565,117.44,174.4367,148.22,247.62,179.9,55.82,36.1733
2019-08-09,50.2475,196.25,90.379,126.17,337.55,119.38,143.37,52.43,122.42,138.52,206.9,210.02,157.2358,136.13,132.04,109.74,53.42,221.15,136.225,85.52,137.71,81.98,3.8545,116.78,173.2533,149.07,248.63,179.05,55.78,35.76
2019-08-12,50.12,205.78,89.246,123.95,332.94,116.72,140.72,51.54,121.55,135.75,201.52,207.01,155.6227,134.12,131.93,107.68,53.2,217.16,135.0833,85.73,135.79,81.65,3.7863,116.03,171.91,146.3,243.2,176.34,55.69,35.0733
2019-08-13,52.2425,206.12,91.217,126.32,332.86,119.01,143.88,52.72,122.39,137.01,204.11,208.33,158.4717,135.79,133.42,109.34,53.5,219.73,137.4,86.08,138.6,83.32,3.9013,117.25,175.2833,148.22,249.22,178.61,56.37,35.8033
2019-08-14,50.6875,198.87,88.148,122.65,320.42,115.21,139.72,50.61,117.74,132.85,195.56,201.59,154.7547,131.25,130.26,104.8,52.99,216.48,132.3417,83.4,133.98,81.03,3.7518,115.79,171.7533,143.48,243.2,173.51,55.72,35.4
2019-08-15,50.435,199.31,88.806,122.38,328.0,115.25,142.13,46.25,116.95,133.41,196.18,201.79,153.0849,131.92,130.54,105.2,53.87,218.27,130.7,83.46,133.68,79.51,3.7193,117.39,173.4,145.59,244.25,176.27,56.3,37.5633
2019-08-16,51.625,204.02,89.6285,124.63,330.45,116.43,143.89,46.96,115.81,135.2,199.42,203.65,155.6887,133.76,131.36,107.72,54.41,218.47,134.5833,85.06,136.13,80.28,3.989,119.18,176.6967,146.81,245.69,178.23,56.65,37.6633
2019-08-19,52.5875,206.0,90.806,124.4,333.78,117.36,143.67,48.5,117.31,135.29,202.2,207.95,156.4717,135.04,132.25,108.69,54.69,218.78,135.7917,86.19,138.41,81.13,4.2695,120.24,176.1467,147.58,244.71,179.74,57.0,37.9367
2019-08-20,52.59,203.17,90.069,121.42,331.75,116.67,145.54,47.93,116.13,135.13,199.98,217.09,154.217,133.0,130.6,107.31,53.88,218.47,134.175,85.65,137.26,80.53,4.1968,118.9,174.6667,146.51,240.16,179.24,56.27,37.35
2019-08-21,53.16,203.94,91.177,122.5,339.99,117.68,147.38,48.77,117.88,135.76,200.68,220.4,154.5189,134.25,131.53,107.61,54.1,220.71,134.2917,86.91,138.79,82.74,4.2807,119.2,175.8867,147.04,240.35,180.94,56.59,37.34
2019-08-22,53.115,203.42,90.28,122.27,354.41,117.89,148.24,48.18,117.73,136.08,202.42,221.02,153.6792,134.32,131.27,108.72,54.49,219.49,134.0667,86.72,137.78,83.31,4.287,119.42,174.5,147.81,232.94,180.09,56.78,37.3033
2019-08-23,50.66,199.08,87.481,117.76,356.01,114.06,151.57,46.61,115.18,131.67,196.2,217.47,147.6321,129.57,127.73,106.02,53.74,214.66,129.875,84.94,133.39,80.44,4.061,117.32,170.8667,144.73,230.66,175.23,55.92,36.9433
2019-08-26,51.6225,205.41,88.4435,118.53,359.04,114.42,155.14,47.1,115.74,134.61,199.65,218.65,148.0283,129.99,127.8,106.87,54.54,216.91,130.1,85.88,135.45,82.25,4.1363,119.32,171.1534,147.34,231.08,177.59,56.71,37.33
2019-08-27,51.04,206.49,88.0915,117.75,354.73,113.38,153.57,46.79,115.83,134.49,198.07,218.21,148.566,131.17,129.64,105.74,54.72,216.05,129.7917,85.52,135.74,82.03,4.045,120.55,171.7967,147.1,222.93,178.38,57.18,37.4733
2019-08-28,51.3825,207.52,88.2125,119.09,359.97,114.86,151.83,46.87,116.83,136.55,200.42,221.95,150.5189,132.76,128.68,106.8,55.11,218.07,131.2917,86.48,135.56,83.48,4.0305,121.4,174.23,146.37,227.35,178.67,57.95,37.5733
2019-08-29,52.2525,206.98,89.32,120.74,362.74,117.77,155.93,47.27,117.52,137.84,203.44,227.32,154.3396,134.88,128.24,109.22,55.05,220.54,133.6333,86.72,138.12,85.38,4.175,121.18,174.8933,146.94,230.62,181.17,57.94,38.0267
2019-08-30,52.185,208.62,88.8145,120.37,364.09,119.0,156.07,46.81,117.72,137.26,203.91,227.91,155.3019,135.53,128.36,109.86,55.04,217.97,134.7667,86.47,137.86,84.5,4.1878,120.23,175.5833,146.96,234.0,180.82,58.16,38.0867
2019-09-03,51.425,205.52,89.492,117.6,354.42,117.03,152.73,46.5,116.27,136.31,198.97,224.07,154.2736,134.1,128.74,108.56,55.3,217.13,132.2,86.65,136.04,84.67,4.1043,121.36,175.7267,147.57,230.62,179.2,58.04,38.2133
2019-09-04,52.2975,206.32,90.031,118.4,356.53,119.1,152.46,47.32,117.25,137.89,201.73,224.15,157.6793,136.32,128.86,109.87,55.77,218.5,133.3917,86.05,137.63,86.35,4.219,123.21,178.2233,150.16,226.73,181.77,58.18,38.6367
2019-09-05,53.32,207.65,92.036,120.67,360.3,122.99,153.77,48.42,117.64,138.84,207.05,228.15,160.7264,140.97,128.58,112.37,55.12,219.49,136.8583,86.1,140.05,88.42,4.4935,122.76,178.1733,151.74,229.59,184.73,58.59,38.48
2019-09-06,53.315,207.73,91.6755,120.19,363.0,122.7,151.07,48.84,118.26,139.55,207.21,231.13,161.4717,140.57,128.21,112.61,55.23,220.03,136.6167,86.57,139.1,88.69,4.4663,122.87,178.2467,152.84,229.0,185.74,59.06,38.2433
2019-09-09,53.5425,202.34,91.5675,119.92,358.78,127.25,149.54,48.58,119.39,138.83,211.98,232.87,160.0566,142.6,126.95,115.4,54.52,217.26,138.2833,83.47,137.52,88.67,4.5125,122.17,174.3434,149.23,230.68,181.55,58.66,38.7767
2019-09-10,54.175,196.87,91.0275,117.31,369.49,130.29,149.65,49.21,121.85,135.79,215.63,233.0,160.0094,145.05,129.55,116.87,54.4,209.68,140.7167,81.69,136.08,86.83,4.5795,119.88,173.91,146.57,232.46,176.35,59.71,38.6833
2019-09-11,55.8975,195.84,91.1495,118.0,382.94,133.09,154.09,50.03,121.28,136.19,216.8,232.66,161.5849,143.6,131.17,117.19,54.77,210.2,140.0667,82.92,136.12,86.75,4.6083,121.27,175.8,146.23,234.21,174.98,60.13,38.6733
2019-09-12,55.7713,194.0,92.1775,119.02,375.63,131.75,154.75,49.93,121.42,137.5,218.74,233.8,159.0849,143.62,130.43,117.91,55.11,212.15,142.15,83.31,137.52,87.67,4.6068,122.77,179.65,148.3,230.1,177.98,60.43,38.9733
2019-09-13,54.6875,195.47,91.967,119.2,379.76,133.78,152.98,50.03,121.5,138.02,219.9,233.98,158.217,143.67,130.78,120.23,54.26,209.81,142.8667,82.61,137.32,87.32,4.5485,122.12,180.5067,146.31,233.61,177.27,59.96,39.1433
2019-09-16,54.975,194.08,90.392,117.64,378.85,133.15,153.01,49.96,124.12,135.8,217.22,230.99,156.8019,142.48,129.54,119.16,53.96,207.4,141.3917,82.03,136.33,87.27,4.5053,119.75,175.83,146.34,234.43,176.11,59.5,38.5233
2019-09-17,55.175,196.72,91.1275,119.05,384.2,132.17,152.82,49.41,123.89,136.31,215.91,230.21,157.0377,142.2,129.67,118.57,54.24,209.85,140.0583,82.51,137.39,87.59,4.5268,121.16,179.1733,147.25,232.52,176.45,59.87,38.8367
2019-09-18,55.6925,195.04,90.873,118.74,386.41,131.07,152.77,49.34,124.18,136.8,217.08,230.83,158.4623,142.22,130.41,119.76,54.23,210.43,139.5333,83.02,138.52,88.08,4.4995,121.41,180.9467,146.47,230.61,175.29,59.93,39.0533
2019-09-19,55.24,195.65,91.075,117.79,384.44,130.12,153.6,49.19,123.66,133.3,215.23,228.12,157.3302,142.97,130.11,119.38,54.52,210.52,139.225,83.97,141.07,87.7,4.4235,121.9,183.26,146.94,232.85,175.96,59.98,39.0367
2019-09-20,54.4325,196.94,89.708,116.8,379.39,128.16,155.2,49.6,124.32,132.27,213.74,224.67,158.783,141.88,131.65,118.9,53.91,209.39,138.9667,85.16,139.44,86.68,4.3173,122.24,183.5133,146.28,232.89,174.06,60.29,38.9933
2019-09-23,54.68,197.76,89.265,118.24,377.03,128.42,154.65,49.42,124.9,132.46,213.46,226.25,157.6793,142.07,131.74,118.88,54.14,211.54,138.9667,84.36,139.14,87.69,4.371,123.22,180.55,146.54,228.77,174.91,60.21,39.2067
2019-09-24,54.42,196.55,87.0805,118.17,381.65,125.99,152.05,49.12,123.74,131.97,207.75,225.41,156.3774,141.68,131.55,117.33,54.3,212.02,137.2833,83.6,137.38,87.18,4.3133,123.61,180.8333,146.75,225.0,174.48,60.51,39.4667
2019-09-25,55.2575,196.06,88.4165,119.12,386.2,126.61,152.99,49.605,123.51,133.09,210.03,228.1,157.4811,143.16,130.99,118.0,54.17,212.63,136.6667,83.1,139.36,90.81,4.4558,123.02,181.5133,146.85,222.17,175.28,60.27,39.49
2019-09-26,54.9725,195.38,86.992,118.91,386.89,126.39,152.34,48.83,120.16,131.27,208.22,229.79,157.5755,143.55,128.85,117.03,54.39,212.6,136.525,83.88,139.54,92.17,4.4335,124.31,182.7833,148.1,215.48,175.65,60.44,39.4333
2019-09-27,54.705,194.94,86.2725,118.59,382.86,126.59,148.26,48.84,118.6,129.96,208.97,229.86,158.5283,143.24,128.6,117.72,54.31,213.16,137.1083,82.91,137.73,92.31,4.294,124.57,181.4267,148.0,215.26,174.0,60.3,39.4833
2019-09-30,55.9925,193.51,86.7955,118.28,380.47,126.31,148.44,49.41,118.6,130.32,207.23,232.02,159.6226,145.42,129.38,117.69,54.44,214.71,137.0,84.18,139.03,93.92,4.3518,124.38,183.29,148.69,217.32,172.01,60.36,39.56
2019-10-01,56.1475,193.19,86.7825,116.7,374.94,122.37,147.69,47.74,116.01,129.55,202.69,231.08,154.8962,143.66,129.99,115.55,54.65,209.02,131.9833,83.61,137.07,92.28,4.35,123.85,181.62,145.55,217.21,174.29,59.85,39.2833
2019-10-02,54.74,189.21,85.6615,112.86,367.36,119.96,144.22,46.56,112.29,129.14,198.25,225.55,151.9623,141.69,132.0,113.25,53.08,206.27,129.7083,81.62,134.65,91.49,4.326,121.08,180.3367,142.39,216.75,169.83,58.91,38.7067
2019-10-03,55.205,192.62,86.221,112.55,372.07,120.04,147.0,47.06,113.15,128.15,197.24,226.81,152.3774,142.02,131.19,112.19,53.84,210.03,129.3583,82.74,136.28,92.22,4.5328,121.74,181.0633,141.73,215.36,172.87,59.01,38.77
2019-10-04,56.7525,195.59,86.9825,114.41,375.7,121.04,148.03,47.52,113.85,130.27,200.8,227.93,154.3679,142.99,133.66,114.62,54.54,211.69,129.85,85.0,138.12,93.07,4.5493,124.0,182.9467,144.96,219.8,175.98,59.9,39.3867
2019-10-07,56.765,197.17,86.633,113.65,376.54,120.25,148.8,47.77,113.26,130.9,200.4,226.74,153.9434,141.28,133.16,114.37,53.87,211.92,127.9333,84.39,137.12,93.17,4.6083,122.84,183.0934,143.15,221.24,174.9,60.25,39.0767
2019-10-08,56.1,196.08,85.2755,112.54,374.1,117.97,145.91,46.39,111.71,128.47,197.37,226.67,149.6415,138.38,131.84,111.82,53.58,211.11,125.6167,83.29,135.67,91.75,4.4308,120.93,181.98,140.63,220.11,172.42,59.72,39.1933
2019-10-09,56.7575,196.69,86.0995,113.92,374.96,119.44,147.05,46.84,113.14,129.33,196.85,228.94,150.7925,139.67,129.22,112.63,53.83,212.83,125.825,84.18,138.24,92.52,4.5178,121.98,185.22,141.3,222.08,174.88,59.22,39.6433
2019-10-10,57.5225,198.68,86.013,115.02,371.0,122.69,146.41,46.15,114.59,129.34,199.87,231.61,151.8585,141.13,129.06,114.21,53.66,211.76,126.925,83.76,139.1,93.0,4.5758,121.94,186.2333,141.56,223.73,174.88,59.83,39.87
2019-10-11,59.0525,200.8,86.596,116.4,374.92,128.4,149.37,46.56,116.15,130.02,204.68,234.66,154.2736,142.76,131.33,116.14,53.3,209.02,131.75,84.34,139.68,93.88,4.6498,121.09,183.3367,142.6,222.07,177.06,59.93,40.08
2019-10-14,58.9675,202.89,86.8215,116.39,373.18,128.38,149.37,46.05,116.18,129.7,205.82,234.18,153.7547,142.04,130.72,116.45,53.3,208.38,133.7583,84.69,139.55,94.88,4.6633,120.05,183.45,143.11,220.59,177.36,59.6,39.7233
2019-10-15,58.83,204.66,88.369,117.59,370.96,131.03,152.74,46.36,116.31,129.76,206.46,235.62,154.3774,143.0,132.84,119.96,53.51,207.22,135.8167,85.04,141.575,94.79,4.9092,117.2,186.2967,143.31,238.59,178.75,60.55,39.8433
2019-10-16,58.5925,203.21,88.8715,117.41,372.43,130.19,146.97,46.79,115.11,130.86,207.42,235.9,154.3679,142.11,135.17,119.68,53.49,208.3,135.15,84.45,140.41,94.88,4.8553,117.53,188.08,142.57,236.99,177.87,60.29,39.8067
2019-10-17,58.82,203.56,89.374,119.1,369.06,132.07,146.17,47.03,115.35,132.37,206.46,236.77,158.0377,134.26,136.17,120.35,53.79,206.85,136.2833,83.8,139.69,95.56,4.8572,116.63,186.8467,140.48,243.67,177.94,60.41,39.9467
2019-10-18,59.1025,202.72,87.8755,116.76,344.0,130.71,144.09,46.71,114.74,130.89,206.52,237.93,156.1981,134.09,127.7,120.56,54.78,208.5,135.9167,84.68,137.41,96.1,4.7623,117.47,186.9533,141.36,245.34,175.71,61.05,39.7133
2019-10-21,60.1275,202.93,89.283,119.05,331.06,132.23,144.55,47.39,116.61,130.26,209.25,236.7,159.3774,132.58,128.02,123.55,54.23,209.85,138.2833,84.52,138.43,96.22,4.9003,119.08,183.47,141.91,243.92,176.43,60.75,39.9133
2019-10-22,59.99,204.83,88.2865,118.61,337.0,133.69,142.33,47.55,117.8,132.4,209.6,237.2,159.3774,133.96,129.2,124.79,53.85,199.27,139.6167,81.3,136.37,95.6,4.8903,122.18,188.9634,130.15,249.48,170.86,60.77,39.86
2019-10-23,60.795,203.32,88.1085,116.49,340.5,135.34,145.13,47.05,117.98,131.13,211.32,234.67,160.2359,134.38,129.9,125.12,54.64,199.21,140.6333,82.87,137.24,92.32,4.8773,123.0,187.9567,132.16,247.8,171.32,60.88,39.7833
2019-10-24,60.895,203.06,89.039,116.41,344.55,133.85,148.12,46.41,117.58,130.26,211.05,233.89,161.7547,134.07,127.5,125.03,54.61,196.02,134.9083,82.58,139.94,91.5,4.9215,124.79,191.35,131.43,244.51,176.16,60.58,39.7
2019-10-25,61.645,203.05,88.0665,118.26,339.83,139.73,150.49,46.9,118.67,130.9,214.23,234.38,161.9151,135.44,128.35,126.03,53.75,194.61,138.4083,82.26,140.73,90.92,5.1135,123.25,191.6433,130.43,244.91,177.85,60.37,39.68
2019-10-28,62.2625,205.01,88.854,118.58,340.88,140.06,154.79,47.17,118.48,130.53,217.75,236.8,162.9057,135.97,129.18,126.51,53.57,191.78,140.8833,82.2,144.19,90.85,5.1697,123.48,192.7467,129.3,247.05,179.84,60.18,39.74
2019-10-29,60.8225,208.99,88.1355,117.42,348.93,141.33,155.09,47.24,118.13,129.48,217.64,234.14,163.3585,133.82,129.1244,126.43,53.41,192.62,140.675,85.1,142.83,89.28,5.073,123.6,193.87,128.93,252.29,177.63,60.19,39.05
2019-10-30,60.815,210.88,88.9995,118.07,346.06,140.34,158.28,47.56,116.36,129.6,215.81,236.24,164.717,135.25,132.84,125.73,53.94,196.89,140.3083,86.22,144.61,90.19,5.075,124.94,195.41,129.78,254.8,179.25,60.82,39.3667
2019-10-31,62.19,213.25,88.833,117.28,339.91,137.8,156.49,47.51,116.14,129.92,213.38,234.58,162.9528,133.73,132.04,124.92,54.43,196.7,137.4917,86.66,143.37,89.55,5.0255,124.51,190.7734,131.06,252.7,178.86,60.47,39.0867
2019-11-01,63.955,217.95,89.572,119.14,345.19,144.49,159.74,47.03,116.21,132.75,217.39,237.34,166.1509,135.53,131.2,127.8,53.9,193.94,141.7417,84.94,143.72,89.18,5.0648,123.87,193.2134,130.72,252.21,180.93,60.37,39.2067
2019-11-04,64.375,214.41,90.233,119.62,351.09,146.92,157.6,47.48,121.57,132.92,219.87,234.92,169.8113,137.67,130.23,128.82,53.14,188.66,145.75,83.9,144.55,89.86,5.2625,119.07,190.3333,130.2,251.25,178.95,59.87,39.19
2019-11-05,64.2825,215.08,90.0855,118.77,358.29,146.37,158.15,47.76,121.94,131.45,218.64,232.2,170.4528,137.89,130.42,129.1,52.42,192.18,146.0583,82.92,144.46,89.88,5.2403,118.9,188.3033,131.27,250.3,176.37,59.5,39.62
2019-11-06,64.31,216.4,89.7885,119.69,354.19,145.49,158.93,48.27,119.9,131.27,218.42,234.01,170.5755,138.78,130.96,129.3,52.8,194.18,145.0,83.25,144.06,89.48,5.1908,120.32,191.7467,132.35,250.52,176.77,60.13,39.8333
2019-11-07,64.8575,217.99,89.41,121.28,357.31,147.01,159.5,48.42,121.89,132.96,223.29,232.94,169.4906,137.69,131.43,130.0,52.29,193.08,145.4333,82.88,144.26,90.4,5.2085,119.62,189.82,133.01,256.46,178.43,60.53,40.0767
2019-11-08,65.035,221.11,89.294,121.47,351.0,148.16,161.11,48.83,120.93,137.96,222.91,232.84,170.9528,137.61,133.0,130.38,52.21,193.61,144.2917,83.59,145.96,89.81,5.1945,119.7,193.7833,133.29,256.97,178.97,59.35,39.8133
2019-11-11,65.55,220.7,88.5825,120.9,366.96,148.0,161.78,48.1,120.81,136.74,219.03,231.8,170.5944,135.47,131.98,129.92,51.84,192.64,141.7583,83.28,146.11,90.05,5.2045,119.33,193.1367,133.54,254.09,179.54,59.61,39.68
2019-11-12,65.49,221.31,88.9,120.89,362.88,146.34,162.86,48.37,120.96,138.58,220.41,233.12,171.7075,135.59,131.35,129.16,51.71,193.28,142.3667,84.12,147.07,89.5,5.2403,119.27,195.7467,133.35,255.25,179.74,59.32,39.7067
2019-11-13,66.1175,219.67,87.6555,120.26,362.5,144.49,162.6,48.46,122.28,148.72,219.32,234.8,171.6509,134.48,131.27,128.48,52.41,195.0,142.125,84.82,147.31,91.29,5.2143,120.65,196.58,134.13,253.57,179.41,59.41,40.3267
2019-11-14,65.66,218.5,87.73,120.93,367.44,143.44,163.05,44.91,121.96,147.15,219.43,236.55,169.4811,134.0,130.96,128.6,52.63,194.0,142.4417,84.55,148.06,91.27,5.2448,120.5,197.8167,133.95,255.83,179.75,59.34,40.2167
2019-11-15,66.44,220.86,86.9745,120.76,371.68,145.31,163.21,45.09,120.64,144.67,220.25,237.29,171.4623,134.4,134.94,129.53,52.67,193.97,143.2333,84.9,149.97,93.04,5.1048,120.54,197.59,133.57,269.4,179.77,59.51,39.6233
2019-11-18,66.775,220.67,87.6265,119.66,369.46,143.59,162.77,45.15,118.55,147.65,219.73,238.85,169.6226,134.31,134.83,130.62,53.03,194.28,142.1167,84.13,150.34,94.18,5.307,121.89,195.36,134.29,272.93,179.66,59.44,40.0833
2019-11-19,66.5725,224.5,87.6395,120.0,367.0,143.18,163.96,45.47,116.45,148.38,220.04,225.86,169.9245,134.52,134.82,130.58,53.08,193.44,142.2333,84.65,150.39,93.61,5.1998,121.42,194.7333,135.46,274.23,182.77,59.5,39.9633
2019-11-20,65.7975,225.51,87.2765,119.3,370.91,141.52,164.2,45.08,117.34,146.93,217.91,220.9,167.1887,133.2,135.94,129.63,53.22,194.13,139.8083,85.27,149.62,93.05,5.2795,122.29,192.0067,135.43,275.56,181.66,59.48,39.71
2019-11-21,65.5025,227.82,86.7355,118.8,366.44,143.36,162.88,44.84,118.77,146.9,218.23,218.54,166.5377,133.84,136.44,129.93,52.96,192.35,137.6167,85.46,149.48,92.16,5.2545,120.34,189.52,134.69,276.55,179.89,59.61,39.9533
2019-11-22,65.445,230.74,87.286,119.06,371.34,143.88,162.81,44.85,118.63,148.29,220.28,218.03,166.783,134.34,138.07,130.79,53.03,193.14,139.6667,85.45,149.59,93.34,5.2723,120.29,191.61,135.13,276.84,179.47,59.75,39.7867
2019-11-25,66.5925,234.54,88.692,120.6,373.13,146.42,161.71,45.45,118.38,149.69,222.75,218.4,166.5189,135.97,137.18,131.49,53.22,191.89,141.8667,85.7,151.23,92.9,5.5303,120.51,193.3367,135.03,282.67,180.97,59.38,39.64
2019-11-26,66.0725,234.39,89.847,119.79,373.51,146.09,162.54,45.31,117.79,151.64,222.45,220.76,168.4151,135.09,137.17,131.67,53.9,194.01,141.025,87.34,152.03,93.33,5.425,122.26,195.7267,136.68,281.4,182.55,59.89,39.73
2019-11-27,66.96,234.54,90.9255,120.33,368.0,145.69,161.51,45.24,118.07,151.48,222.95,223.0,169.2642,133.77,137.75,132.06,53.95,196.3,142.175,87.61,152.32,94.14,5.456,121.76,194.9533,136.84,280.67,184.37,60.1,39.5867
2019-11-29,66.8125,234.72,90.04,120.12,366.18,144.73,162.89,45.31,117.13,151.58,221.35,220.51,168.4434,134.45,137.49,131.76,53.4,194.48,141.475,87.18,151.38,93.49,5.4185,122.06,194.3767,136.72,279.87,184.51,60.24,39.6967
2019-12-02,66.04,233.48,89.08,117.26,355.18,142.96,161.0,44.7,116.8,150.62,217.64,217.62,164.4528,132.91,137.36,131.47,53.75,195.18,140.225,87.04,149.55,93.56,5.2313,122.72,191.61,135.26,279.66,181.79,59.96,39.76
2019-12-03,64.8625,232.77,88.498,116.57,352.08,140.06,161.57,44.28,115.89,148.58,212.24,214.0,162.783,132.12,137.16,129.78,53.8,193.12,137.6417,87.38,149.31,92.46,5.1915,122.95,192.6367,134.62,276.9,181.9,60.14,39.5567
2019-12-04,65.435,233.88,88.0345,117.94,348.84,140.12,156.43,43.89,116.94,148.28,215.94,214.1,163.4057,131.99,139.38,132.34,54.29,194.31,139.2833,88.67,149.85,93.72,5.2355,124.53,190.4367,135.17,279.32,180.6,60.53,39.5633
2019-12-05,66.395,233.41,87.024,118.28,345.68,141.05,158.22,43.52,116.33,147.44,217.14,213.0,164.1604,131.91,139.56,133.06,54.19,194.21,136.975,88.75,149.93,95.79,5.2185,124.62,190.8333,134.31,282.0,181.89,60.82,39.5533
2019-12-06,67.6775,233.77,87.58,120.61,354.09,142.72,158.01,43.84,118.01,147.66,224.61,214.28,165.5283,133.22,140.38,135.04,54.42,195.35,142.8917,88.85,151.75,97.0,5.3043,124.19,192.8467,135.72,280.19,182.17,61.19,39.9267
2019-12-09,66.73,232.82,87.4755,120.46,351.21,142.83,157.48,43.9,117.3,146.21,221.81,216.53,164.6132,133.92,140.5,134.41,54.07,194.68,141.525,88.72,151.36,96.63,5.3043,124.87,192.19,135.45,277.54,182.92,61.01,39.7867
2019-12-10,67.12,233.84,86.9605,120.9,347.9,142.87,156.4,44.1,117.89,146.1,221.88,215.9,164.1887,133.91,139.99,134.5,53.77,194.95,139.7167,89.1,151.13,97.01,5.3495,124.27,190.2833,135.54,279.52,182.26,61.23,39.7133
2019-12-11,67.6925,234.01,87.436,120.64,350.0,144.0,156.39,44.28,116.23,147.59,221.19,212.0,166.0472,133.76,140.98,134.18,53.95,194.72,140.6167,88.98,151.7,97.18,5.4335,124.66,191.83,134.63,280.5,182.01,61.08,39.6667
2019-12-12,67.865,235.99,88.0165,122.64,346.29,146.78,158.59,45.67,118.81,147.76,226.05,212.04,167.3491,135.32,141.34,138.02,54.14,196.31,140.4667,89.57,153.24,97.72,5.6018,124.57,192.27,135.61,283.61,182.64,61.17,39.92
2019-12-13,68.7875,236.74,88.047,124.72,341.67,145.53,161.13,45.3,117.96,146.38,225.0,214.08,166.9623,134.21,141.38,136.81,54.42,197.12,140.6583,89.19,154.53,97.77,5.5998,125.47,190.7433,135.66,285.48,185.14,60.81,40.0967
2019-12-16,69.965,243.2,88.4605,123.68,327.0,145.36,161.96,45.98,119.36,148.46,228.04,215.53,166.4151,134.13,141.79,137.34,54.42,197.88,142.2917,89.29,155.53,98.81,5.6288,125.56,193.17,136.18,292.03,186.24,61.23,40.18
2019-12-17,70.1025,242.84,89.533,124.95,327.0,146.37,161.63,46.44,118.6,147.73,231.15,217.72,166.6981,134.22,143.56,138.18,54.42,196.52,141.6083,89.02,154.69,99.65,5.7073,125.31,192.7134,136.99,290.47,185.52,61.49,40.4267
2019-12-18,69.935,241.94,89.2015,124.26,330.68,147.12,161.48,46.64,118.55,146.26,230.45,218.0,164.7547,134.41,143.19,138.04,53.91,195.63,140.8583,89.62,154.37,100.57,5.7378,124.01,190.87,135.67,292.9,184.9,60.86,39.9533
2019-12-19,70.005,241.84,89.614,124.83,333.5,145.02,163.33,47.88,118.13,146.15,229.94,220.22,166.5094,134.56,145.35,137.35,54.32,197.06,143.4583,89.99,155.71,101.15,5.8865,124.92,192.6167,136.47,294.62,186.54,60.8,40.0267
2019-12-20,69.86,243.06,89.325,125.77,328.0,147.57,164.55,47.45,119.68,146.88,228.93,221.19,166.4245,135.59,146.06,137.24,54.97,197.14,146.1417,91.58,157.41,99.96,5.9843,125.36,193.66,136.43,292.59,188.0,62.07,40.0967
2019-12-23,71.0,243.03,89.65,124.49,337.55,148.5,163.74,48.1,120.33,144.68,229.09,219.21,166.4434,135.55,146.44,137.2,54.91,196.2,148.725,91.74,157.41,100.04,5.9705,124.9,194.42,136.23,295.09,187.08,61.4,39.6767
2019-12-24,71.0675,242.33,89.4605,124.74,333.0,147.48,163.25,47.78,120.34,145.29,229.91,220.67,166.3302,134.98,145.93,137.58,54.71,196.67,147.2333,91.44,157.38,100.14,5.9655,125.22,193.7134,135.83,294.54,187.57,61.28,39.8367
2019-12-26,72.4775,241.9,93.4385,125.41,329.92,148.22,164.51,47.85,120.6,145.7,231.21,220.82,166.8679,134.91,145.83,139.04,55.02,197.06,147.1583,91.34,158.67,100.71,5.9798,125.22,193.8667,136.29,295.65,189.16,61.29,39.84
2019-12-27,72.45,241.53,93.49,125.19,330.14,148.28,164.98,47.77,120.3,145.75,230.66,219.97,166.4906,135.27,145.75,139.14,55.35,198.17,147.7167,91.5,158.96,101.57,5.9218,126.09,193.8967,136.8,295.97,189.39,61.53,39.8633
2019-12-30,72.88,240.27,92.3445,124.3,326.4,147.52,162.44,47.59,119.85,143.77,229.8,217.31,166.434,132.81,145.3,138.63,55.27,196.91,146.525,91.03,157.59,100.8,5.808,124.47,192.9133,136.49,293.85,187.83,61.21,39.8
2019-12-31,73.4125,241.07,92.392,124.49,325.76,147.68,162.64,47.96,120.51,144.63,229.93,218.38,166.9811,134.04,145.87,139.4,55.35,197.61,147.0167,90.95,157.7,101.31,5.8825,124.9,194.5133,136.95,293.98,187.9,61.4,39.6133
2020-01-02,75.0875,240.1,94.9005,125.85,333.32,150.53,166.99,48.42,121.43,148.2,234.32,219.66,170.5566,135.42,145.97,141.09,54.99,200.79,150.0,92.04,160.62,102.2,5.9978,123.41,190.6167,137.51,292.5,191.12,61.05,39.6467
2020-01-03,74.3575,238.47,93.7485,124.6,332.76,148.44,166.17,47.63,121.01,146.5,231.58,218.93,168.7358,134.34,144.28,138.34,54.69,200.08,148.7083,91.25,158.62,101.92,5.9018,122.58,188.15,137.02,289.54,189.6,60.4,39.2967
2020-01-06,74.95,240.3,95.144,124.06,333.74,148.34,173.45,47.8,120.6,145.65,233.95,219.96,167.4623,134.1,144.1,138.23,54.67,202.33,148.85,91.64,159.03,101.83,5.9265,122.75,187.8033,137.17,291.55,189.19,60.27,39.2167
2020-01-07,74.5975,238.04,95.343,123.41,337.28,146.38,176.0,47.49,119.06,145.7,235.49,218.52,167.5566,134.19,144.98,135.88,54.25,202.63,148.25,89.2,157.58,101.78,5.9983,121.99,186.7867,135.16,289.79,188.69,59.6,38.8533
2020-01-08,75.7975,238.22,94.5985,125.54,331.37,147.68,177.33,47.52,117.7,145.4,237.76,221.79,167.6981,135.31,144.96,136.94,54.35,205.91,150.525,88.6,160.09,101.55,6.0095,122.51,189.76,136.61,295.9,191.92,59.71,38.72
2020-01-09,77.4075,238.93,95.0525,127.81,336.34,147.31,179.6,47.32,117.51,144.83,242.6,225.19,168.934,136.74,145.39,137.44,55.34,208.35,151.0,89.38,162.09,101.48,6.0755,123.85,188.5433,137.62,294.22,193.25,58.85,39.12
2020-01-10,77.5825,238.26,94.158,127.28,329.92,146.13,180.2,47.13,116.44,144.62,242.11,224.22,168.566,136.69,145.06,136.07,55.53,207.27,150.3917,89.53,161.34,100.9,6.108,123.97,189.03,135.51,295.13,193.77,58.99,38.7933
2020-01-13,79.24,236.92,94.565,128.54,330.22,146.82,183.85,47.97,116.66,143.88,245.21,223.34,171.0094,136.6,145.7,137.2,56.13,206.51,150.7667,89.51,163.28,102.16,6.2995,124.88,191.62,136.26,285.85,195.33,59.15,38.6267
2020-01-14,78.17,240.0,93.472,128.8,332.35,146.68,182.12,47.79,116.3,145.2,245.66,222.81,170.2358,135.82,146.52,138.8,56.0,207.32,151.1417,89.93,162.13,102.92,6.182,124.69,191.49,136.65,288.24,196.05,59.04,38.7267
2020-01-15,77.835,241.7,93.101,129.82,329.8,145.57,181.06,48.01,116.13,144.32,245.21,224.59,170.5,136.62,147.01,136.72,56.7,209.77,149.8167,91.54,163.18,102.79,6.1393,125.96,194.8533,137.57,296.41,199.8,59.1,38.4267
2020-01-16,78.81,240.5,93.897,130.55,332.0,147.87,182.69,49.05,116.89,145.12,249.72,228.82,171.9434,137.98,148.2,137.25,56.82,210.85,150.8417,91.18,166.17,103.37,6.2233,126.07,194.9933,138.85,300.74,200.95,59.67,38.6333
2020-01-17,79.6825,241.49,93.236,131.52,324.15,147.78,182.23,49.02,115.58,144.33,249.46,231.91,172.8585,138.31,149.17,138.2,56.94,211.98,151.125,90.97,167.1,104.53,6.232,126.41,198.1567,140.73,298.47,204.7,60.13,38.32
2020-01-21,79.1425,237.6,94.6,130.53,313.37,145.85,185.27,48.8,113.31,143.56,245.7,232.95,170.6887,139.17,149.27,136.84,57.17,211.16,149.4917,89.97,166.5,104.58,6.1985,126.09,197.6867,140.91,300.53,207.29,60.32,38.53
2020-01-22,79.425,236.75,94.373,131.49,309.0,142.63,182.75,49.06,112.9,144.01,247.05,232.9,169.8585,143.89,148.25,136.68,57.61,211.44,148.3583,89.65,165.7,104.49,6.2513,126.31,197.6433,141.34,300.59,207.9,60.48,38.7
2020-01-23,79.8075,235.04,94.229,131.37,317.79,142.75,183.98,49.0,113.1,142.2,245.58,233.65,169.4151,142.87,148.53,136.54,57.83,213.42,148.1167,88.56,166.72,103.02,6.3215,124.99,198.8467,134.19,299.46,206.52,60.51,38.6033
2020-01-24,79.5775,225.59,93.082,135.11,323.05,140.38,182.11,48.85,111.85,140.08,241.92,232.0,167.1038,140.56,148.32,133.15,57.68,211.24,148.4583,85.98,165.04,102.03,6.262,125.14,198.28,134.78,292.81,205.0,60.28,38.1233
2020-01-27,77.2375,222.95,91.417,130.64,316.6,135.73,180.71,47.47,110.39,135.9,238.14,231.19,163.717,138.62,148.75,132.03,57.48,209.34,146.3583,86.1,162.28,100.24,6.005,125.69,194.7567,133.73,284.09,201.69,59.91,38.62
2020-01-28,79.4225,224.84,92.6625,132.45,316.56,136.74,182.85,47.77,111.12,138.37,242.58,233.86,165.5283,139.55,149.5,134.43,57.01,210.39,137.9833,86.25,165.46,100.41,6.1993,126.03,197.0167,134.39,285.87,202.85,60.7,38.8667
2020-01-29,81.085,227.15,92.9,131.68,322.02,135.78,181.77,47.05,110.37,136.06,240.12,234.02,165.7264,137.69,150.54,134.23,57.01,214.44,135.0,87.24,168.04,99.84,6.1385,125.06,196.7533,133.27,282.9,204.86,59.53,38.63
2020-01-30,80.9675,226.15,93.534,133.22,323.3,135.37,185.67,47.24,111.4,137.81,244.13,232.79,168.2453,136.77,150.36,135.89,58.86,216.18,135.425,86.5,172.78,98.19,6.1453,125.95,189.6334,134.2,280.98,208.21,59.36,38.86
2020-01-31,77.3775,216.05,100.436,129.87,318.27,131.35,182.31,45.97,107.14,138.31,237.75,228.1,163.4151,143.73,148.87,132.36,58.4,213.97,132.2167,85.44,170.23,96.3,5.9108,124.62,185.6633,131.62,272.45,198.97,59.44,38.1633
2020-02-03,77.165,216.88,100.21,131.0,316.0,129.77,185.42,46.53,106.28,141.32,239.01,231.54,161.6227,146.27,150.17,133.37,58.58,215.18,130.4917,87.34,174.38,99.27,6.0083,125.11,191.6367,133.61,274.02,200.81,58.05,38.09
2020-02-04,79.7125,221.81,102.4835,131.85,317.94,133.51,188.34,47.62,106.85,144.73,241.94,235.0,165.2925,149.11,151.6,135.29,58.84,214.62,131.0333,88.36,180.12,101.38,6.1783,125.66,195.6567,132.58,280.84,203.56,58.29,38.4233
2020-02-05,80.3625,231.94,101.9935,133.6,329.55,137.44,185.49,48.45,110.28,141.37,244.3,238.11,166.8868,156.33,153.99,137.59,58.85,214.37,135.275,85.83,179.9,100.54,6.269,126.81,194.1467,136.78,295.73,202.81,59.13,38.9367
2020-02-06,81.3025,231.45,102.5115,133.25,341.43,137.25,186.73,48.69,109.49,142.7,241.82,238.84,166.3679,156.76,153.53,137.61,58.99,212.87,135.7417,85.68,183.63,100.27,6.3561,127.14,193.9667,136.5,292.46,203.04,59.44,38.77
2020-02-07,80.0075,229.33,103.964,131.82,336.75,133.37,185.72,47.97,108.94,141.02,238.0,237.3,165.3585,153.41,151.89,137.17,59.19,211.61,133.4,85.08,183.89,99.44,6.2898,126.08,190.85,136.01,289.22,202.74,59.94,38.8167
2020-02-10,80.3875,227.42,106.6955,132.24,344.67,134.32,189.12,48.87,109.79,142.59,237.36,240.61,166.934,154.43,151.86,137.74,59.75,213.21,133.4583,85.66,188.7,100.02,6.5743,126.17,190.76,136.22,287.03,205.99,60.24,38.4167
2020-02-11,79.9025,228.96,107.54,132.63,344.42,136.19,189.11,49.13,111.21,141.01,236.46,241.64,169.0094,153.48,151.99,138.0,59.59,215.73,135.375,85.25,184.44,100.02,6.6973,124.16,192.3467,137.38,290.79,203.94,58.69,38.4667
2020-02-12,81.8,227.0,108.0,133.24,347.45,139.59,189.46,49.93,112.04,141.85,238.65,241.59,170.9245,155.31,151.09,138.0,59.41,217.46,136.5,83.25,184.71,103.0,6.8135,123.45,193.38,135.71,303.48,207.44,58.23,38.6167
2020-02-13,81.2175,223.04,107.4935,134.46,342.82,139.72,188.64,47.32,111.66,140.9,238.35,242.36,169.9245,154.31,150.09,137.88,59.61,217.42,133.1333,81.97,183.71,103.37,6.7695,124.96,193.2533,136.88,302.2,207.4,58.65,39.1467
2020-02-14,81.2375,223.48,106.7435,135.87,340.49,137.99,189.95,46.97,110.08,139.54,237.08,245.03,170.5755,150.7,150.13,137.46,59.95,217.09,134.175,82.65,185.35,103.54,7.2448,126.14,195.15,137.76,298.78,210.29,58.51,39.2967
2020-02-18,79.75,221.69,107.7835,135.6,338.88,136.58,191.09,46.59,110.24,139.14,233.21,243.94,169.2642,151.1,149.14,135.64,59.53,216.15,132.4,82.46,187.23,102.0,7.4143,124.87,193.9267,135.88,302.14,211.2,57.91,39.8767
2020-02-19,80.905,222.96,108.511,136.93,338.3,136.86,192.87,46.29,110.74,141.3,237.33,243.64,170.6226,150.86,148.94,137.49,59.77,215.63,132.7833,82.0,187.28,102.46,7.8675,125.44,196.35,134.51,305.31,213.31,58.22,39.2267
2020-02-20,80.075,222.14,107.655,136.58,336.28,136.93,193.36,46.85,109.81,140.37,232.73,247.02,170.4717,151.22,148.37,137.49,59.72,215.08,132.1333,82.49,184.42,102.53,7.7175,126.58,194.6934,133.98,302.13,211.45,58.09,39.23
2020-02-21,78.2625,222.79,104.7985,134.9,330.38,137.21,189.5,46.295,109.01,138.97,230.62,245.34,169.6981,149.84,149.93,135.81,60.13,215.87,130.775,82.34,178.59,100.25,7.3518,126.7,191.1133,135.16,301.43,208.81,58.2,39.5267
2020-02-24,74.545,217.88,100.4645,128.19,317.9,132.17,185.94,44.0,104.71,133.01,224.54,239.7,165.3491,146.43,145.91,132.16,58.65,213.52,127.125,81.33,170.89,95.91,6.832,123.3,189.0333,134.12,277.79,198.79,57.99,38.7733
2020-02-25,72.02,210.38,98.637,120.9,304.14,129.0,181.27,42.74,100.71,128.19,217.61,237.38,158.3019,141.71,144.65,126.26,57.82,212.1,122.375,80.27,168.07,92.9,6.5513,121.43,183.6534,130.79,263.39,188.4,57.12,38.13
2020-02-26,73.1625,214.54,98.9795,118.5,305.59,128.25,178.87,42.16,98.04,123.36,215.78,235.28,157.717,139.75,143.68,126.64,57.6,210.1,124.1333,79.94,170.17,92.0,6.6913,120.16,183.5367,128.56,263.0,187.21,57.14,37.9267
2020-02-27,68.38,203.5,94.215,112.81,287.76,123.27,172.15,40.04,94.13,118.04,205.69,224.73,150.5189,133.11,139.12,121.37,54.93,201.0,125.1333,78.08,158.18,88.55,6.315,113.5,175.12,124.08,253.92,180.01,55.06,36.8
2020-02-28,68.34,199.73,94.1875,109.93,275.11,124.24,170.4,39.93,93.34,117.65,200.77,217.84,152.9906,130.15,134.48,116.11,53.49,194.17,124.3667,76.56,162.01,89.38,6.7518,113.23,172.25,119.81,254.96,181.76,54.16,35.8933
2020-03-02,74.7025,212.2,97.6975,113.87,289.27,127.6,176.76,41.17,96.59,119.98,209.47,229.94,154.9434,134.3,140.02,121.52,55.92,202.55,127.5167,81.37,172.79,92.68,6.9108,119.56,179.44,127.68,273.11,192.33,57.32,38.6267
2020-03-03,72.33,204.42,95.4495,108.01,280.62,124.38,169.37,40.04,94.39,116.45,203.43,227.94,152.7264,128.9,135.59,116.96,56.06,199.51,121.0333,79.13,164.51,90.93,6.6473,118.17,180.1934,125.31,261.4,185.73,55.7,37.6367
2020-03-04,75.685,215.11,98.7915,115.7,283.12,127.4,175.69,41.39,98.53,119.18,208.74,241.08,161.5,134.22,143.48,119.85,58.92,207.02,128.3167,82.97,170.55,93.79,7.1128,124.5,191.5934,131.53,289.42,194.29,58.12,38.9233
2020-03-05,73.23,212.12,96.2015,110.94,260.37,121.97,169.6,39.57,97.19,113.98,198.79,234.81,155.5849,129.55,142.01,113.97,56.74,198.32,126.175,81.58,166.27,90.58,6.8323,121.63,184.97,128.02,282.96,186.96,57.16,38.64
2020-03-06,72.2575,210.65,95.0545,108.24,262.33,121.41,164.08,39.68,95.32,115.27,192.85,228.51,154.7453,127.73,142.03,108.08,55.26,198.86,128.0417,82.2,161.57,88.36,6.651,121.66,180.3333,124.84,283.87,184.36,56.87,39.0767
2020-03-09,66.5425,198.37,90.0305,98.29,227.17,104.07,151.21,37.96,80.67,104.35,172.81,210.46,144.2076,117.81,136.44,93.44,51.86,186.86,120.05,78.96,150.62,84.11,6.136,116.06,175.72,116.2,273.44,171.13,55.83,39.0533
2020-03-10,71.335,206.8,94.591,103.3,231.01,106.49,161.34,40.08,84.98,111.46,184.35,225.7,152.5377,124.77,141.64,100.7,53.66,199.86,127.75,82.02,160.92,88.3,6.527,120.55,182.0067,119.57,280.0,182.6,56.52,39.93
2020-03-11,68.8575,198.65,91.043,95.38,189.08,100.69,154.57,37.05,83.03,105.51,171.89,212.89,144.7076,117.97,131.8,95.96,52.21,188.25,122.7,79.25,153.63,84.0,6.1618,111.59,173.38,112.6,277.78,172.95,54.83,38.1433
2020-03-12,62.0575,182.24,83.8305,83.53,154.84,92.26,140.59,33.2,76.26,91.81,150.68,190.59,127.217,102.81,125.41,88.05,47.16,170.13,111.3167,74.45,139.06,74.2,5.4078,101.84,160.88,102.18,250.41,160.08,51.2,34.6833
2020-03-13,69.4925,202.1,89.25,99.6,170.2,99.64,147.78,37.64,83.42,102.52,177.17,205.67,140.9528,107.95,134.29,103.91,48.47,177.13,118.0667,76.75,158.83,75.58,6.021,114.07,166.4433,107.45,272.04,175.83,54.17,38.0333
2020-03-16,60.5525,188.68,84.4575,85.87,129.61,93.41,124.3,33.71,69.7,95.01,154.66,164.96,127.6132,99.08,127.13,88.36,45.26,149.01,109.0917,69.92,135.42,66.79,4.91,108.5,135.3567,85.1,225.04,152.01,50.99,35.5867
2020-03-17,63.215,207.8,90.392,86.58,124.14,100.2,135.42,35.5,70.69,93.53,158.67,173.64,124.3396,106.65,136.59,93.76,47.18,147.62,112.0333,74.48,146.57,69.84,5.4318,118.24,140.1267,96.41,244.22,157.89,54.31,39.7533
2020-03-18,61.6675,204.88,91.5,73.75,101.89,100.12,132.24,37.12,55.05,88.8,140.02,155.63,112.8396,103.55,134.96,83.89,44.85,137.3,114.1833,71.63,140.4,68.04,5.0705,117.45,134.2867,81.69,217.06,148.48,54.32,40.86
2020-03-19,61.195,198.76,94.0465,77.07,97.71,103.01,139.46,37.71,57.39,94.93,149.49,161.13,112.2264,100.34,127.05,85.3,41.83,149.5,114.5917,70.73,142.71,70.34,5.3243,110.83,148.3733,86.07,219.8,152.25,53.62,39.8167
2020-03-20,57.31,188.25,92.3045,74.12,95.01,95.5,139.35,35.6,59.39,85.98,138.41,152.15,106.1321,95.39,119.89,83.5,38.3,148.49,104.075,71.36,137.35,67.45,5.1438,102.43,137.5667,89.51,206.59,146.83,51.8,37.99
2020-03-23,56.0925,185.93,95.1415,68.96,105.62,91.85,140.52,34.6,54.22,85.76,134.97,162.39,97.9811,94.77,111.14,79.03,37.56,137.1,98.225,66.4,135.98,62.8,5.3173,97.7,132.2333,88.36,194.86,135.74,50.31,38.0933
2020-03-24,61.72,202.34,97.005,84.05,127.68,101.34,153.64,38.6,66.55,98.12,153.6,184.72,112.7453,105.48,119.18,88.43,39.45,161.95,110.6,69.05,148.34,72.33,6.2295,103.27,151.34,93.74,219.8,154.53,49.99,38.3433
2020-03-25,61.38,193.14,94.292,90.17,158.73,104.67,147.06,37.67,69.27,100.73,155.13,181.76,122.3113,105.85,119.4,91.73,41.61,162.98,109.6167,68.22,146.92,79.01,6.1405,100.92,150.5534,92.18,234.49,161.78,49.94,36.4667
2020-03-26,64.61,198.49,97.7745,93.29,180.55,110.5,154.73,40.58,76.38,105.36,165.79,195.21,129.6226,112.89,126.57,98.12,44.29,167.35,113.4833,73.53,156.11,84.3,6.431,107.38,155.38,98.67,255.39,168.88,53.54,36.6067
2020-03-27,61.935,198.27,95.005,88.73,162.0,105.44,146.0,38.82,68.78,96.4,158.34,190.55,123.8396,108.03,123.16,91.13,42.81,164.01,111.0333,71.73,149.7,83.23,6.3183,110.17,153.22,99.95,242.45,161.56,52.77,36.5267
2020-03-30,63.7025,208.48,98.1975,90.27,152.28,111.71,149.85,40.32,71.95,99.8,159.62,196.1,124.2925,112.93,133.01,93.5,45.0,168.13,114.7833,76.95,160.23,85.38,6.6398,115.0,160.61,102.59,251.28,165.57,54.77,38.3967
2020-03-31,63.5725,202.73,97.486,85.61,149.14,116.04,143.98,39.31,72.46,96.6,154.59,186.71,126.217,110.93,131.13,90.03,44.25,165.35,113.7583,76.94,157.71,82.74,6.59,110.0,153.1733,99.35,249.38,161.12,53.73,37.8733
2020-04-01,60.2275,197.81,95.385,77.84,130.7,111.35,134.06,38.33,68.56,94.92,145.29,178.63,122.3679,105.14,128.81,84.36,42.12,158.17,110.95,73.8,152.11,79.23,6.0768,109.33,141.66,95.2,237.32,153.11,52.92,38.0467
2020-04-02,61.2325,208.88,95.9415,76.66,123.27,116.74,134.32,39.8,76.12,96.97,149.93,181.31,125.2925,110.0,133.15,87.51,43.95,161.5,114.925,76.87,155.26,80.14,6.3868,114.4,145.6367,97.19,240.44,157.39,55.25,39.55
2020-04-03,60.3525,205.41,95.3295,73.6,124.52,114.67,134.31,39.06,75.11,93.88,146.93,178.7,120.2359,106.34,134.17,84.05,43.83,160.33,111.4917,76.25,153.83,78.86,6.0978,115.08,140.01,93.89,229.49,151.85,54.7,39.8267
2020-04-06,65.6175,211.58,99.8795,83.87,148.77,120.43,147.55,41.43,80.39,99.58,158.23,191.33,126.4151,114.82,139.76,89.46,46.67,177.04,117.25,80.31,165.27,84.63,6.71,117.81,152.8733,98.98,248.34,169.44,56.7,42.0233
2020-04-07,64.8575,208.78,100.58,87.58,141.58,121.92,145.07,40.64,80.92,101.24,166.02,192.29,127.5849,114.94,137.48,90.64,46.51,175.59,120.5,78.56,163.49,84.16,6.4758,112.77,154.45,100.78,248.04,168.59,56.98,40.6633
2020-04-08,66.5175,219.19,102.15,92.08,146.87,127.4,151.12,41.74,85.98,101.07,176.96,194.82,131.3679,119.29,143.26,94.3,47.82,177.49,124.1583,81.62,165.13,85.3,6.6738,115.1,162.77,104.94,267.83,174.94,57.8,40.6133
2020-04-09,66.9975,218.21,102.138,94.82,151.84,125.03,154.55,41.2,84.31,104.5,184.26,201.53,135.3113,121.5,141.23,102.76,49.0,183.7,123.15,82.49,165.14,86.79,6.5738,114.66,164.05,109.74,264.13,173.69,57.44,40.6
2020-04-13,68.3125,218.27,108.4435,90.33,147.33,114.14,152.5,41.22,84.91,103.5,179.18,198.79,130.1321,121.15,139.77,98.19,46.93,180.12,122.0,80.54,165.51,84.46,6.7463,115.95,163.0667,106.42,263.51,168.99,56.67,41.7667
2020-04-14,71.7625,226.8,114.166,88.39,141.0,116.48,157.71,42.78,84.61,106.03,178.23,207.17,132.6321,123.91,146.03,95.5,48.92,183.99,125.1167,82.84,173.7,87.47,7.0988,120.96,168.13,108.02,270.5,174.62,58.14,43.0
2020-04-15,71.1075,221.8,115.384,83.79,145.98,111.53,155.63,41.52,82.49,103.37,178.52,198.48,127.2075,118.69,147.66,90.79,47.61,177.84,120.9667,82.07,171.88,85.04,7.021,121.22,164.2267,102.17,281.68,165.96,56.93,42.92
2020-04-16,71.6725,230.9,120.4095,81.35,134.24,113.22,157.06,41.5,79.99,102.02,177.04,199.85,124.8396,115.73,149.67,87.33,47.1,179.5,120.75,83.0,177.04,86.3,7.3675,121.5,161.6767,99.81,298.43,162.42,57.66,44.11
2020-04-17,70.7,234.97,118.75,87.39,154.0,116.3,162.62,42.48,87.17,106.63,183.49,209.42,130.4906,120.12,152.02,95.18,48.06,186.1,122.05,83.46,178.6,89.91,7.308,124.69,172.25,105.07,290.56,169.54,58.46,44.04
2020-04-20,69.2325,236.6,119.6805,84.01,143.61,114.6,162.76,42.54,83.57,102.26,180.4,206.05,128.0189,120.41,151.67,91.71,46.53,181.65,119.725,83.1,175.06,87.9,7.1763,120.6,165.29,101.78,282.14,164.22,58.13,43.2833
2020-04-21,67.0925,230.75,116.406,81.52,136.33,109.85,150.56,40.55,81.64,100.54,173.81,200.61,124.5283,116.76,149.68,89.05,45.38,177.58,118.025,78.56,167.82,85.2,6.7378,119.68,161.6333,101.78,274.19,160.53,56.82,43.07
2020-04-22,69.025,229.29,118.1745,82.54,134.97,110.64,154.14,41.76,84.44,100.99,175.98,204.17,125.5,119.31,152.99,89.34,45.68,186.48,119.675,79.98,173.52,88.77,7.1538,119.4,166.7633,101.79,277.02,166.59,57.99,43.8633
2020-04-23,68.7575,232.49,119.9725,82.46,137.74,112.91,151.72,41.62,86.8,101.0,175.05,202.32,127.0566,121.35,155.51,89.39,45.07,182.04,120.275,80.88,171.42,87.35,7.1003,119.4,166.2333,100.45,285.33,166.38,57.59,42.8433
2020-04-24,70.7425,236.28,120.511,83.17,128.98,114.04,153.98,42.52,87.01,101.19,177.0,212.18,127.8491,124.72,154.86,90.71,45.43,184.02,122.5,81.43,174.55,88.37,7.2398,118.78,168.6867,100.82,291.29,167.32,57.93,43.1467
2020-04-27,70.7925,242.43,118.8,85.06,128.68,115.2,157.63,43.06,89.71,106.06,183.54,217.76,131.9623,125.92,154.29,94.62,46.78,185.89,128.0417,83.98,174.05,89.37,7.427,117.45,170.4867,102.89,293.98,171.76,57.81,42.7667
2020-04-28,69.645,237.67,115.704,88.19,131.3,115.46,154.46,42.49,89.91,106.21,187.01,217.63,134.6793,126.27,151.39,95.29,46.74,185.93,131.3417,81.18,169.81,88.8,7.284,116.89,169.5767,104.29,288.36,171.25,57.83,42.6667
2020-04-29,71.9325,235.69,118.6355,96.12,139.0,120.06,160.43,43.34,94.62,112.25,190.03,221.81,137.8868,128.69,150.24,97.86,47.12,187.82,130.2167,80.77,177.43,88.07,7.4615,117.08,179.62,106.0,287.65,181.79,58.12,41.2
2020-04-30,73.45,239.22,123.7,91.25,141.02,116.38,161.95,42.38,92.0,108.15,183.42,219.83,133.8679,125.56,150.04,95.76,45.89,187.56,126.6,79.34,179.21,87.18,7.307,117.87,178.79,101.21,292.47,178.72,57.45,40.5167
2020-05-01,72.2675,230.98,114.302,88.32,133.37,110.88,156.37,40.92,89.44,105.5,177.1,218.57,129.4811,121.87,148.29,93.25,45.6,182.66,123.8333,77.67,174.57,85.54,7.0695,116.82,175.48,96.05,284.51,175.57,56.83,40.9733
2020-05-04,73.29,230.91,115.7995,86.38,131.46,107.72,161.47,41.35,91.44,103.18,176.03,221.84,127.5472,121.68,148.27,92.14,45.14,181.87,123.6667,76.86,178.84,85.75,7.2821,115.77,176.28,96.91,287.54,176.15,56.24,41.2333
2020-05-05,74.39,236.36,115.89,86.74,125.4,108.91,163.25,41.46,92.89,101.06,178.3,225.61,127.2358,122.58,149.5,92.0,45.4,179.24,122.8583,78.01,180.76,87.2,7.3435,116.01,177.5633,96.85,293.04,178.44,56.51,41.5767
2020-05-06,75.1575,236.59,117.563,84.0,121.86,107.67,163.67,41.15,90.05,100.88,176.92,223.92,125.5094,123.17,148.08,90.27,44.75,176.97,121.8333,77.12,182.54,88.44,7.4448,113.1,174.6733,93.29,288.77,178.78,55.64,41.1
2020-05-07,75.935,233.33,118.3805,86.73,128.65,107.29,169.9,41.37,92.64,105.57,182.32,229.45,125.2736,121.23,147.59,91.21,44.6,181.12,121.45,75.6,183.6,88.56,7.6218,112.17,176.1867,95.8,285.0,182.72,55.58,40.63
2020-05-08,77.5325,234.82,118.9805,89.5,133.44,112.11,175.9,42.99,95.47,109.16,185.39,234.43,129.1604,122.99,148.7,92.7,46.11,181.23,123.7583,76.4,184.68,90.46,7.8125,115.95,183.2267,97.34,287.0,185.09,57.0,40.98
2020-05-11,78.7525,242.74,120.45,85.33,128.91,108.61,182.67,43.32,93.37,107.77,183.16,236.56,126.6793,122.59,149.11,89.97,45.54,180.88,121.4417,77.91,186.74,90.93,8.0655,115.31,186.28,95.51,288.69,183.56,56.4,41.2233
2020-05-12,77.8525,237.21,117.8475,83.14,125.22,105.0,177.54,43.22,91.1,104.56,177.21,232.9,120.3679,120.26,147.14,87.03,44.82,176.54,117.9333,77.19,182.51,88.26,7.8025,114.55,184.4867,93.96,287.7,179.47,55.46,41.26
2020-05-13,76.9125,236.83,118.396,78.03,121.5,104.48,169.64,41.95,88.7,102.92,171.8,230.1,116.0094,115.73,147.13,84.03,43.94,172.82,113.4333,77.89,179.75,86.02,7.78,113.92,182.7734,89.86,278.0,177.09,54.85,41.2367
2020-05-14,77.385,237.98,119.4425,83.81,122.52,106.19,167.0,43.85,90.05,105.91,174.45,234.48,119.8585,116.95,147.64,87.52,43.7,175.41,113.325,80.05,180.53,86.55,8.0305,113.81,181.85,90.22,290.61,180.9,54.91,41.14
2020-05-15,76.9275,240.2,120.489,82.22,120.0,107.92,171.33,44.27,89.16,109.05,171.87,239.33,118.3113,116.98,150.44,85.9,43.26,173.81,115.575,79.78,183.16,86.99,8.4908,114.61,189.46,90.31,290.96,183.49,54.71,41.98
2020-05-18,78.74,233.19,121.313,88.41,135.44,115.02,172.5,45.06,92.55,116.85,181.88,245.35,128.3396,121.56,150.52,90.45,44.97,179.83,124.3917,79.72,184.91,91.04,8.7503,116.21,190.75,95.3,293.36,191.38,55.72,42.5533
2020-05-19,78.285,227.43,122.4665,87.26,130.44,112.08,176.04,44.605,89.62,114.37,177.83,238.1,124.4811,120.29,149.02,88.67,44.54,179.57,123.65,77.55,183.63,91.51,8.8055,112.44,187.9133,93.27,289.05,189.36,54.38,41.65
2020-05-20,79.8075,227.87,124.897,90.73,133.32,115.69,176.93,45.44,93.0,119.92,181.44,238.19,128.3302,121.38,147.68,91.33,45.89,184.1,124.7333,76.89,185.66,92.95,8.97,113.28,188.21,95.54,287.99,193.86,54.26,41.8167
2020-05-21,79.2125,224.78,122.337,89.83,139.0,114.06,175.26,44.64,92.04,117.83,180.1,240.88,129.8962,119.12,146.71,90.17,45.17,185.08,121.5083,76.55,183.43,94.26,8.7753,111.62,190.0,99.17,286.91,190.62,53.97,41.6633
2020-05-22,79.7225,226.43,121.844,89.33,137.53,112.47,177.85,44.9,90.28,118.02,179.93,241.88,131.3019,118.39,144.37,89.47,45.03,184.41,122.0333,76.37,183.51,93.75,9.0263,112.6,192.4333,100.1,289.94,190.86,54.1,41.4433
2020-05-26,79.1825,222.4,121.093,94.32,144.73,117.41,176.52,44.84,93.3,120.95,196.06,242.48,136.7359,121.76,144.56,95.82,46.09,184.84,126.7333,77.26,181.57,96.62,8.7177,112.03,194.3767,103.36,294.89,193.22,54.3,41.2867
2020-05-27,79.5275,224.81,120.5195,101.23,149.52,122.42,176.6,45.96,93.9,121.53,209.66,247.36,140.1793,125.54,144.89,101.37,46.73,187.72,131.7917,77.55,181.81,99.87,8.5253,113.89,194.2867,106.82,303.77,192.82,55.14,40.8267
2020-05-28,79.5625,224.13,120.055,98.06,149.82,120.74,181.1,45.595,90.87,116.75,201.22,245.14,139.2076,124.53,146.97,99.86,47.09,188.73,130.6833,79.04,181.4,98.46,8.487,116.06,196.67,107.59,303.97,194.26,55.72,41.23
2020-05-29,79.485,229.7,122.1185,95.07,145.85,120.13,174.79,47.82,91.7,117.3,196.49,248.48,137.5944,124.9,148.75,97.31,46.68,186.32,130.3667,80.72,183.25,98.58,8.8755,115.92,197.95,106.98,304.85,195.24,57.38,41.3533
2020-06-01,80.4625,226.91,123.552,96.75,151.39,120.5,176.36,46.3,92.79,118.77,199.93,247.29,137.9057,124.89,147.19,98.6,46.99,187.41,129.65,79.56,182.83,99.54,8.8063,117.25,194.1534,109.15,305.93,194.35,55.78,41.32
2020-06-02,80.835,223.72,123.6205,99.07,153.31,123.32,174.23,46.89,94.69,118.75,204.14,252.71,139.9528,126.0,148.25,98.93,46.9,187.59,131.3667,80.84,184.91,100.74,8.8253,118.06,199.0367,111.0,306.31,196.36,56.4,41.3133
2020-06-03,81.28,221.0,123.92,105.4,173.16,127.09,174.99,46.94,97.18,122.18,210.57,251.0,144.6698,129.05,148.65,104.27,47.9,193.29,134.3417,82.06,185.36,104.11,8.7695,118.53,198.0533,114.47,305.35,196.87,56.83,41.1567
2020-06-04,80.58,220.88,123.03,106.54,184.3,128.96,171.44,46.86,96.28,123.69,214.82,248.95,147.0849,128.89,146.73,106.44,47.92,193.24,135.4583,81.55,182.92,101.28,8.7665,116.05,191.72,118.0,298.08,193.64,57.22,40.7033
2020-06-05,82.875,225.67,124.15,109.73,205.43,135.12,173.88,47.83,100.81,124.82,217.92,254.9,152.2358,132.06,147.3,111.23,49.09,197.16,139.5083,82.26,187.2,102.71,8.92,118.33,195.0967,124.36,311.85,199.61,57.74,40.52
2020-06-08,83.365,225.75,126.203,113.67,230.5,137.72,176.55,48.13,103.24,127.28,220.81,256.77,153.6981,135.75,146.77,113.45,49.85,202.65,139.0583,82.9,188.36,104.29,8.805,119.05,191.6667,128.0,309.48,199.6,58.09,40.4133
2020-06-09,85.9975,224.9,130.043,110.46,216.74,134.19,174.56,48.05,101.53,123.89,218.1,256.76,149.1509,131.87,145.96,110.54,49.0,199.52,138.9167,82.26,189.8,102.63,9.046,118.34,193.9233,125.42,309.21,199.08,57.86,40.45
2020-06-10,88.21,227.12,132.3725,106.16,203.41,132.44,182.1,47.42,97.58,122.18,213.52,254.45,145.3962,129.87,147.8,106.06,48.62,195.8,136.5833,81.77,196.84,102.12,9.3668,119.23,193.6534,120.98,305.75,200.48,58.05,40.3867
2020-06-11,83.975,218.9,127.898,98.6,170.0,121.55,172.05,43.67,89.37,112.64,194.13,239.47,135.3208,118.01,140.87,97.21,45.54,187.51,126.9833,77.35,186.27,95.17,8.7963,116.26,182.1067,110.55,283.73,188.88,56.45,40.03
2020-06-12,84.7,217.9,127.251,101.68,189.51,123.15,175.11,45.07,92.39,115.49,201.78,242.45,136.3302,121.91,142.15,99.87,45.6,189.17,129.0583,76.3,187.74,96.43,8.9325,115.62,182.54,113.33,285.15,192.26,56.53,39.2467
2020-06-15,85.7475,219.78,128.634,103.95,190.94,123.61,178.61,45.35,91.23,117.08,206.31,241.36,138.3302,121.65,141.25,101.25,46.3,189.49,131.4417,74.02,188.94,97.84,9.1738,116.69,190.0033,114.85,286.28,191.76,56.15,39.36
2020-06-16,88.02,226.87,130.7635,105.62,197.77,130.11,180.48,46.48,94.03,118.44,209.59,249.95,140.6698,125.15,144.46,102.06,46.77,190.32,133.0583,76.97,193.57,99.04,9.0685,118.13,192.12,116.15,293.0,192.88,56.92,39.8833
2020-06-17,87.8975,225.97,132.049,103.96,192.54,128.23,181.4,46.17,91.54,117.65,206.19,250.85,139.9434,124.15,144.02,99.48,46.58,190.79,132.6833,76.29,194.24,99.21,9.236,117.93,194.0,114.82,292.6,193.56,56.65,39.6767
2020-06-18,87.9325,230.32,132.699,102.16,192.29,127.59,187.66,45.83,91.94,118.37,203.84,249.21,139.8396,124.16,143.41,98.94,46.99,189.49,132.675,76.22,196.32,98.45,9.218,119.28,193.9,116.05,291.48,193.91,56.89,39.33
2020-06-19,87.43,238.7,133.7505,100.94,187.02,127.46,186.95,45.32,90.63,114.35,201.63,246.65,137.1415,122.47,143.83,97.81,46.02,186.56,131.7917,77.9,195.15,95.78,9.2613,118.92,194.89,116.56,291.24,192.2,56.16,39.95
2020-06-22,89.7175,234.19,135.691,99.44,188.52,125.79,191.65,45.16,91.59,115.92,203.42,249.16,136.7359,121.07,143.39,96.75,45.74,187.46,130.575,76.75,200.57,99.51,9.5268,117.75,194.1567,116.23,292.67,194.96,55.66,40.56
2020-06-23,91.6325,235.75,138.2205,99.42,187.88,126.25,189.06,45.47,91.44,116.59,204.78,250.31,136.6604,119.41,142.86,97.93,45.64,186.62,131.5333,77.12,201.91,101.92,9.45,117.73,192.11,116.19,297.6,197.97,54.94,40.3567
2020-06-24,90.015,232.51,136.72,95.48,176.69,122.06,185.55,44.75,87.64,112.07,198.02,246.13,130.5189,116.42,139.82,94.66,44.65,184.29,126.85,75.87,197.84,100.08,9.2355,116.42,188.8834,112.86,289.18,191.41,53.93,40.1
2020-06-25,91.21,235.11,137.729,97.85,174.88,124.71,188.34,45.22,89.21,111.36,207.1,245.38,134.3962,119.03,139.67,97.96,44.93,182.76,128.8917,76.57,200.34,101.4,9.49,117.89,191.07,114.62,296.22,193.98,54.28,39.9033
2020-06-26,88.4075,232.84,134.6435,93.42,170.01,122.39,183.17,46.31,86.46,109.1,189.19,241.01,130.3868,117.19,137.81,92.59,43.57,179.74,127.1,75.19,196.33,93.67,9.155,115.23,185.8434,111.0,286.88,189.27,53.16,39.44
2020-06-29,90.445,231.56,134.019,94.52,194.49,125.25,183.33,46.15,87.67,111.52,193.47,246.12,135.1321,119.75,139.04,93.0,44.36,182.8,129.6417,76.12,198.44,95.87,9.2,117.66,188.6667,112.9,289.76,191.38,54.69,39.6867
2020-06-30,91.2,235.86,137.941,95.2,183.3,126.5,187.33,46.64,89.23,111.51,197.62,250.51,136.4057,120.77,140.63,94.06,44.68,184.47,129.9917,77.33,203.51,98.05,9.4978,119.57,192.6167,114.05,294.95,193.17,55.13,39.9267
2020-07-01,91.0275,255.12,143.935,94.05,180.32,126.06,191.89,46.06,87.62,113.01,197.57,248.15,135.9528,118.54,140.38,93.26,44.82,184.66,129.525,78.12,204.7,97.4,9.53,119.98,192.52,112.5,297.73,193.78,54.67,39.8967
2020-07-02,91.0275,258.24,144.515,94.33,180.81,127.72,192.53,45.63,88.31,112.18,197.4,248.5,136.8113,119.7,140.97,92.66,44.88,183.52,130.8667,78.78,206.26,98.43,9.6123,120.88,194.3233,112.46,298.26,195.67,54.79,39.7367
2020-07-06,93.4625,256.25,152.852,96.58,187.91,129.43,197.72,46.42,88.57,114.43,207.36,249.55,138.8868,120.19,142.98,95.0,45.23,188.5,131.75,79.58,210.7,99.95,9.8393,121.63,197.3867,114.57,302.81,197.76,55.24,39.63
2020-07-07,93.1725,253.15,150.006,93.01,178.88,127.2,196.38,45.63,86.31,113.63,199.36,247.35,136.7642,117.58,142.85,92.32,45.21,185.82,129.0167,78.72,208.25,97.07,9.8718,122.22,196.2467,112.48,296.65,194.2,55.04,42.3167
2020-07-08,95.3425,251.59,154.0555,92.9,180.08,128.13,200.28,45.81,86.35,116.66,202.25,249.17,137.3491,117.71,143.27,93.3,45.07,185.85,128.8167,77.92,212.83,98.84,10.216,122.89,195.3733,113.18,298.36,195.07,55.38,41.48
2020-07-09,95.6825,251.66,159.1315,90.57,173.28,125.73,200.74,46.7,82.74,116.81,196.83,247.96,133.3679,115.71,142.49,91.28,43.91,184.33,126.2083,76.69,214.32,96.99,10.509,122.48,193.23,110.04,291.16,192.21,53.94,42.5833
2020-07-10,95.92,249.04,160.0,93.23,178.44,128.01,198.88,46.66,85.23,119.34,205.56,250.11,134.3868,118.35,142.37,96.27,45.15,184.88,127.375,76.73,213.67,97.99,10.4793,123.89,194.6,113.84,291.23,192.55,54.49,43.56
2020-07-13,95.4775,250.04,155.2,93.56,175.65,130.57,188.34,45.93,85.4,116.22,208.88,249.62,135.3679,119.2,145.21,97.65,45.25,184.92,129.0,77.35,207.07,96.46,10.0523,124.05,192.0133,114.24,299.71,189.02,54.45,43.1733
2020-07-14,97.0575,253.09,154.2,94.84,179.96,136.88,189.56,46.26,88.35,118.66,214.01,257.79,139.717,120.6,147.92,98.21,45.87,190.72,132.1167,78.25,208.35,96.76,10.377,125.09,195.5667,118.55,308.52,193.33,55.44,44.0033
2020-07-15,97.725,253.31,150.4435,97.36,187.94,138.36,188.09,46.4,88.89,120.9,216.9,257.8,143.3302,123.0,148.26,99.73,46.4,191.77,132.775,79.44,208.04,98.54,10.2273,124.5,199.1467,119.14,304.07,196.55,55.06,44.0
2020-07-16,96.5225,255.2,149.995,96.32,178.7,138.56,185.51,45.78,88.36,119.43,214.67,258.08,144.4151,124.01,149.25,100.01,46.15,190.92,133.75,79.4,203.92,97.26,10.1348,124.76,199.59,120.5,307.15,193.5,55.78,44.0667
2020-07-17,96.3275,258.46,148.0985,95.18,175.66,136.9,187.78,46.75,87.19,118.65,211.41,260.38,146.2264,125.11,149.35,98.16,46.82,191.48,133.1917,79.87,202.88,96.28,10.2015,125.63,203.3633,119.16,306.53,195.09,56.3,43.9133
2020-07-20,98.3575,260.95,159.842,94.0,174.42,134.63,195.09,46.97,85.27,117.79,211.71,260.17,144.7076,126.37,149.6,97.3,46.12,191.61,130.3083,79.41,211.6,95.65,10.5108,125.24,202.6934,118.77,303.46,198.47,55.87,43.8233
2020-07-21,97.0,257.91,156.9145,96.33,178.63,135.87,190.8,47.02,91.39,118.62,212.02,262.42,146.0,126.06,149.74,99.41,47.2,192.98,131.5,78.89,208.75,98.36,10.3285,125.07,204.4667,120.42,305.11,196.48,55.84,44.11
2020-07-22,97.2725,256.98,154.9955,96.54,179.79,136.98,191.31,46.9,91.04,119.03,206.0,265.17,145.8585,128.67,150.01,98.69,48.48,198.62,132.2583,78.78,211.75,98.91,10.4388,126.14,208.6334,122.24,306.71,198.86,55.75,44.22
2020-07-23,92.845,252.24,149.3275,96.67,176.45,136.6,188.54,47.41,91.01,118.12,203.02,263.81,145.0283,127.33,149.61,98.98,48.28,197.55,132.7417,78.06,202.54,98.3,10.1298,126.16,206.1667,118.61,302.97,197.43,55.85,43.88
2020-07-24,92.615,247.98,150.4455,95.33,173.76,137.58,188.49,46.4,90.13,117.61,201.47,265.31,140.9717,125.79,148.12,98.28,48.49,198.72,133.2,77.1,201.3,98.43,10.1945,125.96,206.6733,118.28,300.79,195.15,56.85,43.7467
2020-07-27,94.81,253.65,152.7605,95.79,170.21,139.89,190.96,47.19,91.04,116.31,203.02,267.42,142.2264,126.21,147.18,96.9,48.48,201.25,136.0333,78.93,203.85,97.21,10.4215,126.32,208.5067,116.63,298.6,196.91,56.87,43.7367
2020-07-28,93.2525,255.27,150.0165,94.42,170.84,138.03,189.5,46.28,89.11,116.18,201.62,265.28,143.4057,124.47,146.83,97.32,48.18,196.24,129.4417,79.69,202.02,96.27,10.2155,127.88,211.1833,115.03,299.93,196.74,57.48,43.92
2020-07-29,95.04,248.85,151.6765,96.69,166.01,140.53,193.61,46.71,90.07,115.61,202.58,264.66,145.8302,125.32,146.54,99.68,48.02,196.21,130.2083,79.35,204.06,96.97,10.4655,128.31,215.8767,116.85,306.68,198.58,57.45,43.5633
2020-07-30,96.19,246.14,152.594,94.65,161.95,136.73,191.7,46.44,86.27,115.66,199.53,266.31,140.717,122.9,146.84,97.02,47.69,195.41,126.7667,78.99,203.9,96.82,10.614,131.42,215.8767,115.93,305.23,194.06,57.3,43.3733
2020-07-31,106.26,244.67,158.234,93.32,158.0,132.88,194.85,47.1,83.94,116.94,197.96,265.49,140.9151,122.94,145.76,96.64,47.24,194.28,125.3917,80.24,205.01,97.61,10.6148,131.12,215.9733,114.42,302.78,190.4,57.48,43.1333
2020-08-03,108.9375,247.36,155.5945,93.54,162.27,131.78,203.19,47.16,84.81,116.35,199.39,266.18,140.1226,124.31,147.35,96.1,46.3,194.4,125.3417,82.54,216.54,98.33,11.0103,131.29,213.7134,114.4,303.61,190.69,57.24,43.1
2020-08-04,109.665,243.59,156.9415,93.19,165.07,131.52,201.41,47.67,86.49,117.29,201.64,267.87,138.9906,125.84,147.22,95.55,46.69,199.36,126.0083,81.67,213.29,97.33,11.2278,133.79,216.97,113.1,304.5,192.29,57.91,43.88
2020-08-05,110.0625,241.47,160.2515,95.39,174.28,134.97,202.64,47.33,87.2,127.61,204.52,267.48,142.283,125.45,148.4,97.21,47.22,199.26,129.4583,81.64,212.94,100.94,11.2868,133.44,216.91,115.08,312.47,196.1,57.54,43.27
2020-08-06,113.9025,241.55,161.25,95.92,172.2,134.39,207.79,47.77,87.47,130.82,204.25,269.37,143.9434,126.12,147.55,97.24,47.48,203.18,130.0,81.05,216.35,100.45,11.3355,132.71,218.19,113.74,314.06,198.77,57.83,43.1167
2020-08-07,111.1125,240.69,158.373,99.16,170.02,134.92,201.05,47.43,86.8,129.93,208.27,271.64,146.3302,124.96,148.6,99.38,47.8,204.6,131.9417,81.02,212.48,101.86,11.1995,133.55,218.9067,117.36,317.03,196.36,58.53,43.3233
2020-08-10,112.7275,238.17,157.408,101.62,179.41,142.02,197.16,47.73,89.73,128.79,209.38,274.73,150.4057,127.11,148.03,100.64,47.72,204.12,134.5333,80.91,208.25,105.41,11.165,134.1,217.0834,119.12,319.1,196.79,58.99,43.96
2020-08-11,109.375,234.65,154.0335,103.26,180.13,142.53,191.99,47.19,89.62,130.49,211.06,274.92,151.2076,126.75,146.97,103.82,47.93,205.0,136.15,80.91,203.38,105.12,10.85,133.23,217.4667,119.92,315.55,197.77,58.51,43.4
2020-08-12,113.01,241.72,158.112,101.68,175.44,142.57,192.62,48.1,90.72,131.79,212.13,281.58,151.0095,126.7,149.66,102.94,48.43,206.02,136.8833,82.68,209.19,105.22,11.4402,135.46,223.9634,118.86,322.27,198.74,58.6,43.9633
2020-08-13,115.01,240.46,158.051,100.42,174.73,140.67,195.14,42.72,89.82,130.96,208.39,281.66,149.9811,125.03,148.0,102.37,48.38,206.49,138.2167,83.54,208.7,106.52,11.443,135.78,223.0767,119.27,321.52,197.58,58.52,43.95
2020-08-14,114.9075,239.71,157.401,100.41,178.08,139.96,193.46,42.5,90.35,130.53,207.97,280.55,151.2076,125.27,148.24,102.41,48.45,207.03,138.4167,83.48,208.9,106.43,11.564,135.1,222.1867,118.6,323.7,196.64,58.79,44.2
2020-08-17,114.6075,243.01,159.1205,97.55,172.01,138.72,196.74,42.09,90.77,129.37,203.07,288.24,149.7736,124.44,148.99,99.71,48.21,208.67,137.2583,84.76,210.28,105.66,12.337,135.5,223.6667,115.91,320.51,199.43,58.78,45.2
2020-08-18,115.5625,241.5,165.6245,96.67,170.23,138.37,204.01,41.98,87.63,128.92,201.31,285.0,148.4717,124.92,150.09,98.32,48.42,210.32,136.9833,84.56,211.49,106.97,12.2608,136.51,223.3267,114.93,316.81,199.01,59.18,44.9033
2020-08-19,115.7075,240.49,163.024,96.89,169.27,138.02,205.11,41.87,86.39,127.77,203.02,282.86,147.9717,123.84,150.39,98.55,47.37,209.51,136.6417,85.03,209.7,108.39,12.1385,135.77,221.6967,113.2,315.4,200.99,59.05,44.1367
2020-08-20,118.275,238.73,164.8685,96.72,169.58,137.48,209.51,42.31,84.81,128.12,201.85,280.68,147.3302,123.15,151.42,97.37,47.35,209.88,135.8083,85.03,214.58,108.01,12.141,136.85,222.5167,112.53,313.33,204.15,58.96,43.5233
2020-08-21,124.37,237.64,164.236,96.15,167.5,138.43,207.53,42.25,85.08,127.44,202.43,283.23,148.5849,123.16,152.76,97.32,47.28,211.57,134.7583,84.98,213.02,109.75,12.6835,137.44,225.2734,111.83,314.14,204.13,58.99,43.8767
2020-08-24,125.8575,235.57,165.373,99.33,178.27,141.68,208.46,42.18,87.2,130.69,207.34,286.75,150.3491,125.68,152.15,100.06,47.97,212.62,136.275,85.42,213.69,111.83,12.7203,138.51,223.8033,114.9,308.84,206.41,59.57,43.7767
2020-08-25,124.825,248.22,167.3245,99.05,174.73,141.15,216.05,41.96,86.13,129.79,206.0,286.13,155.217,124.64,152.06,100.5,47.91,212.65,135.9167,85.68,216.47,111.51,12.75,139.06,223.43,115.62,312.22,208.1,59.42,43.5433
2020-08-26,126.5225,250.18,172.0925,98.4,171.9,141.83,272.32,42.25,84.78,132.18,207.22,291.93,155.9528,124.17,152.3,99.09,48.16,213.76,136.5833,85.54,221.15,111.53,12.773,138.39,225.57,113.54,308.82,210.26,59.46,43.5667
2020-08-27,125.01,252.81,170.0,101.53,174.2,143.37,276.32,42.29,84.91,133.73,210.15,288.63,156.5944,124.65,152.98,102.35,48.23,212.19,136.7333,85.82,226.58,110.84,12.6283,138.21,223.9333,117.18,311.67,211.03,59.43,45.5433
2020-08-28,124.8075,253.12,170.09,102.54,175.8,143.63,271.1,42.2,85.63,135.54,207.71,286.29,158.8491,125.07,153.64,102.77,49.83,214.91,138.05,85.65,228.91,112.29,13.1478,138.77,225.3033,115.89,314.37,215.71,59.26,46.7667
2020-08-31,129.04,253.32,172.548,101.59,171.82,142.31,272.65,42.22,83.93,131.87,204.87,285.04,156.1793,123.31,153.41,100.19,49.53,213.52,135.85,85.27,225.53,111.89,13.3745,138.33,223.6833,116.04,312.55,211.99,59.27,46.2833
2020-09-01,134.18,250.86,174.956,102.47,172.1,146.05,281.25,42.03,83.08,133.55,205.46,285.94,158.4623,123.4,151.52,100.14,49.12,212.69,137.3333,84.43,227.27,114.84,13.821,138.18,228.68,114.69,312.83,213.35,59.16,49.1967
2020-09-02,131.4,258.12,176.5725,104.4,174.78,149.27,276.69,42.42,83.19,135.39,210.04,287.2,162.7076,128.18,153.83,101.65,51.19,216.23,141.2583,86.93,231.65,116.8,14.3465,140.51,233.0533,117.48,320.24,216.48,60.53,49.2267
2020-09-03,120.88,247.91,168.4,104.46,168.77,146.76,265.01,40.95,82.28,133.24,207.56,274.63,156.8868,124.45,149.55,101.33,50.48,213.8,138.5917,85.49,217.3,112.85,13.0155,138.26,226.28,115.35,316.23,208.96,60.61,48.18
2020-09-04,120.96,248.4,164.731,105.67,171.05,148.18,254.7,40.82,81.93,131.99,210.94,269.66,157.2547,122.3,148.59,103.52,51.04,211.73,138.1417,85.24,214.25,112.4,12.6225,137.96,226.54,116.57,312.0,204.66,60.48,47.61
2020-09-08,112.82,241.18,157.492,103.67,161.08,148.52,241.27,40.0,78.97,134.2,202.48,269.26,154.9717,121.21,147.26,99.92,49.81,213.58,135.975,83.33,202.66,112.72,11.913,135.94,223.1,113.74,307.25,200.12,59.96,46.15
2020-09-09,117.32,245.57,163.4305,103.78,160.78,152.69,250.43,40.13,80.03,133.36,202.22,277.04,156.3679,122.26,149.7,100.87,50.19,215.71,138.0833,84.88,211.29,114.9,12.715,138.15,231.4767,113.63,312.02,204.06,60.04,46.63
2020-09-10,113.49,240.64,158.7555,102.77,157.69,149.86,247.8,39.57,78.15,133.22,200.01,272.7,154.9717,120.56,146.91,99.83,50.0,217.24,135.9583,83.57,205.37,114.79,12.3118,136.7,234.22,111.8,304.6,201.54,59.53,45.6033
2020-09-11,112.0,243.21,155.811,103.36,160.23,153.83,243.1,39.88,77.69,131.75,200.92,276.33,157.0283,121.46,147.78,101.07,51.06,218.0,138.475,84.48,204.03,118.0,12.1645,138.14,236.2467,113.4,301.48,200.68,59.79,45.5667
2020-09-14,115.355,246.75,155.1485,107.27,165.35,153.51,246.64,40.37,77.29,131.25,201.34,280.65,158.934,122.09,148.35,102.47,50.71,220.56,140.3833,84.16,205.41,119.28,12.8723,138.63,239.2,114.46,308.57,204.98,60.32,45.7733
2020-09-15,115.54,248.35,157.8065,106.68,163.49,148.6,251.68,40.6,76.35,131.24,198.0,285.58,158.7736,122.44,148.89,99.28,51.05,222.37,138.8083,84.21,208.78,119.27,12.991,138.63,238.75,112.15,307.23,205.39,60.6,45.7867
2020-09-16,112.13,247.76,153.905,105.98,167.46,151.11,250.6,40.42,78.56,132.09,200.68,281.63,160.3774,124.22,148.4,99.7,50.79,224.81,141.2583,85.57,205.05,118.59,12.5145,137.7,238.3733,113.17,306.52,205.13,60.37,45.42
2020-09-17,110.34,248.08,150.4365,104.66,167.53,153.87,244.53,40.37,78.79,130.22,194.83,279.96,160.6981,124.92,147.17,98.56,50.55,222.58,143.65,85.64,202.91,116.36,12.4635,137.52,237.5167,112.6,304.98,205.27,60.59,45.5633
2020-09-18,106.84,247.72,147.7455,103.44,161.14,152.39,242.78,39.81,78.21,128.63,194.86,275.19,159.1509,122.76,149.18,98.35,50.45,220.27,141.2917,85.81,200.39,114.66,12.1893,137.37,231.83,111.61,308.02,202.61,60.35,45.0967
2020-09-21,110.08,243.19,148.0235,98.17,156.35,145.33,245.05,39.04,76.3,125.41,194.0,272.35,152.2358,120.25,145.1,95.31,49.09,216.41,134.4667,83.13,202.54,113.37,12.5173,136.71,227.61,109.45,299.19,197.45,59.61,45.69
2020-09-22,111.81,247.5,156.4495,98.48,156.8,147.15,247.78,39.32,75.53,127.21,191.62,273.31,153.4717,120.51,144.21,94.27,49.66,216.41,135.2833,82.94,207.42,116.87,12.6378,137.96,232.1067,109.25,294.26,200.56,59.82,46.1033
2020-09-23,107.12,242.59,149.993,95.56,151.18,144.38,235.99,38.28,71.95,123.28,186.12,266.55,149.8019,118.83,144.44,92.74,48.21,214.97,132.925,82.63,200.59,127.11,12.1238,136.31,225.7734,107.49,292.14,195.37,58.91,45.33
2020-09-24,108.22,240.32,150.9895,95.45,146.05,145.14,237.55,37.85,71.8,122.49,195.11,265.7,149.7736,118.09,144.67,92.66,48.7,216.12,133.6833,83.15,203.19,124.75,12.348,136.92,228.6334,107.82,292.66,195.52,59.19,45.5667
2020-09-25,112.28,243.82,154.7565,96.26,156.03,145.91,242.74,38.45,71.83,124.0,194.95,268.55,152.3491,118.95,145.66,93.47,48.72,218.18,133.5583,82.93,207.82,124.23,12.8738,137.62,232.4833,108.11,302.5,197.25,59.39,45.7567
2020-09-28,114.96,247.03,158.7025,98.82,166.08,147.68,246.67,39.13,73.93,125.99,199.07,272.33,155.3208,121.73,147.11,96.16,49.28,220.26,134.7167,82.76,209.44,124.32,13.035,138.01,235.6867,110.22,303.23,200.32,59.36,45.75
2020-09-29,114.09,248.3,157.244,97.75,163.6,147.41,247.45,39.06,71.9,125.4,196.79,272.11,155.1981,120.94,147.06,95.35,48.92,218.68,133.175,81.9,207.26,126.35,13.2258,137.26,235.2233,107.44,304.15,199.44,59.24,45.7133
2020-09-30,115.81,254.16,157.4365,100.25,165.26,149.15,251.32,39.39,72.0,124.08,200.97,277.71,155.2925,121.67,148.88,96.27,49.37,219.49,133.4833,82.95,210.33,125.54,13.5305,138.99,232.2467,108.19,311.77,199.97,59.49,46.6367
2020-10-01,116.79,255.39,161.063,101.33,167.86,146.71,253.45,38.8,70.42,123.31,198.55,277.62,154.4151,121.09,147.32,96.97,49.18,219.59,132.325,81.64,212.46,126.64,13.6145,139.24,230.2667,107.81,313.07,203.35,59.45,47.6933
2020-10-02,113.02,245.41,156.25,101.61,168.08,149.94,247.85,38.27,71.19,122.55,199.9,279.31,156.2358,120.57,146.24,97.89,49.36,222.67,133.6333,80.8,206.19,126.64,13.0623,138.12,229.66,108.58,311.98,201.46,59.24,46.8333
2020-10-05,116.5,256.01,159.96,103.89,171.2,153.49,251.53,38.57,72.7,123.37,201.8,282.1,159.1698,122.01,148.23,99.04,49.38,226.07,135.625,81.24,210.38,127.91,13.6425,139.39,229.8667,111.91,318.15,203.54,59.66,47.2667
2020-10-06,113.16,252.69,154.998,101.76,159.54,151.53,250.14,38.57,72.3,120.93,201.09,276.47,157.4434,121.97,146.26,98.02,48.94,224.09,135.1917,79.63,205.91,127.65,13.7365,139.61,227.46,111.53,314.45,200.45,59.46,46.8767
2020-10-07,115.08,257.67,159.7845,103.38,164.61,154.77,259.98,39.4,73.78,122.91,203.6,282.79,161.8396,124.07,147.88,99.73,49.56,226.48,138.7417,80.04,209.83,130.06,13.964,140.7,230.6,113.8,323.17,202.47,59.61,46.9633
2020-10-08,114.97,240.09,159.5275,106.06,168.0,156.66,260.22,39.79,75.22,123.09,207.98,284.52,163.9434,131.49,148.89,101.78,50.46,225.8,139.7583,80.48,210.58,129.71,13.8388,141.65,229.4267,115.62,322.41,202.98,59.19,47.12
2020-10-09,116.97,236.7,164.3325,106.34,167.33,158.94,265.98,39.85,74.0,124.98,207.54,285.92,164.5094,127.79,150.97,101.2,50.81,224.83,141.0833,80.36,215.81,130.98,13.7628,142.92,232.8,115.83,327.84,206.64,59.33,47.5933
2020-10-12,124.4,239.51,172.1465,106.61,167.35,162.61,267.07,40.36,74.51,124.97,214.12,286.91,165.434,127.21,151.84,102.44,51.09,226.11,140.5417,80.36,221.4,129.46,14.226,144.49,234.1267,116.54,329.97,206.4,59.55,48.0833
2020-10-13,121.1,239.34,172.1815,105.01,162.14,162.12,266.83,39.81,73.4,128.96,210.81,290.36,161.8396,125.1,148.36,100.78,50.22,227.35,138.8583,80.71,222.86,129.2,14.2483,144.21,232.3934,112.89,331.42,204.32,59.36,48.7433
2020-10-14,121.19,237.65,168.1855,104.81,163.24,163.61,261.83,39.89,72.95,126.59,211.23,287.09,163.6509,125.94,148.1,100.22,50.12,227.62,140.3333,80.51,220.86,127.66,14.0953,144.04,231.33,112.03,321.85,202.2,58.43,47.98
2020-10-15,120.71,235.01,166.9325,104.43,164.24,165.04,257.72,39.97,73.51,127.36,208.6,287.54,162.8396,124.89,147.19,101.72,49.99,229.64,140.9,79.06,219.66,129.0,13.97,143.83,229.3334,112.64,324.57,199.55,58.16,48.1767
2020-10-16,119.02,235.72,163.6355,104.91,167.35,168.75,258.55,40.16,72.89,126.81,206.21,287.66,164.9623,125.93,148.1,101.51,50.03,229.37,142.475,79.83,219.66,128.0,13.8115,144.39,231.7734,113.32,329.9,200.26,58.05,48.2367
2020-10-19,115.98,230.71,160.3605,102.47,167.11,167.53,255.01,39.3,71.28,124.23,205.69,283.73,161.8774,125.52,144.32,99.8,49.62,226.0,141.2917,78.67,214.22,127.43,13.4978,141.91,227.2767,111.84,324.22,196.97,57.3,47.65
2020-10-20,117.51,231.1,160.8505,103.14,167.24,168.99,255.97,39.2,71.68,124.95,208.03,286.04,163.4528,117.37,144.55,100.37,50.25,227.45,142.4583,78.27,214.65,128.49,13.6455,142.48,224.9767,118.11,323.41,197.7,57.25,47.9667
2020-10-21,116.87,228.97,159.247,101.43,163.86,167.4,254.23,39.06,70.87,126.63,202.91,284.51,163.0849,115.06,143.93,99.37,49.99,228.19,140.975,78.07,214.8,129.43,13.5248,143.25,224.69,125.0,322.79,198.43,56.75,48.1333
2020-10-22,115.75,227.98,158.82,104.79,169.07,169.66,249.67,38.82,73.4,127.56,205.4,281.16,166.8396,115.76,145.08,102.88,50.68,229.15,142.2583,79.21,214.89,130.02,13.361,141.45,226.0,126.14,325.73,197.99,57.33,47.85
2020-10-23,115.04,227.16,160.22,100.98,167.36,168.59,250.52,38.82,72.57,128.35,205.04,283.0,165.6038,116.0,145.24,103.81,50.52,228.71,141.5,79.83,216.23,129.99,13.5903,142.38,227.77,125.97,330.6,198.01,57.96,47.95
2020-10-26,115.05,224.89,160.352,96.88,160.83,163.2,241.98,37.67,70.94,124.06,201.14,276.04,160.5377,112.22,143.97,101.24,49.8,224.27,138.4667,78.84,210.08,128.37,13.1413,141.3,223.46,121.54,323.06,193.07,57.81,47.3867
2020-10-27,116.6,223.46,164.3165,94.93,155.24,157.91,250.3,36.87,69.51,123.31,195.68,276.84,157.3113,110.56,143.15,99.33,49.9,222.97,134.1917,77.99,213.25,127.99,13.3968,142.36,224.49,119.09,320.51,190.06,57.38,47.6233
2020-10-28,111.2,216.38,158.139,91.6,148.14,151.16,238.43,35.71,66.88,118.47,189.77,269.72,152.0377,106.65,138.36,96.54,47.96,214.69,132.1083,76.18,202.68,122.08,12.627,137.66,226.22,121.5,308.0,180.87,56.31,46.68
2020-10-29,115.32,217.82,160.5505,91.07,148.29,154.67,237.14,35.69,68.8,121.54,189.94,269.63,155.283,108.91,137.19,97.17,48.02,214.95,132.0667,75.89,204.72,122.86,13.024,137.57,230.6967,122.46,303.68,184.87,56.76,46.64
2020-10-30,108.86,216.94,151.8075,91.24,144.39,157.05,232.27,35.9,69.5,121.25,189.04,266.71,155.6132,111.66,137.11,98.04,48.06,213.0,133.3,75.21,202.47,120.08,12.534,137.1,229.3267,120.71,305.14,181.71,56.99,46.25
2020-11-02,108.77,220.21,150.224,93.4,148.6,163.27,232.45,35.9,72.15,120.13,190.2,270.74,163.783,112.91,138.69,100.25,48.62,212.56,135.7833,76.71,202.33,122.39,12.5808,138.5,236.4333,123.92,312.1,184.74,57.7,46.8
2020-11-03,110.44,220.06,152.4205,96.29,153.65,167.69,237.13,36.68,71.74,124.02,197.93,277.37,169.066,114.16,138.5,103.41,49.35,216.8,137.925,76.92,206.43,124.59,13.0195,141.22,236.6967,126.34,321.35,188.34,57.75,47.5933
2020-11-04,114.95,230.33,162.058,96.4,151.63,155.23,250.74,36.57,71.77,125.07,197.87,282.72,168.783,111.9,139.4,100.25,49.17,214.87,133.4667,80.62,216.39,127.34,13.7943,140.64,241.33,123.4,354.56,193.97,57.22,47.32
2020-11-05,119.03,231.97,166.1,98.11,157.09,163.09,260.22,37.23,72.14,126.96,202.96,285.85,172.9057,114.77,139.76,104.35,49.44,216.31,136.0,80.46,223.29,129.7,14.16,142.38,243.2734,127.51,354.4,197.64,58.15,47.8233
2020-11-06,118.69,231.67,165.5685,96.69,157.74,161.29,260.15,37.53,71.15,127.46,201.26,284.24,173.8396,114.04,142.25,102.96,49.45,216.56,135.85,80.36,223.72,128.9,14.562,143.23,245.3667,127.0,347.46,198.47,58.53,48.59
2020-11-09,116.32,235.0,157.187,117.37,179.36,170.82,259.28,38.2,79.4,142.59,214.93,269.97,185.8396,115.53,146.08,116.9,52.57,213.22,136.1917,80.5,218.39,128.95,13.6308,137.99,230.2534,134.28,350.0,212.68,59.84,47.8467
2020-11-10,115.97,241.6,151.751,115.95,188.69,172.3,247.66,38.72,83.07,142.11,217.47,275.57,190.5472,117.91,148.28,116.52,53.98,213.32,140.95,81.11,211.01,127.71,12.77,140.26,240.8033,136.36,353.69,213.31,61.1,48.52
2020-11-11,119.49,240.69,156.8695,111.12,182.15,169.46,254.18,39.33,82.46,137.82,218.05,277.75,188.0094,117.2,147.8,114.78,53.58,218.02,141.0083,81.06,216.55,127.66,13.418,142.07,242.4933,134.96,351.7,212.7,61.0,49.3267
2020-11-12,119.21,237.14,155.514,111.1,176.72,169.13,249.42,38.67,80.67,135.52,214.51,276.24,186.0755,114.5,148.3,113.37,53.01,213.07,139.2083,79.86,215.44,126.64,13.4568,142.15,239.1033,132.4,354.41,208.26,60.79,49.41
2020-11-13,119.26,237.36,156.4405,114.99,187.11,171.71,249.51,41.4,83.03,138.36,219.08,277.17,190.1321,116.85,149.9,114.08,53.45,213.28,141.4917,81.09,216.51,128.28,13.297,144.28,242.0934,134.63,355.67,210.48,61.06,50.18
2020-11-16,120.3,236.66,156.553,118.67,202.4,173.19,249.89,42.54,88.96,144.67,222.38,279.57,196.783,118.36,150.85,117.3,53.85,216.73,144.8833,80.18,217.23,130.11,13.5153,142.43,243.9,136.29,356.82,212.7,60.89,50.8133
2020-11-17,119.39,232.44,156.783,116.48,210.05,171.91,256.17,41.88,87.04,144.5,224.65,272.47,193.7076,117.7,149.35,116.11,53.68,216.01,144.7,81.5,214.46,132.21,13.4223,141.88,243.6934,135.04,352.1,210.71,60.75,49.79
2020-11-18,118.03,227.76,155.273,114.24,203.3,172.74,257.16,41.32,84.28,143.9,224.3,269.83,189.7264,116.77,147.37,115.25,52.61,215.52,142.8333,80.25,211.08,131.63,13.4288,139.7,241.2034,134.37,344.51,207.83,60.32,49.6967
2020-11-19,118.64,224.67,155.851,114.14,205.67,172.9,264.65,41.17,85.73,141.72,224.57,270.93,191.2453,117.18,147.14,115.56,53.13,215.11,143.0083,80.39,212.42,131.91,13.4403,139.53,242.91,133.87,337.0,207.57,60.21,50.7067
2020-11-20,117.34,223.17,154.97,112.58,199.62,172.23,258.04,40.97,85.79,141.07,223.35,269.81,190.566,116.94,146.36,114.57,52.67,214.09,144.075,80.45,210.39,132.98,13.0878,139.3,241.41,134.55,334.7,203.88,60.04,50.08
2020-11-23,113.85,222.22,154.9195,116.09,211.53,174.78,257.64,41.64,91.03,145.98,228.83,271.4,193.0,120.09,143.87,117.87,52.68,217.0,145.1167,80.28,210.11,134.13,13.14,138.76,244.71,134.63,335.06,208.16,60.23,50.31
2020-11-24,115.17,220.46,155.903,120.39,218.49,176.9,260.84,42.61,95.62,151.49,237.5,273.31,196.1226,124.42,143.87,123.32,53.22,219.71,147.5667,80.14,213.86,134.7,12.9578,138.31,245.0967,136.39,336.01,209.68,60.64,50.4533
2020-11-25,116.03,220.31,159.2535,120.58,217.61,174.63,246.82,42.5,92.14,149.09,236.54,273.96,195.9245,124.2,143.68,122.03,52.93,219.34,147.6,80.06,213.87,135.54,13.2348,138.68,243.75,136.02,333.19,210.89,60.41,50.61
2020-11-27,116.59,224.81,159.767,120.59,216.5,175.08,247.63,42.7,91.31,147.13,235.4,275.99,197.5566,124.35,144.0,121.22,52.7,218.33,147.4083,79.86,215.23,134.25,13.2613,138.61,245.27,134.44,337.94,211.0,60.58,50.5333
2020-11-30,119.05,222.04,158.402,118.59,210.71,173.59,245.8,43.02,87.18,148.01,230.58,277.41,192.3774,123.52,144.68,117.88,51.6,217.44,143.9417,80.39,214.07,134.7,13.4015,138.87,249.21,129.65,336.34,210.35,60.41,50.93
2020-12-01,122.72,225.08,161.004,119.93,213.01,173.26,241.35,43.54,87.45,149.44,232.08,276.6,194.5283,123.16,147.45,119.74,52.04,216.14,142.1,81.55,216.21,135.44,13.39,139.37,247.7534,133.41,341.19,211.2,60.58,50.88
2020-12-02,123.08,226.56,160.1765,122.33,223.85,173.87,220.78,43.89,89.87,153.61,237.65,271.1,196.2264,124.62,148.14,122.04,52.11,210.86,143.2083,81.83,215.37,135.58,13.5445,138.36,238.55,134.04,347.56,210.18,61.36,50.1733
2020-12-03,122.94,226.91,159.3365,123.12,237.2,174.63,220.97,44.11,89.8,153.24,235.47,268.14,196.434,123.61,149.0,121.24,52.78,211.51,143.1917,81.45,214.24,136.96,13.396,137.34,236.0167,135.09,348.68,208.05,61.74,49.7667
2020-12-04,122.25,229.21,158.129,125.04,232.71,182.21,225.86,44.38,93.28,154.14,239.58,263.99,200.6415,127.2,150.27,122.34,53.85,210.74,143.7167,81.94,214.36,137.19,13.5583,137.47,235.3033,136.16,349.89,212.68,61.55,49.6367
2020-12-07,123.75,226.45,157.9,123.94,238.17,178.71,227.7,44.35,90.76,153.68,238.45,262.64,199.1509,124.7,148.97,121.88,52.99,208.89,141.7917,82.51,214.29,138.75,13.6068,137.68,236.6934,133.9,347.86,212.65,61.35,49.37
2020-12-08,124.38,228.94,158.8645,123.52,236.57,178.84,227.86,44.37,91.54,153.72,238.84,261.72,200.066,125.71,151.55,122.0,53.18,208.39,143.7167,83.18,216.01,139.12,13.35,138.05,239.7534,135.26,347.86,212.77,61.45,49.8167
2020-12-09,121.78,229.85,155.21,121.69,232.06,180.07,220.57,44.69,90.44,154.43,242.82,265.58,200.2264,126.79,153.1,121.05,53.33,208.69,146.075,83.47,211.8,138.79,12.9308,136.41,240.2134,134.91,344.41,209.58,61.46,49.4233
2020-12-10,123.24,228.16,155.0745,121.84,234.43,178.85,222.92,44.32,93.35,154.69,244.4,264.81,199.9717,124.96,152.25,120.27,53.05,208.04,144.575,82.99,210.52,137.58,12.9723,135.51,239.94,136.71,339.65,207.61,60.51,49.0133
2020-12-11,122.41,227.4,155.821,120.23,230.33,179.29,222.42,44.32,92.45,175.72,239.99,264.55,202.4811,124.27,152.95,119.56,53.35,207.76,145.0167,82.96,213.26,137.41,13.0133,136.51,239.5367,134.95,337.07,206.24,60.35,49.0
2020-12-14,121.78,229.46,157.8485,117.36,228.62,178.05,221.27,44.24,89.44,169.3,237.79,265.58,199.8585,123.53,149.07,118.3,53.27,211.92,144.2333,80.32,214.2,136.28,13.3087,135.85,239.6167,133.99,336.13,207.25,59.98,48.55
2020-12-15,127.88,230.53,158.256,119.1,229.5,181.74,220.15,44.72,89.37,173.94,242.43,267.98,202.0472,125.93,150.57,120.32,53.84,214.86,145.5667,80.48,214.13,139.39,13.3605,136.65,240.78,137.26,339.67,208.36,60.55,48.5267
2020-12-16,127.81,228.44,162.048,119.0,225.87,179.5,223.62,44.72,88.69,173.12,243.77,269.59,198.4057,125.55,149.67,120.67,53.06,213.8,146.175,79.83,219.28,138.34,13.2425,137.27,240.83,137.44,339.34,208.27,59.91,48.4767
2020-12-17,128.7,231.24,161.804,118.98,221.24,179.17,225.92,44.82,88.41,173.55,244.43,273.97,199.9434,125.55,153.62,119.67,53.27,214.25,147.2083,79.82,219.42,140.5,13.3413,138.25,242.0834,138.03,341.67,211.18,60.01,48.7
2020-12-18,126.655,228.49,160.0825,117.51,219.75,180.96,227.43,45.44,87.19,172.89,242.13,270.45,198.1509,125.85,154.51,119.08,53.74,215.08,147.0167,79.53,218.59,137.28,13.272,139.04,242.7433,138.86,338.38,211.31,60.46,48.65
2020-12-21,128.23,227.31,160.309,116.41,219.31,180.16,226.47,44.88,86.09,170.69,256.98,270.99,198.7359,123.39,153.02,123.55,52.81,211.67,146.3833,79.29,222.59,144.02,13.3323,137.52,243.0567,138.15,336.08,209.01,59.49,48.6567
2020-12-22,131.88,220.99,160.326,114.55,218.78,176.58,231.17,44.69,84.36,170.45,250.09,270.04,196.1698,123.61,152.72,121.67,52.76,211.92,145.65,79.42,223.94,142.45,13.2783,136.55,245.69,136.48,335.01,205.84,58.99,48.0667
2020-12-23,130.96,222.94,159.2635,116.95,219.69,178.42,227.43,44.375,85.69,173.55,256.45,269.81,198.1038,123.9,151.94,125.07,53.08,212.02,144.9917,79.76,221.02,141.76,13.0093,136.34,241.4833,137.95,337.59,205.3,58.96,47.74
2020-12-24,131.97,222.93,158.6345,117.35,217.15,179.56,225.78,44.54,85.33,173.73,256.16,270.92,197.6698,124.69,152.47,124.52,53.44,211.39,145.4333,80.14,222.75,141.6,12.9938,137.72,244.6334,138.49,340.79,208.7,58.84,47.8333
2020-12-28,136.69,223.65,164.198,118.36,216.09,178.37,224.64,44.92,84.9,178.86,259.59,269.25,198.0566,124.82,153.19,125.34,54.16,214.02,145.5917,80.45,224.96,142.43,12.9,138.68,243.1134,139.19,345.95,212.63,58.98,48.4067
2020-12-29,134.87,226.87,166.1,118.14,216.25,176.65,222.46,44.64,84.61,177.3,258.01,266.19,197.2925,123.8,154.14,125.01,54.13,212.71,144.875,81.42,224.15,141.57,12.9433,138.42,243.53,138.35,347.35,214.37,58.81,48.1
2020-12-30,133.72,227.17,164.2925,119.43,216.67,180.04,222.4,44.48,85.33,181.17,259.45,265.26,199.0094,124.34,156.05,125.36,54.44,211.56,145.0917,80.59,221.68,141.58,13.1458,137.77,242.3767,139.08,344.99,218.36,58.14,48.06
2020-12-31,132.69,229.92,162.8465,120.91,214.06,182.02,222.53,44.75,84.45,181.18,263.71,265.62,200.6604,125.88,157.38,127.07,54.84,214.58,145.6583,81.8,222.42,141.47,13.055,139.14,244.97,140.37,350.68,218.73,58.75,48.05
2021-01-04,129.41,226.66,159.3315,118.04,202.72,182.15,220.31,43.96,84.71,177.68,265.0,263.92,196.1793,123.94,156.5,125.87,52.76,210.22,143.225,80.96,217.69,140.1,13.1135,137.82,241.1567,135.65,349.5,217.76,58.85,48.8433
2021-01-05,131.01,227.76,160.9255,118.67,211.63,183.64,221.52,43.98,87.0,178.44,270.93,266.05,196.6604,126.14,158.34,125.65,52.18,211.48,142.9833,81.1,217.9,141.23,13.4048,138.7,239.9534,134.53,344.8,214.51,58.58,48.5833
2021-01-06,126.6,233.25,156.919,123.06,211.03,193.86,216.15,44.4,89.8,179.12,285.55,267.57,200.2453,129.29,159.83,131.55,50.52,211.0,145.1583,82.38,212.25,142.35,12.6145,140.16,240.7833,139.1,359.27,212.62,59.29,48.8867
2021-01-07,130.92,234.02,158.108,121.66,212.71,194.23,217.98,44.96,90.22,178.58,291.65,266.26,200.5755,128.99,160.37,135.87,49.96,211.98,141.4333,84.02,218.29,144.95,13.344,138.85,245.0433,139.07,365.03,213.81,58.53,48.8833
2021-01-08,132.05,238.49,159.135,121.78,209.9,194.26,222.04,45.06,91.08,178.69,290.08,269.09,198.1415,128.53,160.04,136.02,51.08,215.87,138.85,83.03,219.62,146.35,13.2768,138.79,242.9234,139.65,363.39,215.45,57.8,48.8767
2021-01-11,128.98,237.57,155.7105,121.06,206.79,193.86,218.25,45.36,91.6,179.09,293.83,271.23,196.566,128.58,159.37,138.05,50.2,214.23,137.6667,85.0,217.49,147.05,13.6215,137.85,244.98,137.43,360.75,212.89,57.46,49.0967
2021-01-12,128.8,236.59,156.0415,121.62,208.41,197.54,215.52,45.79,93.34,175.99,302.21,276.33,197.0566,129.21,158.13,140.22,50.11,211.6,138.7583,83.09,214.93,145.05,13.4848,137.05,246.3867,140.42,357.37,208.86,57.26,49.6567
2021-01-13,130.89,237.74,158.2945,122.4,207.21,195.89,218.18,45.36,93.25,176.12,302.94,274.05,195.3019,126.92,157.89,140.35,50.16,212.09,138.5667,82.34,216.34,143.04,13.5318,137.26,242.7134,142.25,355.04,209.35,57.06,49.15
2021-01-14,128.91,241.66,156.3735,123.78,209.91,197.4,215.6,45.15,95.49,173.43,307.87,268.34,196.8019,128.97,160.65,141.17,49.23,208.5,138.675,82.17,213.02,141.3,13.2003,135.8,239.5934,142.32,350.53,201.86,57.04,48.99
2021-01-15,127.14,245.49,155.2125,122.15,204.32,194.62,213.14,45.43,92.09,171.44,301.01,275.59,194.3113,128.39,160.3,138.64,48.7,209.91,137.9583,83.38,212.65,140.72,12.8595,134.78,241.85,143.24,351.3,201.59,57.38,48.2133
2021-01-19,127.83,248.27,156.038,126.75,210.71,194.06,216.76,45.19,94.51,172.26,294.2,273.19,195.0566,129.02,162.78,138.04,48.51,209.09,140.9333,83.19,216.44,139.27,13.0253,133.6,241.87,143.51,352.19,201.66,57.05,47.7967
2021-01-20,132.03,252.36,163.169,128.94,211.45,192.34,223.44,45.34,95.38,173.64,290.47,274.3,196.3019,130.08,162.38,135.97,48.68,213.63,141.85,82.46,224.34,142.8,13.3658,131.93,245.4067,145.02,350.84,206.01,57.26,48.5033
2021-01-21,136.87,252.03,165.3495,127.43,207.41,192.19,222.17,45.11,92.01,171.28,289.37,279.05,193.6132,131.65,161.73,134.83,48.95,213.53,142.225,81.18,224.97,141.61,13.8675,131.01,245.45,148.72,355.0,205.14,57.27,48.2833
2021-01-22,139.07,253.5,164.6115,126.14,205.84,191.94,225.77,44.77,91.73,172.78,289.39,284.0,190.8019,118.61,163.55,133.79,48.49,213.38,140.8667,80.98,225.95,139.35,13.7125,130.0,244.0567,145.84,347.55,202.02,57.47,48.7767
2021-01-25,142.92,257.1,164.7,121.15,203.36,187.34,225.92,45.03,90.9,171.89,283.04,285.08,190.4434,118.58,165.98,132.12,48.78,213.34,141.9917,81.15,229.53,137.55,13.6533,132.24,244.76,146.36,347.81,200.98,58.42,48.7333
2021-01-26,143.16,258.6,166.3065,116.15,202.06,187.21,226.26,45.26,89.36,169.56,281.76,282.6,189.6793,122.49,170.48,131.58,49.29,215.38,146.625,80.25,232.33,135.1,13.4353,133.09,241.2134,143.71,343.11,202.01,56.57,49.17
2021-01-27,142.06,251.06,161.629,114.09,194.03,180.63,224.78,45.7,88.2,163.03,273.33,274.05,188.0944,122.47,167.88,127.86,48.53,207.0,155.5417,77.07,232.9,131.02,12.9178,128.38,239.18,139.5,332.99,194.97,55.13,47.9467
2021-01-28,137.09,247.75,161.881,118.97,197.23,184.34,226.5,45.34,89.02,171.88,275.02,278.05,191.3585,120.08,169.16,130.11,49.15,206.82,152.85,77.92,238.93,134.72,13.051,130.36,237.35,140.0,338.15,198.22,55.37,47.9167
2021-01-29,131.96,241.43,160.31,116.26,194.19,182.84,225.56,44.58,85.2,168.17,271.17,270.82,184.3113,119.11,163.13,128.67,48.15,207.84,146.3833,77.07,231.96,133.59,12.9898,128.21,230.6,136.3,333.58,193.25,54.75,46.83
2021-02-01,134.14,240.43,167.144,117.03,195.84,184.72,228.46,45.4,86.41,170.97,274.73,270.07,184.4906,120.54,162.71,129.62,48.48,207.93,145.5833,77.36,239.65,135.71,13.237,128.97,232.7,138.21,334.0,198.36,54.28,46.4233
2021-02-02,134.99,240.49,169.0,120.7,200.94,192.5,234.2,45.83,87.06,176.96,286.97,272.16,188.7925,119.44,161.25,133.61,48.96,209.76,145.85,77.77,239.51,139.59,13.5568,128.79,236.8467,139.83,338.72,202.61,54.5,46.9233
2021-02-03,133.94,237.08,165.6265,120.44,207.39,191.45,234.82,45.77,88.96,176.43,288.55,274.17,187.8679,119.12,160.5,135.14,48.77,208.71,146.2333,77.32,243.0,138.63,13.5305,128.95,233.78,138.66,337.89,201.36,54.79,47.0667
2021-02-04,137.39,237.22,166.55,124.9,210.64,191.65,237.98,47.25,89.0,180.23,293.75,278.82,189.2358,121.02,161.99,138.25,49.01,211.03,147.5833,76.03,242.01,140.63,13.6643,129.03,236.7734,143.93,329.32,209.25,55.14,47.51
2021-02-05,136.76,236.32,167.6075,126.28,207.93,193.0,238.89,48.08,89.26,181.16,293.5,278.86,191.434,121.79,164.45,137.98,49.65,212.58,149.175,75.8,242.2,145.11,13.591,129.57,238.86,144.84,324.51,208.77,55.32,48.12
2021-02-08,136.91,237.57,166.147,127.99,211.95,197.45,238.93,48.94,91.48,190.0,300.15,280.03,192.3208,123.61,164.92,140.14,49.92,211.58,150.6333,75.04,242.47,143.41,14.4388,129.17,241.3367,146.2,324.34,206.89,55.05,48.3433
2021-02-09,136.01,236.65,165.25,126.68,215.12,197.28,236.7,48.5,90.96,188.21,300.46,276.77,190.5849,122.1,166.27,139.58,49.7,215.98,150.7833,75.04,243.77,141.79,14.2633,128.67,237.67,147.16,329.63,206.52,55.0,48.61
2021-02-10,135.39,238.46,164.329,128.23,211.92,197.72,236.72,47.24,92.52,189.63,304.28,278.69,190.717,122.24,166.81,139.66,49.6,214.4,150.9,74.89,242.82,142.46,14.7643,128.22,237.44,145.93,333.4,206.44,54.96,48.0433
2021-02-11,135.13,235.04,163.1065,128.31,210.66,198.35,241.24,47.58,92.02,190.91,302.32,277.06,190.7358,120.91,166.06,139.27,50.3,214.27,147.675,74.74,244.49,143.54,15.2508,128.33,239.7633,146.34,333.07,210.66,54.6,48.0067
2021-02-12,135.37,237.21,163.8855,129.62,210.98,197.99,240.37,47.29,92.55,187.67,306.32,277.51,192.0472,120.8,166.58,141.25,50.69,213.9,148.9167,75.0,244.99,142.12,14.9613,127.62,240.35,145.96,328.24,209.96,54.2,48.1567
2021-02-16,133.19,232.84,163.4475,130.68,217.18,202.38,248.59,46.51,93.13,186.35,311.96,275.39,191.9245,120.07,165.07,144.65,50.27,215.03,147.1917,74.25,243.7,141.71,15.3303,127.92,235.8067,147.42,324.62,207.9,54.15,48.5533
2021-02-17,130.84,235.61,165.432,128.56,215.52,202.3,247.66,46.25,95.92,186.44,312.74,280.92,190.4717,119.97,165.66,145.1,50.13,213.45,147.2083,75.54,244.2,143.99,14.906,128.46,240.4667,148.45,326.86,207.51,56.99,49.0667
2021-02-18,129.71,232.53,166.4115,128.49,208.48,199.92,247.01,46.34,95.0,183.0,309.9,283.05,192.0,120.73,165.74,145.59,50.77,215.43,149.475,75.41,243.79,145.09,14.829,129.53,242.2534,147.69,328.41,209.35,56.98,45.8867
2021-02-19,129.87,231.69,162.495,131.71,217.47,209.91,246.56,45.68,95.8,183.65,315.62,279.64,192.0377,118.99,162.98,148.02,50.11,212.24,147.1167,74.31,240.97,142.02,14.9265,127.12,238.97,145.91,324.58,204.73,56.45,46.1133
2021-02-22,126.0,231.47,159.037,135.95,212.88,218.06,240.95,45.43,98.39,191.76,316.87,275.85,192.0943,120.86,161.87,149.41,50.63,212.06,146.7667,74.93,234.51,136.67,14.3558,126.58,236.21,147.87,327.64,208.32,56.45,45.8967
2021-02-23,125.86,232.46,159.725,136.94,212.12,220.18,235.64,45.51,99.63,197.09,319.21,267.24,193.434,120.71,160.44,150.61,50.54,211.32,146.8083,74.54,233.27,136.13,14.142,127.52,232.1967,149.33,329.51,212.11,57.03,45.1567
2021-02-24,125.35,229.99,157.9765,139.89,229.34,222.47,240.47,45.74,103.31,197.51,330.64,259.97,199.0849,123.21,162.59,153.26,50.71,213.27,148.025,74.57,234.55,135.65,14.499,127.66,227.3434,150.96,332.21,219.43,57.12,44.4033
2021-02-25,120.99,227.52,152.858,137.08,216.45,221.82,231.08,45.52,102.35,190.98,327.76,255.25,193.1981,122.47,162.76,151.18,50.17,210.95,148.9667,74.62,228.99,135.54,13.3075,126.58,224.39,148.0,328.87,213.75,56.5,43.9833
2021-02-26,121.26,224.92,154.6465,135.26,212.01,215.88,216.5,44.87,100.0,189.04,319.48,258.34,190.8962,118.93,158.46,147.17,48.99,206.14,145.8833,72.62,232.38,134.78,13.7145,123.53,226.78,145.5,332.22,212.39,55.3,43.3067
2021-03-01,127.79,227.04,157.307,138.71,224.39,219.76,217.54,45.92,102.05,194.98,329.92,261.62,194.5472,120.74,159.32,150.5,49.9,208.25,147.0083,72.38,236.94,137.65,13.8418,124.29,231.28,150.39,334.65,216.63,55.36,43.79
2021-03-02,125.12,225.69,154.7265,139.25,223.14,215.82,213.47,45.515,102.44,193.94,330.94,260.29,194.8868,120.33,159.02,150.01,50.1,208.67,147.5917,72.85,233.87,137.02,13.4063,123.9,229.8934,149.12,334.64,215.77,54.98,43.37
2021-03-03,122.06,223.94,150.25,142.59,228.56,214.91,206.0,45.13,103.59,192.26,334.43,257.36,195.2925,122.36,156.22,152.91,49.98,205.82,148.3833,73.3,227.56,134.26,12.8048,123.16,224.4034,150.71,332.87,214.85,55.38,42.53
2021-03-04,120.13,221.91,148.8785,142.68,224.71,212.77,205.33,44.56,104.5,188.03,329.29,250.93,191.4528,120.11,153.07,150.56,49.94,204.84,148.025,72.17,226.73,132.04,12.3703,122.15,219.8533,149.02,333.81,211.5,54.8,42.51
2021-03-05,121.42,227.73,150.023,147.33,223.22,220.16,210.76,46.25,109.0,189.99,327.37,253.52,194.8868,122.83,156.1,150.91,50.79,207.37,150.6667,73.13,231.6,133.35,12.4615,125.98,225.23,152.36,347.1,215.41,56.0,43.04
2021-03-08,116.36,227.81,147.5975,150.27,224.03,221.58,207.72,47.51,109.75,201.91,334.19,259.03,195.9434,124.81,157.4,152.91,51.64,209.11,153.1417,74.17,227.39,134.56,11.5933,127.31,229.37,155.75,350.17,220.27,56.79,42.6267
2021-03-09,121.085,228.99,153.1425,145.1,230.61,216.8,211.53,47.89,109.5,194.51,330.59,264.96,195.8585,124.18,157.7,151.83,50.86,208.55,150.9833,74.14,233.78,135.95,12.5203,126.18,235.3467,153.82,351.98,220.36,56.2,42.9633
2021-03-10,119.98,229.96,152.882,146.75,245.34,221.06,211.96,48.29,111.37,195.06,342.02,266.24,200.8585,127.87,159.15,155.13,51.44,213.31,153.7583,74.76,232.42,137.59,12.4683,127.34,235.3667,155.38,349.6,223.17,57.08,44.06
2021-03-11,121.96,231.17,155.6795,147.75,252.0,219.76,215.95,48.8,111.19,196.75,342.1,268.85,200.4717,127.14,159.14,154.32,50.88,211.57,153.8083,74.63,237.13,141.19,12.9935,126.91,234.6667,155.09,353.1,226.15,55.51,44.0433
2021-03-12,121.03,230.36,154.4745,148.54,269.19,229.0,212.21,48.82,111.56,197.16,348.81,273.1,202.2453,127.61,159.6,156.15,50.36,212.34,154.1,74.6,235.75,140.45,12.856,128.14,236.0433,157.27,356.02,224.36,55.63,44.7067
2021-03-15,123.99,235.96,154.084,146.99,265.63,230.74,212.8,49.41,110.25,196.76,346.05,278.54,203.9623,128.58,160.42,155.37,51.03,220.46,157.9,76.23,234.81,144.94,13.1913,128.56,238.99,157.34,353.88,223.27,55.64,44.4767
2021-03-16,125.57,240.32,154.593,143.3,255.21,226.46,214.48,49.67,107.64,194.24,341.71,282.08,199.8208,128.24,161.37,153.51,51.22,219.86,155.7083,76.81,237.71,144.65,13.2913,128.94,239.0167,156.47,354.6,224.7,55.64,44.4633
2021-03-17,124.76,244.27,156.7865,144.68,263.59,233.63,213.12,49.42,108.03,195.24,344.95,280.03,200.9717,129.03,160.77,155.09,51.24,224.11,156.9167,77.3,237.04,144.82,13.3413,128.42,237.4534,157.92,352.18,223.02,55.75,44.0933
2021-03-18,120.53,244.42,151.3995,142.58,256.06,230.68,209.48,48.8,104.12,192.28,348.0,283.16,202.8491,130.06,160.47,157.65,50.57,222.9,159.1667,77.27,230.72,143.17,12.7225,128.7,236.71,156.83,362.05,220.66,56.31,43.3367
2021-03-19,119.99,245.94,153.748,140.71,255.82,225.29,212.2,48.98,103.38,191.14,344.2,289.1,200.8585,128.9,160.04,155.14,50.81,222.44,157.2583,77.51,230.35,137.49,12.8458,128.01,235.4167,149.3,365.58,206.9,56.24,43.9133
2021-03-22,123.39,249.69,155.5435,139.95,251.23,226.02,215.17,50.3,102.54,192.86,339.33,288.94,200.1227,130.55,160.5,150.97,51.0,225.07,157.8917,77.51,235.99,138.27,13.1863,130.18,240.08,147.59,366.86,208.0,56.59,44.1233
2021-03-23,122.54,245.04,156.875,136.08,241.25,218.25,215.0,50.01,101.97,188.73,331.77,289.98,196.783,130.46,160.35,149.46,51.39,224.37,156.9417,76.27,237.58,137.12,13.0708,132.6,241.98,147.0,368.5,208.15,56.91,44.6467
2021-03-24,120.09,245.47,154.3535,138.42,239.24,221.23,209.53,49.65,104.7,184.72,328.65,292.75,200.2076,130.62,161.91,150.62,51.52,224.05,158.9083,76.24,235.46,133.16,12.643,132.56,241.3834,149.28,370.6,208.07,57.01,44.37
2021-03-25,120.59,246.25,152.313,142.28,247.19,224.25,205.44,50.51,105.07,186.91,330.55,297.18,201.7736,133.07,161.97,152.55,52.02,224.2,160.9167,76.07,232.34,128.64,12.5353,133.48,246.4034,152.78,371.09,207.97,57.38,44.67
2021-03-26,121.21,252.86,152.6015,143.73,244.87,229.5,209.09,52.57,107.48,185.92,327.39,303.81,206.1604,136.38,164.93,155.09,53.04,225.21,162.4,77.39,236.48,132.99,12.8393,135.45,253.0067,153.64,376.48,213.53,58.18,45.0433
2021-03-29,121.39,254.96,153.7865,142.37,250.52,230.22,210.77,52.52,106.92,184.85,325.73,302.2,206.4906,135.86,166.04,152.68,53.85,227.35,163.1167,78.3,235.24,133.49,12.9483,137.57,252.1033,153.85,379.06,214.51,58.83,45.5567
2021-03-30,119.9,249.75,152.7645,143.49,252.01,233.08,210.0,51.77,105.93,185.53,332.01,304.82,205.7453,134.72,165.01,154.48,53.15,224.98,162.2,76.96,231.85,132.95,12.8718,135.45,248.74,154.03,373.56,211.9,58.59,45.2467
2021-03-31,122.15,248.81,154.704,141.44,254.72,231.87,211.87,51.71,104.79,184.52,327.0,305.25,204.783,133.26,164.35,152.23,52.71,224.14,160.5667,77.09,235.77,132.89,13.3483,135.43,246.0034,150.4,372.07,211.73,58.15,45.2767
2021-04-01,123.0,249.17,158.05,144.57,252.96,232.74,218.72,51.98,105.75,188.97,327.64,307.75,204.5283,133.23,162.83,153.71,52.51,225.21,160.5833,77.09,242.35,132.53,13.8118,134.28,249.75,150.62,367.07,216.86,58.3,45.2067
2021-04-05,125.9,252.02,161.3365,146.06,259.36,233.71,220.29,52.41,104.51,188.5,323.54,315.4,206.8585,135.93,163.43,153.62,52.81,228.85,162.475,77.0,249.07,135.12,13.9875,136.45,255.9,152.03,370.18,219.04,58.87,46.4767
2021-04-06,126.21,249.1,161.191,146.15,255.17,230.64,221.09,52.025,103.58,189.73,327.06,313.78,206.783,134.22,163.39,152.54,53.19,231.91,162.3667,75.79,247.86,137.16,13.8615,136.5,258.95,151.75,364.37,218.65,59.11,46.7
2021-04-07,127.9,248.12,163.9695,147.13,252.58,230.41,220.79,51.77,104.19,187.56,326.55,312.47,206.1321,134.93,163.61,154.93,53.28,232.61,162.4583,76.12,249.9,136.54,14.1435,136.74,251.7,152.29,365.64,219.27,59.0,46.6
2021-04-08,130.36,246.88,164.965,147.04,254.95,230.48,224.45,51.91,103.02,187.32,331.14,314.43,207.4151,135.12,162.97,155.12,53.12,230.25,163.1,75.49,253.25,133.68,14.317,137.26,253.48,150.36,364.89,220.7,57.6,46.57
2021-04-09,132.995,248.95,168.61,147.78,252.36,230.75,231.28,52.09,102.92,187.89,330.81,319.23,214.1321,135.73,161.25,156.28,53.18,231.48,165.0,76.31,255.85,135.45,14.4,136.37,255.29,151.65,376.3,222.52,57.49,46.5933
2021-04-12,131.24,248.94,168.9695,147.57,249.52,230.93,228.76,51.57,101.78,186.49,331.84,320.79,215.6604,134.59,161.64,155.95,53.35,230.96,164.8583,76.22,255.91,136.64,15.209,136.92,257.6,151.84,376.28,221.47,57.54,46.6
2021-04-13,134.43,249.95,170.0,145.99,253.27,229.35,232.0,51.66,102.24,185.49,327.68,320.4,216.0377,131.18,159.48,154.09,53.09,231.32,163.725,76.43,258.49,133.54,15.6795,135.11,257.41,152.21,374.5,221.02,57.62,46.4567
2021-04-14,132.03,249.62,166.65,147.42,252.43,232.58,228.02,51.37,104.27,187.46,335.35,320.02,216.3962,132.63,159.92,151.21,53.08,230.31,163.9583,76.4,255.59,132.26,15.277,135.6,255.05,155.43,375.63,221.98,57.7,46.44
2021-04-15,134.5,255.13,168.9545,148.53,251.11,232.52,233.0,51.64,103.42,185.93,338.55,322.74,216.8302,132.58,160.39,152.17,53.33,231.28,164.5667,76.66,259.5,133.67,16.1373,137.24,257.14,154.36,390.01,226.28,57.7,46.72
2021-04-16,134.16,255.71,169.972,149.99,248.18,233.36,231.91,52.8,102.96,187.26,342.31,328.08,218.9717,133.59,162.24,153.3,53.68,233.08,165.4833,77.47,260.74,134.31,15.9125,137.25,266.92,155.95,391.01,226.41,58.28,46.87
2021-04-19,134.84,255.97,168.6005,148.54,244.15,232.39,230.5,52.85,103.26,187.43,343.09,326.85,217.8962,133.12,162.69,152.65,54.0,231.81,165.4917,77.66,258.74,132.57,15.3618,136.61,265.6,154.38,389.84,225.79,58.39,46.57
2021-04-20,133.11,259.14,166.7345,145.1,234.06,227.63,227.96,51.79,101.33,182.79,331.88,323.96,214.4623,138.16,166.48,149.27,54.17,233.01,165.25,78.57,258.26,127.11,15.1713,137.75,267.24,155.73,396.53,223.28,58.39,46.93
2021-04-21,133.5,258.78,168.101,147.18,235.92,232.46,230.56,51.93,102.73,183.11,335.27,325.95,217.4528,143.55,166.59,150.54,54.61,232.26,167.4,79.23,260.58,129.9,15.3605,136.85,270.96,157.38,398.81,227.45,58.14,47.0667
2021-04-22,131.94,255.05,165.452,147.16,234.33,228.89,231.35,51.5,100.95,182.76,330.85,321.46,216.283,141.28,165.18,147.37,54.44,232.96,167.4167,77.96,257.17,129.18,14.8503,134.63,269.73,155.87,396.54,227.57,57.28,46.5567
2021-04-23,134.32,257.03,167.044,144.33,238.38,230.11,233.51,51.91,101.55,183.02,339.35,323.89,211.7925,142.43,165.52,150.19,54.47,234.58,168.5,77.88,261.15,130.19,15.2653,133.94,273.92,157.84,400.31,230.0,57.3,46.6333
2021-04-26,134.72,255.52,170.45,150.34,241.44,230.56,235.46,51.64,101.52,184.27,343.52,319.99,208.9811,141.57,164.12,150.56,53.66,232.31,166.3583,77.53,261.55,131.6,15.478,131.26,269.54,155.73,395.86,230.34,56.94,45.97
2021-04-27,134.39,255.13,170.8715,150.36,242.47,230.34,234.21,51.37,102.7,184.64,346.63,320.59,210.3113,142.01,163.18,151.25,53.58,234.98,162.0417,77.36,261.97,132.11,15.3818,131.18,269.49,155.2,394.5,229.91,56.32,46.1267
2021-04-28,133.58,236.71,172.925,152.54,235.46,232.3,236.88,51.11,105.22,183.39,348.11,319.71,210.2547,143.0,161.98,152.23,53.59,232.41,163.275,77.09,254.56,130.71,15.2768,131.4,268.96,153.79,394.59,233.45,56.43,45.9633
2021-04-29,133.48,234.71,173.5655,154.63,235.94,227.47,234.36,51.46,106.9,185.33,352.97,325.34,211.2264,144.24,164.2,155.19,54.26,235.21,165.875,73.68,252.51,133.26,15.3248,132.51,273.44,155.7,401.55,236.86,57.32,46.5433
2021-04-30,131.46,239.64,173.371,153.35,234.31,228.11,230.32,50.91,103.07,186.02,348.45,323.67,210.4151,141.88,162.73,153.81,53.98,236.08,164.2833,74.5,252.18,132.62,15.0095,133.42,273.87,154.66,398.8,233.56,57.79,46.6367
2021-05-03,132.54,245.38,169.3245,154.8,235.19,228.17,223.76,51.17,105.53,185.51,350.16,330.27,210.566,144.75,165.21,153.36,54.48,235.56,165.5083,75.98,251.86,133.03,14.8367,135.0,277.91,156.59,405.9,232.61,57.92,47.3733
2021-05-04,127.85,247.36,165.5935,154.53,233.63,233.41,217.18,50.71,106.11,184.25,349.84,332.77,212.6698,145.75,167.77,155.48,54.14,233.86,166.15,75.99,247.79,131.55,14.3513,134.54,283.5,158.53,411.34,232.03,58.6,46.9067
2021-05-05,128.1,249.35,163.527,156.39,228.18,237.88,215.4,51.13,108.96,181.51,357.62,332.05,213.3868,145.22,167.07,157.52,54.0,235.04,167.8667,77.7,246.47,132.21,14.4585,133.46,283.28,159.29,412.5,229.21,58.69,46.8667
2021-05-06,129.74,251.3,165.3185,156.88,229.81,237.07,218.05,52.44,109.02,181.79,365.97,337.58,215.717,148.42,167.74,160.69,54.54,234.86,168.675,77.78,249.73,133.49,14.523,135.14,285.39,160.5,414.97,231.32,59.29,47.0167
2021-05-07,130.21,254.21,164.5805,158.98,235.47,240.99,216.5,53.43,110.02,184.84,370.89,339.25,215.8396,145.46,168.5,161.24,54.51,234.84,169.225,78.41,252.46,137.81,14.8123,135.15,287.23,160.81,417.65,232.12,58.72,46.7333
2021-05-10,126.85,252.62,159.5245,158.68,232.93,242.61,213.89,53.16,109.57,184.3,368.68,341.12,217.8679,146.17,170.27,161.22,54.91,237.11,172.775,78.17,247.18,136.4,14.2658,137.67,288.65,161.67,420.89,225.97,59.52,46.94
2021-05-11,125.91,252.3,161.1955,154.43,228.88,239.3,215.56,52.83,106.7,181.67,359.92,330.66,216.1887,144.22,168.88,158.54,54.32,233.86,169.7667,77.46,246.23,137.12,14.3063,136.99,285.84,156.69,411.7,225.48,58.54,46.5167
2021-05-12,122.77,250.83,157.597,152.3,220.78,237.32,210.54,51.6,107.37,177.85,354.4,317.0,207.5849,141.3,168.2,157.45,54.04,227.94,165.725,78.0,239.0,133.39,13.7585,135.54,279.84,153.75,405.37,220.63,58.41,45.3133
2021-05-13,124.97,252.07,158.0735,154.08,222.64,240.07,211.86,52.49,106.68,178.34,358.81,325.42,211.0189,144.17,169.96,161.5,54.51,229.77,169.5083,78.69,243.03,133.61,13.6653,137.72,285.81,157.76,408.56,223.74,58.81,46.08
2021-05-14,127.45,251.38,161.145,157.15,228.47,242.23,217.66,52.9,109.47,173.7,368.77,323.63,214.4906,144.68,170.22,164.01,54.73,231.72,170.3167,78.29,248.15,135.93,14.243,138.01,286.09,160.51,409.8,226.94,58.69,46.5067
2021-05-17,126.27,252.38,163.5195,156.86,227.98,244.79,215.06,52.94,110.81,170.08,369.25,320.01,213.651,145.11,170.39,164.67,54.64,231.68,170.925,79.87,245.18,136.41,14.1655,137.73,284.23,160.25,408.63,226.44,57.94,46.2967
2021-05-18,124.85,250.86,161.614,154.99,227.55,239.47,214.33,52.93,106.18,169.68,364.56,316.75,209.7359,143.91,170.45,162.35,54.34,231.93,169.1917,79.38,243.08,135.56,14.0158,136.32,283.17,157.29,410.38,225.57,57.18,47.3033
2021-05-19,124.69,248.63,161.59,154.73,224.42,236.87,221.34,52.47,103.2,169.27,358.38,314.45,208.7925,143.19,170.08,161.11,54.17,230.15,168.8333,79.36,243.12,132.96,14.0658,136.6,281.27,157.0,409.5,224.59,56.92,47.3067
2021-05-20,127.31,251.93,162.384,155.53,227.65,234.99,223.78,52.85,103.56,171.36,359.78,315.9,209.5566,143.88,171.07,160.83,54.65,232.18,168.0417,79.66,246.48,133.27,14.6125,138.0,282.59,158.81,408.64,226.44,56.79,47.4733
2021-05-21,125.43,251.01,160.154,156.87,234.82,237.24,222.58,52.43,104.12,172.4,366.26,315.77,210.566,144.74,170.96,162.66,54.62,231.24,168.2167,79.18,245.17,132.66,14.9918,138.0,283.13,159.08,411.63,226.77,56.91,47.25
2021-05-24,127.1,247.75,162.2495,158.64,237.44,239.05,226.99,53.39,105.6,174.31,368.29,314.84,212.2642,144.72,170.55,163.54,54.8,231.91,168.8417,79.03,250.78,134.06,15.612,137.96,284.97,158.73,410.95,229.32,56.98,47.2533
2021-05-25,126.9,242.0,162.9525,158.01,240.74,237.17,227.71,53.31,103.87,176.17,364.51,316.75,211.3585,143.79,170.08,161.85,54.79,232.14,168.0917,77.5,251.72,134.32,15.6478,138.43,285.59,156.55,413.05,229.02,56.48,47.4467
2021-05-26,126.85,238.55,163.258,158.58,241.37,237.71,229.68,52.91,104.12,176.47,367.4,317.33,211.5755,143.38,169.07,161.83,55.03,232.35,167.9833,77.23,251.49,136.89,15.7,138.12,285.64,157.14,413.21,227.07,56.36,47.39
2021-05-27,125.28,235.31,161.5055,159.74,250.7,241.28,225.83,52.92,103.01,179.04,371.37,318.77,218.1793,143.82,168.81,164.35,55.49,234.86,169.3667,75.92,249.31,136.56,15.488,134.98,285.77,159.35,412.7,226.86,56.29,47.23
2021-05-28,124.61,237.94,161.1535,160.13,247.02,241.08,238.1,52.9,103.79,178.65,372.02,318.91,217.8396,143.74,169.25,164.24,55.29,233.89,169.2,75.89,249.68,136.46,16.2445,134.85,283.53,159.7,411.92,227.3,56.49,47.3433
2021-06-01,124.28,233.58,160.9325,163.76,254.73,242.76,236.2,52.62,106.65,178.84,382.44,316.31,219.7642,144.19,165.53,166.05,55.28,233.24,169.3333,75.18,247.4,134.51,16.2645,132.88,282.84,160.89,406.72,226.63,56.38,47.22
2021-06-02,125.06,235.16,161.6995,164.12,255.62,243.46,234.62,52.96,108.08,177.0,383.44,313.23,217.6793,145.72,166.2,166.06,55.5,233.78,169.4083,75.87,247.3,134.17,16.7783,133.46,282.41,160.2,405.85,229.66,56.65,47.1167
2021-06-03,123.54,235.74,159.3505,164.52,250.32,243.84,230.84,53.33,107.59,176.24,388.72,311.43,216.2264,145.55,166.04,166.17,55.64,232.45,169.725,73.91,245.71,134.17,16.9698,135.85,282.57,161.0,407.96,228.11,56.98,47.2
2021-06-04,125.89,236.85,160.311,165.0,249.92,244.02,237.48,54.07,108.45,177.18,391.45,311.01,217.0283,147.42,165.97,166.44,56.24,233.38,171.7083,74.11,250.79,133.74,17.5783,135.95,283.2,160.0,405.64,230.14,57.3,47.2833
2021-06-07,125.9,237.19,159.9005,165.92,252.66,239.76,238.14,53.92,107.75,176.99,388.16,309.96,215.2736,148.02,164.84,165.66,56.04,231.69,169.775,72.8,253.81,133.95,17.619,136.42,280.81,157.76,400.25,231.32,57.2,46.9667
2021-06-08,126.74,236.82,163.2055,166.51,252.76,240.16,236.42,54.13,108.73,176.33,384.7,310.9,216.8019,149.07,163.39,165.0,55.65,232.64,169.6583,72.4,252.57,133.35,17.457,134.84,281.0,157.54,401.74,232.05,57.15,46.61
2021-06-09,127.13,239.52,164.0575,164.09,248.06,234.65,236.09,54.02,107.78,176.04,382.78,307.34,214.9151,150.67,165.59,162.94,55.48,231.47,168.95,74.04,253.59,131.84,17.3583,134.79,276.96,154.74,401.1,232.31,57.05,46.36
2021-06-10,126.11,244.64,167.4825,162.23,248.34,225.73,240.19,55.03,108.41,176.57,373.94,308.31,213.4434,150.54,167.08,160.4,55.91,234.59,169.275,76.14,257.24,130.98,17.425,135.79,277.86,154.02,401.49,233.95,57.34,46.6267
2021-06-11,127.35,242.77,167.3415,164.51,247.28,220.7,240.31,54.77,107.91,177.38,378.05,310.77,212.434,151.28,164.96,160.29,56.16,236.93,169.0083,76.27,257.89,131.94,17.8253,134.86,276.74,154.48,397.89,234.96,57.33,46.9167
2021-06-14,130.48,241.19,169.1935,163.81,245.14,219.01,246.26,54.17,107.97,178.18,372.92,309.32,210.5377,150.03,165.37,157.57,55.55,236.98,167.8,75.45,259.89,131.36,18.0188,134.91,273.76,153.25,399.16,234.08,57.18,46.8533
2021-06-15,129.64,239.85,169.1565,166.27,246.54,219.46,242.58,53.79,110.3,175.86,371.3,306.45,209.9057,149.36,164.49,155.18,55.41,236.35,167.175,75.7,258.36,130.29,17.7885,134.65,271.62,154.62,400.28,232.98,57.29,46.6667
2021-06-16,130.15,239.58,170.7625,164.68,242.27,217.16,242.39,53.47,109.67,174.66,371.0,302.78,206.5944,147.83,164.43,156.27,54.67,235.58,164.0917,76.61,257.38,130.4,17.8103,132.78,268.48,152.79,397.25,229.6,56.64,45.7167
2021-06-17,131.79,240.76,174.462,162.13,239.22,209.45,244.43,53.13,107.07,174.65,361.5,303.12,204.0472,145.6,165.22,151.76,54.95,233.88,162.6167,77.23,260.9,128.92,18.6573,133.99,269.23,148.87,397.35,232.15,56.53,45.9067
2021-06-18,130.46,238.68,174.345,158.17,237.35,208.86,242.78,52.07,103.03,172.42,348.83,302.61,200.4717,143.12,161.98,147.92,53.77,229.62,159.6667,76.61,259.43,128.41,18.6388,132.03,268.16,144.76,389.37,230.41,55.82,45.0567
2021-06-21,132.3,240.24,172.698,164.9,245.28,213.21,244.48,53.18,106.05,173.97,357.54,307.6,203.7736,146.65,163.84,150.43,54.36,232.9,162.675,76.75,262.63,130.08,18.4273,133.07,273.1,148.65,398.07,234.32,56.39,45.4667
2021-06-22,133.98,239.91,175.272,164.5,243.78,213.13,243.11,53.26,106.4,173.5,357.53,312.71,203.2925,146.36,163.62,150.21,54.56,233.88,162.6167,76.19,265.51,132.48,18.8868,133.12,273.46,148.3,398.69,235.93,56.37,45.6767
2021-06-23,133.7,238.71,175.191,166.02,243.57,213.79,241.84,52.76,106.27,175.33,361.05,311.67,202.5094,144.61,162.63,151.12,54.12,233.24,160.3,75.58,265.275,133.1,19.0572,132.93,271.37,147.9,395.56,234.68,56.07,45.32
2021-06-24,133.41,240.95,172.454,168.21,250.57,219.34,243.77,52.78,107.14,177.93,368.75,311.84,205.3679,145.44,163.37,152.51,54.39,233.33,161.05,76.36,266.69,133.6,19.2055,133.02,270.08,149.97,398.87,236.24,56.37,45.6367
2021-06-25,133.11,242.68,170.073,169.45,248.38,216.31,241.87,53.06,107.3,178.35,368.77,313.63,206.3585,146.84,164.21,154.05,54.32,232.42,162.2917,77.2,265.02,154.35,19.031,134.92,273.99,151.72,404.95,237.32,56.38,46.1767
2021-06-28,134.78,242.84,172.1945,164.78,239.96,216.27,244.57,52.96,103.99,176.57,368.71,314.28,204.5189,145.29,164.02,154.33,54.26,231.09,163.75,76.86,268.72,152.36,19.985,135.32,272.49,149.45,401.46,234.09,56.18,46.0333
2021-06-29,136.33,242.46,172.407,164.25,235.76,215.1,245.81,52.91,103.76,173.93,372.62,318.24,203.7264,145.55,164.03,154.14,53.86,230.37,163.3583,77.21,271.4,155.95,20.0268,134.4,272.78,149.52,398.1,235.95,55.84,45.7667
2021-06-30,136.96,243.75,172.008,165.23,239.56,217.63,244.27,53.0,104.74,175.77,379.53,318.89,206.934,146.59,164.74,155.54,54.11,230.99,165.525,77.77,270.9,154.49,20.0025,134.93,272.45,149.71,400.44,233.82,56.03,47.0067
2021-07-01,137.27,246.9,171.6485,166.94,239.73,216.71,244.98,53.44,106.21,177.26,374.99,321.54,208.1321,146.84,165.96,157.08,53.96,232.27,165.9083,77.99,271.6,158.0,20.212,135.24,275.34,151.83,404.89,235.15,56.29,46.44
2021-07-02,139.96,248.7,175.549,168.5,236.68,217.76,248.2,53.54,106.07,177.11,374.16,322.7,208.7925,140.02,168.98,156.03,54.18,233.63,166.575,78.6,277.65,159.74,20.487,135.9,275.22,151.23,409.36,238.63,56.44,46.7033
2021-07-06,142.02,243.65,183.787,169.56,236.14,213.52,250.25,52.98,103.99,173.69,369.86,319.26,206.1887,138.78,167.97,153.41,53.88,232.75,164.075,78.11,277.66,160.11,20.6985,135.98,273.5,150.84,410.26,239.6,56.41,46.6467
2021-07-07,144.57,243.22,184.829,170.98,231.78,214.69,248.44,53.26,102.93,172.82,367.67,323.48,208.2453,139.82,169.41,153.59,54.32,234.63,166.55,78.56,279.93,160.16,20.3718,137.0,277.41,152.19,411.66,240.0,56.53,46.57
2021-07-08,143.24,244.28,186.5705,167.5,236.77,212.11,245.8,53.26,102.6,172.8,358.94,318.54,206.9057,140.74,169.08,150.94,54.13,232.84,165.225,78.12,277.42,160.63,19.9028,136.98,273.09,148.52,409.95,236.61,55.68,46.53
2021-07-09,145.11,245.2,185.967,171.94,239.59,217.42,245.06,53.74,104.07,177.04,371.76,322.09,211.6415,141.52,169.75,155.77,54.46,235.68,167.5,77.99,277.94,161.0,20.0503,137.03,276.22,153.33,412.11,238.47,56.07,46.7667
2021-07-12,144.5,244.37,185.9275,173.6,238.29,218.58,242.91,53.23,104.28,184.38,380.5,321.74,212.283,140.92,169.48,158.0,54.48,235.61,166.65,77.55,277.32,161.82,20.5125,137.14,277.97,154.09,416.04,237.87,56.15,46.6833
2021-07-13,145.64,244.83,183.868,172.62,228.2,215.19,244.02,53.32,103.93,183.65,375.98,317.05,211.3962,140.28,169.27,155.65,55.02,236.17,166.3333,77.61,280.98,161.59,20.25,136.97,278.05,152.99,418.54,242.35,56.09,46.86
2021-07-14,149.15,244.7,184.084,172.52,224.45,211.64,242.43,54.09,101.97,183.42,374.4,319.22,214.8774,139.82,170.42,155.12,56.26,237.13,169.025,77.62,282.51,161.54,19.8415,137.98,276.93,154.53,414.74,245.99,56.32,47.1833
2021-07-15,148.48,246.63,181.56,172.85,222.76,211.41,237.58,53.65,101.3,184.15,373.35,322.71,219.6321,140.45,168.37,155.46,56.44,236.88,168.825,77.9,281.03,161.69,18.9663,139.16,279.12,155.58,420.05,248.55,56.55,47.22
2021-07-16,146.39,247.96,178.6815,170.01,217.74,207.95,238.43,53.7,98.62,179.31,364.8,321.54,217.2925,138.9,168.1,151.91,56.4,234.75,166.1417,78.02,280.75,159.85,18.161,140.51,282.41,156.39,419.7,248.12,56.46,47.1867
2021-07-19,142.45,246.73,177.4795,162.81,206.99,203.08,237.55,53.06,95.96,172.95,354.72,318.87,208.1698,137.92,166.88,146.97,55.73,229.26,164.6333,77.05,277.01,157.87,18.7798,140.44,282.93,151.26,409.06,240.41,55.84,47.0767
2021-07-20,146.15,246.89,178.6595,168.87,217.15,207.96,240.11,53.58,96.53,176.75,364.76,325.35,216.6604,139.97,168.45,149.71,55.83,234.27,167.35,76.17,279.32,159.74,18.612,139.69,281.24,151.09,412.97,242.7,55.58,47.29
2021-07-21,145.4,244.85,179.26,172.51,222.54,210.73,242.11,53.88,99.82,176.89,373.5,326.36,218.7264,141.3,169.49,152.86,56.55,235.93,167.3083,76.39,281.4,161.08,19.41,139.2,281.83,151.84,414.64,243.66,55.95,47.0567
2021-07-22,146.8,244.74,181.9015,170.9,220.87,209.16,248.28,54.54,98.82,175.13,372.71,326.66,219.5661,140.71,169.98,150.93,56.47,238.67,165.8917,76.53,286.14,163.68,19.594,137.8,281.55,147.76,415.77,244.14,55.95,47.09
2021-07-23,148.56,247.72,182.832,173.18,221.52,209.53,248.25,55.23,98.86,176.14,374.05,332.84,216.3396,141.34,171.79,150.64,57.01,242.96,167.075,77.54,289.67,166.36,19.558,139.79,285.97,147.87,417.7,249.02,55.88,47.4767
2021-07-26,148.99,245.08,184.991,172.61,225.85,211.03,247.6,55.47,100.95,178.74,375.9,331.18,216.2736,142.77,171.87,151.65,57.06,243.98,168.0583,77.24,289.05,165.09,19.294,140.28,285.48,148.82,413.54,250.25,55.78,47.5433
2021-07-27,146.77,244.68,181.3195,172.94,222.27,209.9,243.51,55.28,100.61,179.5,374.84,327.26,217.3208,142.75,172.66,151.45,57.26,246.35,167.0583,77.85,286.54,164.57,19.208,140.85,287.72,149.38,415.1,250.93,56.2,47.5467
2021-07-28,144.98,244.25,181.516,170.02,231.57,211.44,243.96,54.77,101.18,179.1,374.23,325.52,217.4434,141.77,172.18,151.7,56.74,241.78,165.2333,78.33,286.22,165.46,19.503,138.76,287.54,146.82,409.17,246.94,55.72,47.3533
2021-07-29,145.64,242.46,179.996,171.95,231.63,212.56,244.04,55.07,102.57,178.35,377.55,327.43,219.6981,141.93,172.18,153.0,57.05,244.02,165.1417,76.93,286.5,166.99,19.662,139.48,289.39,148.88,412.08,247.92,55.98,47.4133
2021-07-30,145.86,241.54,166.3795,170.53,226.48,206.75,241.93,55.37,101.81,176.02,374.88,328.19,220.5566,140.96,172.2,151.78,57.03,242.71,164.95,76.87,284.91,167.51,19.499,142.23,291.03,148.92,412.22,246.39,55.78,47.5167
2021-08-02,145.52,239.79,166.574,169.27,225.34,205.16,240.86,55.45,101.63,175.55,378.19,327.22,219.2642,141.42,172.27,151.17,56.88,240.1,164.6,76.18,284.82,168.75,19.75,141.88,291.57,148.95,415.57,239.78,55.76,47.4067
2021-08-03,147.36,244.08,168.312,169.04,229.09,208.5,241.13,56.25,102.6,172.99,380.36,331.94,219.4811,144.07,174.39,152.89,56.92,236.95,167.525,76.41,287.12,171.23,19.815,143.95,295.98,150.39,421.9,237.09,55.73,47.94
2021-08-04,146.95,228.31,167.736,168.06,226.63,204.52,244.17,55.69,100.3,172.58,377.86,330.31,216.5943,142.76,173.36,151.24,56.1,234.83,164.6083,75.48,286.51,171.91,20.274,142.43,296.23,149.52,421.54,236.67,55.37,47.6133
2021-08-05,147.06,233.99,168.7995,169.63,229.94,207.19,250.56,55.76,101.23,176.71,384.3,333.11,216.8679,142.77,173.69,153.15,56.5,236.42,164.8333,75.59,289.52,173.85,20.637,142.5,295.66,150.58,411.19,240.21,55.3,48.4967
2021-08-06,146.14,230.15,167.247,171.36,231.33,208.35,250.59,55.59,101.95,177.13,397.89,329.84,216.6792,144.09,173.11,157.5,56.64,236.26,165.1083,75.44,289.46,172.8,20.366,141.41,296.95,152.82,415.12,241.4,55.22,48.41
2021-08-09,146.09,227.89,167.0935,170.78,232.27,208.89,249.32,55.47,100.25,176.72,399.88,328.76,215.3113,141.25,173.71,157.33,56.65,234.68,164.525,75.32,288.33,171.77,20.295,142.18,297.41,153.37,410.87,240.0,55.12,48.5267
2021-08-10,145.6,227.96,166.034,169.49,235.78,214.07,243.39,55.61,102.08,177.07,407.97,331.48,218.7547,141.38,173.77,159.26,56.8,233.45,166.0417,75.19,286.44,172.27,19.936,142.27,296.07,154.22,411.78,238.07,55.48,49.56
2021-08-11,145.86,228.13,164.6055,170.67,239.49,221.66,242.28,55.86,102.85,178.09,413.89,337.0,220.9245,142.13,173.8,161.16,56.73,235.55,167.975,75.21,286.95,171.27,19.699,142.62,302.33,156.21,407.74,235.06,55.57,50.0033
2021-08-12,148.89,228.15,165.175,168.52,238.18,220.24,248.39,56.39,102.64,179.29,415.0,334.02,218.8113,143.07,175.2,161.79,56.84,236.67,167.8583,76.04,289.81,170.64,19.905,142.95,303.71,156.49,405.96,231.79,55.64,49.6867
2021-08-13,149.1,229.68,164.6985,166.08,234.46,218.57,251.56,56.47,101.96,181.08,410.78,331.32,218.6415,143.18,176.25,159.98,57.23,238.82,167.15,76.72,292.85,171.69,20.188,143.64,305.66,156.31,409.67,232.65,55.87,49.8433
2021-08-16,151.12,231.07,164.9495,165.75,229.06,217.71,249.2,56.28,100.92,179.09,408.35,335.05,220.5094,143.59,177.84,158.93,57.48,240.97,168.6,77.93,294.6,172.36,19.95,144.64,307.76,157.74,417.21,235.36,55.98,50.25
2021-08-17,150.19,231.2,162.098,164.65,222.22,213.44,246.99,56.01,100.73,175.83,404.97,320.75,218.3491,142.42,179.47,157.01,57.28,240.28,166.2917,78.83,293.08,170.66,19.458,144.88,304.92,158.9,421.78,234.53,56.18,50.2333
2021-08-18,146.36,226.84,160.061,162.13,219.0,209.81,251.22,55.15,96.7,174.74,398.8,321.55,215.4906,139.47,177.19,155.58,56.5,238.08,163.7583,77.79,290.73,168.81,19.04,143.3,301.11,158.72,417.32,231.63,55.47,49.7
2021-08-19,146.7,224.39,159.3875,159.03,212.16,204.45,253.07,57.27,94.29,173.25,393.57,322.9,214.8396,138.02,178.57,154.28,56.86,237.23,162.8,78.46,296.77,165.59,19.798,144.99,302.64,159.48,427.89,231.57,55.37,50.0367
2021-08-20,148.19,223.53,159.9975,159.75,212.67,204.94,256.13,58.22,94.3,175.12,395.87,329.24,214.8113,139.11,179.44,154.72,56.64,238.49,161.8,78.68,304.36,167.79,20.816,145.09,307.06,160.84,429.71,231.36,55.52,50.4833
2021-08-23,149.71,225.64,163.2935,160.45,219.4,209.14,260.52,58.54,96.73,177.66,401.45,327.74,216.1415,139.62,177.61,156.7,56.44,239.66,162.2333,78.38,304.65,169.72,21.958,144.35,304.72,159.9,425.36,234.14,55.42,50.15
2021-08-24,149.62,224.38,165.289,161.2,221.43,212.59,259.66,59.32,97.84,178.47,408.56,324.9,217.3962,139.84,175.39,157.67,56.01,238.43,162.2917,77.72,302.62,169.98,21.793,143.18,303.11,160.64,423.41,234.24,55.01,49.6333
2021-08-25,148.36,221.59,164.959,166.18,221.03,214.76,260.85,59.35,98.51,178.31,413.12,323.88,217.6038,139.86,174.23,160.92,56.07,238.83,161.95,77.07,302.01,169.84,22.213,142.67,302.73,162.58,419.74,232.59,54.93,49.6533
2021-08-26,147.54,221.47,165.8,165.51,216.5,211.24,267.79,59.2,97.22,176.56,412.41,321.48,217.8113,138.78,173.3,161.75,55.54,236.95,162.7667,76.57,299.09,166.92,22.068,142.42,302.27,159.97,416.85,230.52,54.6,49.1167
2021-08-27,148.6,222.78,167.4815,168.65,221.75,212.83,266.53,59.02,98.64,180.14,419.69,323.38,218.0566,139.41,172.93,163.05,55.65,237.48,162.5417,76.3,299.72,167.58,22.636,142.31,302.87,162.09,418.76,232.69,54.77,48.84
2021-08-30,153.12,224.13,171.0785,164.26,217.66,211.45,264.97,59.13,98.39,179.98,413.6,327.1,218.7453,138.97,173.66,160.44,56.18,236.59,163.475,76.5,303.59,168.03,22.688,142.93,305.31,159.44,418.3,231.23,54.77,49.2333
2021-08-31,151.83,225.53,173.5395,165.96,219.5,210.87,265.27,59.02,96.77,181.3,413.51,326.18,218.783,140.34,173.13,159.95,56.31,237.46,162.2833,76.29,301.88,164.74,22.385,142.39,303.67,159.71,416.27,229.1,55.0,49.3667
2021-09-01,152.51,223.35,173.95,164.44,218.12,207.96,268.32,59.04,95.71,183.48,413.66,323.64,216.7925,139.3,173.74,159.72,56.69,238.15,161.2,76.18,301.83,164.56,22.441,143.84,305.91,159.28,417.35,230.12,54.94,49.26
2021-09-02,153.65,225.96,173.156,162.05,220.83,211.78,264.15,59.53,97.71,181.86,414.5,327.74,217.8962,140.01,174.93,160.46,56.77,239.87,162.4083,77.12,301.15,163.67,22.396,143.95,308.7,159.97,423.71,224.18,55.29,49.52
2021-09-03,154.3,226.37,173.9025,159.3,218.17,210.37,267.08,59.42,97.49,181.0,411.31,330.34,215.434,139.58,175.04,159.49,56.73,238.82,161.9917,77.26,301.14,163.29,22.843,144.05,307.43,159.17,422.86,225.11,55.43,49.75
2021-09-07,156.69,221.34,175.4645,159.72,214.24,208.23,265.21,58.88,97.06,184.34,410.32,328.95,210.3113,138.06,172.32,159.21,55.67,236.19,154.65,75.98,300.18,162.64,22.662,143.51,302.84,157.8,421.24,226.27,54.82,49.09
2021-09-08,155.11,220.87,176.275,158.93,211.38,206.77,262.62,58.68,96.39,185.15,405.0,331.58,211.6981,138.67,171.9,158.5,56.42,238.62,156.575,75.36,300.21,160.71,22.339,144.6,296.69,158.74,415.39,229.09,54.91,49.1533
2021-09-09,154.07,215.58,174.208,159.39,213.94,205.42,260.74,58.6,96.0,185.91,404.58,331.77,210.3113,137.74,168.07,159.19,55.86,238.61,154.7917,73.82,297.25,163.34,22.177,143.99,297.3,157.96,414.55,227.49,54.44,48.8067
2021-09-10,148.97,213.75,173.4575,158.72,210.3,205.01,257.2,57.89,96.07,184.12,403.48,331.95,209.783,137.02,166.97,157.36,55.61,239.18,153.7917,73.45,295.71,163.59,22.478,144.13,300.64,156.36,403.91,224.91,54.23,48.63
2021-09-13,149.55,216.72,172.8585,161.45,214.48,206.2,254.11,58.1,97.97,184.98,409.26,335.45,210.9434,138.15,165.8,159.86,56.07,241.21,154.3583,73.18,296.99,159.52,22.152,145.68,302.07,158.9,414.52,224.63,54.62,48.3533
2021-09-14,148.12,216.04,172.5,159.48,211.57,202.33,254.37,57.87,96.2,182.4,403.69,333.12,207.7264,136.22,164.8,157.07,55.69,241.13,152.0167,72.11,299.79,158.76,22.242,145.43,298.86,156.35,412.54,223.03,54.41,48.1
2021-09-15,149.03,218.13,173.7895,161.34,214.22,205.73,256.16,57.56,98.24,184.41,401.95,333.37,209.1415,137.2,165.42,158.16,55.88,240.98,153.4917,72.81,304.82,157.91,22.341,145.12,299.41,157.58,417.52,223.81,54.57,48.1833
2021-09-16,148.79,217.36,174.412,162.63,213.36,203.6,260.36,57.33,97.32,183.34,396.68,336.39,207.217,136.43,165.22,158.09,55.35,243.21,152.2167,71.97,305.22,157.6,22.242,144.11,298.02,156.67,416.84,224.33,54.43,48.3433
2021-09-17,146.06,219.38,173.126,163.92,213.36,199.75,260.53,56.85,96.76,183.47,391.46,335.67,206.1227,135.23,164.75,157.68,54.44,242.49,151.2417,71.68,299.87,156.42,21.9,144.34,293.74,156.29,420.16,221.75,54.28,48.2433
2021-09-20,142.94,215.11,167.7865,160.57,209.5,190.82,258.22,55.89,94.78,178.61,378.13,331.21,203.5189,134.31,163.81,152.96,54.06,239.09,150.4417,71.93,294.3,154.25,21.113,142.89,291.77,152.66,412.7,220.05,54.26,47.58
2021-09-21,143.43,215.36,167.1815,163.27,208.51,189.84,257.97,55.26,94.85,171.17,375.84,334.22,202.7358,132.97,164.53,152.98,54.05,240.5,148.6833,71.97,294.8,155.02,21.246,143.11,290.36,152.97,412.34,220.17,54.03,47.6733
2021-09-22,145.85,213.64,169.0025,167.49,216.98,191.35,259.17,55.52,97.64,173.65,385.47,335.93,204.7359,134.63,163.93,155.91,54.13,243.13,149.8667,72.04,298.58,157.44,21.941,143.6,291.99,154.38,408.7,222.75,54.06,47.5633
2021-09-23,146.83,215.05,170.8,173.36,221.1,196.62,277.86,56.69,100.06,176.25,391.86,335.91,207.2642,136.73,164.86,161.18,54.04,244.78,151.275,73.05,299.56,159.58,22.482,144.19,294.25,156.02,408.03,228.31,54.42,47.59
2021-09-24,146.92,213.61,171.276,175.72,221.39,196.82,285.63,56.73,100.6,176.0,390.85,337.49,206.783,137.49,164.36,163.04,53.89,246.42,150.8667,73.61,299.35,149.59,22.081,143.55,291.8,156.46,407.08,231.59,54.37,47.7233
2021-09-27,145.37,213.11,170.29,176.77,224.16,200.0,279.68,56.22,102.97,178.26,399.81,341.41,205.566,138.56,163.17,166.98,53.61,248.11,151.4917,73.36,294.17,148.04,21.66,141.66,287.61,156.29,405.27,229.6,54.47,47.4167
2021-09-28,141.91,212.27,165.798,173.14,218.41,200.55,272.28,55.52,103.36,174.52,389.5,333.8,202.8019,137.47,162.81,166.08,52.64,243.77,150.0417,73.32,283.52,145.3,20.699,140.59,279.62,153.49,398.62,225.56,54.16,46.8333
2021-09-29,142.83,214.9,165.056,171.54,225.36,197.87,270.5,55.48,103.33,172.68,384.89,336.93,202.7547,139.18,164.02,165.95,52.96,244.28,150.7333,75.09,284.0,146.02,20.517,142.02,282.26,154.88,400.41,226.68,54.38,46.8133
2021-09-30,141.5,212.65,164.252,167.53,219.94,191.97,271.22,54.43,101.45,169.17,378.03,328.26,200.2642,138.93,161.5,163.69,52.47,241.11,146.1833,75.11,281.92,145.23,20.716,139.8,279.73,152.01,390.74,222.75,54.01,46.46
2021-10-01,142.65,213.92,164.163,173.94,226.0,194.33,275.26,55.14,104.33,176.01,380.0,329.86,203.4434,143.32,160.47,167.13,53.02,242.93,147.2333,81.4,289.1,147.06,20.742,139.58,285.04,152.42,392.43,230.46,54.3,45.6833
2021-10-04,139.14,211.44,159.489,172.66,223.79,193.13,270.86,54.23,104.72,173.46,374.15,326.47,202.0849,144.11,159.22,166.95,52.99,243.08,146.7,83.1,283.11,147.14,19.732,138.79,285.29,151.38,387.01,224.73,54.5,45.2433
2021-10-05,141.11,211.86,161.05,174.76,224.42,192.5,271.77,54.69,105.86,174.61,385.81,329.48,203.5094,143.15,159.58,168.66,53.08,245.22,148.2333,81.6,288.76,149.46,20.451,139.33,291.34,153.6,393.43,224.28,54.51,45.54
2021-10-06,142.0,209.98,163.1005,173.4,224.99,191.86,275.27,53.94,104.93,175.48,388.05,330.36,204.5849,142.36,159.91,169.02,53.71,247.1,148.6667,80.66,293.11,148.8,20.7,141.19,293.86,155.09,394.25,226.51,54.53,45.8733
2021-10-07,143.29,209.12,165.1215,174.29,226.48,195.75,274.58,55.02,105.68,177.71,390.62,337.48,206.0094,141.81,161.34,170.09,53.88,248.32,148.1667,81.94,294.85,151.85,21.075,142.32,293.75,157.24,404.7,230.55,53.9,46.4133
2021-10-08,142.9,208.95,164.431,175.15,226.39,195.16,272.48,55.08,108.05,176.74,392.81,334.34,205.3774,143.22,160.93,170.22,54.12,247.7,147.4583,80.63,294.85,152.48,20.831,141.73,289.99,157.33,408.46,230.27,53.24,46.5533
2021-10-11,142.81,206.7,162.315,173.46,226.45,192.89,273.75,54.93,107.13,173.52,385.24,336.97,203.1038,142.43,160.25,166.64,54.23,246.58,146.9,79.93,294.23,150.28,20.695,142.32,288.29,156.23,404.99,225.11,52.18,46.51
2021-10-12,141.51,201.89,162.3665,174.91,223.57,189.92,279.0,54.28,107.15,173.13,386.53,337.8,202.1981,140.47,157.69,165.36,54.23,244.52,146.275,79.59,292.88,153.35,20.671,142.11,291.86,156.48,403.24,224.05,51.33,46.46
2021-10-13,140.91,203.61,164.214,168.72,221.78,188.94,284.41,54.62,107.79,172.96,386.31,338.28,203.3774,140.76,159.2,161.0,54.24,242.65,147.6417,78.95,296.31,156.3,20.939,142.44,289.94,156.39,403.55,222.46,51.35,46.1233
2021-10-14,143.76,206.78,164.993,171.51,217.44,194.33,290.02,55.65,108.81,174.41,391.2,344.05,206.217,143.39,160.11,163.47,54.61,244.55,150.2667,78.33,302.75,157.14,21.746,144.05,292.22,156.69,420.36,225.18,51.92,46.6233
2021-10-15,144.84,207.84,170.451,175.81,217.04,199.02,291.66,55.25,109.61,176.46,406.07,350.41,208.2264,144.61,161.3,166.61,54.48,242.25,151.6167,78.33,304.21,158.01,21.862,144.42,296.39,155.64,428.07,230.99,52.27,46.85
2021-10-18,146.55,203.13,172.337,176.82,216.98,198.18,291.7,55.19,109.56,171.14,413.69,355.01,208.1415,142.32,160.12,166.55,53.94,242.26,151.4333,77.15,307.29,159.43,22.222,142.34,297.35,152.88,424.62,230.65,51.91,47.2267
2021-10-19,148.76,206.78,172.2075,177.31,215.97,201.14,292.34,55.74,111.7,171.18,412.16,357.99,209.2264,141.98,163.87,168.57,54.15,242.77,151.925,79.49,308.23,157.82,22.29,140.66,298.28,155.39,424.38,233.52,52.35,48.23
2021-10-20,149.26,209.66,170.753,179.6,216.17,204.19,290.09,56.2,113.16,170.55,407.89,358.23,210.9811,141.9,163.78,170.84,54.63,239.72,152.0167,81.07,307.41,158.45,22.103,141.21,301.88,158.69,435.09,231.42,53.61,48.6667
2021-10-21,149.48,208.99,171.7505,177.47,214.34,202.14,289.81,55.69,111.74,171.34,407.59,364.62,211.8113,128.33,163.4,169.5,54.35,241.4,151.7667,81.17,310.76,162.18,22.692,139.33,306.78,160.19,442.28,230.24,53.39,48.9367
2021-10-22,148.69,209.24,166.7775,187.08,212.97,200.65,292.56,55.11,112.8,169.42,414.32,365.99,205.0943,127.88,163.72,171.78,54.45,238.44,150.6667,81.15,309.16,163.48,22.726,140.83,306.62,162.37,449.16,231.23,52.93,49.4467
2021-10-25,148.64,207.63,166.0185,182.31,212.87,202.21,293.92,55.14,113.85,172.01,414.75,371.26,205.2264,127.64,164.08,170.94,54.23,237.34,152.0,81.66,308.13,164.22,23.166,140.85,309.72,161.58,449.49,233.88,52.58,50.02
2021-10-26,149.32,208.68,168.8035,180.95,209.81,199.64,295.11,55.81,114.1,172.04,417.61,369.2,205.9623,127.13,165.75,171.4,54.47,236.42,151.8,82.25,310.11,163.79,24.717,142.85,316.02,160.43,454.64,231.82,53.08,49.5833
2021-10-27,148.85,206.58,169.6245,178.03,206.61,196.13,295.15,56.18,112.07,169.55,410.99,372.32,203.5094,125.17,163.74,167.83,55.52,242.73,148.5333,81.54,323.17,162.35,24.451,141.83,317.38,159.78,453.48,215.78,52.63,49.1767
2021-10-28,152.57,207.17,172.3285,174.61,207.85,204.09,298.38,56.24,113.12,169.68,414.82,371.57,206.1132,125.84,162.85,170.36,56.04,245.5,149.8917,86.55,324.35,164.46,24.941,142.68,321.42,161.57,455.44,209.84,52.8,49.4833
2021-10-29,149.8,206.97,168.6215,173.78,207.03,204.01,299.69,55.97,114.49,169.07,413.35,371.74,206.2453,125.1,162.88,169.89,56.37,245.55,148.9,88.05,331.62,167.29,25.567,142.99,316.61,160.88,460.47,211.77,52.99,49.8067
2021-11-01,148.96,209.79,165.9055,174.21,214.58,205.38,302.76,56.1,114.53,170.19,416.7,366.48,207.3207,126.28,163.02,169.8,56.17,250.58,149.65,87.84,329.37,166.33,25.827,142.64,310.09,160.11,454.11,212.46,52.95,49.93
2021-11-02,150.02,214.26,165.6375,173.17,212.77,207.12,302.95,57.62,113.83,169.83,423.85,367.29,208.6698,126.18,165.59,170.47,56.1,249.24,151.6417,89.02,333.13,167.83,26.401,144.06,312.79,158.82,452.04,209.14,52.57,49.9067
2021-11-03,151.49,218.13,169.2,172.61,213.38,203.55,302.89,57.65,113.01,170.08,417.9,368.97,210.1887,127.13,165.06,170.53,56.29,250.4,151.8583,88.68,334.0,172.5,26.598,145.05,314.26,160.25,457.33,208.1,52.94,50.06
2021-11-04,150.96,214.93,173.85,172.53,213.03,203.59,308.04,57.12,113.51,170.28,408.07,372.18,209.8962,120.85,164.6,168.29,56.6,253.46,150.5083,90.54,336.44,175.44,29.801,145.32,318.59,156.5,456.76,208.78,51.85,50.4267
2021-11-05,151.28,213.77,175.9495,176.69,224.46,205.88,307.25,57.07,114.74,175.63,407.08,368.4,213.2642,123.61,163.43,168.05,56.84,254.71,151.5,81.61,336.06,177.51,29.752,146.04,319.03,159.6,455.81,216.67,52.24,50.0767
2021-11-08,150.44,211.37,174.449,180.05,222.68,214.25,309.96,57.0,115.15,176.87,408.34,368.59,212.9528,124.54,162.87,169.06,56.33,253.1,151.2833,82.68,336.99,171.85,30.804,144.95,320.8,158.7,462.62,220.49,52.33,49.7567
2021-11-09,150.81,211.71,178.8115,179.86,220.79,209.81,309.71,57.44,116.0,175.11,405.35,370.65,214.8585,120.85,162.51,167.78,56.49,252.65,151.1083,82.72,335.95,173.82,30.657,145.39,324.05,157.4,464.35,213.39,52.24,49.93
2021-11-10,147.92,213.21,174.1025,181.39,218.5,206.67,299.67,57.77,114.15,174.45,399.12,368.58,212.651,120.22,164.27,167.62,56.72,253.13,152.0167,84.01,330.8,168.26,29.459,146.82,324.61,158.22,459.9,215.56,52.6,49.48
2021-11-11,147.87,211.56,173.625,181.3,219.38,208.53,302.98,56.76,114.16,162.11,402.34,367.63,208.5,120.27,163.06,167.61,56.74,250.16,150.175,84.02,332.43,166.97,30.39,146.4,326.0,157.83,457.39,210.42,52.45,49.5
2021-11-12,149.99,211.39,176.2575,181.89,220.96,209.27,306.65,56.82,114.23,159.63,404.91,372.63,209.8019,118.96,165.01,166.86,56.61,250.67,153.05,84.0,336.72,169.09,30.39,146.56,331.4,157.42,458.99,212.09,52.34,49.2533
2021-11-15,150.0,207.4,177.284,183.13,233.09,207.71,305.49,57.27,116.82,158.43,404.81,371.08,209.8774,118.87,163.52,166.56,56.62,252.94,152.7583,83.69,336.07,168.85,30.025,147.4,332.85,158.06,450.8,212.3,52.4,48.97
2021-11-16,151.0,205.39,177.035,180.92,225.8,205.43,307.09,57.0,117.28,158.83,403.09,392.33,208.8396,118.46,162.67,165.36,56.22,252.46,152.8083,84.11,339.51,171.83,30.203,147.19,338.64,158.99,449.62,215.18,52.06,47.7233
2021-11-17,153.49,205.82,177.45,179.61,226.62,202.98,308.02,56.76,115.42,157.33,391.55,394.85,208.0094,118.06,163.28,164.47,55.91,252.69,152.7833,82.6,339.12,171.74,29.261,147.1,333.16,156.42,448.95,205.06,51.73,47.3133
2021-11-18,157.87,204.02,184.803,176.21,227.25,201.42,302.99,53.63,114.45,155.58,391.37,405.85,208.2075,116.66,162.4,163.05,55.41,253.48,148.975,83.05,341.27,171.35,31.675,147.12,330.74,156.03,449.47,203.33,51.24,47.72
2021-11-19,160.55,206.08,183.8285,173.54,214.13,200.44,301.17,53.25,111.91,154.0,387.39,408.69,206.1227,116.05,162.89,160.92,55.13,251.95,149.3583,80.7,343.11,174.88,32.985,146.82,332.25,152.53,440.0,200.86,50.86,47.4633
2021-11-22,161.02,202.73,178.6285,170.9,209.9,202.38,296.84,54.6,113.91,154.16,396.16,408.79,205.7925,116.47,159.7,164.35,55.47,253.48,149.7167,81.64,339.83,174.24,31.956,147.8,329.81,156.87,437.54,195.58,51.54,48.26
2021-11-23,161.41,204.53,179.002,170.85,209.13,205.33,291.42,55.3,116.3,151.03,406.34,408.37,203.7736,116.79,160.69,168.28,55.88,255.65,149.55,82.8,337.68,172.15,31.746,149.44,327.49,160.26,447.13,198.49,51.75,48.6033
2021-11-24,161.94,203.97,179.0205,171.61,210.6,207.07,289.17,55.54,117.19,151.34,399.19,412.11,200.1981,116.73,160.24,166.96,55.43,257.11,148.025,82.28,337.91,172.03,32.674,148.66,328.02,158.97,450.16,203.25,51.66,48.8467
2021-11-26,156.81,201.09,175.228,156.82,199.21,198.73,284.21,54.67,114.51,148.11,389.39,402.7,196.4245,115.81,159.2,161.93,53.73,250.01,146.2667,79.16,329.68,168.02,31.503,147.47,323.3,153.66,439.91,197.65,51.8,48.3
2021-11-29,160.24,203.47,178.0785,157.86,198.5,195.92,296.74,55.76,114.85,147.81,386.54,406.82,195.9057,118.5,159.75,161.23,54.58,250.3,146.8583,74.89,336.63,169.87,33.376,149.02,334.28,152.4,452.0,196.29,51.66,47.5433
2021-11-30,165.3,198.88,175.3535,152.3,197.85,193.35,284.96,54.84,112.87,144.9,380.99,400.61,190.7925,117.1,155.93,158.83,52.45,244.6,141.7,74.91,330.59,169.24,32.676,144.58,331.24,146.95,444.22,193.77,50.27,46.8767
2021-12-01,164.77,200.8,172.186,150.06,188.19,191.47,251.5,55.03,112.1,142.15,376.48,400.42,188.1321,116.92,158.08,157.89,52.3,244.18,142.275,74.44,330.08,166.7,31.435,146.4,330.95,145.48,444.34,190.16,49.77,45.7133
2021-12-02,163.76,201.17,171.868,156.77,202.38,196.79,261.2,56.15,115.14,147.2,387.54,407.77,192.4528,116.9,157.09,161.21,53.07,248.8,141.8833,73.89,329.49,170.0,32.126,147.26,339.67,150.16,446.02,198.29,50.73,45.1567
2021-12-03,161.84,202.44,169.4895,155.94,198.49,197.8,258.32,56.23,114.41,146.22,382.73,407.81,191.9811,118.84,159.38,158.29,53.54,249.33,143.825,73.34,323.01,170.24,30.693,149.88,342.4,149.16,449.32,196.32,51.42,45.8367
2021-12-06,165.32,208.79,171.3685,160.68,205.88,201.28,258.75,56.96,116.2,150.37,389.3,415.7,194.5755,119.91,162.94,160.16,54.91,255.79,147.6667,73.42,326.19,168.91,30.037,152.15,341.13,151.82,460.11,202.68,51.07,46.3333
2021-12-07,171.18,211.32,176.1645,166.95,208.83,204.49,266.99,58.08,117.92,150.81,400.11,416.18,195.4245,121.58,163.36,162.57,55.21,259.91,147.125,72.28,334.92,171.29,32.427,151.75,341.77,153.09,464.73,207.37,50.79,46.1833
2021-12-08,175.08,213.53,176.158,168.93,211.03,204.19,266.31,57.02,118.45,153.34,397.32,411.25,193.066,123.02,164.34,160.71,55.0,259.58,146.7,73.21,334.97,170.25,31.826,152.43,342.22,153.68,468.86,208.99,50.49,45.7167
2021-12-09,174.56,212.57,174.171,168.02,207.56,204.13,264.32,57.55,118.14,152.94,396.49,411.34,194.3396,123.57,165.9,160.46,54.86,262.34,146.6167,72.86,333.1,168.1,30.49,153.32,343.87,153.49,473.32,211.39,50.16,46.1667
2021-12-10,179.45,210.89,172.212,167.03,205.06,203.46,266.03,59.25,118.34,152.71,391.06,415.4,197.934,124.09,165.49,159.82,56.28,264.97,147.5833,72.62,342.54,169.06,30.198,155.46,346.46,154.25,478.23,213.4,50.19,47.01
2021-12-13,175.74,211.39,169.5675,163.3,197.4,201.25,265.76,58.61,115.88,150.43,384.64,405.24,197.3868,122.58,168.45,157.92,57.76,263.09,145.4833,73.42,339.4,166.84,28.161,157.67,346.0,153.18,478.14,211.02,50.28,47.8567
2021-12-14,174.33,213.74,169.0915,162.85,195.5,201.64,255.59,57.77,116.22,149.1,388.82,402.2,194.9811,123.76,170.29,159.13,57.8,262.52,145.6,73.72,328.34,165.4,28.337,158.25,342.76,156.73,479.46,209.98,50.65,48.3133
2021-12-15,179.3,219.25,173.315,162.24,195.43,202.55,260.04,59.93,115.56,150.4,389.91,407.81,197.8868,123.11,171.14,157.94,58.06,264.52,146.4833,75.29,334.65,163.9,30.459,158.86,345.64,158.37,494.38,212.31,50.55,48.59
2021-12-16,172.26,222.58,168.871,163.0,190.79,206.17,253.12,60.31,116.64,148.75,397.37,399.53,197.7453,125.93,173.01,160.41,58.65,265.55,148.5917,75.91,324.9,162.72,28.387,161.11,348.25,162.02,492.86,214.37,52.75,47.78
2021-12-17,171.14,222.5,170.0175,160.01,192.63,201.37,252.93,60.46,113.6,148.76,381.8,387.98,193.5566,127.4,168.23,156.76,57.73,261.7,145.625,75.69,323.8,161.36,27.801,157.46,340.44,158.19,487.12,211.88,53.17,46.25
2021-12-20,169.75,219.99,167.079,155.89,188.48,195.46,247.21,60.36,113.65,146.47,371.61,389.4,188.5377,127.06,167.75,153.94,57.54,261.73,143.8667,76.41,319.91,156.98,27.719,157.86,335.69,153.53,483.73,208.74,53.09,46.4
2021-12-21,172.99,220.92,170.417,160.91,199.52,198.31,252.55,61.03,115.47,151.05,380.32,390.47,190.2547,128.97,167.21,156.09,57.77,264.39,144.1,75.54,327.29,166.63,29.075,157.76,334.49,155.52,487.21,215.38,52.78,46.54
2021-12-22,175.64,221.53,171.037,162.47,201.69,202.15,252.8,61.53,116.13,151.88,382.33,395.64,190.4151,129.75,167.93,156.7,58.18,264.94,143.8667,76.16,333.2,165.44,29.4,159.32,338.72,154.69,494.13,217.96,52.77,46.6
2021-12-23,176.28,223.79,171.0685,164.19,204.22,206.2,253.14,62.28,116.41,153.63,385.04,397.07,193.6038,130.63,168.25,157.26,58.22,265.95,145.8083,75.73,334.69,165.67,29.64,160.1,338.38,154.65,495.38,216.62,52.68,46.4967
2021-12-27,180.33,225.17,169.6695,164.39,203.17,206.38,258.3,63.42,118.79,152.8,388.04,404.09,194.7453,131.62,169.67,158.16,58.65,268.24,147.25,76.57,342.45,167.58,30.945,161.97,345.55,156.04,499.5,217.63,52.68,46.92
2021-12-28,179.29,225.77,170.661,164.41,206.13,206.62,255.45,63.53,118.56,155.2,387.61,406.22,195.3302,132.63,170.35,158.64,58.88,267.88,148.0333,76.81,341.25,166.42,30.322,162.84,348.4,157.12,502.94,218.05,52.72,47.5933
2021-12-29,179.38,227.6,169.201,163.83,203.66,207.33,254.54,63.96,117.95,154.87,386.2,410.84,195.783,133.35,171.55,158.56,58.95,268.49,148.675,76.95,341.95,168.78,30.001,164.19,351.36,157.5,505.58,218.17,52.36,47.57
2021-12-30,178.2,226.47,168.6445,164.16,202.71,206.08,255.33,63.62,117.43,155.93,385.52,409.94,195.3868,133.91,172.31,158.48,58.78,267.21,148.0333,77.14,339.32,167.49,29.586,162.77,350.36,156.81,504.43,217.87,52.25,47.7233
2021-12-31,177.57,224.97,166.717,163.6,201.32,206.74,254.13,63.37,117.35,154.89,382.55,415.01,196.7075,133.66,171.07,158.35,59.21,268.07,148.025,76.64,336.32,166.67,29.411,163.58,352.16,156.43,502.14,216.71,51.96,48.23
2022-01-03,182.01,226.69,170.4045,168.21,207.86,207.0,255.46,63.16,119.26,156.76,395.33,408.64,195.0944,136.04,171.54,161.7,59.3,268.58,148.1167,76.87,334.75,164.67,30.121,162.9,339.12,155.75,502.28,221.43,52.44,48.2167
2022-01-04,179.7,227.84,167.522,173.61,213.63,218.08,248.23,61.25,121.43,155.73,407.48,412.84,197.1698,138.02,171.08,167.83,60.29,268.51,150.1917,77.01,329.01,166.39,29.29,163.47,335.72,159.0,490.9,222.46,53.47,47.3333
2022-01-05,174.92,225.14,164.357,171.76,213.07,219.75,227.67,60.28,122.22,155.19,398.63,407.24,199.1132,138.22,172.22,163.78,60.79,267.19,149.575,78.88,316.38,162.25,27.604,164.21,336.35,159.77,489.69,220.0,54.02,47.9733
2022-01-06,172.0,225.17,163.254,172.9,211.34,221.99,229.15,60.92,123.26,156.9,396.93,405.76,198.8868,135.34,171.63,165.52,60.47,269.69,148.3333,78.83,313.88,161.04,28.178,162.83,333.56,162.33,469.65,219.75,53.76,47.84
2022-01-07,172.17,227.29,162.554,174.38,215.5,224.19,228.31,61.13,125.03,157.83,397.51,393.61,203.5377,134.83,173.95,167.16,60.33,267.06,149.9583,80.3,314.04,156.97,27.247,162.74,323.22,166.24,458.6,216.96,54.24,48.2967
2022-01-10,172.19,230.37,161.486,173.74,209.31,221.64,229.63,61.82,125.11,156.6,399.17,387.46,201.3774,135.03,173.09,167.32,60.43,264.41,147.8417,82.37,314.27,150.44,27.4,160.52,323.3,164.06,465.0,211.97,53.87,48.2033
2022-01-11,175.08,232.38,165.362,175.38,216.02,219.95,234.84,62.37,127.97,157.89,403.05,386.67,204.066,132.87,171.25,167.49,60.45,262.12,149.15,81.67,314.98,150.3,27.817,158.66,324.5,163.16,469.0,214.38,53.59,48.0667
2022-01-12,175.53,231.76,165.207,174.47,217.45,222.4,237.83,62.12,127.33,157.8,390.31,389.4,205.8962,133.59,169.79,168.44,60.54,260.92,149.5167,81.2,318.27,152.21,27.999,159.01,321.59,162.97,473.72,215.71,53.45,47.8133
2022-01-13,172.19,230.85,161.214,173.29,223.9,227.0,228.63,61.5,126.8,155.44,390.8,386.98,207.0094,134.76,168.76,168.23,60.9,261.41,150.85,81.32,304.8,149.59,26.575,158.29,317.39,163.05,467.43,215.0,53.52,48.49
2022-01-14,173.07,235.36,162.138,168.4,225.96,228.94,231.23,61.36,128.96,151.94,380.94,372.0,205.3302,134.21,167.84,157.89,61.39,257.71,148.95,81.38,310.2,148.18,26.942,159.81,308.46,163.21,468.69,214.67,53.28,48.3533
2022-01-18,169.8,233.83,158.9175,166.17,225.01,229.87,226.06,59.73,129.38,152.27,354.4,366.72,201.5,132.94,167.1,151.27,60.9,256.48,148.5667,81.54,302.65,146.95,25.903,156.73,306.22,163.57,460.99,215.71,53.43,47.5067
2022-01-19,166.23,231.3,156.299,161.39,217.08,221.66,226.27,58.9,128.91,150.11,347.32,359.69,198.8019,131.58,166.58,148.93,61.0,255.22,148.7333,81.29,303.33,145.11,25.067,162.0,303.79,160.07,462.52,214.68,53.5,47.98
2022-01-20,164.51,228.9,151.6675,160.92,214.19,216.63,222.94,58.08,128.45,147.62,348.1,349.58,197.0943,130.82,165.25,147.66,60.75,253.13,144.6417,80.75,301.6,142.73,24.15,162.0,297.66,165.18,463.0,214.35,53.4,47.0733
2022-01-21,162.41,227.72,142.643,158.74,205.44,214.09,218.63,56.68,126.91,137.38,343.91,349.1,193.4906,129.35,164.87,145.08,60.45,254.59,143.875,79.98,296.03,142.95,23.374,162.62,292.85,162.61,461.17,205.93,53.16,46.73
2022-01-24,161.62,226.08,144.544,158.93,204.2,214.33,223.03,56.9,127.18,137.46,343.39,363.81,192.8774,128.82,162.97,144.95,59.96,253.61,144.0,78.83,296.37,146.0,23.372,161.3,298.52,168.83,462.27,201.85,52.96,46.7333
2022-01-25,159.78,225.04,139.986,173.11,204.1,214.31,215.39,56.11,132.59,136.51,341.55,358.98,190.8491,136.1,167.63,146.53,59.82,250.68,144.7917,79.46,288.49,145.48,22.324,159.54,294.26,168.6,456.84,202.0,52.9,45.7167
2022-01-26,159.69,222.54,138.8725,175.32,194.27,214.29,211.0,55.33,132.69,133.6,342.68,357.28,189.2925,134.26,168.38,147.92,59.6,249.85,141.0833,79.14,296.71,143.99,22.772,158.15,292.75,167.86,458.43,205.87,51.02,45.25
2022-01-27,159.22,224.0,139.6375,171.9,189.75,212.17,212.74,54.62,135.37,135.42,341.03,356.43,189.2925,132.52,170.59,145.31,59.65,248.74,141.8,80.58,299.84,144.64,21.944,159.13,283.17,165.66,461.6,206.15,51.19,45.28
2022-01-28,170.33,229.14,143.978,177.06,190.57,201.16,222.13,55.61,130.61,138.63,347.01,366.54,190.5566,134.5,171.79,146.61,60.84,256.09,135.9167,80.9,308.26,145.91,22.84,160.5,287.7,166.82,466.06,228.0,52.9,45.84
2022-01-31,174.78,227.14,149.5735,179.82,200.24,201.56,232.63,55.67,131.33,142.97,354.68,366.98,192.9057,133.57,172.29,148.6,61.01,259.45,138.35,81.48,310.98,148.07,24.486,160.45,286.51,166.18,472.57,226.17,53.23,46.6033
2022-02-01,174.61,228.68,151.1935,183.54,208.34,205.35,232.12,55.37,134.79,144.49,364.06,368.7,193.717,135.53,170.88,151.15,60.56,258.99,139.525,81.92,308.76,148.22,24.638,159.74,293.09,167.99,468.41,232.36,53.2,46.97
2022-02-02,175.84,228.93,150.6125,184.16,207.52,204.94,225.01,56.17,135.41,142.62,363.06,373.73,195.8019,137.25,172.77,149.94,61.18,262.28,138.8833,82.01,313.46,148.71,25.242,162.6,294.32,172.72,479.78,235.42,53.8,46.95
2022-02-03,172.9,224.04,138.8455,184.04,206.39,200.59,212.77,55.2,134.2,140.03,358.88,364.81,180.8868,137.78,172.76,148.7,61.61,260.64,136.9917,79.01,301.25,145.31,23.948,164.14,287.83,172.07,488.77,231.54,53.79,46.9967
2022-02-04,172.39,222.11,157.6395,185.85,206.45,198.41,219.23,55.15,135.88,142.02,367.6,359.67,180.6604,137.15,171.63,152.56,60.96,260.06,133.9417,78.56,305.94,145.39,24.319,161.53,281.73,171.9,483.17,228.39,53.31,46.4433
2022-02-07,171.66,223.53,157.9355,187.87,211.92,199.82,216.97,55.17,138.55,142.51,368.15,357.35,181.5849,137.24,171.06,153.07,61.6,259.85,134.3083,77.58,300.95,145.14,24.728,160.32,279.22,171.33,483.7,227.16,53.0,45.9867
2022-02-08,174.83,241.01,161.4135,194.0,213.27,201.5,217.43,55.34,136.44,142.48,370.1,361.44,183.5472,137.02,171.51,155.95,62.0,260.08,135.3417,76.91,304.56,143.53,25.108,159.96,279.67,172.5,493.41,227.94,52.82,45.9967
2022-02-09,176.28,237.19,161.1895,196.4,215.86,203.6,222.04,56.29,137.79,147.23,374.53,364.37,185.4906,137.79,171.49,156.6,61.04,259.86,136.3667,76.53,311.21,146.26,26.705,159.6,286.62,172.73,498.1,230.87,53.5,45.8967
2022-02-10,172.12,228.82,159.0035,195.51,218.75,203.07,217.67,54.87,136.04,152.16,370.57,355.09,180.8962,133.52,169.42,155.95,61.38,256.87,133.1167,76.56,302.38,144.82,25.824,157.17,279.93,172.43,486.72,225.59,53.04,45.36
2022-02-11,168.64,228.2,153.2935,191.81,212.3,201.24,207.9,53.9,138.81,149.47,363.06,350.29,176.4057,132.69,167.71,153.92,60.29,255.16,132.95,76.64,295.04,140.18,23.949,156.29,273.1,171.76,478.13,224.69,53.32,45.11
2022-02-14,168.88,224.27,155.167,192.35,210.04,199.89,206.4,53.18,136.67,150.85,360.24,351.56,176.1226,130.15,165.6,152.49,60.68,253.39,131.675,76.47,295.0,141.59,24.267,156.74,270.48,170.77,474.4,225.34,53.27,44.65
2022-02-15,172.79,223.94,156.5105,197.98,217.73,203.41,214.25,54.27,134.26,154.72,363.94,353.26,178.8019,129.94,167.31,154.72,60.91,253.81,131.1167,77.81,300.47,145.58,26.495,156.82,271.57,171.6,478.23,227.82,53.36,44.79
2022-02-16,172.55,222.66,158.1005,198.38,218.93,203.64,211.74,54.25,134.3,156.35,360.05,350.09,178.3585,129.18,167.21,155.0,60.9,253.09,129.6917,77.22,299.5,146.49,26.511,158.01,272.63,172.27,480.05,228.82,53.4,44.51
2022-02-17,168.88,221.68,154.6525,195.71,213.58,194.74,200.03,55.77,133.61,152.95,349.06,347.94,174.1415,124.97,166.19,151.43,62.12,250.93,123.8667,76.36,290.73,142.8,24.507,159.82,267.22,170.59,470.34,224.61,53.58,46.2933
2022-02-18,167.3,220.77,152.6015,194.88,209.03,191.95,196.84,57.21,133.42,151.36,346.04,346.87,171.8208,124.35,163.36,152.14,62.54,250.6,123.0167,76.37,287.93,142.95,23.642,159.9,268.07,170.63,467.81,222.69,53.83,45.9967
2022-02-22,164.32,221.41,150.1975,192.44,198.74,191.21,195.13,56.3,132.4,148.09,344.27,316.17,172.2264,123.92,161.14,151.87,62.28,252.7,122.2917,75.95,287.72,138.19,23.39,157.93,261.58,171.08,462.51,221.32,53.9,45.4833
2022-02-23,160.07,221.0,144.827,188.95,196.42,186.67,190.54,54.44,135.55,145.87,341.19,308.45,168.8302,122.07,161.22,148.69,61.59,247.79,120.3167,75.84,280.27,136.83,22.387,155.96,259.4,170.14,459.62,215.95,53.41,45.0167
2022-02-24,162.74,219.27,151.358,188.35,198.43,184.69,204.29,54.73,134.85,149.4,340.19,313.24,172.0189,121.97,158.14,144.55,60.51,245.03,119.75,73.51,294.59,137.17,23.748,151.76,258.94,166.5,455.89,217.3,52.59,44.8433
2022-02-25,164.85,227.03,153.7885,193.71,201.48,187.06,208.09,56.04,140.38,149.53,350.12,316.65,177.8868,124.18,166.0,147.97,62.85,249.45,125.425,76.32,297.31,138.8,24.157,158.24,267.27,173.44,475.75,219.27,54.12,45.46
2022-02-28,165.12,226.48,153.563,194.54,205.34,187.58,210.53,55.77,144.0,148.46,341.29,315.83,179.0094,122.51,164.57,141.8,62.24,244.77,123.875,76.58,298.79,136.55,24.385,155.89,263.13,171.83,475.87,216.12,53.67,45.0533
2022-03-01,163.2,225.21,151.142,178.06,194.91,182.83,208.89,54.62,149.72,145.7,328.2,320.25,173.2076,121.35,164.0,136.45,61.97,239.63,120.625,76.34,294.95,132.22,23.477,153.31,255.53,167.82,476.25,208.97,53.61,45.33
2022-03-02,166.56,228.59,152.0525,180.31,197.81,192.61,210.39,56.15,154.14,147.34,336.38,327.37,175.8868,123.86,166.04,139.28,62.43,240.94,122.6833,76.67,300.19,135.68,24.22,153.79,260.22,173.68,485.38,208.48,54.14,45.3867
2022-03-03,166.23,232.64,147.8985,179.89,188.85,194.85,204.75,56.07,156.22,145.57,333.42,324.36,176.9057,125.93,168.48,138.29,62.47,236.65,123.5833,77.15,295.92,133.97,23.714,154.36,258.04,173.6,486.59,207.23,54.66,46.43
2022-03-04,163.17,232.91,145.641,172.95,180.84,195.66,203.01,56.51,158.65,140.72,329.67,324.26,176.8207,126.62,169.48,134.4,62.57,235.81,122.275,77.83,289.86,131.18,22.936,155.14,258.49,173.4,498.65,200.29,55.11,47.6067
2022-03-07,159.3,234.36,137.453,159.13,169.17,196.7,196.23,55.59,162.04,133.5,321.89,322.77,171.8491,126.07,172.21,129.21,61.08,224.33,119.4,77.73,278.91,124.44,21.352,152.84,242.95,169.79,486.87,190.7,54.68,47.2233
2022-03-08,157.44,231.1,136.0145,160.05,173.8,210.0,192.08,54.4,170.53,131.75,321.37,316.74,172.8679,125.68,168.72,128.3,58.66,222.79,121.1667,76.95,275.85,121.21,21.514,146.79,239.85,168.45,473.46,191.71,53.25,46.2467
2022-03-09,162.95,231.46,139.279,168.65,178.56,209.78,203.16,55.92,166.27,133.65,333.59,317.2,174.9057,126.22,169.36,133.44,58.96,222.47,122.1667,77.79,288.5,126.95,23.014,148.77,241.71,171.37,485.57,199.76,53.08,46.4867
2022-03-10,158.52,226.95,146.8175,169.6,178.39,211.79,200.15,54.71,170.82,133.64,329.9,317.94,173.9245,124.35,169.66,131.86,57.88,222.0,119.9417,77.89,285.59,126.03,22.658,144.94,237.55,171.89,491.44,197.97,53.23,47.5433
2022-03-11,154.73,228.85,145.5245,167.9,176.23,214.83,197.9,54.69,170.9,131.75,327.0,316.79,171.9245,123.96,169.35,128.89,57.92,226.87,117.4667,78.26,280.07,122.63,22.1,143.22,233.59,173.73,482.87,196.71,53.04,47.3567
2022-03-14,150.62,229.21,141.853,172.79,175.52,215.44,193.12,54.3,166.72,129.03,324.98,318.36,172.8302,123.94,171.69,130.17,58.54,226.18,119.5667,77.78,276.44,117.57,21.33,145.05,237.63,177.18,487.92,200.33,52.5,48.0167
2022-03-15,155.09,231.56,147.3665,176.04,179.89,216.46,196.14,55.6,158.28,134.2,329.16,328.54,177.1604,125.64,176.14,132.48,59.62,232.57,120.2583,78.64,287.15,119.4,22.973,150.27,242.44,180.19,497.91,206.14,52.76,48.5933
2022-03-16,159.59,231.67,153.104,180.61,188.99,216.08,205.57,55.81,157.71,138.14,340.76,330.91,180.217,127.04,174.52,138.4,59.46,238.14,121.2583,78.12,294.39,125.19,24.496,149.76,244.38,179.29,498.26,211.87,52.49,48.45
2022-03-17,160.62,235.86,157.239,186.97,190.19,221.7,210.41,56.17,160.44,139.47,343.27,336.36,181.066,127.96,176.8,140.15,60.09,237.47,123.075,78.94,295.22,127.41,24.766,150.23,247.52,181.03,507.02,213.45,52.36,48.3367
2022-03-18,163.98,236.25,161.2505,190.72,192.83,220.91,218.8,55.97,161.73,140.3,345.38,340.74,183.6981,128.76,174.84,140.1,60.1,238.92,123.6,79.11,300.43,131.24,26.453,150.15,251.53,180.31,506.12,219.11,50.8,48.48
2022-03-21,165.38,236.32,161.4915,189.09,185.9,223.71,213.72,56.0,164.64,138.62,339.0,329.37,182.0944,128.1,175.83,139.65,60.58,235.32,123.8167,79.06,299.16,130.19,26.734,150.72,245.82,182.54,507.66,217.04,51.1,48.0767
2022-03-22,168.82,236.47,164.889,191.33,191.04,222.71,218.21,56.17,164.09,140.11,343.01,329.73,183.9906,129.06,175.0,142.62,60.8,238.12,124.95,79.3,304.06,133.09,26.524,151.88,250.17,182.7,505.32,218.47,51.0,47.9333
2022-03-23,170.21,234.18,163.408,186.02,186.04,222.17,211.11,54.48,165.86,137.64,335.61,317.05,181.4528,128.3,174.34,139.78,60.4,236.12,123.0667,79.73,299.49,133.0,25.634,150.82,247.64,181.62,503.23,214.68,50.97,47.3167
2022-03-24,174.07,236.87,163.6495,188.89,189.05,222.21,213.98,54.5,166.3,138.96,336.23,315.78,183.6698,129.25,175.24,140.69,60.98,240.26,124.15,80.41,304.1,132.08,28.15,151.08,249.93,184.22,513.46,217.31,51.0,47.61
2022-03-25,174.72,238.79,164.7735,190.28,188.95,223.36,211.03,54.97,169.31,139.14,337.49,310.68,186.5943,131.35,176.92,141.92,61.53,241.58,125.3833,81.34,303.68,133.7,27.692,152.83,245.21,187.75,513.03,218.43,51.28,47.8167
2022-03-28,175.6,240.47,168.9905,189.7,188.16,221.85,215.28,55.14,166.35,138.72,335.3,314.28,185.9528,131.47,177.83,140.87,61.92,242.94,124.5583,81.21,310.7,134.81,28.219,153.88,250.58,186.76,513.2,220.77,51.17,48.6667
2022-03-29,178.96,241.54,169.315,190.94,193.8,221.04,221.29,55.67,164.32,142.38,339.66,317.71,186.3585,131.94,177.74,141.18,62.16,248.17,126.7333,81.57,315.41,139.14,28.656,155.46,259.35,183.81,510.73,228.12,51.25,49.0767
2022-03-30,177.77,242.57,166.301,189.76,194.91,223.08,214.94,56.05,165.48,140.96,335.59,308.46,185.4151,132.13,179.59,140.54,62.21,249.03,126.1917,82.4,313.86,138.54,27.69,154.39,253.01,185.55,520.82,223.95,51.61,49.9567
2022-03-31,174.61,241.82,162.9975,187.0,191.5,222.82,212.32,55.76,162.83,137.16,330.1,299.33,183.566,130.02,177.23,136.32,62.0,247.28,124.0667,82.05,308.31,134.56,27.286,152.8,249.62,182.73,509.97,221.77,50.94,49.64
2022-04-01,174.31,243.12,163.56,187.17,190.76,219.77,212.25,55.66,164.22,137.0,330.22,301.89,184.934,130.15,178.19,135.31,62.87,249.25,124.7417,83.52,309.42,133.52,26.712,155.09,255.21,185.25,512.59,226.36,52.12,50.3367
2022-04-04,178.44,244.87,168.3465,187.66,191.18,220.81,218.85,55.87,164.37,138.58,328.21,305.58,184.9717,130.27,176.47,135.91,62.54,246.83,124.6083,83.49,314.97,134.34,27.36,154.08,259.04,181.82,510.02,227.74,52.46,50.3467
2022-04-05,175.06,244.56,164.055,185.4,182.65,216.02,210.14,54.92,163.36,135.62,323.96,304.86,182.6698,128.89,177.61,133.34,62.47,248.51,124.0833,83.72,310.88,132.3,25.931,154.62,257.97,181.39,517.76,226.09,52.78,50.49
2022-04-06,171.83,249.93,158.756,183.71,178.72,216.21,200.82,54.37,164.81,132.57,316.26,298.54,182.6604,129.39,182.23,131.49,63.1,251.46,125.25,84.97,299.5,128.36,24.407,156.83,262.63,182.58,531.75,219.01,53.2,51.6633
2022-04-07,172.14,251.64,157.7845,182.39,177.97,215.9,200.16,54.63,167.1,131.87,314.15,302.75,181.7925,128.55,181.76,131.09,63.44,254.36,124.9583,86.8,301.37,129.38,24.208,158.86,263.83,182.09,536.95,216.15,52.67,52.18
2022-04-08,170.09,252.02,154.4605,183.7,175.2,217.03,197.17,54.28,169.93,131.87,321.39,311.11,179.3962,127.73,182.12,133.49,63.83,251.46,124.8417,87.68,296.97,128.15,23.119,160.1,263.76,184.86,545.96,216.98,53.53,52.47
2022-04-11,165.75,250.87,151.122,177.57,175.03,216.05,195.45,52.88,165.56,130.65,320.76,306.72,178.5566,126.37,179.84,133.0,63.81,250.45,125.1,86.63,285.26,124.98,21.917,159.49,261.1,185.64,537.44,214.75,53.9,51.43
2022-04-12,167.66,250.04,150.7875,175.54,176.28,216.7,194.81,51.82,169.01,130.84,319.78,306.29,180.1793,125.98,179.9,131.54,64.56,249.17,123.8167,85.63,282.06,125.04,21.504,159.01,256.95,184.94,533.71,211.4,53.67,51.0767
2022-04-13,170.4,253.51,155.541,179.59,182.87,218.27,195.72,52.15,171.67,132.35,321.97,310.42,183.8208,126.14,180.66,127.3,64.73,251.33,123.8833,86.13,287.62,127.49,22.203,159.46,258.4,183.71,537.0,213.27,54.14,52.4067
2022-04-14,165.29,254.02,151.7065,181.16,181.94,227.81,189.41,51.17,171.59,130.47,321.64,304.52,184.1415,126.56,179.9,126.12,65.02,250.51,122.8167,86.91,279.83,133.46,21.258,158.57,252.9,184.24,534.82,212.79,53.83,52.36
2022-04-18,165.07,251.93,152.785,184.48,179.85,229.92,187.01,51.11,173.89,127.77,329.88,300.21,181.1981,126.17,177.66,128.46,64.44,251.06,121.8167,86.07,280.52,131.63,21.783,157.06,246.17,185.22,534.08,213.17,53.39,51.96
2022-04-19,167.4,253.37,158.1155,187.17,185.98,232.16,191.39,51.83,171.83,131.9,335.95,307.8,186.0377,129.15,183.08,131.12,65.07,255.4,125.0833,85.79,285.3,137.05,22.198,159.41,252.25,176.16,537.7,215.7,53.75,52.55
2022-04-20,167.23,255.38,153.998,188.46,183.55,235.08,186.23,53.02,172.53,124.57,341.06,315.14,185.2264,138.32,183.89,131.58,65.96,255.85,125.4917,86.46,286.36,135.87,21.482,163.65,253.09,177.71,546.01,217.79,54.41,53.21
2022-04-21,166.42,255.46,148.296,185.74,181.02,232.57,177.23,52.78,164.58,121.66,334.3,310.36,184.8491,139.85,183.36,130.56,66.21,255.25,126.475,86.23,280.81,135.46,20.183,162.61,251.61,176.26,537.44,216.45,55.01,53.29
2022-04-22,161.79,250.35,144.35,180.54,176.92,216.3,171.43,51.36,160.95,118.27,319.77,300.11,179.8396,138.25,181.54,126.81,65.25,250.17,124.3083,84.59,274.03,129.07,19.515,161.25,244.92,173.11,520.94,208.17,51.91,52.2867
2022-04-25,162.88,252.17,146.074,184.1,175.91,216.7,174.57,51.94,157.49,119.95,321.42,304.94,180.9623,139.1,186.01,126.77,65.94,252.88,123.8333,85.44,280.72,127.94,19.902,162.55,248.02,174.44,524.27,209.95,50.28,52.3133
2022-04-26,156.8,249.87,139.391,178.65,167.04,210.3,170.08,50.9,156.53,115.77,313.12,299.96,177.0472,136.19,184.68,123.02,65.05,248.58,120.1833,84.48,270.22,120.52,18.788,159.79,271.37,172.66,513.78,201.1,49.41,51.7667
2022-04-27,156.57,248.79,138.167,177.63,154.46,213.96,174.68,49.31,156.24,115.21,313.23,301.6,175.8019,135.06,182.1,121.42,65.56,247.14,120.175,84.41,283.22,121.24,18.415,159.36,279.38,173.55,513.81,214.11,48.46,51.4133
2022-04-28,163.64,238.13,144.5965,181.98,154.22,212.44,185.74,50.63,161.79,115.29,318.41,311.76,179.1698,135.74,183.46,123.34,66.19,254.19,122.6167,88.58,289.63,127.05,19.782,163.41,281.31,174.5,524.42,220.66,48.4,52.07
2022-04-29,157.65,233.19,124.2815,174.71,148.84,210.54,175.94,48.98,156.67,111.63,305.49,300.4,182.5566,132.21,180.46,119.36,64.61,249.16,120.1833,88.69,277.52,124.7,18.547,160.55,274.96,171.06,508.55,213.13,46.3,50.9967
2022-05-02,157.96,230.92,124.5,171.62,148.61,212.07,177.57,49.86,159.75,113.5,310.42,306.97,185.7264,133.04,178.64,120.45,63.44,246.64,121.5917,87.65,284.47,126.08,19.533,158.38,268.78,170.09,501.15,211.53,46.23,50.66
2022-05-03,159.48,232.19,124.2535,172.11,153.58,213.62,178.36,49.92,162.49,113.55,314.66,304.96,185.8868,132.52,178.29,123.03,63.08,245.87,123.4,87.1,281.78,122.86,19.602,156.21,269.37,171.76,499.62,208.56,47.17,50.8367
2022-05-04,166.02,236.1,125.9285,177.82,156.97,222.59,185.48,51.58,167.59,116.19,324.11,315.31,194.1981,137.4,180.2,127.1,65.03,254.32,128.525,88.52,289.98,126.06,20.334,157.36,282.53,175.45,507.62,214.52,48.37,51.54
2022-05-05,156.77,234.35,116.407,171.01,150.47,215.93,172.3,49.61,166.26,112.61,313.07,299.11,186.6698,135.92,176.76,123.92,64.51,248.92,124.55,88.01,277.35,118.63,18.844,154.46,276.95,172.01,494.72,205.24,47.84,50.9133
2022-05-06,157.28,236.5,114.7725,167.15,148.9,214.65,169.7,49.33,170.69,110.29,312.96,294.31,184.3679,137.67,176.37,123.72,64.74,250.78,124.6083,88.39,274.73,114.49,18.675,156.0,273.38,171.64,499.62,202.82,48.27,49.8533
2022-05-09,152.06,239.24,108.789,161.02,133.31,206.29,163.6,48.96,159.25,106.98,308.89,297.03,182.9811,134.44,177.33,121.86,64.61,247.49,126.9833,87.64,264.58,111.21,16.95,155.61,276.97,171.92,486.42,193.0,48.62,50.4367
2022-05-10,154.51,240.71,108.859,161.83,132.95,202.99,167.15,49.55,160.78,107.68,305.06,291.16,183.7453,129.13,177.09,118.89,64.01,245.68,124.2667,87.81,269.5,109.49,17.595,154.79,266.37,172.99,488.01,193.58,48.13,49.7267
2022-05-11,146.5,240.64,105.372,159.39,129.39,205.21,161.27,48.65,163.16,105.21,301.55,282.96,181.1509,130.75,176.13,118.14,64.31,244.43,122.0083,89.19,260.55,107.92,16.63,152.61,264.67,172.38,486.15,196.72,47.88,49.2067
2022-05-12,142.56,244.72,106.9305,153.27,123.14,203.03,160.42,48.29,164.71,104.31,299.41,289.69,182.0,132.9,177.87,118.04,64.51,244.19,124.6583,90.83,255.35,107.9,16.175,151.99,274.54,173.37,478.8,193.97,48.06,49.16
2022-05-13,147.11,243.4,113.055,158.75,127.2,204.33,166.91,49.56,167.87,107.33,306.99,296.03,182.5755,133.6,176.85,119.09,65.72,245.04,124.4167,90.41,261.12,113.01,17.706,153.62,273.33,172.78,485.4,199.23,48.18,49.35
2022-05-16,145.54,243.87,110.8105,156.43,124.05,207.19,164.12,49.0,173.01,105.18,303.44,295.99,182.9811,135.03,178.08,118.26,65.96,244.04,125.4167,92.32,261.5,112.6,17.264,155.12,271.37,174.5,489.22,197.81,49.04,49.4033
2022-05-17,149.24,245.35,115.3685,161.85,132.05,213.09,163.73,50.6,174.03,108.64,312.97,300.95,187.7925,138.37,178.82,122.18,65.78,241.63,126.95,93.0,266.82,115.9,18.177,154.68,269.26,177.39,492.53,204.0,48.94,43.7833
2022-05-18,140.82,243.96,107.1125,156.1,125.52,207.94,157.33,48.36,168.06,104.3,306.73,285.18,182.8962,132.94,175.5,120.09,61.2,231.05,124.1083,92.1,254.08,109.37,16.938,145.04,259.66,174.32,471.38,199.99,48.89,40.81
2022-05-19,137.35,244.77,107.319,154.0,127.14,206.76,155.6,41.72,166.86,103.14,308.2,287.76,181.7453,129.66,173.94,118.31,60.0,229.0,122.4667,92.09,253.14,106.44,17.124,141.7,259.37,169.3,478.55,197.37,49.1,39.69
2022-05-20,137.59,247.5,107.591,153.24,120.7,197.82,159.65,42.94,167.82,102.42,306.8,287.19,179.0094,128.48,176.98,117.34,60.98,233.91,119.8583,93.55,252.56,108.0,16.694,141.79,257.95,168.24,485.73,199.03,49.53,39.7333
2022-05-23,143.11,249.04,107.557,159.04,124.07,204.15,160.32,43.35,171.72,105.83,316.61,286.03,178.8491,131.17,179.44,124.6,62.86,238.0,120.3167,93.83,260.65,108.63,16.898,145.05,259.27,172.1,492.08,207.56,49.67,40.8667
2022-05-24,140.36,251.89,104.1,155.63,119.4,205.65,156.93,43.77,172.64,101.59,313.95,287.92,179.2076,133.8,181.4,126.36,64.02,244.52,121.4583,94.64,259.62,107.29,16.154,147.63,257.65,173.91,497.56,202.63,50.68,41.3767
2022-05-25,140.52,253.01,106.775,160.51,122.06,209.31,159.65,44.0,175.41,103.26,314.9,293.57,179.6604,134.39,179.62,127.24,64.07,244.01,121.4917,93.75,262.52,108.2,16.975,145.21,265.12,173.59,498.09,203.84,51.24,41.1233
2022-05-26,143.78,253.05,111.0775,165.37,127.73,212.99,162.46,44.99,176.59,105.61,323.63,302.81,182.1698,136.89,179.46,129.44,64.3,248.09,122.5333,92.31,265.9,112.94,17.851,146.48,271.97,174.87,502.23,208.55,50.99,42.0
2022-05-27,149.64,255.26,115.1465,169.6,132.23,217.14,165.1,45.62,178.28,109.32,328.58,308.46,185.2359,139.27,181.09,131.27,64.68,251.87,124.5917,93.08,273.24,115.99,18.811,148.72,276.35,177.83,507.11,212.88,51.4,42.8267
2022-05-31,148.84,256.74,120.2095,168.82,131.4,215.85,160.24,45.05,174.66,110.44,326.85,302.75,182.6604,138.84,179.53,132.23,63.38,252.21,124.4083,92.03,271.87,118.85,18.672,147.88,268.04,179.04,496.78,212.17,51.29,42.8767
2022-06-01,148.71,253.42,121.684,165.76,130.65,217.57,176.07,45.23,176.32,109.19,321.85,297.19,181.0472,139.43,177.71,129.91,63.07,249.28,122.0167,91.14,272.42,118.68,18.32,145.64,265.26,176.29,492.55,209.93,51.4,41.8167
2022-06-02,151.21,248.28,125.511,169.14,140.5,220.0,188.4,45.79,176.0,110.87,324.25,305.87,185.8868,140.15,177.15,132.0,63.73,250.38,123.4833,90.0,274.58,123.41,19.592,147.21,269.49,178.06,492.26,215.05,51.29,42.5033
2022-06-03,145.38,248.45,122.35,166.83,139.25,222.9,184.91,45.25,177.6,108.67,318.68,305.08,183.7925,141.18,176.42,130.16,62.97,248.36,121.6417,89.91,270.02,120.95,18.72,145.89,268.88,174.19,485.61,212.65,50.81,41.7733
2022-06-06,146.14,245.44,124.79,167.02,139.24,223.63,182.87,45.33,176.83,107.83,320.51,303.89,184.1415,142.88,176.4,129.73,62.87,248.07,121.8417,89.84,268.75,120.23,18.786,145.32,275.03,176.98,490.18,212.94,51.24,41.6233
2022-06-07,148.71,246.41,123.0,168.69,140.82,227.1,187.15,45.57,180.2,107.79,321.51,301.77,186.434,142.78,178.34,130.07,63.25,248.94,122.3917,90.48,272.5,121.67,18.926,146.94,277.23,178.64,497.1,214.5,51.65,41.1233
2022-06-08,147.96,245.48,121.18,165.96,139.63,229.8,189.19,44.92,181.13,107.34,314.68,297.53,183.5094,140.83,177.28,128.0,62.89,245.61,121.1833,89.48,270.41,122.4,18.648,145.11,268.08,175.97,493.53,213.5,51.55,40.7667
2022-06-09,142.64,241.75,116.15,160.98,133.73,223.67,187.11,44.26,177.52,103.3,304.22,299.86,181.1415,137.96,173.71,125.31,61.8,242.16,120.15,88.0,264.79,118.6,18.048,142.49,261.99,171.53,489.43,206.11,50.94,40.34
2022-06-10,137.13,240.01,109.65,154.42,127.0,215.18,178.45,43.49,175.4,99.4,287.02,289.24,175.7358,136.19,172.55,119.55,61.41,237.38,114.7083,87.18,252.99,114.73,16.974,141.95,247.42,169.3,484.63,199.51,50.82,40.5667
2022-06-13,131.88,236.77,103.67,146.29,115.86,206.88,166.03,43.24,167.33,95.71,283.32,283.16,173.9811,135.11,170.81,115.99,61.34,238.47,113.6417,85.0,242.26,110.44,15.647,138.15,237.86,167.71,469.7,192.26,49.59,39.8033
2022-06-14,132.76,235.7,102.31,144.6,122.16,206.69,164.45,42.91,167.55,94.22,282.54,278.67,172.9057,135.72,168.19,114.06,59.23,238.76,112.7083,84.5,244.49,110.72,15.836,133.84,229.48,166.31,461.75,193.52,49.16,39.82
2022-06-15,135.43,235.58,107.67,146.22,133.72,206.0,168.55,43.8,164.26,95.88,290.07,279.73,174.5,137.06,169.99,115.41,59.67,238.9,111.9417,84.63,251.76,113.44,16.527,132.51,228.99,165.54,464.33,196.16,49.15,39.7933
2022-06-16,130.06,230.71,103.66,137.5,133.36,194.79,159.85,43.32,155.48,94.28,284.98,273.46,169.6981,135.67,170.08,113.43,59.07,235.19,109.1167,84.89,244.97,107.12,15.601,133.32,218.95,161.38,456.09,189.05,48.84,40.2067
2022-06-17,131.56,234.72,106.22,144.18,136.8,192.64,163.26,43.39,148.38,94.34,279.79,270.73,169.5283,135.02,169.46,113.03,59.43,234.38,108.2,84.62,247.65,107.34,15.88,132.36,222.79,161.88,452.06,190.01,49.03,39.43
2022-06-21,135.87,238.41,108.68,144.76,136.75,196.37,166.83,44.14,154.59,93.29,284.81,269.2,170.2925,137.85,173.01,115.83,60.7,239.59,108.3417,88.03,253.74,108.68,16.566,136.37,220.15,162.63,480.32,194.39,50.65,40.7233
2022-06-22,135.35,240.14,108.95,144.39,137.16,187.83,167.45,43.57,147.87,93.5,284.54,268.98,167.6698,137.08,175.74,115.18,61.15,243.06,108.6667,89.16,253.13,104.92,16.36,138.5,221.2,163.15,489.68,193.82,50.79,40.23
2022-06-23,138.27,243.09,112.44,141.65,133.97,178.67,173.05,42.93,142.43,94.3,286.17,275.42,164.6887,138.44,179.66,113.92,61.88,243.58,108.4583,92.0,258.86,108.0,16.225,142.3,224.89,159.77,499.81,196.64,52.09,41.2067
2022-06-24,141.66,245.37,116.46,146.15,141.53,185.49,185.92,44.1,144.77,97.78,302.75,283.0,169.8302,142.06,182.29,117.32,63.04,247.9,111.9417,93.13,267.7,112.91,17.126,144.35,231.25,166.72,495.64,205.51,50.96,41.24
2022-06-27,141.66,244.85,113.22,144.29,138.72,187.59,181.31,43.77,147.57,96.61,300.78,282.69,168.1981,142.8,182.12,116.38,62.91,247.03,110.6667,94.41,264.89,110.5,16.869,143.25,227.16,167.49,505.66,203.56,50.96,41.3733
2022-06-28,137.44,243.51,107.4,142.19,138.7,187.44,171.46,43.06,149.94,95.92,299.49,270.15,165.9906,141.86,176.94,115.82,62.28,242.83,108.6083,91.89,256.48,102.78,15.982,140.92,223.31,167.47,508.44,198.12,50.46,40.79
2022-06-29,139.23,245.43,108.92,139.47,138.45,183.48,170.61,42.88,146.98,95.65,303.28,273.87,163.3962,140.71,176.99,115.3,62.73,247.74,108.1417,92.51,260.26,103.25,15.542,142.2,225.41,165.8,515.71,199.5,50.94,40.64
2022-06-30,136.72,243.3,106.21,138.62,136.72,178.76,165.04,42.64,144.78,94.4,297.02,274.27,163.9717,141.19,177.51,112.61,62.91,246.88,107.8417,91.17,256.83,102.2,15.159,143.79,223.91,169.13,513.63,196.89,50.75,40.5267
2022-07-01,138.93,245.55,109.56,140.4,139.84,178.29,168.2,42.6,146.51,96.14,299.23,279.08,165.1981,141.12,179.52,114.05,64.38,252.96,107.075,92.42,259.58,101.18,14.523,146.11,235.23,171.18,517.4,199.18,51.64,40.8767
2022-07-05,141.56,246.73,113.5,139.65,137.7,173.76,172.2,41.96,142.66,97.18,297.2,283.73,162.3491,137.62,178.14,112.62,63.28,252.29,107.675,92.64,262.85,104.32,14.964,144.7,242.23,167.2,505.24,200.54,51.42,41.4167
2022-07-06,142.92,245.25,114.33,138.15,136.31,172.31,172.73,42.69,140.78,96.08,293.76,283.58,163.4057,138.08,178.3,111.89,63.41,251.46,108.2,93.13,266.21,104.23,15.13,146.05,242.74,169.9,515.29,201.12,51.51,41.71
2022-07-07,146.35,247.42,116.33,141.03,139.97,180.28,176.64,43.22,143.52,97.43,298.6,286.69,163.9528,140.83,178.5,114.72,62.91,252.94,108.375,93.01,268.4,108.13,15.858,146.0,239.49,169.63,514.38,202.8,50.71,41.7733
2022-07-08,147.04,248.48,115.54,141.76,139.07,179.1,175.5,43.39,142.77,95.86,296.47,286.47,163.5283,140.47,178.28,114.36,63.14,253.24,107.2667,92.78,267.66,107.93,15.838,145.02,238.29,169.0,518.63,203.57,50.49,41.8
2022-07-11,144.87,247.78,111.75,140.58,136.99,175.02,174.36,43.25,141.51,93.64,293.18,286.39,163.0566,141.0,178.35,112.86,62.94,253.28,107.5083,94.3,264.51,105.11,15.152,146.04,241.96,168.52,516.95,205.06,50.5,41.8167
2022-07-12,145.86,246.97,109.22,139.18,147.15,174.49,166.33,42.86,138.92,93.6,292.53,285.12,163.783,139.18,175.85,112.97,62.67,251.48,108.5,93.6,253.67,103.76,15.082,144.75,246.56,165.28,514.42,204.82,50.78,41.69
2022-07-13,145.49,247.09,110.4,139.4,143.95,173.87,163.49,42.7,137.99,92.94,290.15,287.18,161.1981,137.18,175.44,111.91,62.38,252.67,106.975,93.77,252.72,105.11,15.164,145.7,245.72,163.32,501.24,204.15,50.51,41.79
2022-07-14,148.47,245.59,110.63,136.48,147.15,169.94,161.04,42.33,135.94,91.84,281.59,289.48,159.9151,139.06,175.68,108.0,62.18,252.6,106.925,93.88,254.08,103.22,15.372,145.27,244.44,155.68,502.43,205.91,50.49,42.6067
2022-07-15,150.17,248.69,113.55,142.48,147.74,173.38,167.38,43.07,137.65,95.2,293.87,292.41,163.0189,139.92,178.23,112.95,62.5,255.01,108.4417,94.96,256.72,104.7,15.762,145.07,245.57,156.18,529.75,210.04,51.02,43.0233
2022-07-18,147.07,243.84,113.76,142.33,147.72,173.49,167.89,42.6,139.58,95.7,301.26,293.05,161.2736,138.13,174.23,111.79,61.65,252.42,107.425,92.34,254.25,103.94,16.101,143.31,243.25,154.99,519.37,207.21,50.28,42.9233
2022-07-19,151.0,247.32,118.21,147.78,156.13,179.49,173.81,44.03,144.61,99.61,318.05,299.83,167.1981,130.88,171.69,114.56,62.53,256.5,110.1083,92.36,259.53,109.19,16.992,144.04,247.48,158.35,533.45,213.66,50.45,43.1867
2022-07-20,153.04,246.63,122.77,148.93,158.38,179.97,182.45,44.13,146.52,103.35,321.45,302.3,168.1698,129.18,170.71,114.54,61.5,254.58,110.8417,89.65,262.27,111.11,17.807,141.55,249.53,158.2,519.47,213.37,49.07,43.5467
2022-07-21,155.35,245.78,124.63,150.18,161.41,180.99,185.35,44.58,145.4,104.18,326.54,305.0,169.8396,127.15,171.31,115.32,61.36,253.47,111.625,90.14,264.84,111.62,18.05,140.77,256.59,156.83,522.46,216.19,47.66,44.1833
2022-07-22,154.09,245.95,122.42,153.01,158.16,178.62,182.47,44.46,144.19,102.72,323.93,306.59,171.1981,128.25,172.12,114.76,61.59,253.99,111.7667,90.11,260.36,109.12,17.319,143.02,259.01,156.42,521.41,213.7,44.45,44.07
2022-07-25,152.95,248.72,121.14,153.79,156.64,181.81,177.29,44.34,148.48,102.69,324.12,306.15,171.0,128.54,172.46,115.22,62.19,250.38,111.7667,90.53,258.83,109.28,17.024,143.99,259.01,159.98,529.47,214.27,44.76,44.0067
2022-07-26,151.6,251.14,114.81,149.83,155.92,181.23,170.46,43.83,147.32,99.78,318.55,298.18,171.1509,128.08,173.68,113.42,63.21,257.09,117.2917,91.29,251.9,105.2,16.533,144.27,254.29,160.86,531.59,212.49,44.92,40.66
2022-07-27,156.79,251.72,120.97,151.63,156.09,185.25,180.3,44.64,149.26,103.5,324.54,298.91,173.2642,129.12,173.2,115.24,63.01,258.89,115.7167,91.23,268.74,107.86,17.79,145.64,231.97,158.96,534.61,210.47,44.91,42.1967
2022-07-28,157.35,249.75,122.28,152.14,159.09,187.84,181.29,45.62,150.39,104.9,329.11,299.63,179.6604,129.22,174.2,114.81,64.06,263.46,116.975,89.94,276.41,112.23,17.984,148.06,243.04,155.74,541.49,211.35,45.55,43.25
2022-07-29,162.51,247.47,134.95,154.02,159.31,198.25,184.02,45.37,163.78,106.1,333.39,300.94,181.566,130.79,174.52,115.36,64.17,263.37,119.3667,89.34,280.74,114.92,18.163,138.91,241.94,158.7,542.34,212.11,46.19,44.0167
2022-08-01,161.51,245.64,135.39,153.33,169.07,194.86,182.98,45.28,160.51,106.22,332.08,305.82,181.1227,132.04,173.91,114.21,64.52,264.23,119.4667,88.53,278.01,114.3,18.441,142.9,243.09,156.27,535.38,211.36,46.26,44.18
2022-08-02,160.01,243.91,134.16,151.6,163.28,183.51,183.79,44.92,159.14,104.71,327.88,300.71,178.4151,131.81,172.92,112.43,63.64,261.05,118.125,87.61,274.82,111.77,18.526,141.95,243.61,156.71,535.46,206.26,45.34,44.2267
2022-08-03,166.13,247.14,139.52,155.43,166.64,182.87,189.65,45.71,155.36,109.02,333.17,306.37,180.6604,132.34,174.59,113.61,63.92,262.09,119.575,87.62,282.47,114.28,18.893,144.88,239.32,158.12,540.65,208.48,45.33,43.5
2022-08-04,165.81,246.98,142.57,156.87,166.5,183.64,191.27,45.38,151.14,108.12,331.87,307.17,181.5472,131.64,171.79,112.36,63.67,260.64,123.4333,86.82,283.65,114.48,19.215,144.65,243.09,157.7,533.75,213.47,44.43,41.8567
2022-08-05,165.35,246.25,140.8,157.51,165.04,185.39,190.17,45.01,153.64,106.63,334.67,309.69,181.3868,132.48,171.11,115.76,63.38,259.23,122.8417,87.41,282.91,113.87,18.989,144.72,237.08,158.96,535.06,215.87,44.95,42.1933
2022-08-08,164.87,247.29,139.41,157.28,165.89,185.81,189.75,45.02,153.41,109.11,334.68,311.97,182.9906,132.61,170.2,114.35,62.97,256.8,123.7333,88.49,280.32,114.0,17.793,145.27,240.49,159.98,536.6,213.32,44.54,42.5367
2022-08-09,164.92,248.36,137.83,158.8,164.85,186.03,182.24,44.92,155.41,108.13,336.62,305.21,183.1038,129.47,170.18,115.38,63.05,260.06,123.2,89.52,282.3,110.11,17.086,144.93,232.36,162.92,537.26,210.26,44.68,42.9567
2022-08-10,169.24,252.09,142.69,162.44,169.02,190.72,188.61,46.02,155.82,112.43,347.91,311.58,186.066,131.5,170.67,118.39,63.65,261.36,124.4833,89.19,289.16,113.14,18.097,146.3,243.74,165.01,537.72,212.1,44.84,43.0467
2022-08-11,168.49,248.35,140.64,162.99,167.88,194.0,186.73,45.9,159.62,117.69,351.68,310.69,187.2736,132.54,167.14,120.14,63.22,259.28,124.7167,88.93,287.02,114.1,17.942,145.26,243.99,168.81,532.86,211.08,44.78,43.2733
2022-08-12,172.1,248.39,143.55,165.84,169.99,196.84,189.89,46.61,159.85,121.57,353.82,314.89,189.5,134.01,165.3,122.13,63.7,262.18,126.8667,91.02,291.91,116.07,18.709,146.67,251.61,171.56,543.7,211.33,45.15,44.0733
2022-08-15,173.19,251.08,143.18,165.4,170.47,195.95,191.06,46.59,156.81,124.26,355.85,314.61,190.8019,134.93,166.09,122.46,64.5,265.44,126.1917,90.6,293.47,116.32,19.032,148.56,257.34,172.16,544.64,216.42,45.56,44.2
2022-08-16,173.03,253.15,144.78,165.35,172.08,197.52,189.59,46.77,156.41,124.96,354.97,327.38,192.1415,136.56,167.57,123.63,65.03,266.29,125.2167,90.59,292.71,118.06,18.879,149.93,256.27,173.52,546.12,217.14,45.8,46.4567
2022-08-17,174.55,250.58,142.1,163.9,167.2,195.93,187.96,46.66,157.7,122.81,353.74,325.76,191.3019,137.79,167.58,122.59,64.88,266.82,122.8583,91.04,291.32,117.04,18.335,149.24,251.47,173.96,545.0,214.52,45.34,46.5067
2022-08-18,174.15,249.7,142.3,164.65,168.69,197.35,187.93,49.37,159.02,122.67,354.52,325.21,192.1887,139.07,166.77,121.64,65.22,266.58,122.2333,91.4,290.17,116.01,18.773,149.77,248.97,174.11,545.22,215.25,44.19,46.3567
2022-08-19,171.52,250.86,138.23,162.24,162.92,195.6,183.77,48.7,157.69,120.14,349.27,321.32,190.1509,138.37,169.31,118.63,65.17,266.54,121.0,92.08,286.15,113.16,17.849,149.73,244.58,172.64,548.32,212.82,44.42,45.6733
2022-08-22,167.57,246.9,133.22,157.7,158.98,191.76,176.98,47.71,156.9,115.94,342.42,312.21,186.6415,135.55,167.59,116.67,64.2,262.95,117.9917,91.16,277.75,110.34,17.034,149.33,241.44,169.14,544.57,208.61,44.17,44.8567
2022-08-23,167.23,244.47,133.62,157.33,160.07,197.21,176.0,47.41,161.99,114.86,340.18,306.9,186.3679,134.74,166.13,115.52,64.27,260.54,118.125,90.2,276.44,110.68,17.181,146.45,238.08,168.29,535.8,206.8,43.47,44.6667
2022-08-24,167.53,244.49,133.8,159.13,163.6,194.16,180.01,47.07,163.19,116.41,341.94,308.11,186.5943,133.23,165.58,115.8,64.36,260.86,117.5333,90.01,275.79,111.41,17.222,145.82,239.53,168.49,536.46,206.67,43.55,44.99
2022-08-25,170.03,245.68,137.28,162.23,169.38,198.88,173.91,47.27,164.62,117.46,346.49,309.78,189.0849,133.98,167.13,118.55,64.67,262.56,118.9667,90.27,278.85,113.22,17.913,145.7,244.53,168.98,541.57,209.82,43.74,45.29
2022-08-26,163.62,240.65,130.75,157.31,164.53,191.92,165.23,45.89,163.41,114.07,336.4,298.1,182.1321,130.38,164.27,114.67,63.11,256.95,107.6167,89.26,268.09,108.28,16.26,142.29,235.7,166.84,529.25,202.89,43.25,43.8667
2022-08-29,161.38,239.38,129.79,154.54,165.42,191.78,160.21,45.71,164.63,113.53,333.92,296.32,181.5283,130.31,163.0,114.39,62.73,255.66,105.3667,87.59,265.23,107.88,15.801,141.69,234.01,165.36,529.77,202.33,43.33,44.2933
2022-08-30,158.91,239.12,128.73,154.66,162.21,186.94,159.67,45.24,160.62,112.43,333.63,293.1,179.9057,129.58,162.43,114.41,62.15,253.49,104.05,86.88,262.97,107.86,15.468,140.18,235.0,163.46,522.84,201.38,42.53,44.16
2022-08-31,157.22,240.3,126.77,152.0,160.25,184.71,156.12,44.72,158.06,112.08,332.67,288.42,178.6321,128.45,161.34,113.73,61.71,252.28,103.625,85.36,261.47,106.45,15.094,137.94,232.1,161.64,519.33,198.71,41.81,44.1833
2022-09-01,157.96,245.5,127.82,151.11,153.66,182.44,153.53,45.29,155.54,112.53,333.5,293.37,179.934,129.66,165.34,114.51,62.0,256.47,104.6917,87.15,260.4,106.49,13.937,139.64,232.33,163.3,524.0,200.13,41.81,44.8267
2022-09-02,155.81,242.37,127.51,149.79,151.82,180.83,153.69,44.59,157.85,111.2,331.48,291.9,176.3113,127.79,162.74,113.71,61.15,254.51,101.375,86.23,256.06,105.74,13.647,137.16,231.81,162.7,516.35,197.76,41.3,44.3333
2022-09-06,154.53,242.22,126.11,148.6,152.39,180.66,151.72,44.47,157.12,110.09,326.49,289.54,175.0944,126.72,163.18,113.74,61.18,254.39,97.1667,86.42,253.25,105.15,13.465,135.63,228.38,161.88,517.68,198.64,41.1,44.1133
2022-09-07,155.96,244.79,129.48,152.25,155.95,180.86,153.28,45.02,155.11,112.69,330.56,297.47,178.3868,127.71,164.07,115.9,62.31,258.42,100.4583,86.87,258.09,108.48,13.714,137.68,238.65,164.02,521.68,200.42,41.08,45.2467
2022-09-08,154.46,245.45,129.82,153.52,157.79,183.15,156.9,45.37,155.95,112.33,335.38,299.9,177.1887,128.47,165.39,118.6,62.12,260.08,99.3917,87.42,258.52,108.73,13.99,137.86,240.78,164.51,527.51,200.71,41.32,45.4767
2022-09-09,157.37,247.69,133.27,158.44,157.52,189.49,162.59,45.77,159.97,115.18,340.1,299.77,180.8396,129.19,165.71,119.17,62.32,259.52,102.5833,87.34,264.46,110.97,14.387,139.96,240.35,164.15,524.34,205.2,42.24,45.6133
2022-09-12,163.43,237.62,136.45,162.45,158.72,192.4,165.63,46.4,162.5,116.39,342.58,297.54,181.1604,130.66,165.64,120.58,62.5,260.37,103.5417,88.16,266.65,112.38,14.505,141.1,242.97,165.33,531.25,206.63,42.76,46.0233
2022-09-13,153.84,226.86,126.82,155.35,147.31,184.31,158.1,44.11,159.41,111.76,328.39,277.93,174.5094,127.25,161.33,116.39,60.47,254.33,100.3917,86.28,251.99,105.72,13.131,138.18,230.86,162.22,513.96,199.67,41.75,45.0733
2022-09-14,155.31,228.12,128.55,156.3,149.26,184.65,160.28,43.96,163.27,112.5,327.26,276.34,169.783,127.69,164.66,116.12,60.79,255.72,97.9417,86.95,252.22,107.0,13.128,138.51,225.85,163.24,509.77,199.41,41.28,44.9733
2022-09-15,152.37,227.66,126.28,156.13,149.78,182.49,154.78,43.29,160.62,110.77,331.62,271.54,166.8491,125.49,165.08,117.87,59.53,253.47,97.0167,86.75,245.38,105.5,12.929,137.44,223.87,164.16,522.91,195.37,41.03,44.49
2022-09-16,150.7,231.14,123.53,153.08,144.29,179.47,151.51,43.3,156.45,108.25,326.21,275.97,167.3113,127.27,167.6,117.08,59.54,254.91,97.175,87.72,244.74,104.12,13.198,138.28,221.56,162.33,521.02,193.3,41.25,44.3967
2022-09-19,154.48,230.76,124.66,155.36,144.88,182.11,152.83,43.3,156.9,109.17,328.66,280.42,168.5189,127.73,166.28,118.16,59.99,257.01,97.2,86.64,244.52,107.21,13.382,137.99,223.18,164.29,523.55,193.13,41.24,44.7767
2022-09-20,156.9,227.71,122.19,153.48,145.94,177.99,149.8,42.58,156.28,107.57,323.26,274.17,166.9906,126.3,164.97,115.83,59.9,255.4,97.1,86.0,242.45,102.42,13.176,137.5,218.83,160.95,522.8,192.07,40.59,44.5167
2022-09-21,153.72,224.46,118.54,148.71,143.29,171.95,147.63,41.59,155.01,104.49,320.71,271.57,164.434,124.93,163.28,112.49,59.4,251.08,95.675,84.53,238.95,99.79,13.261,135.73,213.84,157.06,512.08,187.02,39.48,44.9233
2022-09-22,152.74,227.75,117.31,143.03,138.71,170.55,150.15,41.15,154.89,102.16,312.92,269.14,163.4434,125.31,166.18,111.21,59.26,247.94,95.1167,87.51,240.98,98.55,12.561,136.21,208.05,157.0,517.46,185.79,39.93,44.4633
2022-09-23,150.43,226.97,113.78,140.26,131.26,164.24,147.01,40.66,144.77,99.5,301.97,270.94,161.6793,122.71,166.72,109.14,58.6,245.95,94.1583,86.78,237.92,97.02,12.516,135.58,211.22,155.48,513.61,183.96,39.52,43.3533
2022-09-26,150.77,226.87,115.15,137.45,127.34,162.62,146.32,40.58,140.96,98.12,294.62,266.58,160.4434,122.01,165.7,106.79,57.87,243.76,94.1667,86.18,237.45,96.06,12.228,135.71,209.0,150.6,508.36,180.59,38.93,43.77
2022-09-27,151.76,225.99,114.41,137.49,127.51,162.44,148.89,40.52,141.02,95.85,291.38,268.69,160.4434,121.74,164.94,105.85,56.38,236.7,93.675,85.84,236.41,96.29,12.413,131.98,208.56,151.24,508.37,177.87,38.89,43.65
2022-09-28,149.84,230.98,118.01,140.56,133.44,167.76,150.17,41.34,145.78,99.4,300.79,282.19,163.9906,122.76,166.36,107.99,56.98,236.94,95.2333,86.78,241.07,98.7,12.736,131.98,213.07,152.92,513.94,179.18,39.39,44.37
2022-09-29,142.48,228.41,114.8,137.79,125.33,165.9,146.81,40.57,144.77,97.45,296.11,278.33,160.4434,121.63,164.53,106.16,56.57,234.4,93.5833,86.64,237.5,95.33,12.22,128.7,207.84,154.68,508.83,180.06,38.64,44.0833
2022-09-30,138.2,225.4,113.0,134.91,121.08,164.08,143.84,40.0,143.67,94.33,293.05,275.94,157.5189,118.81,163.36,104.5,56.02,230.74,92.0833,86.12,232.9,83.12,12.139,126.25,204.75,153.2,505.04,177.65,37.97,43.2333
2022-10-03,142.45,230.44,115.88,140.02,126.05,171.23,147.9,41.29,151.73,97.13,299.15,283.7,163.2453,121.51,163.2,107.73,56.65,235.34,94.35,87.55,240.74,85.4,12.512,128.51,214.38,157.07,515.51,181.65,39.16,44.1767
2022-10-04,146.1,233.02,121.09,145.46,133.51,179.63,155.73,41.82,157.63,101.44,314.87,289.56,168.1038,125.5,165.62,112.77,56.78,238.5,96.35,88.39,248.88,88.64,13.167,130.1,219.51,161.47,523.17,185.65,39.81,44.75
2022-10-05,146.4,233.82,120.95,144.37,132.11,178.38,156.23,41.99,158.53,100.8,309.0,289.85,167.7453,125.74,165.11,110.39,56.24,239.09,95.975,88.39,249.2,91.1,13.209,129.2,217.37,160.54,527.07,187.67,39.4,44.3067
2022-10-06,145.43,230.94,120.3,142.38,132.2,178.81,155.46,41.52,161.42,100.04,304.67,290.39,165.1321,122.23,161.91,108.14,55.03,234.75,92.6,87.44,246.79,90.17,13.13,126.48,216.77,159.19,519.13,185.59,37.84,43.8933
2022-10-07,140.09,229.03,114.56,139.0,129.79,177.55,150.29,40.27,160.03,97.16,301.08,284.32,161.7076,118.82,160.2,105.98,54.51,233.19,89.6,87.6,234.24,87.16,12.076,124.27,205.6,156.88,504.85,183.83,36.85,42.8533
2022-10-10,140.42,232.15,113.67,137.51,131.9,178.67,145.64,39.89,157.14,95.16,300.54,282.46,162.1604,117.75,160.41,104.99,54.39,234.95,90.3833,90.48,229.25,86.69,11.67,123.76,205.8,157.48,498.86,182.18,36.62,43.1067
2022-10-11,138.98,245.44,112.21,137.35,131.57,179.75,142.57,39.58,157.17,93.1,294.21,282.89,163.7925,117.8,162.73,101.96,54.48,237.05,90.7,91.05,225.41,87.99,11.586,124.23,204.51,159.46,499.81,179.14,35.94,44.2233
2022-10-12,138.34,246.44,112.9,136.74,130.42,179.5,142.29,39.27,157.64,93.41,295.31,280.52,163.0094,117.57,162.69,103.61,55.14,237.06,90.7917,90.42,225.75,88.51,11.5,124.43,201.51,159.16,499.96,178.24,35.68,43.7233
2022-10-13,142.99,251.66,112.53,141.55,132.4,183.14,145.44,40.61,165.28,96.64,307.07,282.83,167.5,121.79,165.15,109.37,55.87,246.75,95.2167,92.49,234.24,89.56,11.96,126.31,205.68,165.51,509.91,184.66,36.4,44.0933
2022-10-14,138.38,251.34,106.9,136.81,133.15,178.19,142.22,40.2,160.14,94.45,299.99,276.43,164.3019,120.04,164.46,111.19,54.98,243.16,94.6917,92.18,228.56,87.55,11.227,125.08,201.7,163.3,513.13,182.62,36.38,43.4767
2022-10-17,142.41,252.93,113.79,141.54,136.09,180.8,147.18,41.3,161.31,97.33,306.71,281.26,167.0189,121.52,166.59,115.86,55.69,246.48,94.8833,94.12,237.53,89.97,11.888,127.34,209.12,164.8,521.88,185.25,37.18,43.79
2022-10-18,143.75,252.12,116.36,145.99,137.34,183.55,153.53,41.79,162.72,98.48,313.85,285.06,169.6981,122.94,166.01,118.84,56.44,249.19,96.625,94.61,238.5,89.68,11.967,128.37,212.63,166.77,522.21,187.17,37.07,44.7133
2022-10-19,143.86,248.19,115.07,143.97,138.39,184.41,153.67,41.88,168.0,98.99,311.76,275.49,169.1321,122.51,164.69,116.51,55.96,250.75,95.1667,93.26,236.48,88.57,12.051,129.56,207.24,174.17,520.32,186.41,36.57,44.5867
2022-10-20,143.39,247.45,115.25,142.42,139.13,180.54,157.5,41.71,168.96,98.59,310.81,269.46,167.5849,128.3,165.11,116.13,55.08,249.77,94.2583,92.94,236.15,86.83,12.194,126.99,201.22,170.87,520.88,187.22,37.0,44.6967
2022-10-21,147.27,251.94,119.32,140.04,141.32,190.22,160.17,42.8,173.19,102.04,325.1,275.53,172.4623,129.9,168.71,122.23,55.96,254.55,97.3417,95.67,242.12,88.5,12.466,128.58,207.82,176.23,533.73,190.37,35.35,45.6
2022-10-24,149.45,261.32,119.82,141.63,142.05,191.3,160.65,43.54,173.13,101.72,328.7,283.26,176.3207,132.69,170.98,122.38,57.57,255.32,98.65,97.37,247.25,88.01,12.599,129.37,212.53,179.79,541.6,190.71,35.97,46.47
2022-10-25,152.34,259.99,120.6,147.02,146.65,194.84,165.27,44.36,174.93,104.36,332.4,290.26,178.9151,132.93,170.71,122.7,58.95,255.73,98.75,97.71,250.66,91.72,13.261,130.86,220.2,176.09,540.22,194.38,36.43,46.69
2022-10-26,149.35,266.66,115.66,146.88,133.79,196.96,159.91,44.38,177.09,104.63,335.69,290.15,179.5,135.01,172.21,124.11,59.39,256.61,102.25,98.41,231.32,92.39,12.896,131.78,220.88,176.4,543.17,203.33,36.43,47.0467
2022-10-27,144.8,267.23,110.96,146.97,139.76,212.14,159.75,44.42,177.9,104.44,337.18,291.06,185.3679,134.77,172.31,124.6,59.53,265.11,102.3333,99.74,226.75,90.54,13.176,131.88,221.85,177.6,541.8,204.29,36.18,46.91
2022-10-28,155.74,273.81,103.41,150.44,143.84,219.34,163.02,45.64,179.98,105.95,341.82,298.65,193.3302,138.51,174.87,126.08,60.76,274.52,105.5,100.77,235.87,93.83,13.834,135.22,226.23,181.96,551.24,209.34,37.67,47.5033
2022-10-31,153.34,270.35,102.44,148.45,142.51,216.46,162.59,45.43,180.9,106.54,344.51,296.13,192.4717,138.29,173.97,125.88,59.85,272.66,104.825,101.2,232.13,92.68,13.497,134.67,225.03,184.46,555.15,207.16,37.37,47.4433
2022-11-01,150.65,272.06,96.79,147.08,143.38,218.5,159.82,45.46,182.22,106.0,348.58,296.06,191.6038,138.2,173.09,128.15,59.64,272.95,104.4167,99.76,228.17,93.77,13.543,134.88,224.78,182.78,547.31,206.93,37.37,47.23
2022-11-02,145.03,269.01,92.12,143.5,147.41,214.54,150.01,44.57,178.5,101.82,349.79,288.73,189.1226,136.83,170.43,126.97,58.81,270.37,102.3833,99.4,220.1,90.3,13.219,132.94,215.73,182.31,543.43,200.95,37.71,46.9167
2022-11-03,138.88,265.88,89.3,139.31,156.75,219.26,146.33,43.85,181.13,99.25,348.87,281.5,192.8208,134.47,170.72,127.2,58.78,272.95,102.375,98.75,214.25,90.4,13.421,132.03,217.19,181.82,543.61,194.75,37.15,46.9067
2022-11-04,138.38,269.04,90.98,144.72,160.01,227.85,139.77,44.52,183.42,99.58,357.91,284.03,196.0849,136.96,171.48,130.68,59.26,274.62,104.0333,99.2,221.39,95.79,14.156,134.44,216.23,183.06,538.17,196.98,37.24,46.99
2022-11-07,138.92,277.02,90.53,146.98,164.91,228.61,144.59,44.55,185.61,100.43,362.56,290.27,197.8962,138.34,172.98,131.37,59.49,276.41,103.9,100.07,227.87,93.44,14.301,136.5,221.37,184.13,545.02,200.1,37.19,47.4833
2022-11-08,139.5,292.39,89.98,150.2,169.62,229.81,147.1,44.61,185.34,99.9,364.02,291.14,199.3962,140.04,173.84,131.45,59.6,278.4,104.4583,101.5,228.87,93.75,14.602,136.81,225.42,184.9,553.05,201.78,37.87,47.5967
2022-11-09,134.87,289.65,86.14,145.86,168.74,225.54,142.06,43.91,177.93,86.75,362.0,286.75,196.8208,137.39,172.45,129.74,58.77,277.79,103.1917,101.59,224.51,92.1,13.776,136.48,222.0,182.15,540.66,193.93,37.62,46.49
2022-11-10,146.87,291.01,96.63,154.75,177.58,232.45,156.3,45.66,181.3,90.46,378.31,311.7,202.6415,141.23,174.47,135.08,60.88,275.88,107.625,101.89,242.98,99.49,15.75,141.18,239.0,183.3,544.17,205.57,38.52,47.4533
2022-11-11,149.7,285.02,100.79,154.89,177.49,236.49,157.73,44.79,186.46,95.01,385.17,314.94,200.6887,143.17,169.25,135.3,61.32,271.39,110.8167,97.96,247.11,106.09,16.327,140.97,237.24,181.73,522.08,205.0,38.3,47.5267
2022-11-14,148.28,285.3,98.49,154.13,173.55,236.5,158.66,44.74,186.55,94.28,382.36,306.92,200.9434,144.2,171.91,133.91,60.73,272.27,109.1917,100.35,241.55,104.39,16.295,140.98,234.08,182.7,513.75,206.86,38.31,46.13
2022-11-15,150.04,283.6,98.94,153.89,175.35,234.59,162.07,44.9,188.05,95.51,382.88,311.93,203.2358,144.34,172.39,132.94,60.63,267.84,109.35,99.6,241.97,106.71,16.666,140.49,240.59,179.5,503.01,209.99,37.7,49.1467
2022-11-16,148.79,283.77,97.12,152.57,172.69,232.42,155.12,44.39,184.99,93.95,382.33,314.91,201.8868,144.52,173.46,133.12,60.52,272.51,107.2833,99.93,241.73,105.23,15.91,141.74,240.81,181.14,511.52,210.14,37.88,49.5
2022-11-17,150.72,287.3,94.85,150.64,172.78,230.44,149.69,46.59,184.09,91.45,379.78,311.44,202.3679,146.09,174.86,132.54,60.71,273.36,105.9583,102.31,241.68,105.36,15.677,140.87,237.11,182.93,515.31,210.99,38.16,49.3333
2022-11-18,151.29,287.29,94.14,152.5,173.89,231.43,148.04,47.79,182.99,91.8,379.2,313.18,202.3868,147.64,176.2,133.84,61.14,273.37,105.6333,104.23,241.22,105.42,15.409,142.57,240.04,184.56,530.0,210.8,38.55,50.0767
2022-11-21,148.01,288.16,92.46,152.81,172.94,232.17,144.85,47.62,181.24,97.58,380.21,316.78,204.3019,146.68,175.97,133.05,62.08,274.52,106.3583,105.61,242.05,103.83,15.317,144.38,239.26,185.55,517.19,206.32,38.62,50.3833
2022-11-22,150.18,287.05,93.2,154.58,172.5,237.26,149.25,48.38,185.89,96.21,383.87,324.88,206.3774,149.1,176.82,135.04,62.35,274.76,107.1667,106.9,245.03,105.97,16.038,145.62,243.45,187.13,523.09,210.33,39.2,50.5633
2022-11-23,151.07,283.4,94.13,153.93,174.85,236.92,152.24,48.57,184.24,98.88,386.25,321.51,206.5189,148.75,177.01,136.48,62.63,273.27,106.6667,106.82,247.58,106.65,16.519,146.45,250.0,188.01,529.71,211.73,38.92,50.8067
2022-11-25,148.11,283.74,93.41,154.15,178.36,235.7,153.35,48.4,183.7,98.87,388.86,326.38,207.5944,148.37,177.24,136.74,62.69,275.0,107.5333,107.5,247.49,105.96,16.27,146.72,249.52,188.91,537.62,213.79,39.02,51.0233
2022-11-28,144.22,282.62,93.95,150.87,171.83,232.3,153.69,48.08,178.36,95.69,382.36,318.92,203.5566,146.18,177.33,134.35,62.7,272.88,103.8667,108.45,241.76,104.96,15.827,146.6,245.56,186.32,532.27,211.26,38.24,51.17
2022-11-29,141.17,281.99,92.42,154.42,175.32,235.12,151.68,48.28,181.03,94.69,383.71,315.96,204.4528,146.49,176.09,136.56,62.48,271.41,105.1083,108.84,240.33,106.25,15.639,145.48,241.57,187.21,528.0,209.06,38.34,50.99
2022-11-30,148.03,286.4,96.54,157.59,178.88,236.41,160.25,49.72,183.31,97.87,386.15,323.99,207.1226,148.9,178.0,138.18,63.61,272.79,104.975,110.12,255.14,109.69,16.923,149.16,249.18,189.81,547.76,217.0,38.98,50.8067
2022-12-01,148.31,285.94,95.5,157.5,175.78,235.69,147.0,49.97,182.49,98.59,383.81,327.07,205.0849,149.16,178.74,136.24,63.79,273.4,104.9917,109.8,254.69,111.11,17.135,149.25,251.61,189.14,536.91,217.0,38.33,51.1233
2022-12-02,147.81,285.51,94.13,156.75,182.87,236.13,144.56,49.7,181.03,99.43,380.58,327.99,206.6793,148.67,178.88,135.16,64.35,273.4,105.825,110.04,255.02,112.2,16.876,150.61,257.75,189.54,536.16,217.66,38.18,51.0733
2022-12-05,146.63,284.91,91.01,156.08,185.1,232.57,133.93,49.33,176.56,95.93,371.54,320.08,203.3962,147.41,178.78,131.37,63.47,271.59,103.8583,110.01,250.2,109.62,16.61,149.09,253.59,187.21,535.04,213.68,37.07,50.55
2022-12-06,142.91,283.29,88.25,154.7,178.43,228.29,133.27,48.59,172.01,92.29,362.91,317.45,201.1226,147.5,176.1,131.59,63.44,271.77,103.8167,108.93,245.12,107.93,15.987,149.28,253.46,188.5,539.32,209.08,36.89,49.9633
2022-12-07,140.94,285.76,88.46,154.77,176.5,228.98,130.48,48.18,172.52,92.15,359.92,320.15,201.3679,147.27,177.17,131.5,63.54,270.34,105.2917,110.09,244.37,108.33,16.12,150.24,251.12,188.05,542.91,207.81,37.17,49.7033
2022-12-08,142.65,285.57,90.35,154.12,179.08,230.92,130.13,48.99,173.54,92.55,358.08,324.09,201.2736,147.78,177.2,132.88,63.81,273.39,105.0,110.85,247.4,111.36,17.169,151.32,254.45,187.72,547.92,209.1,37.1,49.5933
2022-12-09,142.16,278.65,89.09,153.9,179.54,227.29,131.11,48.46,168.0,93.38,359.14,320.48,199.6509,147.05,175.74,132.16,63.14,272.04,104.8,108.78,245.42,109.42,17.001,150.92,252.88,185.65,539.2,208.7,37.4,48.4367
2022-12-12,144.49,276.78,90.55,157.31,186.27,233.06,133.11,49.3,169.75,94.66,363.18,327.98,202.3585,149.21,177.84,134.21,63.97,276.62,105.7083,108.97,252.51,112.07,17.535,152.47,253.88,187.11,545.86,214.59,37.95,49.34
2022-12-13,145.47,272.26,92.49,157.52,187.13,235.49,135.62,49.64,173.53,94.7,368.69,332.89,202.7925,150.57,179.21,134.08,63.99,274.28,106.075,110.91,256.92,112.85,18.072,152.24,258.86,187.05,538.22,213.04,37.86,49.1633
2022-12-14,143.21,271.13,91.58,154.11,188.25,234.48,134.75,49.3,172.33,94.15,360.38,333.43,202.566,149.86,179.76,133.41,63.99,274.53,105.075,111.55,257.22,111.45,17.674,152.84,248.68,186.64,538.36,213.32,37.45,48.89
2022-12-15,136.5,266.14,88.45,150.22,183.72,230.66,130.44,48.15,171.04,90.49,349.83,327.6,197.1415,142.36,177.49,130.1,63.11,271.73,101.9833,109.63,249.01,108.51,16.952,151.11,244.19,183.57,527.68,207.91,37.77,48.4533
2022-12-16,134.51,267.41,87.86,146.3,184.7,232.72,128.27,47.81,168.72,90.08,346.35,323.34,197.8679,140.16,175.67,129.29,62.75,266.12,101.4083,109.2,244.69,105.95,16.571,150.44,240.47,182.8,523.7,206.89,37.12,47.5833
2022-12-19,132.37,265.7,84.92,145.01,185.68,232.29,129.01,47.4,169.88,85.78,344.61,317.33,197.5566,138.87,175.48,130.06,62.84,265.83,101.775,109.44,240.45,103.05,16.254,150.4,238.11,183.51,523.6,204.82,37.03,47.6
2022-12-20,132.3,264.75,85.19,145.7,188.29,235.14,128.45,47.37,172.67,87.02,344.49,314.84,199.5189,141.28,175.67,130.69,62.79,267.25,100.675,109.71,241.8,103.21,16.085,150.46,238.58,185.79,520.21,205.36,36.99,48.0167
2022-12-21,135.45,266.26,86.77,147.1,196.0,241.73,130.3,47.66,174.7,86.92,350.16,319.36,202.9245,142.14,177.68,132.16,63.8,268.16,102.8833,111.11,244.43,115.78,16.501,151.84,242.21,189.42,527.54,206.81,37.78,48.3933
2022-12-22,132.23,265.26,83.79,145.31,188.25,237.54,129.19,47.32,172.08,86.67,345.58,316.12,200.2925,140.88,177.03,130.66,63.34,265.77,101.325,111.24,238.19,116.71,15.339,152.19,241.3,187.2,527.09,205.06,38.31,47.8267
2022-12-23,131.86,263.92,85.25,147.02,189.06,239.87,129.44,47.48,177.4,88.01,345.51,318.73,201.7642,141.65,177.48,131.28,63.82,267.57,100.1167,111.86,238.73,116.25,15.206,152.62,242.67,189.48,531.31,205.83,38.41,47.9233
2022-12-27,130.03,263.39,83.04,146.39,189.4,243.14,130.66,47.53,179.63,86.37,341.97,319.55,202.7264,142.42,177.43,131.74,64.21,266.84,100.1833,112.12,236.96,117.56,14.121,153.95,239.42,190.48,531.99,206.29,39.25,47.9367
2022-12-28,126.04,261.42,81.82,144.01,188.38,239.38,128.47,47.07,176.98,84.17,340.87,315.73,200.1793,140.02,176.66,132.46,63.57,265.11,98.575,111.08,234.53,114.98,14.036,151.96,237.48,188.13,528.45,204.99,38.81,47.0967
2022-12-29,129.61,263.16,84.18,147.32,188.91,240.2,132.54,47.5,178.32,87.18,343.43,320.41,202.5943,141.06,177.56,133.22,63.95,265.93,100.475,110.82,241.01,117.35,14.603,152.59,241.32,189.44,529.88,208.06,39.26,47.3833
2022-12-30,129.93,262.64,84.0,147.75,190.49,239.56,132.59,47.64,179.49,86.88,343.38,315.86,202.1698,140.89,176.65,134.1,63.61,263.53,99.9333,110.95,239.82,117.01,14.614,151.56,237.33,187.49,530.18,207.76,39.4,47.2633
2023-01-03,125.07,261.65,85.82,147.12,195.39,238.88,134.78,47.94,173.99,88.97,346.22,315.91,202.1698,141.55,178.19,135.12,62.95,264.33,102.0583,111.14,239.58,118.75,14.315,151.57,239.37,187.12,518.64,207.39,40.12,47.8667
2023-01-04,126.36,264.39,85.14,150.54,203.64,241.36,139.59,47.55,172.14,91.98,347.7,319.73,198.1509,142.6,180.13,136.38,62.92,264.39,104.2917,112.08,229.1,121.21,14.749,152.23,244.18,187.23,504.5,212.61,41.13,47.92
2023-01-05,125.02,266.86,83.12,146.43,204.99,240.28,136.34,46.88,175.24,91.92,343.76,315.47,192.8962,141.11,178.8,135.35,62.2,262.16,102.4667,113.64,222.31,120.62,14.265,150.34,227.75,187.55,489.96,211.11,41.7,47.7567
2023-01-06,129.62,275.2,86.08,150.17,213.0,248.86,140.51,48.32,176.56,93.92,348.08,317.53,198.3679,143.7,180.25,137.94,63.4,269.47,105.6,114.84,224.93,124.53,14.859,153.92,235.8,193.87,490.0,217.75,42.19,48.9267
2023-01-09,130.15,270.12,87.36,150.4,208.57,246.62,147.1,48.58,175.18,94.77,353.0,317.81,198.7453,143.55,175.58,137.37,62.61,267.25,105.6583,110.38,227.12,124.85,15.628,152.04,236.01,189.12,490.06,218.6,41.37,48.3167
2023-01-10,130.73,273.88,89.87,152.0,206.69,250.51,147.44,48.81,176.04,95.56,357.36,320.63,199.3774,144.8,175.16,138.6,62.13,268.91,106.775,110.81,228.85,125.84,15.909,151.89,234.1,191.22,486.0,221.09,41.95,48.2867
2023-01-11,133.49,272.91,95.09,153.92,208.03,250.73,144.9,49.21,175.2,96.33,364.48,329.0,200.283,145.26,174.88,139.63,62.01,268.81,107.6,111.07,235.77,127.94,16.001,150.66,243.76,191.63,493.4,222.1,41.18,48.71
2023-01-12,133.41,270.92,95.27,154.92,214.32,255.07,149.6,49.0,177.08,99.81,369.94,329.87,203.7547,145.55,174.0,139.49,61.21,266.69,107.7917,111.77,238.51,127.89,16.511,149.81,243.74,191.99,495.67,223.62,41.81,48.27
2023-01-13,134.76,271.73,98.12,155.76,214.13,258.46,149.51,48.88,177.56,99.4,374.0,331.21,204.3491,145.89,173.43,143.01,61.43,268.89,107.925,112.25,239.23,128.85,16.899,150.88,245.88,193.92,489.57,223.06,41.86,48.43
2023-01-17,135.94,269.42,96.05,153.75,211.41,256.26,148.47,48.08,180.49,99.91,349.92,327.53,200.2264,145.19,172.36,140.8,61.68,274.11,105.5,110.45,240.35,128.14,17.702,150.44,247.8,185.0,485.08,223.0,40.85,48.1367
2023-01-18,135.21,264.385,95.46,150.42,209.41,252.82,145.45,46.9,177.23,99.04,349.09,323.69,192.6793,140.41,169.76,136.57,59.81,266.04,102.2917,108.79,235.81,126.43,17.377,146.41,244.27,183.63,476.24,219.46,39.97,46.9467
2023-01-19,135.27,262.03,93.68,146.85,207.09,245.75,146.41,46.46,179.0,99.08,350.75,310.88,189.3019,140.62,169.53,134.75,59.72,263.58,98.6917,109.9,231.93,124.53,16.765,142.42,234.34,184.04,484.36,220.41,40.06,46.2767
2023-01-20,137.87,263.24,97.25,151.6,206.76,249.71,151.25,46.78,180.9,103.48,341.84,315.0,190.5943,141.2,168.74,135.08,60.08,268.58,100.5417,109.94,240.22,126.62,17.839,142.97,245.31,185.33,486.72,224.31,40.0,46.8467
2023-01-23,141.11,260.97,97.52,154.0,209.97,252.7,155.87,47.5,180.66,105.69,349.14,315.48,192.8868,141.86,168.31,137.27,60.23,269.29,102.1833,109.88,242.58,128.29,19.193,141.05,246.04,186.36,485.81,224.18,39.63,47.5467
2023-01-24,142.53,259.7,96.32,155.33,211.98,257.61,154.86,47.81,180.83,106.0,348.33,317.69,195.217,141.49,168.31,138.45,60.55,269.56,95.8333,108.52,242.04,126.83,19.265,141.82,249.36,193.25,491.6,223.89,40.42,47.67
2023-01-25,141.86,256.54,97.18,156.77,212.68,258.44,156.17,47.98,179.08,108.12,349.63,317.26,194.9717,140.76,169.51,139.12,60.93,273.0,94.1083,108.59,240.61,126.82,19.323,141.72,247.09,190.74,492.5,224.9,40.33,47.4467
2023-01-26,143.96,254.88,99.22,155.88,212.73,262.12,165.09,48.34,187.79,109.7,354.97,313.81,197.5,134.45,168.89,139.98,60.81,274.72,94.625,106.87,248.0,127.53,19.802,141.15,225.06,192.11,492.48,224.71,40.27,47.4033
2023-01-27,145.93,253.65,102.24,172.31,211.17,264.54,164.52,48.51,179.45,109.54,353.7,316.69,196.3491,134.39,168.23,140.32,60.49,272.46,96.0417,105.38,248.16,127.53,20.365,140.57,228.54,188.76,486.05,231.44,40.64,47.7667
2023-01-30,143.0,251.59,100.55,172.66,209.67,261.5,164.75,48.22,174.2,107.59,357.46,314.24,194.1321,135.3,162.0,139.13,60.64,270.89,93.8167,106.09,242.71,126.37,19.162,141.01,230.88,187.91,485.79,229.1,41.05,47.3833
2023-01-31,144.29,252.4,103.13,174.93,213.0,252.29,167.97,48.67,174.02,108.49,365.81,324.17,196.6793,134.73,163.42,139.96,61.32,267.4,95.9,107.41,247.81,127.33,19.537,142.38,236.59,191.12,499.19,230.21,41.57,47.9567
2023-02-01,145.43,246.41,105.15,173.61,214.75,249.54,171.82,48.57,171.36,109.39,365.71,328.09,195.0189,135.09,164.92,139.59,61.33,266.27,96.55,106.98,252.75,129.5,20.943,143.19,243.22,185.23,497.0,230.9,41.69,48.2233
2023-02-02,150.82,246.53,112.91,173.13,209.34,244.9,174.64,49.32,169.01,113.21,369.47,339.79,195.6415,136.39,165.54,138.94,60.28,263.21,100.2417,103.46,264.6,129.06,21.709,142.17,245.35,181.75,470.83,229.56,41.83,47.8733
2023-02-03,154.5,245.17,103.39,178.86,206.01,247.76,171.04,48.63,169.45,110.71,369.95,331.5,191.217,136.94,164.61,141.09,59.83,264.23,97.9083,102.94,258.35,127.61,21.1,142.61,241.73,182.76,472.02,230.13,41.51,47.2367
2023-02-06,151.73,243.85,102.18,176.48,206.81,251.42,169.05,47.57,169.64,109.87,370.8,329.27,192.4906,136.18,163.36,141.92,60.17,267.92,97.0833,104.03,256.77,125.73,21.089,141.4,243.03,185.99,475.24,229.44,41.28,46.8933
2023-02-07,154.65,244.0,102.11,178.7,214.76,249.66,171.28,47.84,174.09,111.63,374.4,325.2,193.8396,135.84,163.4,143.65,60.07,267.34,97.4167,105.68,267.56,125.33,22.173,140.02,238.44,189.01,476.88,231.32,40.55,46.9933
2023-02-08,151.92,240.2,100.05,179.0,213.5,248.87,169.63,46.96,170.0,111.78,375.1,320.79,190.7736,135.98,163.61,142.64,59.72,262.82,96.0417,106.64,266.73,122.91,22.205,138.57,235.51,187.39,483.22,230.2,40.52,46.74
2023-02-09,150.87,240.0,98.24,179.37,211.99,246.28,173.66,46.73,168.44,110.36,367.99,315.55,187.9434,133.75,161.4,140.42,59.62,260.66,94.1083,106.72,263.62,122.18,22.337,137.05,231.51,185.36,485.73,229.35,39.81,47.1733
2023-02-10,151.01,242.5,97.61,179.25,212.89,247.67,167.03,47.26,171.97,108.06,371.28,316.54,189.1226,135.6,162.15,141.04,59.62,262.42,94.9,108.57,263.1,122.23,21.265,138.26,230.49,186.75,494.25,227.2,40.01,47.9067
2023-02-13,153.85,243.66,99.54,181.33,215.65,248.15,171.08,47.86,171.01,107.66,374.02,323.53,191.8585,137.35,162.75,142.57,60.6,266.2,96.0667,109.55,271.32,125.15,21.788,140.07,233.08,187.6,495.35,228.88,40.32,48.6367
2023-02-14,153.2,241.03,99.7,181.02,218.45,244.36,169.96,47.7,172.32,107.66,371.78,318.43,189.6226,136.01,162.04,143.2,59.59,266.61,95.175,108.74,272.17,126.2,22.971,139.28,231.95,184.13,492.83,229.39,40.33,48.4967
2023-02-15,155.33,240.065,101.16,180.67,217.44,248.7,171.1,48.45,169.01,109.24,374.34,320.69,190.2925,136.4,159.37,143.8,59.59,266.56,95.6583,107.68,269.32,127.48,22.764,138.96,232.65,185.22,491.25,228.92,40.38,48.8567
2023-02-16,153.71,234.22,98.15,177.94,212.21,246.52,168.11,50.99,166.57,105.83,370.2,321.24,188.0755,135.0,158.24,141.82,59.22,265.83,93.3333,106.51,262.15,124.38,22.002,137.14,227.13,183.06,487.35,225.83,39.84,48.09
2023-02-17,152.55,240.53,97.2,177.3,211.66,247.79,165.17,50.77,162.85,105.22,368.5,317.95,190.0189,135.02,160.39,142.24,60.12,269.99,94.1583,109.52,258.06,124.84,21.388,140.01,227.98,185.75,499.08,223.56,40.22,48.8133
2023-02-21,148.48,238.24,94.58,173.48,205.52,240.71,161.62,49.69,161.0,102.09,361.12,295.5,185.6226,131.71,158.0,139.63,59.8,268.55,91.0417,109.07,252.67,121.1,20.655,139.91,223.22,185.25,491.31,220.62,39.2,49.11
2023-02-22,148.91,236.16,95.79,174.7,205.76,237.89,163.36,49.31,160.35,101.68,360.89,296.3,184.4245,130.97,157.78,138.56,59.98,268.64,90.7833,109.16,251.51,119.9,20.754,140.5,222.63,186.12,488.89,220.02,39.28,48.08
2023-02-23,149.4,237.62,95.82,175.14,208.13,237.95,164.12,49.21,161.93,101.73,363.54,299.31,183.9811,130.79,157.73,139.67,60.09,266.78,90.7583,110.59,254.77,119.96,23.664,140.05,223.05,185.47,491.69,221.13,38.53,47.3633
2023-02-24,146.71,233.66,93.5,174.25,198.15,236.17,162.2,48.48,162.41,100.3,363.85,296.66,181.1698,130.57,155.97,140.93,59.84,263.68,89.8333,109.89,249.22,118.04,23.286,139.26,221.08,185.33,484.33,219.55,38.74,47.49
2023-02-27,147.92,234.45,93.76,173.3,200.46,239.98,163.14,48.73,162.82,100.45,365.53,296.01,181.5566,130.49,155.63,142.16,59.82,264.78,90.225,109.36,250.16,118.53,23.501,139.14,221.94,185.33,483.32,220.35,38.88,47.1467
2023-02-28,147.41,231.66,94.23,173.99,201.55,239.55,163.61,48.42,160.77,99.61,351.65,296.54,180.6415,129.3,153.26,143.35,59.51,263.91,89.7833,106.24,249.42,118.79,23.216,137.56,221.35,185.12,475.94,219.94,38.81,47.3767
2023-03-01,145.31,236.19,92.17,175.91,204.55,248.67,167.35,48.34,162.05,98.54,346.23,290.79,181.9623,128.19,152.57,142.55,58.86,262.72,91.8417,106.65,246.27,118.58,22.698,137.66,219.01,184.05,475.22,218.36,38.3,46.7167
2023-03-02,145.91,234.74,92.13,175.34,210.06,252.18,186.59,48.53,162.56,98.92,349.1,293.02,183.4434,128.93,152.45,141.07,59.72,267.57,91.5833,107.01,251.11,119.58,23.314,139.93,224.02,183.19,477.7,219.06,38.41,46.8333
2023-03-03,151.03,234.81,94.9,179.09,215.11,255.31,186.43,49.28,164.96,101.14,357.09,298.45,185.6793,129.64,154.02,143.66,59.44,269.07,92.7167,106.88,255.29,120.94,23.89,140.95,228.34,183.59,478.56,223.77,38.26,46.89
2023-03-06,153.83,235.11,93.75,179.06,211.92,253.98,183.8,49.42,166.17,100.66,357.05,298.21,185.8868,130.19,155.56,142.82,60.36,270.64,91.6083,111.1,256.87,120.17,23.554,140.35,224.47,183.35,480.78,226.75,38.15,46.8833
2023-03-07,151.6,228.72,93.55,175.32,207.92,246.14,183.32,48.91,164.03,99.06,346.08,290.7,184.5472,128.25,154.09,138.62,60.01,267.13,89.2417,111.27,254.15,119.59,23.288,137.56,220.5,180.37,473.88,223.17,37.91,46.4167
2023-03-08,152.87,228.43,93.92,174.83,207.2,248.72,182.95,49.11,162.99,99.3,349.29,291.49,184.5,128.05,152.96,137.8,60.04,265.33,89.3,108.28,253.7,119.86,24.181,137.58,220.03,177.77,470.6,222.19,37.53,46.0333
2023-03-09,150.59,225.79,92.25,172.12,201.24,240.96,178.72,48.81,160.51,96.14,342.09,288.0,181.9623,126.16,151.24,130.34,59.46,261.63,87.9333,107.6,252.32,117.87,23.436,136.57,217.19,173.92,464.91,220.01,36.55,45.7233
2023-03-10,148.5,227.87,90.73,165.7,203.07,227.01,173.18,48.56,159.67,93.57,327.67,286.31,182.3868,125.45,151.61,133.65,59.21,262.03,86.7167,107.69,248.59,117.49,22.965,137.19,214.1,175.68,460.33,216.14,36.68,45.6567
2023-03-13,150.47,233.18,92.43,157.63,203.37,224.7,175.51,48.41,158.71,92.6,315.51,286.52,182.1698,125.58,153.06,131.25,59.81,263.08,86.25,105.73,253.92,116.86,22.966,138.14,213.6,172.22,463.68,214.47,36.54,45.79
2023-03-14,152.59,230.58,94.88,163.91,207.28,225.67,182.89,49.05,160.76,93.36,322.15,285.57,182.0472,124.65,153.92,134.62,60.03,265.9,85.65,106.97,260.79,119.0,24.063,139.85,216.99,171.76,464.58,218.66,36.88,46.0333
2023-03-15,152.99,234.9,96.2,159.81,198.21,217.26,182.91,49.06,153.8,93.1,312.19,287.97,177.4717,123.28,154.35,128.26,60.43,266.34,85.65,107.63,265.44,118.17,24.228,141.83,216.55,166.49,465.43,216.37,37.06,46.5467
2023-03-16,155.85,234.57,100.04,160.73,203.19,218.71,187.3,50.12,154.29,94.29,315.09,286.73,178.434,124.7,154.03,130.75,60.3,270.57,86.8417,107.34,276.2,120.65,25.541,142.89,220.35,172.21,472.02,217.45,36.58,46.0933
2023-03-17,155.0,229.79,98.95,156.52,201.05,215.01,184.85,50.19,152.34,93.2,303.54,288.39,174.1887,123.69,152.38,125.81,60.02,267.2,85.85,104.1,279.43,120.39,25.725,142.93,217.32,165.03,469.5,217.39,36.79,46.4667
2023-03-20,157.4,234.72,97.71,158.74,204.77,220.31,185.25,50.94,154.58,94.22,309.53,289.26,179.1321,125.94,153.89,127.14,60.6,270.74,86.925,105.85,272.23,121.2,25.9,145.13,219.55,168.71,476.96,218.15,37.43,46.9667
2023-03-21,159.28,232.95,100.61,164.56,204.7,224.92,188.68,50.67,159.31,96.54,317.28,289.43,180.3396,126.57,153.89,130.55,60.32,270.21,86.9083,105.54,273.78,125.61,26.199,144.08,220.8,171.75,480.1,221.95,37.74,46.8067
2023-03-22,157.83,229.83,98.7,162.75,196.16,219.95,186.51,49.46,156.07,94.9,313.67,282.61,176.566,124.05,151.05,127.18,60.05,267.87,84.6167,104.4,272.29,119.5,26.468,143.99,211.34,166.63,475.52,220.04,37.31,46.5067
2023-03-23,158.93,233.1,98.71,162.76,197.9,219.44,187.44,49.73,154.52,95.83,314.85,283.91,176.3396,123.37,151.13,126.84,59.92,269.62,84.1667,104.23,277.66,120.97,27.191,143.79,209.06,163.86,469.91,222.59,37.37,46.8833
2023-03-24,160.25,238.03,98.13,159.78,197.53,217.01,190.06,50.51,156.06,94.08,312.57,283.02,177.5094,125.29,152.65,124.91,60.9,271.33,84.2833,104.8,280.57,120.71,26.779,146.72,211.28,164.91,475.99,221.04,37.66,47.2667
2023-03-27,158.28,236.76,98.04,163.12,200.57,218.0,191.26,50.54,157.65,95.62,318.53,281.27,177.3491,129.31,153.3,128.49,61.35,273.84,84.575,106.93,276.38,117.81,26.531,145.95,213.93,166.35,481.9,221.81,38.05,48.0567
2023-03-28,157.65,238.48,97.24,159.21,204.96,220.16,192.3,50.39,159.49,94.82,318.44,280.82,177.283,129.34,151.82,128.88,61.42,275.85,84.7833,105.53,275.23,117.87,26.41,146.36,211.72,165.88,472.58,220.33,38.0,47.87
2023-03-29,160.77,241.03,100.25,163.59,207.97,223.0,196.64,51.17,160.86,96.87,320.72,283.36,178.3679,129.71,153.31,129.14,61.86,277.44,85.9917,104.92,280.51,120.49,26.984,146.81,215.32,169.86,466.59,223.3,38.48,48.0767
2023-03-30,162.36,241.5,102.0,162.41,211.04,224.54,196.6,51.43,162.39,98.1,321.14,285.36,178.4151,129.22,153.43,128.75,61.85,277.79,85.65,105.92,284.05,120.1,27.383,147.45,217.02,170.82,470.06,222.36,38.66,48.5567
2023-03-31,164.9,241.75,103.29,164.95,212.43,228.84,199.78,52.275,163.16,100.13,327.11,295.12,180.3019,131.09,155.0,130.31,62.03,279.61,87.5917,106.39,288.3,122.64,27.777,148.69,224.77,171.41,472.59,225.46,38.89,49.15
2023-04-03,166.17,244.44,102.41,163.78,215.39,229.87,196.49,52.31,169.95,99.76,326.52,297.73,182.3396,132.06,156.85,130.16,62.4,282.14,87.1417,108.87,287.23,121.67,27.965,149.51,226.64,172.29,494.19,229.0,39.22,49.5633
2023-04-04,165.63,247.53,103.95,162.56,213.9,217.45,197.2,51.82,169.04,99.57,322.65,294.96,180.1321,131.6,158.49,128.42,62.21,282.28,85.2083,108.83,287.18,123.69,27.453,150.23,223.24,168.63,493.25,227.66,39.65,49.0767
2023-04-05,163.76,253.37,101.1,161.08,210.0,213.53,195.31,51.82,169.88,99.91,321.53,288.67,178.7075,132.14,165.61,127.61,62.8,282.02,85.2417,111.91,284.34,120.9,26.881,151.26,222.83,170.31,509.23,228.17,40.11,49.89
2023-04-06,164.66,253.32,102.06,158.83,211.37,209.17,192.55,51.27,167.65,99.97,322.4,288.61,179.6793,130.5,165.15,127.47,62.84,282.89,84.6333,112.33,291.6,120.22,27.037,152.22,223.98,171.27,512.81,225.99,39.48,50.2667
2023-04-10,162.03,250.9,102.17,161.14,210.78,215.53,191.49,51.33,168.29,100.81,324.96,291.17,180.8302,131.03,164.32,127.89,62.69,283.78,85.6333,112.61,289.39,121.91,27.579,150.96,224.38,172.65,515.18,226.43,39.35,50.17
2023-04-11,160.8,251.43,99.92,161.83,212.32,220.6,188.89,50.62,169.22,100.42,327.37,293.77,181.3113,130.42,164.27,128.52,62.58,284.48,87.1333,112.49,282.83,123.3,27.169,150.66,226.28,173.55,520.97,228.45,39.45,50.0233
2023-04-12,160.1,249.5,97.83,159.29,212.34,220.5,190.32,50.11,169.82,97.94,330.24,290.44,182.2925,128.54,163.92,128.5,62.69,285.3,86.975,113.75,283.49,123.66,26.495,151.07,225.78,173.84,521.19,227.81,39.2,49.78
2023-04-13,165.56,251.44,102.4,162.3,213.59,221.67,194.02,50.8,172.09,100.84,332.13,292.15,184.8113,127.9,166.11,128.99,63.15,289.07,88.4583,115.58,289.84,126.43,26.463,151.77,227.45,173.2,526.23,232.69,39.32,49.83
2023-04-14,165.21,250.0,102.51,163.22,201.71,223.68,194.65,50.54,172.44,99.9,336.92,292.19,185.4245,128.14,165.84,138.73,63.05,288.98,88.1417,115.31,286.14,125.95,26.758,151.0,225.65,168.37,511.79,234.02,39.22,49.4933
2023-04-17,165.23,248.07,102.74,163.71,205.03,225.24,197.08,50.28,170.92,100.3,339.68,295.4,186.6604,127.82,165.67,139.83,63.46,289.31,88.9833,115.01,288.8,126.19,27.002,151.05,230.7,171.28,505.35,233.48,39.46,49.84
2023-04-18,166.47,246.09,102.3,164.4,208.37,225.2,198.5,50.31,170.52,100.93,333.91,298.95,185.783,127.78,161.01,141.4,63.56,290.91,88.5583,114.83,288.37,126.21,27.667,151.21,230.07,172.0,504.48,233.6,38.94,49.95
2023-04-19,167.63,246.21,104.3,164.95,208.71,224.65,198.92,48.04,170.68,98.75,336.89,296.91,186.6132,126.32,162.53,141.22,63.68,291.27,88.4,114.13,288.45,125.67,27.931,151.24,233.59,182.57,486.2,232.57,38.6,50.0033
2023-04-20,166.65,243.46,103.81,163.28,207.23,222.27,197.51,46.58,169.85,98.07,338.71,298.57,185.6132,126.36,163.58,140.81,63.96,291.0,87.275,114.17,286.11,124.45,27.104,150.85,233.77,179.26,487.46,234.6,37.19,50.3233
2023-04-21,165.02,243.86,106.96,163.78,205.15,220.27,199.03,47.03,169.12,99.57,341.66,300.04,184.9811,125.73,162.69,140.54,64.05,292.06,87.0667,115.37,285.76,125.53,27.119,156.07,233.64,179.5,483.82,234.05,37.32,50.5767
2023-04-24,165.33,244.45,106.21,160.59,205.77,223.43,194.92,47.39,171.48,99.68,343.96,301.64,185.6415,125.4,163.68,140.73,63.95,293.2,87.55,115.94,281.77,127.09,27.042,156.35,236.56,179.13,488.94,232.76,37.1,50.92
2023-04-25,163.77,244.87,102.57,156.12,202.19,218.63,190.67,47.09,168.99,98.01,339.48,296.33,184.8679,125.89,165.18,137.67,63.85,291.51,86.975,116.53,275.42,124.66,26.241,156.39,234.79,177.32,491.92,229.59,37.3,50.5233
2023-04-26,163.76,238.8,104.98,155.72,203.03,216.19,191.52,46.54,165.98,96.61,336.56,288.07,180.0943,125.85,162.62,135.23,63.55,289.76,85.7667,113.43,295.37,123.84,26.956,154.58,228.9,176.61,482.95,228.15,36.92,50.3033
2023-04-27,168.41,240.34,109.82,158.45,206.04,214.33,195.94,46.56,166.95,99.93,341.6,293.93,187.3679,126.97,163.0,137.05,63.68,294.72,87.775,115.16,304.83,125.7,27.226,156.47,232.69,180.25,490.47,229.01,38.79,50.46
2023-04-28,169.68,239.74,105.45,161.34,206.78,218.8,198.37,47.25,168.58,102.5,343.44,300.54,188.5283,126.41,163.7,138.24,64.15,295.75,88.5167,115.47,307.26,126.72,27.749,156.38,237.54,181.14,492.09,232.73,38.83,50.3233
2023-05-01,169.59,238.9,102.05,159.32,203.87,217.27,197.79,47.34,167.24,102.21,340.57,297.7,189.1321,126.09,163.6,141.2,64.3,297.58,88.2083,116.34,305.56,127.92,28.91,156.57,231.94,181.76,495.7,232.51,38.71,50.53
2023-05-02,168.54,235.97,103.63,153.25,203.25,215.15,193.84,46.36,160.04,100.6,333.37,294.28,187.0377,125.16,165.03,138.92,64.01,298.07,85.8167,117.89,305.41,127.26,28.21,156.43,231.88,180.53,493.39,226.98,37.67,50.3933
2023-05-03,167.45,229.31,103.65,152.21,200.93,215.64,192.61,45.96,156.83,100.86,328.65,293.08,186.7547,123.45,162.87,135.98,63.65,295.22,85.6917,118.22,304.4,126.74,27.802,156.23,231.52,179.15,489.44,225.98,37.98,50.2067
2023-05-04,165.79,231.89,104.0,148.81,197.05,210.38,192.38,45.7,156.22,97.45,321.26,285.75,185.1132,122.57,162.13,134.12,63.72,295.16,84.8667,117.37,305.41,123.67,27.562,155.51,227.34,179.14,487.28,225.6,37.35,50.1567
2023-05-05,173.57,236.53,105.655,152.65,198.34,215.09,197.59,46.25,160.21,100.52,327.02,289.62,187.1887,123.65,162.68,136.74,64.02,296.6,86.125,117.68,310.65,126.59,28.68,156.03,230.84,182.3,494.28,231.78,37.83,50.59
2023-05-08,173.5,234.62,105.83,153.04,197.26,214.79,197.9,46.34,159.58,102.97,326.51,287.93,185.8019,123.4,162.31,137.07,63.92,296.69,85.2833,118.38,308.65,126.88,29.151,155.3,230.93,182.57,492.62,232.23,37.83,50.9067
2023-05-09,171.77,234.43,106.62,153.38,201.88,213.49,201.18,46.47,159.12,102.18,324.77,290.58,185.9717,121.17,161.05,136.41,63.39,296.66,84.0,117.43,307.0,125.1,28.571,153.71,229.35,183.75,490.38,233.26,37.57,50.9933
2023-05-10,173.555,234.11,110.19,148.68,200.84,213.17,204.85,46.71,157.09,101.14,322.55,289.03,186.1698,122.02,161.65,136.48,63.5,296.57,84.0833,117.9,312.31,123.51,28.885,154.03,230.0,183.16,490.07,231.27,37.63,50.85
2023-05-11,173.75,232.29,112.18,147.99,201.84,210.03,203.47,46.37,156.22,92.31,320.72,287.69,183.0,120.9,160.99,136.05,63.86,294.79,83.9833,117.55,310.11,122.22,28.578,154.39,230.18,182.81,488.76,231.01,37.6,51.04
2023-05-12,172.57,232.95,110.26,147.93,200.7,209.54,201.81,46.71,156.62,91.99,319.5,290.47,182.6604,122.84,160.78,134.1,64.11,296.14,83.5583,117.14,308.97,120.21,28.34,155.96,227.43,182.09,491.23,231.38,37.59,51.0233
2023-05-15,172.07,233.53,111.2,150.0,202.77,211.29,203.33,47.1,157.2,92.86,322.07,288.54,183.3113,123.36,159.55,135.23,63.94,295.9,83.7417,116.37,309.46,119.83,28.953,156.01,226.6,182.81,486.86,232.81,36.77,50.6267
2023-05-16,172.07,227.88,113.4,148.41,200.87,207.2,204.56,46.92,153.51,90.98,320.81,282.33,180.7642,123.46,159.34,134.32,63.22,294.15,81.675,116.08,311.74,116.48,29.213,155.74,222.22,181.51,479.72,230.47,36.05,49.9267
2023-05-17,172.69,225.02,115.5,152.09,206.87,212.1,209.38,47.63,155.71,92.77,330.18,292.39,184.9245,125.71,158.99,138.45,63.15,293.46,83.4833,114.76,314.0,116.98,30.178,155.08,227.63,181.68,484.81,232.65,36.18,49.8433
2023-05-18,175.05,224.23,118.15,153.48,207.24,214.72,213.32,48.2,154.01,93.76,329.58,295.16,187.0283,126.15,158.48,139.5,62.8,294.05,83.0333,114.0,318.52,118.87,31.678,152.53,232.87,183.34,479.23,233.6,36.13,50.49
2023-05-19,175.16,223.42,116.25,152.95,205.49,214.78,210.36,49.13,155.23,91.35,326.15,290.88,186.1793,127.26,158.91,139.18,62.83,295.55,82.525,115.49,318.34,114.76,31.264,153.17,232.77,183.72,478.82,233.31,36.05,49.97
2023-05-22,174.2,223.99,115.01,155.51,205.91,214.26,210.26,48.82,152.44,91.82,324.92,290.66,185.783,127.5,156.87,138.03,61.51,289.35,84.7583,114.49,321.18,110.18,31.176,149.16,230.64,181.1,480.62,231.28,35.96,49.53
2023-05-23,171.56,224.44,114.99,152.56,202.6,212.71,206.64,48.91,156.85,89.82,323.57,294.94,183.934,128.18,156.81,136.59,61.4,286.37,83.9167,113.27,315.26,108.78,30.688,147.55,227.05,179.31,479.44,224.58,36.24,49.4367
2023-05-24,171.84,221.32,116.75,150.72,199.27,209.7,209.06,48.41,157.27,89.07,319.81,291.1,181.0,125.68,156.66,135.34,60.88,285.92,80.825,113.6,313.85,108.29,30.538,146.33,228.78,175.99,480.83,222.25,35.87,49.21
2023-05-25,172.99,217.46,115.0,151.08,200.87,209.98,209.91,49.03,154.56,88.14,323.88,286.75,181.3868,126.76,154.41,135.67,60.41,285.52,80.875,112.3,325.92,107.48,37.98,145.39,226.51,173.67,477.7,223.38,34.82,48.72
2023-05-26,175.43,216.93,120.11,157.24,203.63,211.8,215.44,49.86,154.08,88.29,332.01,292.83,182.783,128.89,154.35,136.94,60.26,286.04,80.7833,111.07,332.89,107.51,38.946,145.4,229.14,172.29,481.52,225.01,35.0,48.8067
2023-05-30,177.3,218.53,121.66,158.01,204.69,209.9,218.87,50.17,153.12,87.82,330.83,292.4,183.5377,129.48,154.37,137.46,59.78,284.92,80.05,109.17,331.21,106.52,40.111,143.18,228.44,173.29,479.85,221.64,34.9,48.6867
2023-05-31,177.25,220.65,120.58,158.56,205.7,205.75,223.38,49.67,150.62,87.96,323.9,283.45,180.7547,128.59,155.06,135.71,59.66,285.11,77.7583,110.41,328.39,105.26,37.834,142.5,227.78,169.24,487.24,221.03,35.63,48.9567
2023-06-01,180.09,214.27,122.77,162.72,207.96,209.07,212.9,49.74,152.16,88.59,316.4,288.39,182.8868,129.82,154.54,137.58,60.0,287.87,78.5667,110.93,332.58,103.63,39.77,143.96,234.89,171.3,493.63,226.5,35.72,49.1367
2023-06-02,180.95,218.07,124.25,168.56,213.32,226.63,213.03,50.02,156.26,90.77,323.65,295.94,187.5944,132.42,156.97,140.47,61.16,289.91,85.4417,112.52,335.4,107.78,39.327,146.52,240.83,175.13,499.58,228.79,34.58,49.6067
2023-06-05,179.58,221.88,125.3,167.43,208.78,222.47,209.86,50.21,155.51,91.0,321.81,293.1,186.0189,132.64,158.32,139.09,60.75,288.43,81.65,113.11,335.94,105.2,39.171,145.94,239.73,174.37,498.19,226.77,34.46,49.9333
2023-06-06,179.21,221.22,126.61,171.82,207.29,226.68,212.85,49.81,155.79,92.16,326.8,296.0,185.2264,132.69,158.18,139.34,60.31,284.54,81.9083,110.01,333.68,106.19,38.654,144.49,240.3,174.95,487.57,228.22,34.7,49.9267
2023-06-07,177.82,221.25,121.23,171.55,211.93,235.55,205.73,49.78,159.83,92.52,335.75,301.7,187.1604,134.38,158.52,140.69,60.22,281.9,84.1667,108.61,323.38,107.09,37.475,144.8,240.76,175.78,482.13,225.27,35.26,50.0
2023-06-08,180.57,220.76,124.25,171.14,218.11,234.45,209.53,49.68,159.24,92.53,335.47,301.09,186.934,134.41,160.26,140.73,60.37,285.78,83.9667,110.32,325.26,106.2,38.51,146.44,243.25,174.91,490.23,223.05,35.43,50.7233
2023-06-09,180.96,218.76,123.43,171.72,217.31,235.03,215.31,49.66,158.86,91.93,336.02,297.35,186.6887,135.3,160.01,141.01,60.47,286.79,83.25,110.71,326.79,105.86,38.77,146.56,240.76,175.6,493.62,223.56,35.47,51.03
2023-06-12,183.79,217.36,126.57,173.64,221.56,237.9,213.69,50.48,157.33,93.14,339.49,300.86,187.2642,136.42,159.9,141.0,60.21,288.57,84.3833,109.86,331.85,106.83,39.482,145.41,244.91,174.77,492.59,226.17,35.61,51.3667
2023-06-13,183.31,221.99,126.66,175.14,220.38,245.44,208.98,50.8,158.51,93.85,342.5,300.08,189.7264,137.6,160.74,142.02,60.45,288.55,85.6167,109.99,334.29,106.78,41.022,145.06,247.19,176.12,491.31,223.4,35.48,51.7667
2023-06-14,183.95,222.28,126.42,174.47,216.9,243.32,209.4,50.96,157.09,92.45,338.42,299.71,189.1698,137.2,161.56,141.49,60.86,288.44,84.9583,108.66,337.34,112.86,42.997,146.42,245.85,173.55,459.86,223.44,35.73,52.29
2023-06-15,186.01,228.44,127.11,173.81,219.41,247.67,211.92,51.93,158.28,92.94,339.74,302.02,192.1981,138.4,163.73,143.09,61.23,292.61,86.5083,109.4,348.1,112.41,42.653,148.45,249.47,175.97,465.89,226.17,36.44,52.5767
2023-06-16,184.92,229.66,125.49,172.21,219.99,245.27,211.76,52.07,157.26,91.32,338.31,300.38,191.4811,137.48,164.23,143.26,61.67,293.7,87.1167,109.32,342.33,113.59,42.692,149.54,247.89,176.75,458.49,228.91,36.46,51.8433
2023-06-20,185.01,228.59,125.78,169.41,212.37,241.15,216.97,51.55,153.68,89.75,330.72,301.41,189.0566,135.96,164.13,142.53,61.26,293.04,85.25,110.23,338.05,109.54,43.808,148.16,248.37,175.56,469.39,226.47,35.81,51.3867
2023-06-21,183.96,227.04,124.83,167.92,212.08,241.48,209.59,50.85,154.88,88.64,325.07,300.7,190.3774,133.69,163.88,142.32,61.43,294.52,84.5583,111.16,333.56,109.98,43.045,149.44,247.28,175.29,476.75,227.25,35.83,51.4867
2023-06-22,187.0,229.66,130.15,168.26,205.61,237.34,213.29,51.12,152.64,88.49,319.58,301.18,189.2925,131.17,165.62,139.58,61.85,293.3,83.6917,113.72,339.71,110.46,43.025,149.95,246.28,175.01,479.05,228.39,35.85,51.9167
2023-06-23,186.68,227.11,129.33,168.07,205.41,234.44,210.09,50.33,151.35,88.1,314.71,300.81,188.7642,129.43,165.48,138.85,61.2,289.91,83.9333,114.6,335.02,109.52,42.209,148.46,247.04,173.72,477.0,229.55,35.51,51.82
2023-06-26,185.27,224.73,127.33,167.11,205.58,236.95,207.36,50.21,154.01,88.7,312.36,307.89,191.1132,131.34,163.63,139.19,61.22,289.09,83.675,113.08,328.6,111.74,40.632,148.61,251.71,172.39,479.06,226.3,36.11,51.6833
2023-06-27,188.06,222.61,129.18,168.19,209.43,240.69,208.82,50.86,153.53,89.06,313.45,313.74,191.8302,132.34,163.29,139.2,61.09,291.3,81.8833,113.32,334.57,113.61,41.876,150.02,256.69,172.59,482.56,227.34,36.55,51.4967
2023-06-28,189.25,221.31,129.04,169.78,210.72,241.87,212.17,50.87,154.92,88.83,313.66,306.51,191.0377,131.76,162.96,138.59,60.52,291.74,82.1417,112.44,335.85,113.03,41.117,149.99,256.02,168.37,474.45,227.96,36.82,51.7767
2023-06-29,189.59,221.16,127.9,172.08,211.83,244.24,210.43,51.21,156.24,88.95,323.09,307.82,194.783,134.06,164.1,143.43,60.02,294.47,82.7,113.54,335.05,113.37,40.822,149.38,261.29,170.99,476.44,234.32,36.99,51.4267
2023-06-30,193.97,222.02,130.36,174.2,211.16,246.05,211.26,51.74,157.35,89.28,322.54,310.64,195.7547,133.81,165.52,145.44,60.22,298.41,83.4083,115.39,340.54,110.37,42.302,151.74,265.52,173.66,480.64,237.48,37.19,52.3933
2023-07-03,192.46,225.01,130.22,175.44,210.92,247.33,211.65,51.82,157.21,90.5,326.61,310.02,196.5094,133.67,163.35,146.61,60.58,294.84,84.2833,114.33,337.99,109.11,42.413,152.5,264.13,173.09,477.88,237.97,37.28,52.7333
2023-07-05,191.33,225.88,130.38,175.57,213.31,244.83,213.82,51.51,156.31,89.79,320.05,310.8,194.7453,134.24,162.81,144.64,61.03,296.9,82.1917,113.7,338.15,107.1,42.317,152.24,258.78,172.59,471.22,239.45,37.48,52.7033
2023-07-06,191.81,222.98,128.36,170.94,212.62,240.58,210.14,51.11,152.88,88.74,313.0,302.02,192.4623,132.16,161.6,143.21,60.56,294.92,80.2583,111.75,341.27,105.1,42.103,151.99,257.37,170.91,469.36,238.88,37.13,52.37
2023-07-07,190.68,218.65,129.78,169.8,212.1,245.18,209.59,50.99,154.22,88.64,315.17,302.81,191.7547,132.08,159.25,144.34,59.76,292.1,81.075,109.0,337.22,104.46,42.503,148.8,255.42,171.65,461.58,236.45,35.9,51.1633
2023-07-10,188.61,224.73,127.13,171.71,213.31,248.81,212.81,51.4,155.25,88.1,316.47,310.28,195.9811,132.9,159.51,145.15,59.31,294.49,80.9917,109.96,331.83,105.78,42.18,148.86,256.93,169.07,463.05,238.16,35.14,51.6267
2023-07-11,188.08,223.86,128.78,174.64,218.76,252.85,221.17,52.12,158.12,89.49,320.88,313.66,196.9151,134.44,158.63,147.42,59.52,294.74,84.9333,108.7,332.47,107.39,42.405,148.08,261.38,172.36,462.89,240.55,34.99,51.55
2023-07-12,189.77,225.68,130.8,174.33,217.11,253.6,227.28,50.74,159.64,90.15,326.4,317.52,196.717,132.84,158.08,148.15,59.84,295.61,84.6417,107.47,337.2,107.76,43.902,148.85,263.21,171.12,451.7,242.21,34.86,51.68
2023-07-13,190.54,227.66,134.3,174.24,216.85,255.86,230.37,51.53,157.51,90.47,328.68,314.6,196.8962,133.92,158.81,148.87,60.35,295.22,85.7167,106.32,342.66,107.84,45.977,148.95,266.3,168.22,447.75,243.31,34.64,51.3767
2023-07-14,190.69,227.43,134.68,173.39,213.12,255.62,229.33,50.38,153.58,88.62,326.19,316.5,194.4717,133.4,159.87,149.77,60.9,294.94,85.25,107.34,345.24,107.95,45.469,150.05,267.04,165.95,480.17,243.16,34.01,51.5533
2023-07-17,193.99,227.84,133.56,175.39,211.87,257.46,228.0,50.81,153.44,85.56,327.2,316.05,196.3868,134.24,159.07,153.38,60.81,294.68,84.75,105.57,345.73,108.71,46.461,148.99,267.83,168.59,484.08,243.99,31.46,51.6167
2023-07-18,193.73,232.57,132.83,178.04,211.57,263.81,227.63,51.24,153.75,85.95,337.27,316.76,193.6321,135.36,159.06,153.66,60.57,293.82,85.8417,105.95,359.49,109.72,47.494,149.27,267.69,171.02,500.0,240.77,32.27,51.5233
2023-07-19,195.1,232.05,135.36,177.12,208.6,262.75,234.37,52.43,154.69,87.04,340.55,319.48,193.5566,135.48,158.74,154.25,61.64,294.13,86.2333,105.95,355.08,109.88,47.077,150.29,268.01,170.56,503.7,241.42,33.97,51.54
2023-07-20,193.13,233.23,129.96,177.11,213.61,261.09,228.16,52.37,156.4,86.21,350.86,319.09,196.1887,138.38,168.38,156.15,62.39,297.13,86.9083,108.46,346.87,107.53,45.52,150.56,266.33,173.63,504.24,239.62,33.64,52.4933
2023-07-21,191.94,234.82,130.0,170.22,211.8,257.65,228.06,52.63,158.69,87.18,351.96,320.47,196.7925,138.94,170.19,154.95,62.44,295.61,86.9417,110.39,343.77,109.06,44.309,152.93,268.73,172.82,506.53,239.25,33.88,52.79
2023-07-24,192.75,235.42,128.8,167.79,215.87,259.37,225.66,53.11,161.82,86.6,358.93,325.11,197.4717,139.54,171.08,158.0,62.46,295.31,86.8917,108.79,345.11,108.77,44.612,153.42,268.02,174.84,508.68,240.74,33.98,53.1
2023-07-25,193.62,235.31,129.13,166.5,214.12,262.06,226.03,53.6,162.56,85.63,354.7,325.13,197.8113,140.33,172.39,156.82,62.25,292.36,91.525,107.53,350.98,108.3,45.679,153.78,275.96,172.12,510.93,238.69,34.24,53.0567
2023-07-26,194.5,235.21,128.15,167.75,232.8,258.32,225.58,53.22,161.34,85.86,357.56,329.59,196.4717,141.07,172.72,157.76,63.05,291.75,93.8667,107.14,337.77,109.3,45.452,153.94,280.9,174.16,508.0,237.1,34.34,53.2467
2023-07-27,193.22,236.05,128.25,163.6,233.75,258.3,225.15,53.0,159.66,85.36,354.51,329.71,185.2925,142.97,173.69,156.02,62.44,295.19,92.6583,105.27,330.72,107.67,45.9,152.11,277.06,174.87,505.23,234.44,33.55,53.0533
2023-07-28,195.83,236.37,132.21,165.43,238.69,260.43,225.6,52.09,158.87,86.13,353.23,331.37,184.1415,143.45,174.48,156.91,62.48,294.03,93.2333,106.34,338.37,108.62,46.75,156.41,280.12,173.26,502.91,235.75,34.03,53.3033
2023-07-31,196.45,234.15,133.68,168.88,238.85,265.17,225.01,52.04,163.66,88.89,355.87,333.84,183.1415,144.18,167.53,157.96,61.93,293.2,92.9167,106.65,335.92,110.39,46.729,156.3,276.5,172.61,506.37,237.73,34.08,53.2867
2023-08-01,195.605,232.12,131.69,169.65,238.01,288.65,224.27,52.66,162.3,89.03,357.72,332.07,182.5283,143.33,168.89,157.18,61.77,291.07,92.1333,105.28,336.34,109.4,46.507,156.25,280.2,172.31,504.74,239.78,33.43,53.0367
2023-08-02,192.58,230.41,128.21,166.75,231.38,287.57,220.5,52.58,159.73,86.3,351.1,328.5,181.9811,144.17,169.91,155.4,61.96,289.62,90.7583,105.7,327.5,107.51,44.269,156.59,277.68,171.1,504.8,237.56,33.32,53.0733
2023-08-03,191.17,230.7,128.91,166.41,231.36,281.45,215.56,53.15,159.67,85.49,353.16,329.85,179.7264,144.45,170.64,156.35,61.64,291.02,89.325,105.73,326.66,108.64,44.515,157.0,273.23,169.4,504.86,238.76,33.06,53.0867
2023-08-04,181.99,243.28,139.57,165.41,231.36,276.44,214.59,52.63,159.31,86.3,353.22,326.43,178.5,144.24,169.04,156.02,60.71,287.02,87.925,105.0,327.78,108.81,44.68,155.28,273.56,168.65,502.73,238.99,32.62,52.78
2023-08-07,178.85,252.94,142.22,166.96,238.25,281.65,216.06,53.01,159.89,86.83,355.56,329.17,178.8679,146.18,173.1,156.76,61.19,291.4,87.6917,106.09,330.11,110.48,45.4165,156.92,274.32,170.12,510.74,241.51,32.53,53.4967
2023-08-08,179.8,260.8,139.94,165.87,238.04,282.89,211.58,53.06,159.65,88.13,348.26,327.81,177.0283,145.91,173.18,155.88,60.92,289.58,86.7667,106.41,326.05,109.69,44.664,157.09,272.81,167.88,505.86,239.29,32.57,53.55
2023-08-09,178.19,259.32,137.85,163.82,237.86,284.53,205.86,52.99,159.86,87.49,342.69,328.21,178.5283,142.49,173.07,153.79,61.06,288.23,86.425,106.1,322.23,109.69,42.554,156.89,271.51,167.29,502.11,239.76,32.71,53.6367
2023-08-10,177.97,262.06,138.56,163.54,238.26,283.82,208.25,53.37,160.83,91.76,340.4,329.4,178.0566,143.25,172.17,153.56,60.92,287.6,86.5833,105.57,322.93,109.03,42.388,156.11,272.86,166.94,503.48,240.16,33.02,53.42
2023-08-11,177.79,262.51,138.41,165.27,235.72,285.22,208.7,53.79,164.15,89.02,340.73,331.11,179.8774,143.12,173.85,154.45,61.17,288.62,87.125,107.44,321.01,108.09,40.855,157.02,273.72,166.86,508.01,240.04,33.36,53.7333
2023-08-14,179.46,260.97,140.57,166.08,236.71,284.54,212.06,53.88,164.03,88.81,337.74,329.95,178.783,141.91,173.44,154.77,60.88,288.81,86.1833,108.91,324.04,107.64,43.753,155.79,276.63,166.27,510.93,242.9,33.56,53.3333
2023-08-15,177.45,266.01,137.67,161.91,232.26,277.37,208.78,53.35,159.24,87.06,332.21,332.14,177.1698,141.87,172.94,150.83,60.47,288.3,84.2833,108.66,321.86,106.55,43.94,154.79,275.26,163.48,506.69,239.83,33.26,53.06
2023-08-16,176.57,265.02,135.07,160.76,229.95,274.51,206.99,52.96,158.63,86.35,329.11,333.03,175.934,140.64,172.39,150.19,60.48,285.4,83.9917,108.73,320.4,106.53,43.486,153.21,273.07,165.37,503.56,239.29,33.27,53.0867
2023-08-17,174.0,263.85,133.98,160.58,224.54,275.17,203.84,54.73,159.75,85.92,327.52,327.28,175.4528,140.66,174.01,148.63,60.61,281.86,84.8333,108.92,316.88,105.05,43.3435,152.11,268.03,163.41,493.96,237.37,33.06,51.8967
2023-08-18,174.49,261.82,133.22,160.23,226.65,273.8,204.83,55.04,160.9,85.96,324.93,327.37,176.0189,141.41,172.49,148.97,60.95,281.74,83.3417,109.2,316.48,104.81,43.299,152.54,270.15,162.47,498.44,238.17,33.18,52.6433
2023-08-21,175.84,260.7,134.68,160.88,227.22,272.75,209.03,55.44,160.36,85.88,322.06,324.06,176.3679,142.28,167.35,149.48,60.43,280.04,82.6583,109.64,321.88,102.86,46.967,151.77,270.38,161.6,497.68,239.46,33.0,52.5033
2023-08-22,177.23,257.62,134.25,159.08,230.07,270.2,206.76,55.46,159.04,85.79,318.79,324.48,175.4811,141.49,166.02,146.38,60.06,280.31,82.0917,107.23,322.46,101.46,45.668,151.83,270.41,159.94,492.34,240.57,33.2,52.3367
2023-08-23,181.12,257.36,135.52,159.44,228.58,273.03,209.13,55.98,159.25,85.83,322.33,326.09,176.4906,143.41,164.53,147.37,60.27,281.87,83.0417,111.3,327.0,98.75,47.116,153.25,272.05,160.93,489.44,242.3,33.19,52.7
2023-08-24,176.38,256.62,131.84,157.79,217.31,269.3,205.51,55.24,157.94,82.47,319.96,322.59,174.6793,143.55,165.09,147.23,60.11,282.35,82.0833,109.45,319.97,97.63,47.163,152.54,269.23,161.84,488.1,239.47,33.38,52.2967
2023-08-25,178.61,256.38,133.26,158.32,223.41,272.56,209.47,55.7,159.12,83.36,320.15,322.86,175.7547,145.35,166.25,147.05,60.39,284.58,82.4583,110.21,322.98,98.84,46.018,153.54,264.63,161.64,489.12,242.57,33.35,52.6067
2023-08-28,180.19,256.55,133.14,159.19,227.06,274.79,211.72,56.2,160.21,84.16,325.97,325.91,177.2453,146.02,164.29,147.56,60.56,283.68,86.7667,108.93,323.7,99.63,46.835,153.78,266.36,160.83,491.28,243.83,33.55,52.9067
2023-08-29,184.12,259.64,134.91,160.24,227.25,280.03,211.96,56.56,159.96,84.4,332.55,329.38,178.7925,146.45,164.31,148.76,60.5,283.59,87.975,109.99,328.41,101.77,48.784,153.87,270.46,161.28,492.83,245.34,34.69,53.35
2023-08-30,187.65,257.88,135.07,160.17,228.85,282.33,215.04,56.81,160.18,84.28,328.58,330.63,177.8868,146.86,163.73,148.16,60.47,284.24,87.0417,110.21,328.79,102.1,49.264,154.04,270.12,161.32,491.53,246.23,34.64,53.7333
2023-08-31,187.87,256.34,138.01,157.99,224.03,281.13,221.46,57.35,161.1,83.68,327.71,330.3,177.3019,146.83,161.68,146.33,59.83,281.15,88.8917,108.98,327.76,101.71,49.355,154.34,271.72,161.23,476.58,245.68,34.98,54.2033
2023-09-01,189.46,256.71,138.12,159.62,223.4,286.25,221.53,57.84,164.3,81.64,327.4,333.08,177.7264,147.94,160.48,146.82,59.31,280.94,89.125,109.84,328.66,102.36,48.509,154.51,274.82,162.3,476.24,248.11,34.86,53.8567
2023-09-05,189.7,254.01,137.27,160.0,222.57,281.63,218.69,57.26,166.46,81.19,323.75,327.78,175.1887,148.13,160.68,145.2,58.82,279.16,89.0417,107.51,333.55,100.32,48.548,152.44,269.59,160.39,480.81,245.34,34.3,53.4233
2023-09-06,182.91,249.01,135.36,158.0,217.95,282.9,221.62,57.16,166.63,80.98,321.13,326.0,174.066,148.06,158.01,144.96,58.78,275.44,88.6417,106.49,332.88,100.18,47.061,152.14,269.07,160.61,476.94,246.16,34.18,53.8233
2023-09-07,177.56,254.39,137.85,156.78,216.05,281.43,222.53,56.79,166.64,80.57,321.96,328.42,173.6981,147.52,160.03,143.72,58.33,278.33,88.2917,107.94,329.91,97.93,46.241,153.59,271.16,160.67,484.81,247.14,33.81,54.49
2023-09-08,178.18,259.43,138.23,157.43,211.27,282.28,224.76,56.67,167.21,81.58,325.52,328.71,174.0755,147.68,160.56,143.83,58.33,279.22,88.5333,109.05,334.27,97.67,45.572,152.93,271.45,159.89,480.77,247.29,33.45,54.59
2023-09-11,179.36,261.72,143.1,157.83,211.01,282.05,225.31,56.84,163.76,82.52,324.65,328.37,175.6698,148.38,162.66,144.46,58.88,279.76,89.9083,108.6,337.94,96.79,45.178,154.75,273.65,161.13,479.38,247.22,33.94,54.78
2023-09-12,176.3,260.31,141.23,158.5,210.65,281.81,221.66,56.39,166.81,83.68,330.9,326.28,178.5,146.3,163.58,146.34,58.3,280.71,89.3,109.02,331.77,96.3,44.87,152.03,268.73,162.77,479.9,247.3,34.04,54.84
2023-09-13,174.21,257.23,144.85,159.14,208.4,275.92,218.8,56.28,166.2,83.48,334.98,325.88,180.7453,146.55,163.99,146.41,58.44,281.77,84.2083,107.81,336.06,96.13,45.485,153.09,268.46,163.13,479.84,247.83,33.86,54.8533
2023-09-14,175.74,262.3,144.72,161.78,209.05,282.56,218.78,56.37,167.23,84.48,344.57,329.63,182.6038,147.35,163.74,149.25,58.46,284.76,85.2667,108.24,338.7,97.19,45.581,154.77,268.07,165.96,483.6,241.5,34.04,55.0833
2023-09-15,175.01,260.72,140.39,163.75,208.11,279.15,214.61,56.04,166.5,85.58,342.54,321.4,182.1132,145.99,161.45,148.81,57.94,278.23,84.2167,107.52,330.22,96.26,43.9,153.47,261.63,164.8,486.7,241.07,33.79,54.88
2023-09-18,177.97,263.15,139.98,159.63,205.12,280.94,215.0,56.11,167.22,85.02,343.32,317.26,183.4528,145.09,162.47,149.12,58.3,277.72,84.2,107.82,329.06,95.51,43.966,154.05,259.95,166.85,486.06,244.66,33.53,54.4733
2023-09-19,179.07,264.31,137.63,159.35,204.48,279.67,215.7,55.84,167.2,81.94,341.89,314.61,184.2925,146.52,162.2,148.93,58.18,278.13,83.525,107.36,328.65,94.62,43.52,153.6,261.42,167.19,480.66,243.56,33.4,54.46
2023-09-20,175.49,271.46,135.29,157.23,202.37,278.61,213.03,55.5,166.69,82.56,336.7,310.86,183.434,149.83,162.91,148.3,58.44,277.2,82.4917,107.31,320.77,94.04,42.239,153.47,259.81,168.94,492.13,241.86,33.6,54.6367
2023-09-21,173.93,269.41,129.33,154.71,199.95,272.03,208.61,53.34,165.19,82.73,330.24,306.76,180.5943,147.38,161.66,147.14,57.54,271.22,81.2417,106.73,319.53,91.59,41.017,152.14,254.38,168.61,501.14,236.61,33.29,53.9733
2023-09-22,174.79,267.7,129.12,153.08,197.71,273.06,206.43,53.57,166.28,81.25,327.89,305.73,179.0377,146.91,160.5,145.73,57.6,272.22,80.8667,106.34,317.01,90.85,41.61,151.58,254.67,167.84,506.1,235.08,33.28,54.1167
2023-09-25,176.08,266.86,131.27,153.23,198.78,274.27,206.34,53.48,168.71,81.01,328.84,306.49,181.0,146.48,160.26,146.45,57.0,269.78,78.9917,105.84,317.54,90.6,42.222,150.66,256.21,167.84,510.28,233.36,33.16,54.3567
2023-09-26,171.96,269.04,125.98,151.12,195.64,269.52,202.49,52.71,167.8,80.05,323.82,302.54,177.2547,143.24,159.02,144.93,56.53,267.72,78.2333,105.39,312.14,90.17,41.911,149.32,253.87,167.96,505.45,229.65,32.99,54.1667
2023-09-27,170.43,268.98,125.98,149.9,195.46,272.71,202.73,53.2,171.04,79.9,321.95,301.82,177.2453,143.17,157.11,145.78,55.95,263.64,77.8833,103.94,312.79,89.42,42.468,147.34,250.62,167.92,503.73,229.5,32.4,53.9067
2023-09-28,170.69,270.82,125.98,150.23,190.43,276.24,203.2,53.88,170.59,80.13,325.2,303.49,176.5189,141.58,156.88,147.59,55.81,265.59,77.7167,104.3,313.64,89.63,43.089,146.34,256.21,167.62,510.1,231.66,32.55,54.18
2023-09-29,171.21,268.76,127.12,149.19,191.68,273.0,202.78,53.76,168.62,81.05,323.57,302.16,174.283,140.3,155.75,145.02,55.98,263.44,78.0167,102.95,315.75,95.62,43.499,145.86,255.05,163.31,504.19,230.01,32.41,53.31
2023-10-02,173.75,266.31,129.46,149.48,187.83,271.72,203.71,54.39,166.54,81.67,318.5,299.83,172.2736,140.8,155.15,143.77,55.48,257.75,75.1833,102.55,321.8,94.56,44.782,145.19,252.65,162.27,514.57,231.27,31.76,53.3667
2023-10-03,172.4,261.01,124.72,145.05,188.92,268.97,199.83,53.65,166.93,79.54,306.12,291.94,170.8868,140.39,155.34,142.71,54.88,254.49,73.9917,101.77,313.39,95.09,43.517,145.49,248.77,160.92,509.47,228.81,31.98,53.03
2023-10-04,173.66,265.44,127.0,146.63,186.73,265.03,201.87,53.45,163.04,79.32,308.6,292.39,172.1698,141.07,155.52,143.35,55.04,255.81,73.35,102.17,318.955,95.89,44.041,145.97,256.46,162.5,510.62,231.22,31.54,53.6667
2023-10-05,174.91,265.08,125.96,147.09,186.29,260.8,202.01,53.07,163.9,80.81,310.5,291.7,169.8302,141.52,157.14,142.9,52.38,252.23,73.1917,103.6,319.36,95.79,44.688,143.8,253.72,163.88,516.23,233.48,31.82,53.0267
2023-10-06,177.49,267.47,127.96,149.32,187.38,266.04,207.36,53.45,162.23,82.94,312.48,292.82,174.2076,142.03,157.64,145.1,53.14,248.22,73.6667,103.88,327.26,97.11,45.762,144.09,254.85,162.95,524.81,235.04,30.85,52.1367
2023-10-09,178.99,271.54,128.26,148.82,188.49,271.3,207.22,53.92,166.72,84.7,312.61,295.36,175.9623,142.2,158.54,144.77,52.88,249.92,74.2083,104.5,329.82,96.88,45.273,143.36,251.82,163.26,526.51,234.44,31.45,51.9467
2023-10-10,178.39,271.25,129.48,150.93,193.53,273.21,206.88,53.87,166.54,84.99,314.77,299.22,175.7925,142.11,158.36,145.65,54.03,251.52,75.5333,103.61,328.39,97.62,45.798,144.78,253.2,162.23,524.24,236.6,31.76,52.5333
2023-10-11,179.8,283.6,131.83,151.51,196.07,272.83,206.85,53.66,161.1,84.85,313.02,298.05,176.7925,143.23,156.18,146.15,53.71,250.92,75.325,103.46,332.42,98.65,46.806,143.0,255.54,162.41,524.13,235.68,31.46,52.7433
2023-10-12,180.71,285.04,132.33,151.28,191.3,269.61,205.68,53.85,161.23,84.35,309.85,293.02,173.5283,141.24,156.33,145.81,52.81,246.19,74.1833,103.59,331.16,99.25,46.945,143.32,249.07,160.73,525.54,236.78,30.91,52.9833
2023-10-13,178.85,284.1,129.79,151.1,184.91,267.94,204.59,53.77,164.06,84.35,309.3,291.92,173.1698,138.46,156.85,148.0,52.89,248.31,73.9,104.01,327.73,99.91,45.461,144.69,246.94,164.21,539.4,237.67,30.67,53.2767
2023-10-16,178.72,286.88,132.55,152.79,184.93,270.79,208.53,54.16,165.4,85.71,314.39,297.33,175.6887,139.21,157.53,147.85,53.43,249.94,74.95,104.14,332.64,102.04,46.095,146.07,252.37,167.65,538.03,240.07,31.25,53.7367
2023-10-17,177.15,284.42,131.47,154.39,185.6,272.65,209.84,53.94,167.59,86.2,309.36,295.94,175.7736,140.32,156.09,147.53,54.07,251.14,75.4583,104.17,332.06,103.01,43.938,146.26,252.84,169.36,536.65,241.2,31.51,53.8067
2023-10-18,175.84,283.58,128.13,151.53,185.69,259.22,204.83,53.77,168.92,84.68,301.96,290.24,173.0849,139.97,152.73,145.91,54.05,256.03,73.6667,101.99,330.11,103.77,42.196,150.03,242.29,168.11,536.06,237.47,31.05,53.8467
2023-10-19,175.46,280.6,128.4,149.62,182.79,252.89,208.32,53.32,169.1,83.25,299.19,286.77,171.9528,138.01,152.32,145.29,54.35,258.38,72.55,100.43,331.32,103.05,42.101,148.25,238.89,163.94,531.63,233.81,31.58,53.59
2023-10-20,172.88,278.81,125.17,141.57,180.04,249.2,203.73,52.93,166.83,82.65,300.05,286.41,171.0566,137.16,153.0,142.95,54.57,258.11,72.125,102.67,326.67,102.67,41.387,148.05,237.7,161.59,527.03,233.38,31.57,52.92
2023-10-23,173.0,273.06,126.56,144.59,181.03,247.32,202.0,52.2,160.68,83.1,299.22,285.07,170.3019,136.38,151.39,141.0,54.08,254.75,71.3333,103.35,329.32,102.81,42.975,148.15,238.64,159.19,521.57,231.53,31.39,53.67
2023-10-24,173.44,276.12,128.56,144.42,182.36,249.55,204.22,53.01,156.65,82.56,299.18,283.31,171.1887,137.79,151.23,141.17,55.64,257.27,75.1,103.03,330.53,105.18,43.663,149.9,234.98,157.92,525.0,234.65,34.3,54.4167
2023-10-25,171.1,272.16,121.39,143.52,177.73,244.94,197.06,52.4,155.87,80.59,296.76,280.93,168.0094,137.08,151.57,140.4,56.12,258.03,74.4917,103.63,340.67,103.54,41.779,150.6,238.61,164.73,530.21,236.85,33.69,54.2533
2023-10-26,166.89,269.71,119.57,143.34,179.09,242.43,196.25,51.37,154.75,79.78,296.99,278.0,166.0943,143.76,149.0,140.76,55.78,255.83,73.875,105.55,327.89,100.02,40.326,149.8,237.71,164.46,528.36,231.28,34.47,53.9233
2023-10-27,168.22,261.57,127.74,141.31,179.69,238.56,196.57,51.56,144.35,79.33,289.91,276.46,166.9811,142.52,145.6,135.69,55.24,255.76,72.9333,102.82,329.81,97.98,40.5,147.16,236.03,160.68,524.66,229.27,33.44,53.7233
2023-10-30,170.29,263.19,132.71,143.27,182.35,242.16,199.27,51.57,146.09,80.68,300.83,281.48,169.5755,142.63,147.03,137.42,56.15,260.15,74.6,102.68,337.31,101.8,41.161,149.26,235.42,165.51,529.99,233.08,34.62,54.34
2023-10-31,170.77,255.7,133.09,146.03,186.82,226.05,200.83,52.13,145.73,81.59,303.61,284.69,172.8868,144.64,148.34,139.06,56.49,262.17,75.7917,102.7,338.11,102.77,40.78,150.03,238.21,167.44,535.56,235.1,35.13,54.47
2023-11-01,173.97,260.84,137.0,146.45,189.38,231.83,203.91,52.19,143.98,81.07,307.16,286.63,173.5755,145.4,148.69,138.94,56.44,261.97,75.4667,102.85,346.07,100.88,42.325,149.61,238.91,169.28,531.6,238.58,35.4,54.9567
2023-11-02,177.57,266.59,138.07,150.85,192.01,239.12,208.11,52.75,148.76,83.29,313.76,294.53,175.8774,147.01,150.24,141.42,57.09,266.85,76.925,102.85,348.32,105.08,43.506,151.44,245.32,168.95,536.13,243.25,35.9,55.1733
2023-11-03,176.65,269.86,138.6,152.76,195.05,240.75,207.47,53.01,147.61,85.07,327.62,295.61,178.2925,147.9,151.34,143.0,56.74,267.87,78.2167,103.38,352.8,107.06,45.005,150.07,250.91,168.41,530.9,243.6,36.02,54.8867
2023-11-06,179.23,272.83,139.74,152.99,192.95,238.28,207.42,53.29,147.0,84.02,323.91,294.57,176.8868,148.97,151.7,144.08,56.97,268.91,77.9333,104.34,356.53,107.25,45.751,150.94,250.5,169.55,533.46,243.49,35.64,54.96
2023-11-07,181.82,271.11,142.71,152.98,191.41,234.92,211.84,53.13,144.41,84.59,323.95,294.77,176.0472,148.83,150.9,144.01,57.18,268.67,77.625,104.0,360.53,109.36,45.955,150.59,251.99,169.99,537.83,244.77,35.94,55.2167
2023-11-08,182.89,273.26,142.08,153.01,191.83,234.82,211.47,53.0,142.4,84.5,324.56,295.92,174.1698,148.03,150.35,144.72,57.09,267.49,76.9333,104.4,363.2,109.39,46.574,150.01,256.09,168.56,536.73,243.91,35.77,54.7667
2023-11-09,182.41,264.06,140.6,152.37,193.33,234.15,210.01,52.0,141.94,90.34,320.78,287.87,173.283,146.62,147.42,144.29,56.66,266.91,76.4167,102.38,360.69,107.0,46.95,150.35,252.4,168.59,539.0,241.64,35.62,54.64
2023-11-10,186.4,267.31,143.56,154.38,196.65,239.68,213.63,52.59,142.95,88.27,325.51,291.59,176.1415,149.02,147.25,146.43,56.72,267.79,77.3417,101.39,369.67,106.11,48.335,151.41,255.75,169.96,541.21,245.25,35.71,55.3967
2023-11-13,184.8,266.69,142.59,154.34,204.54,241.67,215.28,52.23,144.0,89.44,326.91,288.07,175.9528,148.1,147.63,145.78,56.93,269.2,77.2417,102.47,366.68,104.2,48.62,152.46,253.89,171.0,542.57,244.67,35.82,55.8933
2023-11-14,187.44,270.02,145.8,156.91,207.47,247.86,221.18,53.17,145.05,91.07,338.72,303.63,179.4717,150.41,147.66,148.44,57.1,271.49,79.1417,102.17,370.27,105.75,49.656,152.12,266.34,168.7,540.46,246.94,35.88,55.8833
2023-11-15,188.01,273.03,143.2,159.43,208.71,251.09,219.42,53.28,145.56,93.93,337.6,308.19,178.8208,152.58,148.8,149.74,57.21,270.39,80.6833,101.35,369.67,107.82,48.888,151.42,264.79,169.54,538.41,248.11,36.0,56.5933
2023-11-16,189.71,269.0,142.83,159.05,206.6,248.21,221.45,48.04,141.77,94.51,336.67,306.44,179.9151,153.06,150.1,151.45,57.15,276.12,79.7583,101.99,376.17,107.61,49.48,152.83,269.3,171.69,539.82,248.57,36.18,52.0133
2023-11-17,189.69,265.39,145.18,162.56,208.04,253.07,221.22,47.755,144.46,94.15,339.19,307.27,180.3868,152.89,149.79,152.82,57.26,275.75,79.45,101.75,369.85,105.96,49.298,151.07,270.28,171.82,536.29,249.56,36.23,51.7833
2023-11-20,191.45,265.35,146.13,163.85,217.71,250.45,225.13,48.27,144.38,95.03,339.45,308.19,180.9434,154.35,149.91,153.29,57.4,279.03,79.15,102.68,377.44,106.32,50.409,150.27,273.04,172.1,535.1,249.97,36.73,51.7667
2023-11-21,190.64,262.82,143.9,162.29,218.27,249.41,224.32,47.8,144.04,94.45,334.97,305.34,180.4151,153.91,151.12,152.97,58.03,280.47,78.325,102.21,373.07,106.55,49.944,149.61,273.54,175.06,539.59,252.23,37.25,51.9533
2023-11-22,191.31,264.59,146.71,163.79,219.91,246.01,223.84,48.08,144.33,95.07,338.64,309.2,181.4245,155.13,150.82,153.33,58.42,281.93,79.475,101.68,377.85,107.92,48.716,151.02,274.65,176.08,543.76,253.72,37.35,51.5567
2023-11-24,189.97,265.46,146.74,164.42,220.0,247.36,224.38,48.36,144.9,96.06,339.15,310.7,182.4623,155.18,152.5,153.54,58.57,282.54,79.9583,101.87,377.43,107.64,47.776,151.38,275.83,177.54,547.1,254.3,37.41,52.02
2023-11-27,189.79,264.27,147.73,164.04,219.3,247.39,224.79,47.93,144.36,95.17,337.71,310.92,182.0472,155.57,151.28,153.19,58.46,281.84,80.8917,101.43,378.61,107.96,48.242,151.24,275.38,178.61,543.59,254.14,37.35,52.2567
2023-11-28,190.4,265.52,147.03,165.66,222.37,247.5,224.92,47.85,145.51,92.5,337.65,313.34,183.2736,155.65,151.63,153.54,58.58,282.09,82.0917,100.18,382.7,108.75,47.821,152.29,273.45,176.84,540.53,252.94,37.47,52.88
2023-11-29,189.37,266.6,146.32,167.43,224.43,249.45,230.35,48.05,143.91,92.5,340.26,311.02,183.2642,156.41,152.11,154.32,58.23,280.38,82.0583,101.13,378.85,110.37,48.14,151.13,273.72,177.44,534.98,254.23,37.76,52.0267
2023-11-30,189.95,269.64,146.09,170.77,231.63,250.72,251.9,48.38,143.6,92.69,341.54,313.49,184.8302,158.56,154.66,156.08,58.44,281.84,82.5583,102.48,378.91,110.27,46.77,153.52,278.8,180.62,552.97,256.68,38.33,51.8967
2023-12-01,191.24,272.45,147.03,173.76,233.87,256.76,260.0,48.47,144.81,92.58,348.43,319.62,186.5849,160.55,158.38,156.84,58.64,285.96,83.2083,103.46,374.51,113.48,46.765,152.66,282.33,181.98,547.16,256.45,38.58,51.4467
2023-12-04,189.43,272.54,144.84,173.25,234.87,254.75,250.66,48.05,144.87,92.01,349.39,324.02,187.1321,161.1,158.88,157.99,58.57,286.13,86.2,105.06,369.14,115.15,45.51,152.06,281.46,183.19,548.28,254.44,38.04,51.4333
2023-12-05,193.42,270.87,146.88,170.68,234.16,255.19,251.02,47.93,142.86,90.79,341.75,323.5,185.8019,161.39,158.55,157.97,58.66,286.54,84.7417,106.23,372.52,115.41,46.566,146.76,283.0,183.66,550.26,254.61,38.42,51.91
2023-12-06,192.32,269.35,144.52,167.51,236.89,255.97,249.13,47.7,142.53,91.5,341.97,326.11,186.5943,160.28,156.62,156.31,58.6,286.86,85.6583,105.63,368.8,116.11,45.503,146.65,286.71,183.13,549.53,254.29,38.5,51.3467
2023-12-07,194.27,271.31,146.88,168.62,237.33,257.41,248.85,48.26,142.42,92.35,344.62,326.17,186.5943,160.22,155.4,156.79,58.74,286.79,86.0667,103.88,370.95,114.81,46.596,146.5,291.58,181.91,548.27,255.82,38.65,50.82
2023-12-08,195.71,269.12,147.42,168.43,244.7,259.5,250.81,48.38,144.31,92.82,350.83,326.47,183.5943,161.96,154.42,158.52,58.61,285.53,86.1417,103.75,374.23,115.91,47.506,145.15,289.82,181.26,549.77,255.74,38.25,50.2867
2023-12-11,193.18,272.14,145.89,168.39,248.08,260.92,252.1,49.39,144.35,92.2,351.76,331.33,189.0472,163.51,155.06,159.1,59.04,289.15,85.9667,104.37,371.3,118.61,46.627,145.82,291.63,182.35,543.68,256.52,37.67,50.4133
2023-12-12,194.71,273.99,147.48,171.04,248.63,261.43,256.45,49.33,142.5,91.07,352.61,333.2,190.1038,164.71,155.07,160.52,59.42,291.42,85.4667,104.36,374.38,119.64,47.657,145.94,294.82,183.66,545.72,259.56,37.3,50.4533
2023-12-13,197.96,281.62,148.84,174.56,250.91,267.97,257.32,49.69,144.61,92.83,362.73,343.4,191.5849,163.62,155.79,161.06,59.93,295.93,86.825,107.11,374.37,121.17,48.088,148.58,303.39,185.22,549.01,262.38,36.99,51.35
2023-12-14,198.11,276.32,147.42,178.86,256.24,285.17,257.21,49.44,149.93,93.94,383.47,351.81,191.8962,162.91,156.87,163.99,59.04,290.02,89.2,105.88,365.93,121.02,48.35,144.66,306.77,182.77,534.24,258.73,37.87,50.7233
2023-12-15,197.57,275.45,149.97,180.51,264.27,285.74,261.6,49.87,149.35,93.46,380.51,354.0,191.8868,162.23,155.16,165.23,58.6,287.27,89.15,105.11,370.73,121.55,48.89,143.96,309.77,182.81,531.12,258.03,37.37,50.9133
2023-12-18,195.89,275.48,154.07,182.76,260.41,285.71,263.59,50.24,149.68,92.86,376.4,350.81,193.4906,162.74,155.44,166.23,59.02,290.23,88.225,106.04,372.65,121.14,50.077,146.17,308.37,183.41,526.55,258.37,37.67,51.6567
2023-12-19,196.94,278.44,153.79,185.75,263.51,292.96,264.34,50.18,151.64,93.93,382.45,352.07,193.0189,161.56,156.46,168.45,58.83,290.73,88.5417,106.49,373.26,122.64,49.604,146.17,307.21,186.18,524.04,259.99,37.57,51.8433
2023-12-20,194.83,275.18,152.12,180.65,260.25,289.71,260.25,49.8,150.25,91.27,377.52,348.66,191.4151,160.05,153.27,166.55,57.61,288.99,86.3917,105.36,370.62,121.43,48.111,143.91,304.21,183.84,515.93,257.11,37.3,51.2367
2023-12-21,194.68,279.33,153.84,184.79,262.02,290.07,267.25,49.7,150.71,92.02,380.57,348.97,193.4434,160.78,154.84,167.5,57.99,291.39,87.9667,106.39,373.54,122.53,48.99,144.26,306.93,185.57,519.88,259.54,37.43,51.6
2023-12-22,193.6,284.16,153.42,185.57,260.44,290.36,266.34,50.09,151.05,91.02,380.65,348.59,194.0,162.14,155.46,167.4,58.32,291.7,88.6083,107.7,374.58,108.04,48.83,145.28,311.27,185.8,520.31,258.43,37.49,52.2167
2023-12-26,193.05,283.9,153.41,185.96,262.79,295.63,266.22,50.28,152.41,90.95,381.61,349.31,196.2642,163.21,156.14,168.39,58.56,292.86,90.0917,107.63,374.66,108.02,49.279,145.94,312.67,187.09,520.03,259.16,37.48,52.1367
2023-12-27,193.15,286.53,153.34,187.06,262.1,298.12,266.72,50.44,151.91,90.38,384.48,348.53,197.1887,163.46,156.35,169.4,58.71,294.55,90.6167,107.98,374.07,107.13,49.417,146.06,313.27,188.62,522.79,258.93,37.31,52.6267
2023-12-28,193.58,288.46,153.38,187.8,260.35,296.88,265.58,50.48,149.77,90.4,386.41,347.36,197.3302,163.75,156.58,170.3,58.75,295.84,91.4083,108.77,375.28,108.82,49.522,145.73,312.84,189.33,524.9,260.4,37.49,52.5233
2023-12-29,192.53,288.02,151.94,187.34,260.66,295.67,263.14,50.52,149.16,90.29,385.77,346.55,197.8396,163.55,156.74,170.1,58.93,296.51,91.1,109.02,376.04,108.57,49.522,146.54,311.9,190.49,526.47,260.35,37.7,52.55
2024-01-02,185.64,297.39,149.93,188.31,251.76,292.71,256.13,50.51,149.48,90.71,388.3,345.08,197.1698,161.5,159.97,172.08,59.82,297.04,91.6667,113.24,370.87,106.55,48.168,148.74,304.91,191.42,539.34,258.87,38.88,53.0967
2024-01-03,184.25,300.69,148.47,186.32,243.91,284.3,251.84,50.51,152.33,91.65,381.79,338.26,192.9528,160.1,160.97,171.33,59.96,294.39,89.825,114.77,370.6,104.04,47.569,147.84,296.77,191.3,542.03,257.98,39.16,53.1
2024-01-04,181.91,303.17,144.57,187.14,244.94,286.1,251.24,50.08,150.66,90.56,382.95,338.59,193.3019,160.86,160.63,171.41,59.76,291.74,90.1417,117.01,367.94,102.3,47.998,148.65,295.77,192.54,545.42,259.61,39.37,52.5867
2024-01-05,181.18,303.0,145.24,189.06,249.0,288.93,251.12,50.09,150.4,90.9,386.44,342.94,192.0094,159.16,161.13,172.27,59.67,288.99,90.4917,117.22,367.75,102.08,49.097,147.42,296.68,193.07,537.38,259.69,40.2,52.2367
2024-01-08,185.56,310.88,149.1,189.21,229.0,292.25,260.87,50.46,149.5,91.55,388.86,347.93,191.1887,161.14,161.53,172.02,60.11,291.9,90.7167,117.38,374.69,103.62,52.253,148.69,299.47,192.31,536.52,262.54,40.1,52.75
2024-01-09,185.14,307.26,151.37,186.77,225.76,292.29,261.34,49.91,145.7,89.67,383.74,346.19,190.217,160.08,161.63,170.66,60.0,290.87,90.9167,118.43,375.79,102.74,53.14,149.3,297.51,192.2,538.37,263.33,39.04,53.1033
2024-01-10,186.19,304.57,153.73,184.97,227.84,293.35,264.13,50.24,144.5,89.29,381.96,356.8,190.9434,161.23,161.87,171.02,60.2,294.09,90.25,118.86,382.77,103.77,54.35,149.94,298.4,193.09,537.64,264.56,39.08,53.7633
2024-01-11,185.59,303.1,155.18,185.03,222.66,292.06,271.38,50.44,145.28,89.45,379.75,356.53,190.2547,162.16,161.15,170.3,59.81,294.15,90.7667,118.43,384.63,105.9,54.822,150.51,297.42,194.87,539.68,264.03,37.9,53.7033
2024-01-12,185.92,306.51,154.62,182.04,217.7,290.41,271.93,50.34,147.27,90.35,377.75,355.71,189.717,165.8,162.39,169.05,60.39,293.47,90.1,118.63,388.47,105.06,54.71,150.6,302.51,195.56,521.51,264.17,38.56,53.7733
2024-01-16,183.63,303.48,153.16,180.97,200.52,287.23,269.19,50.59,143.69,93.05,380.45,358.43,186.5755,166.96,160.52,167.99,59.99,291.09,89.7,118.49,390.27,101.72,56.382,149.79,300.08,196.71,519.15,265.24,39.29,53.9433
2024-01-17,182.68,304.08,151.71,181.0,203.06,278.63,271.44,50.3,143.12,90.34,377.18,355.7,186.7453,166.08,160.43,167.09,59.99,291.16,88.4,118.13,389.47,100.82,56.053,149.94,300.88,197.5,524.94,266.63,38.87,53.69
2024-01-18,188.63,304.49,153.5,179.79,211.61,281.9,274.46,50.75,141.82,92.21,376.91,357.9,188.8019,166.84,161.21,167.42,60.16,294.36,88.7,118.54,393.87,100.94,57.107,148.14,306.37,198.35,516.34,268.14,38.94,54.4133
2024-01-19,191.56,307.81,155.34,183.17,215.02,285.28,280.88,51.27,142.24,93.06,382.2,362.41,189.4151,171.48,161.68,170.31,59.83,300.53,89.8,118.89,398.67,101.78,59.491,147.57,304.02,211.67,503.56,270.9,39.33,54.1267
2024-01-22,193.89,310.16,154.78,185.01,214.93,288.67,280.3,51.57,142.49,95.08,385.96,356.69,189.6604,172.83,162.47,170.11,59.57,298.41,90.0167,119.43,396.51,100.56,59.654,147.86,307.48,213.86,512.99,271.2,39.58,54.13
2024-01-23,195.18,309.91,156.02,185.47,211.5,288.83,276.77,51.76,142.09,93.77,380.77,350.78,191.4528,173.94,159.81,168.99,59.85,300.05,80.0833,119.84,398.9,101.9,59.873,153.98,305.46,210.98,515.52,271.26,42.23,54.2667
2024-01-24,194.5,305.5,156.87,185.82,214.13,290.68,276.88,51.31,144.92,93.5,379.4,347.27,188.5566,173.93,158.96,170.5,58.91,300.44,77.7,118.88,402.56,100.76,61.362,152.12,301.06,210.98,513.23,271.65,41.28,53.5
2024-01-25,194.17,310.26,157.75,188.07,201.88,300.77,279.03,52.33,148.57,94.86,382.7,350.97,191.0943,190.43,159.56,172.94,59.16,297.21,79.9833,120.13,404.87,100.77,61.617,155.62,303.91,211.52,493.4,272.61,42.29,54.28
2024-01-26,192.42,311.77,159.12,201.43,205.47,299.43,279.94,52.14,149.14,95.36,377.79,355.3,190.3774,187.42,159.5,172.28,59.37,292.26,79.9917,120.82,403.93,102.75,61.031,156.14,301.85,211.43,503.2,267.94,42.4,54.7567
2024-01-29,191.73,313.45,161.26,200.86,205.19,303.25,287.86,52.29,149.08,97.49,380.56,355.7,191.5566,187.14,159.36,172.73,59.73,292.31,80.3167,121.28,409.72,103.88,62.465,156.16,308.09,211.12,504.54,273.66,42.05,55.0133
2024-01-30,188.04,314.62,159.0,204.15,200.44,304.76,287.73,52.24,150.12,96.94,386.87,357.1,194.2453,187.87,158.77,176.27,59.9,294.65,79.7917,121.66,408.59,104.18,62.774,157.49,307.63,213.54,503.61,277.15,42.47,55.1967
2024-01-31,184.4,314.26,155.2,200.74,211.04,300.31,281.09,50.18,147.43,96.05,384.01,352.96,190.8113,183.66,158.9,174.36,59.49,292.72,78.625,120.78,397.58,101.53,61.527,157.14,304.38,211.36,511.74,273.26,42.35,55.0833
2024-02-01,186.86,324.56,159.28,203.22,209.81,307.69,283.8,50.18,147.89,97.06,383.85,360.07,186.1415,186.9,158.36,173.73,60.98,298.08,79.925,126.38,403.78,101.76,63.027,159.18,309.08,212.02,507.14,277.05,42.49,56.1033
2024-02-02,185.85,323.19,171.81,206.41,209.38,315.09,285.66,50.18,152.24,97.13,387.86,357.23,185.0094,185.79,156.61,174.73,60.54,297.05,79.0583,126.41,411.22,100.71,66.16,158.09,309.99,214.82,510.23,277.18,42.13,56.5233
2024-02-05,187.68,321.97,170.31,205.94,206.63,321.4,288.11,49.51,152.33,96.65,383.02,355.14,182.0849,183.42,155.8,174.5,60.04,285.97,77.275,126.18,405.65,99.68,69.332,158.21,304.49,213.08,502.96,275.58,41.38,56.22
2024-02-06,189.3,316.07,169.15,205.65,208.58,322.72,285.83,49.98,152.35,99.29,384.99,356.25,182.6793,183.41,158.06,175.1,59.94,284.65,78.1333,126.88,405.49,102.61,68.223,158.96,307.88,213.01,510.67,276.76,41.1,56.6033
2024-02-07,189.41,295.87,170.53,209.08,211.92,323.59,288.84,49.77,152.13,99.14,386.66,362.69,183.1132,183.74,157.98,175.43,59.99,287.33,78.2,127.47,414.05,103.79,70.099,159.12,309.86,214.22,519.39,279.39,40.42,56.46
2024-02-08,188.32,294.85,169.84,211.21,209.22,322.0,291.95,49.95,154.06,110.54,385.04,363.72,182.5094,184.36,156.4,174.8,59.83,291.93,77.6667,126.61,414.11,103.77,69.641,158.64,312.15,213.81,520.09,275.78,39.91,56.4567
2024-02-09,188.85,291.12,174.45,212.47,209.2,317.16,291.3,50.13,151.04,108.39,384.26,363.15,183.8113,186.34,156.76,175.01,59.56,289.47,77.4167,125.45,420.55,104.5,72.133,157.42,311.74,214.5,518.22,276.43,39.72,56.4267
2024-02-12,187.15,294.43,172.34,212.26,209.33,321.63,287.32,49.99,152.08,109.29,392.64,365.45,186.1793,186.16,157.85,175.79,59.7,289.44,78.8583,125.34,415.26,107.18,72.248,157.11,310.42,214.69,517.64,275.07,40.1,56.7667
2024-02-13,185.04,290.48,168.64,209.67,204.46,312.84,281.15,49.64,150.6,110.46,378.75,357.59,183.0283,183.7,156.47,174.26,59.35,287.11,77.2167,125.43,406.32,105.0,72.128,156.27,307.21,215.95,516.85,275.81,40.13,56.38
2024-02-14,184.15,290.07,170.98,210.9,203.38,316.71,289.15,50.28,151.01,111.56,378.04,358.23,183.8396,183.57,155.74,176.03,59.29,288.17,77.0167,125.82,409.49,106.33,73.9,155.63,311.03,216.62,516.94,277.56,40.15,56.2
2024-02-15,183.86,289.07,169.8,212.53,205.33,323.07,291.94,49.06,154.46,112.45,385.42,361.08,186.7453,186.87,157.92,179.87,59.4,291.86,76.9833,126.54,406.56,106.05,72.658,157.01,312.51,219.02,520.88,280.98,40.59,56.43
2024-02-16,182.31,283.7,169.51,212.56,203.89,321.91,289.72,48.44,154.63,111.6,384.44,362.35,186.0094,187.64,156.55,179.03,59.39,292.02,76.0417,127.79,404.06,103.51,72.613,157.51,309.08,217.53,521.55,278.56,40.49,56.7867
2024-02-20,181.56,283.51,167.08,212.49,203.37,313.74,286.39,48.28,154.0,109.44,384.52,362.57,187.6793,183.44,157.86,179.73,60.7,292.65,76.5167,127.37,402.79,103.3,69.452,158.51,311.26,220.1,521.06,275.15,40.5,58.62
2024-02-21,182.32,283.46,168.59,210.89,201.57,317.14,283.55,48.48,155.44,107.67,388.27,364.13,188.2358,179.7,158.68,180.9,61.24,293.91,76.425,128.12,402.18,105.27,67.472,160.4,314.29,219.48,521.97,276.76,41.1,57.9
2024-02-22,184.37,285.18,174.58,213.99,201.5,322.09,293.65,48.57,155.43,107.64,390.47,371.34,189.4434,184.21,160.45,183.07,61.15,295.92,76.8583,129.26,411.65,105.08,78.538,160.56,320.62,222.3,526.5,283.75,40.73,58.47
2024-02-23,182.52,289.18,174.99,214.56,200.83,323.88,292.8,48.86,154.66,107.74,391.05,371.96,189.2736,185.72,161.84,183.99,61.2,297.75,77.15,129.45,410.34,105.63,78.817,161.03,322.03,220.96,527.24,283.6,40.66,58.52
2024-02-26,181.16,286.37,174.73,216.96,200.54,325.38,300.39,48.4,154.45,107.68,390.22,371.6,187.9151,184.13,160.79,183.36,60.71,297.12,76.5167,128.84,407.54,104.54,79.092,160.22,322.51,220.08,525.32,284.15,39.69,59.6
2024-02-27,182.63,278.49,173.54,217.98,201.4,327.63,299.5,48.31,152.16,109.42,390.81,375.56,186.9623,184.87,160.98,183.45,60.34,293.76,76.9167,129.03,407.48,105.15,78.701,159.3,327.72,221.88,513.42,283.17,39.93,59.59
2024-02-28,181.42,277.46,173.16,218.03,207.0,329.56,299.77,48.06,152.34,110.8,393.18,377.61,186.3868,185.3,161.55,184.38,60.4,295.19,76.2167,128.19,407.72,104.35,77.663,160.05,329.68,220.42,498.28,285.63,40.1,59.62
2024-02-29,180.75,273.83,176.76,219.42,203.72,333.96,308.82,48.37,152.01,111.58,389.05,380.61,187.4811,185.03,161.38,186.06,60.02,292.28,76.7667,127.15,413.64,103.93,79.112,158.94,332.03,220.96,493.6,282.64,40.02,58.61
2024-03-01,179.66,280.33,178.22,219.66,200.0,336.7,316.88,48.4,152.81,111.95,388.1,384.45,187.4245,188.2,162.12,185.29,59.53,290.73,76.55,126.96,415.5,101.88,82.279,158.85,335.23,218.82,489.53,283.16,40.2,58.76
2024-03-04,175.1,279.39,177.58,218.91,200.54,338.65,314.64,49.13,148.88,113.69,392.25,380.37,187.9623,193.06,159.84,186.68,59.81,290.94,76.2,124.05,414.92,99.54,85.237,159.56,337.1,219.07,481.87,280.53,40.31,59.3
2024-03-05,170.12,276.65,174.12,217.2,201.14,333.53,298.75,48.95,149.59,112.87,390.91,378.45,186.1793,191.95,159.97,188.55,59.52,292.54,77.2417,122.83,402.65,98.31,85.964,159.32,333.28,219.13,473.15,279.38,40.35,60.04
2024-03-06,169.12,276.59,173.51,218.45,201.0,335.63,303.77,49.17,148.33,110.06,389.57,377.44,189.1509,196.16,159.34,189.53,59.55,292.93,77.1,123.75,402.09,97.63,88.7,159.57,336.49,220.62,472.6,280.43,39.93,60.57
2024-03-07,169.0,272.86,176.82,223.42,203.03,340.22,302.42,48.9,149.37,110.18,388.43,376.55,191.1415,196.54,158.87,187.87,59.44,291.11,77.1833,123.99,409.14,98.19,92.669,160.62,344.66,219.4,478.78,278.26,39.53,60.36
2024-03-08,170.73,273.75,175.35,223.37,198.49,339.19,305.28,49.5,149.88,110.32,386.99,373.35,189.3868,195.95,159.52,188.22,59.52,292.55,78.25,123.5,406.22,99.16,87.528,160.35,340.69,218.45,476.57,280.04,39.51,60.12
2024-03-11,172.75,275.36,171.96,220.19,192.49,334.97,306.0,50.22,152.0,112.31,386.16,371.52,188.9528,191.73,161.23,188.29,60.24,294.82,78.375,122.77,404.52,101.08,85.774,161.55,340.39,219.02,489.15,280.56,40.13,60.66
2024-03-12,173.23,276.54,175.39,222.65,184.24,337.24,306.62,50.07,151.89,112.46,388.18,374.54,187.8585,197.78,162.74,189.84,60.5,294.31,82.2667,122.66,415.28,100.18,91.913,161.93,342.7,220.46,489.35,283.92,40.13,61.41
2024-03-13,171.13,275.99,176.555,222.81,182.35,341.52,304.68,50.11,153.89,112.5,392.31,378.99,188.4245,196.7,161.1,191.38,61.12,282.86,86.725,122.16,415.1,101.36,90.888,162.3,336.81,223.49,488.0,285.14,40.26,61.28
2024-03-14,173.0,271.54,178.75,220.47,181.15,341.92,303.32,49.79,155.7,112.06,388.61,375.27,185.2359,193.43,159.21,187.97,60.5,281.73,85.9333,120.51,425.22,100.26,87.944,161.5,334.92,221.42,489.0,286.41,39.77,61.02
2024-03-15,172.62,268.87,174.42,218.46,182.53,346.97,294.33,48.93,155.55,111.95,387.21,373.23,186.5,191.07,158.18,190.3,59.88,279.14,87.5,121.52,416.42,99.64,87.8365,161.38,334.66,220.93,490.82,283.04,39.49,60.68
2024-03-18,173.72,270.9,174.48,220.97,179.84,351.9,300.51,49.27,155.41,113.85,384.37,371.91,185.6226,191.69,156.76,192.66,60.13,278.58,87.3333,121.44,417.32,98.74,88.455,161.21,335.27,221.92,487.05,285.05,39.93,60.86
2024-03-19,176.08,271.73,175.9,221.69,181.14,353.9,301.45,49.14,156.62,114.51,388.66,379.41,187.7736,193.34,156.21,193.79,60.23,282.87,87.7667,122.2,421.41,99.96,89.398,161.83,336.58,223.63,493.32,287.35,39.97,60.87
2024-03-20,178.67,273.05,178.15,227.91,187.78,356.45,306.08,49.55,154.55,116.46,396.47,384.41,189.7925,193.96,155.76,196.33,60.75,284.45,90.0917,123.85,425.23,100.27,90.372,161.99,341.05,224.99,494.23,289.28,40.12,61.25
2024-03-21,171.37,276.95,178.15,229.12,187.7,364.56,308.39,49.88,154.86,116.7,413.71,395.2,189.9811,191.9,155.75,199.06,60.47,283.53,89.8917,123.62,429.37,100.82,91.435,161.86,347.23,226.13,491.69,290.37,40.54,61.45
2024-03-22,172.28,276.17,178.87,225.96,188.85,358.11,307.77,49.78,154.66,115.87,406.82,390.28,189.3679,190.84,155.23,196.62,60.49,282.63,88.9833,123.85,428.74,93.86,94.289,161.66,342.87,224.45,490.07,283.26,40.37,60.87
2024-03-25,170.85,280.82,179.71,226.03,191.41,355.95,306.06,49.68,156.47,119.36,404.94,383.51,187.2453,188.79,155.22,194.82,60.4,278.62,87.3667,125.31,422.86,93.75,95.002,160.19,342.0,225.53,485.88,281.21,40.87,60.57
2024-03-26,169.71,281.77,178.3,224.46,187.5,356.39,305.83,49.55,155.27,119.93,406.18,379.93,189.6226,188.5,155.77,195.73,60.54,278.62,85.525,125.52,421.65,92.58,92.561,160.55,342.0,225.33,492.31,280.6,40.85,60.51
2024-03-27,173.31,286.3,179.83,227.75,191.95,364.65,301.38,49.77,156.35,120.98,415.25,385.89,193.5189,190.8,157.96,199.52,61.03,282.02,87.1583,131.75,421.43,94.13,90.25,162.61,346.89,228.83,493.1,279.02,41.54,60.72
2024-03-28,171.48,284.32,180.38,227.69,192.99,366.43,301.18,49.91,157.74,122.36,417.69,383.6,193.6321,190.96,158.19,200.3,61.18,281.95,88.3917,131.95,420.72,93.98,90.356,162.25,347.33,230.14,494.7,279.08,41.96,60.17
2024-04-01,170.03,283.04,180.97,227.61,189.5,363.74,302.26,50.04,159.08,121.53,413.51,368.03,190.5755,189.83,157.78,198.94,60.68,280.22,94.02,130.99,424.57,92.56,90.363,160.58,338.16,228.16,489.7,278.28,42.28,60.0
2024-04-02,168.84,276.21,180.69,225.53,188.04,364.83,304.0,49.36,159.78,122.82,410.15,363.0,188.8962,188.88,157.73,198.86,60.15,277.74,92.84,130.35,421.44,90.95,89.452,160.57,333.96,227.85,458.14,278.44,42.54,59.16
2024-04-03,169.65,274.42,182.41,226.63,184.92,375.79,304.74,48.74,160.44,118.98,414.0,359.9,186.7642,190.9,154.26,198.3,59.83,275.54,93.19,129.9,420.45,90.33,88.964,156.15,334.29,229.06,459.74,276.96,42.84,59.43
2024-04-04,168.82,268.09,180.0,219.59,183.29,369.79,294.14,48.11,160.69,117.09,406.25,357.68,184.9528,187.94,152.5,195.65,59.3,270.09,90.54,127.66,417.88,89.07,85.905,155.45,329.86,228.5,455.38,274.0,42.45,59.5
2024-04-05,169.58,269.95,185.07,222.46,183.14,379.3,301.91,48.55,161.6,118.38,408.07,357.87,185.9906,189.14,152.39,197.45,59.51,266.69,91.03,127.99,425.52,88.84,88.008,156.1,331.85,230.89,455.74,277.14,42.12,59.85
2024-04-08,168.45,269.2,185.19,224.11,181.56,373.47,301.73,48.24,161.27,117.35,410.54,362.05,186.566,189.82,151.59,198.48,59.27,267.56,91.93,126.56,424.59,90.0,87.133,156.04,332.3,230.59,456.0,277.76,41.73,59.78
2024-04-09,169.67,270.36,185.67,219.84,178.12,371.9,302.37,50.01,162.0,117.97,410.71,361.42,187.1793,189.31,152.29,197.15,59.72,269.44,92.61,126.71,426.28,91.0,85.354,156.66,334.55,223.84,459.72,276.72,40.84,59.79
2024-04-10,167.78,266.45,185.95,217.65,174.63,372.07,299.62,49.21,162.67,117.19,400.76,350.56,184.5755,186.04,150.2,195.47,58.92,268.67,92.63,126.75,423.26,89.0,87.039,157.24,321.16,224.38,450.05,274.48,40.52,60.62
2024-04-11,175.04,270.0,189.05,218.2,173.36,371.98,299.15,49.53,161.89,117.15,397.48,347.37,185.7264,185.9,148.79,195.43,59.05,268.62,93.18,126.15,427.93,92.0,90.616,155.84,319.92,220.4,441.72,275.68,40.16,60.09
2024-04-12,176.55,267.28,186.13,218.2,169.55,365.63,294.32,48.49,158.96,114.01,389.49,342.87,185.0566,182.27,147.52,182.79,58.28,267.39,91.31,125.74,421.9,92.0,88.186,155.33,318.25,221.1,439.2,275.96,39.72,60.14
2024-04-15,172.69,265.51,183.62,218.4,167.82,363.91,272.9,48.24,157.59,112.95,400.88,337.93,183.0566,181.25,147.59,182.89,58.14,266.23,91.3,126.19,413.64,93.1,86.001,155.45,313.97,221.06,445.63,271.28,40.11,59.93
2024-04-16,169.38,265.64,183.32,218.34,170.55,359.88,277.41,47.92,156.28,113.88,396.86,334.83,179.9245,183.75,144.45,180.8,58.06,265.43,91.05,125.06,414.58,93.39,87.415,155.95,308.38,223.12,468.89,271.35,39.77,59.84
2024-04-17,168.0,264.07,181.28,217.67,170.21,358.32,276.32,47.79,156.4,112.94,403.91,332.83,179.5849,183.1,144.77,180.08,58.51,269.95,90.96,125.37,411.84,94.84,84.035,156.96,310.16,206.58,478.99,272.69,39.78,59.65
2024-04-18,167.04,262.75,179.22,217.5,170.23,357.93,271.92,48.11,157.57,112.43,403.11,332.89,180.2642,181.47,145.74,181.25,58.91,270.98,91.48,125.23,404.27,95.74,84.671,157.29,309.38,210.42,493.18,271.37,40.13,59.26
2024-04-19,165.0,268.93,174.63,231.04,169.82,354.66,270.37,48.32,160.0,112.61,404.0,335.36,183.2642,181.58,147.91,185.8,60.17,271.99,92.27,125.78,399.12,94.53,76.2,158.14,305.96,214.07,501.13,269.78,40.49,59.53
2024-04-22,165.84,271.91,177.23,233.0,170.48,357.61,273.81,48.14,161.92,111.99,417.35,336.11,184.5094,181.9,149.12,189.41,60.55,275.58,92.62,126.94,400.96,94.19,79.518,160.54,309.26,214.27,491.23,272.33,38.6,60.14
2024-04-23,166.9,273.54,179.54,238.96,169.18,363.25,276.68,48.32,162.85,113.71,424.0,339.0,185.0566,182.19,149.56,192.14,60.64,276.88,93.0,126.88,407.57,94.02,82.423,161.5,302.36,214.32,486.18,274.11,39.7,59.09
2024-04-24,169.02,273.01,176.59,239.12,164.33,363.52,276.19,48.35,163.57,113.92,423.04,333.01,183.7642,184.1,148.53,193.08,61.55,276.75,92.02,127.0,409.06,94.64,79.677,162.6,303.73,213.43,487.3,275.02,39.49,59.87
2024-04-25,169.89,269.38,173.67,237.1,166.81,338.0,273.14,48.1,165.28,112.77,420.05,331.98,182.0944,168.91,146.82,193.37,61.74,275.6,91.41,130.72,399.04,93.94,82.632,162.55,304.81,213.99,493.86,275.16,39.22,60.21
2024-04-26,169.3,269.98,179.62,235.64,167.22,343.38,274.29,47.86,165.89,112.73,427.57,335.09,182.5,167.13,146.14,193.49,61.74,273.09,91.83,131.2,406.32,94.12,87.735,161.29,306.45,213.45,495.35,274.52,39.68,60.16
2024-04-29,173.5,276.38,180.96,238.92,173.49,349.8,275.74,47.78,166.33,112.08,430.81,336.8,182.8019,167.43,146.82,193.28,62.04,273.55,92.16,130.12,402.25,94.06,87.757,161.66,306.09,212.9,489.03,271.84,40.09,60.24
2024-04-30,170.33,273.94,175.0,234.03,167.84,334.57,268.94,46.98,161.27,111.1,426.71,334.22,181.8208,166.2,144.59,191.74,61.77,273.04,96.51,129.22,389.33,92.26,86.402,163.2,299.61,212.16,483.7,268.61,39.49,59.35
2024-05-01,169.3,277.37,179.0,231.46,171.46,331.07,268.69,46.84,159.63,110.48,426.95,331.97,184.2453,164.43,151.18,191.86,61.93,274.43,98.44,128.8,394.94,90.34,83.041,163.4,303.34,213.15,484.11,267.32,39.2,58.85
2024-05-02,173.03,278.39,184.72,232.5,178.85,335.44,272.13,46.79,160.73,112.62,432.57,335.53,182.6793,164.69,149.92,191.66,61.99,273.28,96.81,128.26,397.84,92.41,85.817,163.84,304.46,214.37,492.97,267.61,38.93,59.71
2024-05-03,183.38,311.29,186.21,230.77,179.79,336.75,273.66,47.12,160.25,113.66,438.18,342.85,184.7264,165.71,149.27,190.51,62.17,270.32,97.15,127.51,406.66,92.15,88.789,164.46,311.3,213.85,492.45,268.49,38.89,59.82
2024-05-06,181.71,299.48,188.7,234.33,178.35,342.1,275.63,47.11,162.3,116.47,443.67,342.29,183.9623,168.61,148.58,192.0,62.35,269.3,96.59,127.57,413.54,93.36,92.14,164.44,314.99,215.91,494.38,272.67,39.33,59.87
2024-05-07,182.4,300.3,188.76,234.66,176.71,345.0,277.18,47.28,162.67,105.39,443.8,340.69,185.7076,168.38,148.72,191.75,62.62,267.5,95.54,130.38,409.34,93.78,90.554,165.76,318.75,216.97,500.96,276.46,39.31,60.62
2024-05-08,182.74,307.31,188.0,236.24,180.35,344.5,278.97,48.0,162.54,105.44,446.95,338.83,186.8396,169.9,148.95,195.65,62.85,268.49,96.35,129.55,410.54,93.59,90.412,165.07,319.0,217.34,503.21,277.19,39.48,60.3
2024-05-09,184.57,312.86,189.5,239.14,181.25,351.78,275.17,47.79,165.45,105.8,455.56,347.44,189.2736,166.27,149.85,197.5,62.88,267.95,97.33,130.23,412.32,93.39,88.747,166.04,320.45,219.42,507.03,278.54,39.79,60.44
2024-05-10,183.05,310.15,187.48,242.3,178.51,354.79,276.67,48.06,165.82,105.79,454.73,346.43,191.434,167.15,149.91,198.77,63.26,275.0,98.93,130.06,414.74,90.94,89.878,166.85,320.86,218.5,512.81,280.74,40.4,60.48
2024-05-13,186.28,308.45,186.57,238.65,178.44,356.68,277.52,48.68,164.53,105.83,453.56,340.96,192.2642,167.56,151.22,198.73,63.58,271.32,99.63,129.29,413.72,92.72,90.399,165.87,315.87,216.58,511.74,279.39,40.54,60.41
2024-05-14,187.43,311.41,187.07,241.53,180.76,358.18,276.8,48.95,163.61,105.35,458.47,340.5,191.7076,167.36,151.38,201.51,63.1,270.66,100.08,128.66,416.56,92.79,91.356,165.76,314.05,217.59,513.88,277.74,40.49,59.86
2024-05-15,189.72,319.04,185.99,241.7,176.99,360.04,287.54,49.67,163.05,102.77,466.09,348.67,193.4528,168.26,152.67,202.11,63.13,273.87,101.24,131.73,423.08,91.67,94.63,166.51,316.37,214.35,517.55,281.5,40.49,59.83
2024-05-16,189.84,314.72,183.63,241.32,182.96,350.72,284.68,48.34,161.09,103.37,464.52,342.73,194.9245,168.97,154.28,202.47,63.32,273.51,104.86,130.88,420.99,91.77,94.359,167.86,314.02,219.22,521.27,279.84,40.25,64.01
2024-05-17,189.87,312.47,184.7,242.82,184.95,356.27,285.61,48.17,162.67,103.25,467.72,344.21,194.3113,169.03,154.64,204.79,63.03,272.38,105.26,131.19,420.21,92.18,92.479,167.64,312.4,219.71,524.63,280.1,40.06,64.65
2024-05-20,191.04,314.54,183.54,242.3,186.61,362.75,287.07,47.13,161.14,102.9,462.94,337.82,193.0377,169.92,151.27,195.58,62.57,267.87,105.21,130.99,425.34,91.77,94.78,167.31,309.42,215.6,517.23,278.54,40.12,64.18
2024-05-21,192.35,314.85,183.15,243.08,184.78,359.07,283.76,46.94,159.97,103.01,470.41,336.15,191.9906,173.47,151.24,199.52,62.91,265.87,103.14,130.76,429.04,92.82,95.386,168.35,309.96,216.25,523.55,275.95,39.62,65.15
2024-05-22,190.9,309.41,183.13,240.09,186.28,355.94,283.82,47.43,157.57,103.02,462.38,330.59,191.3208,173.69,153.5,198.31,63.0,265.77,101.49,131.1,430.52,92.5,94.95,167.81,307.22,216.54,521.35,275.58,39.79,65.25
2024-05-23,186.88,306.5,181.05,235.46,172.21,350.7,278.57,46.6,156.94,100.66,458.15,326.89,188.1038,170.67,149.7,196.92,62.09,257.93,99.51,131.09,427.0,91.4,103.799,165.49,303.09,212.24,516.83,274.23,39.43,64.84
2024-05-24,189.98,305.84,180.75,238.18,174.52,348.9,272.29,46.42,157.75,101.76,461.18,325.1,188.3868,170.89,146.97,200.71,62.0,258.11,99.67,129.49,430.16,91.75,106.469,165.33,304.84,213.33,508.17,274.49,39.74,65.38
2024-05-28,189.99,300.19,182.15,237.25,175.08,346.47,269.83,46.28,159.04,102.44,459.81,328.7,187.9057,169.66,144.38,199.5,61.82,253.54,98.68,126.09,430.32,92.0,113.901,163.11,301.73,210.37,503.68,270.98,39.36,65.04
2024-05-29,190.29,296.37,182.02,235.94,171.65,338.11,271.62,46.08,156.9,100.88,457.17,325.91,185.9151,167.05,144.44,198.11,61.7,249.37,97.56,125.9,429.17,91.67,114.825,161.65,297.43,210.07,484.72,268.86,39.1,64.92
2024-05-30,191.29,301.0,179.32,237.22,172.75,339.25,218.01,46.12,158.26,101.7,450.23,329.18,189.5377,165.63,145.28,199.33,61.97,252.07,98.2,124.53,414.67,93.45,110.5,162.58,302.05,212.49,481.65,271.3,40.33,64.89
2024-05-31,192.25,305.85,176.44,240.0,177.61,338.52,234.44,46.5,162.3,103.91,456.52,334.87,190.7453,166.85,146.67,202.63,62.93,258.89,100.14,125.54,415.13,95.05,109.633,164.54,303.8,215.7,495.37,272.46,41.15,65.76
2024-06-03,194.03,307.42,178.34,236.88,184.57,331.36,236.62,46.65,157.46,102.77,454.98,328.01,191.0,165.28,147.74,201.82,62.93,259.75,99.76,128.42,413.52,94.4,115.0,164.65,302.03,210.34,497.44,270.38,40.98,65.82
2024-06-04,194.35,307.37,179.34,237.25,188.62,327.57,234.86,47.42,156.13,103.33,455.3,328.26,195.5,165.81,147.8,199.16,63.94,262.72,98.61,128.71,416.07,94.74,116.437,167.01,305.84,209.64,505.49,272.42,41.56,66.6
2024-06-05,195.87,307.38,181.28,234.69,189.85,329.45,236.53,46.02,154.98,101.5,461.68,330.26,197.4245,167.38,145.97,197.26,63.92,259.99,99.06,129.45,424.01,94.32,122.44,166.05,308.23,208.41,503.12,274.5,41.35,67.09
2024-06-06,194.48,305.69,185.0,233.35,191.42,328.29,242.76,46.23,155.93,101.21,458.1,331.1,196.6509,168.2,146.42,196.91,64.15,260.72,98.22,130.52,424.52,95.72,120.998,168.47,304.06,209.71,501.92,277.04,41.33,67.15
2024-06-07,196.89,305.02,184.3,232.67,190.24,328.94,241.85,45.84,156.08,101.54,454.91,327.03,196.9623,170.01,147.08,199.95,63.91,256.21,100.86,130.67,423.85,96.55,120.888,167.06,291.95,212.95,490.69,278.67,40.94,65.88
2024-06-10,193.12,304.72,187.06,232.44,190.12,329.61,241.84,45.85,156.74,102.74,453.55,332.56,198.8113,170.38,147.13,199.61,63.59,253.81,100.66,131.49,427.87,96.0,121.79,167.35,293.11,213.0,495.0,275.04,40.41,66.96
2024-06-11,207.15,300.7,187.23,224.53,185.5,327.31,240.99,45.77,156.49,100.87,444.27,335.72,197.6226,169.32,146.76,194.36,63.55,254.28,101.32,131.84,432.68,95.87,120.91,167.48,296.0,209.41,496.22,274.67,40.42,66.73
2024-06-12,213.07,301.08,186.89,224.04,182.67,328.73,235.8,45.62,154.22,100.8,448.7,344.14,196.6981,169.0,145.41,191.53,62.88,254.48,101.21,130.2,441.06,93.68,125.2,165.18,299.29,207.26,493.07,270.32,39.77,66.31
2024-06-13,214.24,298.5,183.83,222.19,180.7,326.36,229.03,45.52,152.84,100.09,446.35,347.88,196.8208,169.12,145.45,193.66,62.99,253.7,101.54,129.37,441.58,94.18,129.61,166.41,300.45,207.07,497.3,271.19,39.78,66.7
2024-06-14,212.49,298.62,183.66,224.82,177.27,321.47,231.94,45.68,152.57,99.97,446.46,346.84,196.7264,169.21,145.54,193.78,62.55,253.58,100.9,129.48,442.57,93.39,131.88,166.79,296.99,205.85,497.12,270.66,39.67,67.02
2024-06-17,216.67,303.28,184.06,228.27,178.39,322.4,230.48,45.69,153.19,101.52,450.18,349.5,199.9528,169.5,145.95,194.98,62.62,253.51,100.53,127.5,448.37,95.0,130.98,167.5,302.85,208.13,489.23,271.17,39.46,67.42
2024-06-18,214.29,305.99,182.81,229.31,174.99,325.14,231.81,45.97,153.33,101.5,457.43,353.87,200.8207,170.55,145.65,197.0,62.63,250.79,100.77,127.99,446.34,94.78,135.58,168.56,300.19,208.51,481.05,273.62,40.08,67.6
2024-06-20,209.68,309.89,186.1,230.21,176.3,329.13,241.8,46.72,156.64,101.84,458.05,353.44,202.0189,173.92,147.78,198.67,62.18,253.8,101.66,129.67,445.7,95.57,130.78,167.67,301.35,211.97,484.52,276.82,40.24,68.01
2024-06-21,207.49,308.16,189.08,230.38,176.56,327.84,245.06,47.29,155.28,102.27,450.18,355.8,202.9151,172.46,148.75,196.3,62.77,259.39,102.39,130.72,449.78,97.18,126.57,168.26,301.26,209.8,482.59,275.22,40.24,67.91
2024-06-24,208.14,318.15,185.57,231.47,179.1,330.0,239.94,47.28,159.31,101.98,462.09,350.88,203.6698,175.01,149.12,198.88,63.97,260.38,102.99,132.96,447.67,97.17,118.11,168.45,300.55,211.09,489.98,276.3,41.17,68.9
2024-06-25,209.07,319.31,186.34,230.59,175.1,327.4,241.76,47.38,158.46,102.2,457.38,338.32,202.3113,172.6,147.19,198.07,63.84,257.38,102.05,132.92,450.95,94.75,126.09,166.85,294.68,208.72,484.5,273.53,41.08,67.42
2024-06-26,213.25,312.82,193.61,230.68,178.5,326.73,243.15,46.86,155.95,102.18,455.86,341.82,201.3491,171.87,146.82,197.43,64.05,257.83,101.45,131.5,452.16,94.06,126.4,167.45,296.86,205.74,484.04,273.6,41.02,68.29
2024-06-27,214.1,313.69,197.85,228.4,182.51,327.46,252.85,47.45,156.32,102.17,445.96,341.49,202.2453,170.85,145.8,199.17,63.91,258.17,103.17,129.82,452.85,94.19,123.99,166.62,297.0,206.95,486.44,266.59,40.82,67.88
2024-06-28,210.62,312.45,193.25,231.55,182.01,333.1,257.1,47.51,156.42,99.29,452.32,344.24,201.4528,172.95,146.16,202.26,63.65,254.84,102.19,123.8,446.95,75.37,123.54,164.92,298.43,203.34,509.26,262.47,41.24,67.71
2024-07-01,216.75,311.01,197.2,233.81,186.7,329.08,256.21,47.52,156.52,98.04,463.66,336.19,199.0094,175.1,146.44,205.45,63.28,249.99,100.61,127.9,456.73,76.83,124.3,162.72,295.79,202.97,494.65,263.24,41.74,67.48
2024-07-02,220.27,310.77,200.0,235.97,185.42,327.76,256.19,47.28,156.75,97.99,465.61,334.97,201.1604,177.3,146.03,208.83,63.15,247.79,101.62,127.72,459.28,76.04,122.67,163.9,294.65,203.66,498.24,268.23,41.1,68.07
2024-07-03,221.55,309.38,197.59,235.71,184.31,330.61,260.95,47.09,156.71,98.61,467.92,333.64,200.434,175.73,145.69,208.69,63.33,250.0,101.62,125.85,460.77,75.24,128.28,163.83,297.22,203.69,489.89,268.99,41.12,68.24
2024-07-05,226.34,310.88,200.0,235.63,184.83,328.35,263.19,46.65,154.31,97.99,464.75,334.58,200.2264,176.02,146.48,204.79,63.76,251.09,101.32,126.45,467.56,75.43,125.83,165.21,295.7,201.87,488.01,270.36,41.27,70.04
2024-07-08,227.82,311.46,199.29,234.51,185.84,329.06,257.37,46.06,154.33,97.37,464.82,339.6,199.6509,177.64,145.48,205.17,62.96,247.85,101.1,125.78,466.24,73.05,128.2,166.52,300.25,204.23,489.34,266.4,41.53,69.68
2024-07-09,228.68,315.91,199.34,237.75,183.24,326.06,252.43,45.8,152.98,97.05,472.83,337.09,198.6793,176.48,147.05,207.63,62.69,245.82,99.69,126.04,459.54,72.46,131.38,165.66,298.91,203.14,492.11,265.44,41.3,69.9
2024-07-10,232.98,321.67,199.79,238.93,183.73,328.48,252.59,46.27,155.13,96.97,478.89,344.18,202.3491,177.84,149.43,207.8,62.83,250.49,101.67,127.3,466.25,72.54,134.91,166.8,305.37,207.19,500.93,263.0,41.08,70.41
2024-07-11,227.57,325.09,195.05,238.75,183.91,331.13,251.12,46.76,155.26,96.6,479.23,353.79,202.6887,178.31,149.7,207.45,63.1,254.8,103.23,128.97,454.7,73.39,127.4,165.54,313.97,208.95,504.36,262.55,41.3,69.8
2024-07-12,230.54,330.83,194.49,238.63,182.31,335.59,253.97,47.38,155.59,97.13,479.88,359.77,202.934,182.83,149.88,204.94,63.7,253.9,104.04,127.76,453.55,73.42,129.24,166.61,318.37,211.6,511.53,265.74,41.43,69.24
2024-07-15,234.4,330.15,192.72,244.0,179.11,345.77,252.86,47.4,158.04,96.87,492.23,358.46,203.5094,182.88,149.24,210.05,63.41,251.53,102.72,128.12,453.96,71.31,128.44,164.58,318.47,213.4,515.37,268.45,40.79,69.61
2024-07-16,234.82,333.14,193.02,249.63,186.05,360.58,256.03,47.42,157.77,98.47,503.02,369.12,206.1038,185.81,151.01,213.62,64.27,257.27,103.31,125.44,449.52,72.81,126.36,166.95,326.4,217.79,548.87,269.25,41.45,69.99
2024-07-17,228.88,335.67,187.93,249.96,184.84,357.8,251.22,48.52,161.23,97.31,502.18,371.89,207.7453,187.45,156.58,216.87,65.21,261.0,104.64,125.89,443.52,73.07,117.99,169.44,325.8,220.8,573.28,272.7,42.03,71.03
2024-07-18,224.18,330.97,183.75,249.2,180.23,356.03,247.35,48.04,161.97,96.79,486.21,366.08,205.3491,185.22,155.42,209.98,65.19,259.52,104.02,124.25,440.37,72.38,121.09,168.44,325.46,220.6,564.34,269.15,42.07,70.82
2024-07-19,224.31,331.29,183.13,242.38,179.67,347.63,247.63,47.32,159.15,95.74,484.93,363.36,202.4623,183.25,154.69,209.78,65.29,257.28,103.92,125.77,437.11,72.7,117.93,167.96,321.85,203.48,565.33,265.46,41.62,70.75
2024-07-22,223.96,335.97,182.55,244.75,178.9,347.87,254.08,46.82,156.99,94.13,487.04,363.25,204.6887,184.15,154.24,210.28,64.77,259.54,104.97,125.69,442.94,74.86,123.54,168.25,322.35,205.42,558.53,267.71,39.09,70.38
2024-07-23,225.01,333.24,186.41,246.9,186.48,344.17,256.06,46.36,154.09,90.94,492.15,359.62,205.0755,184.1,152.35,210.33,64.96,254.05,104.73,124.38,444.85,73.4,122.59,166.62,344.5,208.53,554.7,264.79,38.89,70.65
2024-07-24,218.54,335.61,180.83,240.99,180.07,336.04,249.78,46.85,155.07,89.8,486.7,350.31,201.5566,184.02,156.28,208.59,65.81,253.37,103.25,125.92,428.9,71.09,114.25,168.0,332.02,207.73,559.75,254.17,39.67,70.6
2024-07-25,217.49,334.3,179.85,240.18,184.35,344.3,256.52,47.24,157.54,89.21,491.71,353.29,190.9906,191.98,159.64,208.67,66.07,251.46,103.39,125.85,418.4,71.41,112.28,166.9,342.74,209.23,559.68,253.74,39.95,70.02
2024-07-26,217.96,334.85,182.5,245.89,186.89,350.48,262.71,47.88,157.84,89.93,499.03,359.51,191.2642,191.75,160.64,212.24,67.05,252.0,127.16,125.26,425.27,72.56,113.06,169.11,349.22,213.85,569.72,259.46,40.09,69.78
2024-07-29,218.24,332.51,183.2,247.89,185.43,344.53,258.59,47.99,156.6,92.14,492.72,361.67,190.0,191.5,158.56,210.85,66.83,261.42,125.16,127.78,426.73,73.55,111.59,169.93,352.55,213.93,566.75,261.6,40.03,69.62
2024-07-30,218.8,333.28,181.71,252.48,186.86,341.72,257.93,48.14,159.57,93.79,505.67,363.69,191.1698,191.04,161.33,215.19,67.68,266.44,126.75,115.25,422.92,74.32,103.73,161.7,351.84,220.42,576.33,263.1,40.04,69.19
2024-07-31,222.08,332.47,186.98,253.04,190.6,346.2,258.8,48.45,160.47,93.69,509.03,368.16,193.1604,192.14,157.85,212.8,66.74,265.4,127.55,113.13,418.35,74.86,117.02,160.76,350.8,216.44,576.16,265.67,40.52,68.64
2024-08-01,218.36,335.53,184.07,248.68,178.31,331.52,253.06,47.39,152.62,93.05,500.12,358.58,193.0,189.66,160.76,207.96,67.96,268.75,126.47,113.82,417.11,73.85,109.21,165.69,350.38,212.05,572.77,265.93,40.85,69.79
2024-08-02,219.86,333.99,167.9,232.28,169.95,320.87,243.97,46.66,148.55,89.57,470.64,355.43,192.1604,189.12,164.14,199.14,69.33,276.69,125.24,115.2,408.49,74.01,107.27,170.08,347.25,214.53,589.83,266.58,40.97,68.46
2024-08-05,209.27,325.22,161.02,225.92,167.03,316.8,239.01,44.74,144.66,87.78,459.02,350.01,188.4057,183.31,161.25,194.9,68.1,268.45,124.61,112.31,395.15,71.42,100.45,168.06,339.09,208.61,569.96,256.44,39.8,67.59
2024-08-06,207.23,328.95,161.93,231.12,165.04,326.44,238.42,45.16,143.23,89.97,470.22,353.91,187.5472,186.8,158.97,200.34,68.05,270.06,124.89,111.15,399.61,72.5,104.25,168.09,344.12,208.28,568.35,258.26,40.26,67.74
2024-08-07,209.82,312.5,162.77,228.8,163.24,325.8,240.04,45.12,142.41,85.96,473.01,342.4,186.717,186.8,158.9,200.4,68.46,269.37,122.83,112.49,398.43,72.62,98.91,170.02,339.71,209.37,566.08,256.52,40.28,66.91
2024-08-08,213.31,324.69,165.8,233.54,168.87,336.16,249.12,45.83,144.49,85.96,485.77,348.34,188.5095,192.61,160.22,204.06,68.73,271.19,125.13,113.92,402.69,74.19,104.97,170.87,342.71,211.68,566.24,259.83,40.52,67.66
2024-08-09,216.24,322.49,166.94,237.85,167.91,338.26,252.53,45.47,144.99,86.21,490.26,348.64,187.0094,191.45,160.62,205.8,68.68,267.91,124.17,114.55,406.02,74.34,104.75,170.54,345.64,212.48,558.76,259.76,40.75,67.95
2024-08-12,217.53,320.0,166.8,237.05,164.13,336.03,251.31,44.86,145.02,85.95,485.5,345.81,185.6509,189.48,159.88,206.19,68.17,269.46,123.36,113.48,406.81,74.64,109.02,166.81,343.24,209.73,565.29,259.89,40.53,68.7
2024-08-13,221.27,323.45,170.23,238.99,168.76,338.8,254.6,45.37,144.15,85.6,491.94,350.07,185.5943,190.99,158.39,207.94,68.46,270.31,125.35,114.39,414.01,78.5,116.14,167.29,349.08,210.88,574.24,260.13,40.78,68.13
2024-08-14,221.72,322.73,170.1,243.76,168.5,337.59,255.32,45.44,144.67,86.3,498.7,355.66,186.4151,192.32,158.48,210.24,68.58,271.15,126.17,113.58,416.86,78.52,118.08,168.8,352.15,214.09,579.67,261.14,40.9,68.66
2024-08-15,224.72,325.39,177.59,249.5,176.41,345.64,262.79,48.53,146.8,88.79,499.02,360.07,187.2264,193.95,159.09,211.55,68.65,274.87,127.16,113.31,421.03,82.5,122.86,167.92,356.47,216.43,579.61,266.8,40.04,73.18
2024-08-16,226.05,321.44,177.06,251.71,179.99,343.48,262.91,49.46,147.27,89.3,504.26,362.06,187.2642,193.78,159.39,213.97,69.18,278.49,127.05,113.67,418.47,83.23,124.58,167.89,354.4,216.57,577.68,267.38,40.61,73.45
2024-08-19,225.89,327.97,178.22,254.05,179.64,344.65,265.38,49.98,146.83,90.82,504.68,363.07,187.7736,194.73,159.63,215.45,68.98,287.55,127.08,114.42,421.53,83.28,130.0,168.42,356.0,218.95,578.78,266.47,40.74,73.72
2024-08-20,226.51,328.55,178.88,253.08,172.1,343.3,261.84,50.24,144.69,89.74,497.34,367.27,188.7453,196.03,160.16,214.52,69.38,285.63,127.7,115.14,424.8,83.56,127.25,170.41,355.34,217.02,580.65,268.04,40.85,74.54
2024-08-21,226.4,329.15,180.11,246.3,173.43,342.97,261.09,50.45,145.32,90.72,496.46,370.46,190.0189,197.21,161.43,214.6,69.57,289.71,129.23,116.03,424.14,84.0,128.5,170.16,357.97,216.92,578.07,268.2,41.05,75.24
2024-08-22,224.53,324.53,176.13,247.76,172.76,342.36,258.59,50.22,145.73,89.92,497.75,365.36,188.8113,195.96,162.35,216.63,69.33,289.21,128.6,116.55,415.55,83.41,123.74,170.15,357.91,217.86,578.72,267.94,40.87,75.58
2024-08-23,226.84,328.8,177.04,251.3,174.96,348.41,264.0,50.74,147.62,90.56,509.42,375.59,191.0189,196.1,164.13,218.31,69.79,289.52,130.55,116.6,416.79,84.05,129.37,169.17,358.73,221.82,584.51,267.44,41.21,75.7
2024-08-26,227.18,326.78,175.5,253.88,173.48,351.16,265.28,50.79,148.5,91.78,507.87,374.11,192.3113,197.98,164.61,219.17,70.84,288.68,131.85,116.27,413.49,84.28,126.46,170.35,360.69,222.78,587.13,268.21,41.49,76.03
2024-08-27,228.03,326.93,173.12,255.03,173.05,351.12,264.2,50.71,146.95,90.9,507.26,373.18,194.4434,198.73,162.95,220.18,71.5,289.64,131.4,116.5,413.84,85.29,128.3,169.25,359.98,223.64,587.35,270.72,41.45,76.13
2024-08-28,226.49,329.49,170.8,257.09,170.71,348.2,258.9,49.85,146.0,89.49,503.33,372.69,193.3915,198.46,163.92,221.29,71.75,287.05,131.61,117.4,410.6,82.79,125.61,169.06,361.7,224.4,588.54,269.19,41.49,76.08
2024-08-29,229.79,331.01,172.12,259.84,172.26,351.64,257.01,50.39,147.42,89.81,510.1,367.06,195.7642,198.9,164.23,222.21,72.05,287.86,132.91,117.46,413.12,83.26,117.59,170.03,360.61,226.33,591.57,274.32,41.25,76.42
2024-08-30,229.0,333.83,178.5,258.65,173.74,356.1,252.9,50.54,147.95,90.38,510.25,368.5,196.1415,202.13,165.86,224.8,72.47,288.66,134.69,118.45,417.14,83.32,119.37,171.54,369.37,228.07,590.2,276.37,41.78,77.23
2024-09-03,222.77,330.51,176.25,254.31,161.02,340.24,248.06,50.06,144.66,89.13,487.46,364.74,193.2642,201.28,167.16,220.3,73.01,285.52,130.85,116.58,409.44,81.32,108.0,174.52,363.75,227.87,598.68,278.54,42.93,77.17
2024-09-04,220.85,330.64,173.33,251.74,163.22,336.75,247.68,49.7,142.07,89.25,490.64,364.67,193.9057,204.11,167.36,219.33,72.56,288.03,132.15,115.8,408.9,81.02,106.21,175.9,362.7,231.42,604.18,280.49,41.48,77.24
2024-09-05,222.38,324.36,177.89,251.84,162.15,333.56,246.12,49.13,140.93,88.65,487.88,361.85,191.4906,202.59,164.99,217.63,71.17,287.97,131.4,118.59,408.39,80.83,107.21,175.47,360.08,231.85,595.49,278.62,41.31,76.96
2024-09-06,220.82,320.56,171.39,244.06,157.62,329.36,243.97,48.5,138.56,87.94,479.61,360.05,186.9151,200.74,164.38,212.46,71.14,289.51,128.6,117.84,401.7,80.63,102.83,175.59,360.83,234.46,596.88,279.37,41.15,76.64
2024-09-09,220.91,325.92,175.4,250.92,162.91,334.04,245.76,48.7,140.3,88.34,488.57,365.52,189.7736,203.53,166.61,216.81,71.85,291.29,128.46,115.41,405.72,79.49,106.47,176.06,363.9,241.1,594.1,285.61,42.73,77.34
2024-09-10,220.11,328.93,179.55,245.42,160.07,334.16,246.16,48.79,138.23,88.4,467.13,370.87,189.5755,205.32,167.38,205.56,71.55,291.27,130.09,115.33,414.2,78.09,108.1,177.79,371.85,238.85,599.03,285.34,43.65,78.81
2024-09-11,222.66,329.98,184.52,254.18,161.33,335.0,249.57,49.11,137.88,88.32,471.17,370.49,192.4906,209.89,164.82,207.23,71.08,290.23,130.23,114.71,423.04,78.4,116.91,173.92,371.6,231.3,589.75,283.96,43.8,78.84
2024-09-12,222.77,330.06,187.0,255.15,162.77,339.58,253.37,49.61,139.21,89.3,474.06,374.43,193.0849,211.61,164.64,206.6,71.23,292.35,132.03,115.25,427.0,78.4,119.14,173.47,373.97,234.11,588.42,285.37,43.86,79.66
2024-09-13,222.5,332.45,186.49,259.0,156.77,345.31,254.57,49.8,140.61,90.55,478.99,379.99,192.5943,214.79,165.52,204.32,71.41,296.53,133.18,115.86,430.59,79.01,119.1,174.08,375.4,237.83,594.32,287.35,44.43,80.6
2024-09-16,216.32,335.26,184.89,261.09,155.55,347.96,256.91,51.03,142.09,91.85,485.16,382.01,193.0943,217.16,166.99,207.86,72.1,296.69,134.61,117.96,431.34,79.8,116.78,177.24,379.06,242.26,589.14,290.48,45.0,80.56
2024-09-17,216.79,332.8,186.88,265.4,156.39,353.69,255.19,50.61,143.41,92.86,485.39,383.24,192.6793,214.13,167.07,209.25,71.8,293.75,133.57,118.29,435.15,80.64,115.59,175.88,378.0,241.54,577.96,291.56,44.08,78.6
2024-09-18,220.69,332.92,186.43,262.18,155.11,355.12,252.43,50.57,143.96,93.58,484.58,384.01,190.2264,214.94,166.15,207.53,71.75,292.03,133.36,118.64,430.81,80.9,113.37,173.92,375.31,239.75,580.65,288.48,43.88,79.03
2024-09-19,228.87,335.95,189.87,268.75,154.59,373.31,265.99,51.44,144.99,93.45,503.83,390.34,192.1698,213.89,164.82,210.48,70.62,293.85,133.84,117.23,438.69,80.98,117.87,171.54,379.75,237.58,577.07,285.24,43.94,78.04
2024-09-20,228.2,337.38,191.6,268.99,153.29,368.82,266.8,51.97,145.68,93.75,498.43,389.86,191.8396,217.7,164.16,211.09,71.64,296.83,134.77,117.17,435.27,86.52,116.0,174.22,378.52,238.53,575.0,284.77,44.33,79.06
2024-09-23,226.47,335.61,193.88,267.3,156.3,371.17,264.21,52.19,147.54,92.97,497.41,391.96,192.2359,220.5,163.22,211.44,71.73,299.06,135.64,115.63,433.51,86.2,116.26,173.77,381.87,239.35,573.41,288.63,44.26,80.33
2024-09-24,227.37,330.92,193.96,266.21,155.81,385.93,270.44,52.52,147.45,93.69,498.02,400.66,193.6509,220.97,162.78,211.59,71.33,300.27,137.22,114.96,429.17,87.46,120.87,173.24,381.56,237.98,575.19,272.78,44.66,80.67
2024-09-25,226.37,312.86,192.53,266.17,152.22,378.25,274.09,52.65,143.97,93.92,491.14,396.93,195.0755,221.23,160.6,210.19,71.45,300.47,136.6,114.73,432.11,88.0,123.51,172.26,381.18,236.32,576.31,269.63,44.55,81.4
2024-09-26,227.52,319.1,191.16,268.15,154.58,390.96,275.76,52.85,141.99,95.2,496.92,396.7,195.3113,223.43,161.39,209.78,71.4,303.65,139.44,113.09,431.31,89.39,124.04,173.21,383.93,236.05,574.81,271.69,44.62,79.92
2024-09-27,227.79,322.67,187.97,271.06,156.32,391.08,276.64,53.02,145.49,96.01,498.51,399.53,195.8774,220.84,161.4,210.5,71.79,303.69,137.3,113.69,428.02,89.44,121.4,173.55,382.73,236.11,581.85,275.17,44.89,79.78
2024-09-30,233.0,322.21,186.33,271.2,152.04,391.12,273.71,53.22,147.27,96.19,495.11,405.2,195.0094,221.08,162.06,210.86,71.86,304.51,136.7,113.56,430.3,88.4,121.44,173.2,381.67,234.12,584.68,274.95,44.91,80.75
2024-10-01,226.21,320.32,185.13,268.6,154.22,392.39,270.87,52.74,149.7,94.05,490.17,409.05,194.4057,219.35,161.99,207.04,71.71,302.98,137.06,114.74,420.69,89.13,117.0,173.04,380.58,235.12,583.3,277.6,45.21,81.27
2024-10-02,226.78,319.73,184.76,270.92,152.89,394.05,279.48,52.62,150.95,94.15,491.99,411.26,192.3396,219.73,161.17,207.29,71.01,303.76,135.43,112.08,417.13,83.1,118.85,171.92,378.16,235.06,592.31,277.0,45.05,80.43
2024-10-03,225.67,317.48,181.96,268.59,150.52,391.09,280.91,52.43,151.25,93.63,486.1,411.58,191.3962,222.72,160.5,205.23,70.52,303.45,134.78,110.18,416.54,82.1,122.85,170.12,373.1,233.3,592.75,276.86,44.52,80.43
2024-10-04,226.8,319.66,186.51,275.97,155.0,397.09,287.75,52.75,150.74,95.15,495.16,408.36,192.2453,226.0,160.29,211.22,70.17,303.76,135.27,109.77,416.06,82.25,124.92,168.88,371.3,236.21,591.2,277.93,44.18,80.94
2024-10-07,221.69,317.45,180.8,273.79,155.91,398.25,284.57,52.51,151.12,92.39,494.62,408.06,191.8208,227.12,159.53,210.93,69.01,300.85,134.85,108.59,409.54,80.83,127.72,167.12,367.78,225.97,583.56,273.79,43.84,79.1
2024-10-08,225.77,317.68,182.72,269.11,154.65,387.96,291.57,52.73,148.75,92.51,496.57,414.18,195.283,228.62,159.69,210.75,69.18,301.9,134.69,108.52,414.71,80.77,132.89,168.16,373.4,230.34,581.58,274.96,44.01,79.71
2024-10-09,229.54,322.41,185.17,271.42,149.37,396.19,287.92,53.56,149.65,93.6,505.18,416.07,201.6038,234.3,160.65,213.42,69.57,303.83,135.01,110.27,417.46,82.45,132.65,169.27,378.96,231.47,591.22,276.93,44.11,80.4
2024-10-10,229.04,321.01,186.65,270.47,146.62,396.64,290.17,53.54,150.62,92.99,503.72,409.96,201.5094,233.02,160.51,212.84,69.25,304.04,133.46,109.4,415.84,82.1,134.81,168.95,376.45,233.2,597.7,277.47,42.95,79.61
2024-10-11,227.55,328.35,188.82,276.16,151.02,402.02,288.1,54.25,151.42,94.13,516.3,411.9,203.7642,233.26,161.46,222.29,69.57,305.04,134.75,109.73,416.32,82.15,134.8,171.09,378.99,236.58,598.05,277.84,43.0,80.1
2024-10-14,231.3,324.62,187.54,276.52,148.99,393.95,291.64,54.27,151.78,94.97,522.75,415.42,205.283,235.26,161.6,221.48,70.34,309.84,135.76,109.69,419.14,81.6,138.07,172.51,384.16,240.12,605.4,280.68,43.19,80.29
2024-10-15,233.85,325.09,187.69,277.31,152.35,387.99,288.35,54.08,147.73,94.22,522.38,415.58,204.9717,232.96,164.1,222.39,70.34,313.34,135.73,111.53,418.74,82.12,131.6,173.57,388.55,240.88,556.29,279.29,43.74,81.65
2024-10-16,231.78,321.63,186.89,281.68,154.9,393.62,290.86,56.38,148.73,96.75,529.86,418.61,206.566,233.67,164.28,223.64,70.57,312.92,136.35,110.42,416.12,83.94,135.72,172.38,389.39,242.95,571.34,287.52,43.91,81.22
2024-10-17,232.15,321.33,187.53,285.78,155.31,394.49,291.11,56.4,151.2,96.54,529.0,415.6,207.1226,232.88,164.47,224.42,69.9,314.7,135.68,109.75,416.72,83.4,136.93,172.28,389.08,264.82,566.03,290.39,43.85,80.89
2024-10-18,235.0,321.66,188.99,276.79,155.0,393.86,292.94,56.76,150.75,97.28,528.5,415.0,209.4528,232.2,165.12,225.37,70.44,316.56,135.14,108.7,418.16,82.92,138.0,171.28,388.36,265.45,569.61,290.62,43.99,81.31
2024-10-21,236.48,316.74,189.07,270.74,159.82,390.48,291.29,56.59,150.88,96.62,517.8,406.4,208.9623,231.75,162.83,223.0,69.45,314.89,134.84,106.34,418.78,81.48,143.71,169.54,381.75,259.7,571.47,286.85,43.7,80.81
2024-10-22,235.86,319.66,189.7,272.4,159.88,388.46,288.33,56.6,150.92,96.74,518.3,401.85,209.7642,232.25,163.45,224.12,69.45,314.69,131.73,106.64,427.51,81.42,143.59,169.7,361.38,259.22,569.86,284.79,41.5,82.02
2024-10-23,230.76,314.9,184.71,271.23,157.06,385.73,284.43,56.28,150.48,96.24,517.2,399.64,207.8679,232.75,165.86,223.41,68.01,298.57,127.91,106.38,424.6,80.05,139.56,169.58,362.72,257.35,564.64,283.76,42.86,83.27
2024-10-24,230.57,315.69,186.38,269.98,155.2,387.06,286.76,55.96,150.45,95.4,524.5,402.68,197.2642,218.39,163.67,224.98,67.3,301.58,126.47,105.88,424.73,79.04,140.41,169.62,361.59,256.42,560.81,283.22,41.86,83.04
2024-10-25,231.41,316.98,187.83,267.35,155.01,385.97,290.46,55.74,150.81,95.03,512.6,398.91,196.2264,214.67,160.88,222.31,66.92,292.61,124.75,103.98,428.15,78.85,141.54,168.22,359.04,250.5,564.56,281.73,41.38,82.51
2024-10-28,233.4,317.17,188.39,271.47,150.69,390.61,293.77,55.28,150.54,96.2,523.58,402.89,194.434,212.91,161.6,225.5,66.67,296.79,130.29,104.23,426.59,78.91,140.52,169.3,363.27,252.37,565.24,284.19,41.62,82.75
2024-10-29,233.67,316.0,190.83,270.43,152.98,387.51,298.89,55.68,148.52,96.13,524.28,395.07,194.3208,210.43,160.09,222.9,65.56,295.0,129.27,103.73,431.95,78.4,141.25,167.17,361.62,248.67,562.13,281.88,41.33,81.7
2024-10-30,230.1,315.54,192.73,274.08,154.29,379.24,296.4,55.59,148.05,95.08,524.4,392.52,192.6415,204.9,160.61,224.41,65.92,291.52,127.56,104.83,432.53,76.45,139.335,166.16,361.89,250.09,562.96,290.16,41.28,81.39
2024-10-31,225.91,320.16,186.4,270.08,149.31,376.2,291.37,54.77,148.82,96.2,517.79,393.75,194.0377,206.72,159.86,221.92,65.31,292.11,128.47,102.32,406.35,77.13,132.76,165.18,358.77,245.94,564.5,289.85,42.13,81.95
2024-11-01,222.91,319.22,197.93,272.69,154.59,379.63,294.72,55.5,153.07,95.81,519.35,392.59,197.3491,208.25,160.13,222.94,65.01,295.21,127.22,101.88,410.37,78.06,135.4,165.1,357.97,245.64,567.56,290.74,41.36,82.19
2024-11-04,222.01,316.91,195.78,270.19,155.07,376.52,298.01,55.83,153.97,95.79,511.47,395.57,195.7925,206.32,158.24,219.78,65.11,292.85,125.85,101.87,408.46,77.19,136.05,165.08,374.4,242.81,557.77,291.85,41.06,82.45
2024-11-05,223.45,319.29,199.5,275.94,151.0,383.37,297.49,56.16,153.41,96.63,526.96,400.09,196.9623,207.57,158.35,221.49,65.37,297.32,126.52,101.65,411.46,77.98,139.91,165.76,378.21,244.84,567.03,293.29,41.26,83.68
2024-11-06,222.72,321.79,207.09,295.16,147.16,416.88,306.9,57.87,157.72,98.89,595.98,388.37,204.1509,213.6,157.88,247.06,63.7,294.0,133.92,100.73,420.18,75.32,145.61,161.05,380.73,253.95,596.69,307.4,41.16,83.44
2024-11-07,227.48,321.91,210.05,286.82,150.98,408.21,310.78,58.08,156.77,98.93,582.17,399.44,205.1887,213.69,156.73,236.38,63.66,294.66,133.07,101.17,425.43,75.92,148.88,163.41,384.0,252.28,605.45,305.8,40.57,83.85
2024-11-08,226.96,325.28,208.18,287.6,151.68,393.37,321.95,58.06,156.93,99.02,589.26,405.9,207.066,213.72,155.47,236.98,63.92,298.97,134.34,102.92,422.54,75.88,147.63,167.71,386.67,256.89,615.81,307.87,40.48,84.83
2024-11-11,224.23,321.81,206.84,292.97,148.96,396.54,341.73,58.63,156.5,100.86,602.34,408.29,212.4906,213.57,155.04,239.29,63.36,301.53,133.0,100.73,418.01,76.6,145.26,166.03,389.25,258.36,625.25,310.92,40.44,84.21
2024-11-12,224.23,298.84,208.91,288.51,145.17,393.01,341.15,58.71,155.29,100.99,592.59,403.08,220.6698,210.86,152.64,239.56,63.2,298.65,130.35,98.58,423.03,76.66,148.29,165.84,383.67,257.99,614.67,309.85,40.4,84.99
2024-11-13,225.12,301.44,214.1,287.64,139.97,387.07,341.72,59.18,158.72,102.72,594.22,410.19,219.8774,210.92,153.24,241.16,63.0,297.35,131.45,98.5,425.2,76.52,146.27,166.58,387.29,256.67,605.87,309.48,41.14,85.5
2024-11-14,228.22,295.93,211.48,288.3,138.14,387.36,331.65,57.92,161.8,109.12,588.61,405.72,217.6132,208.99,151.87,241.87,62.55,298.56,132.32,98.36,426.89,75.68,146.76,167.08,388.46,256.52,593.15,308.25,40.87,84.47
2024-11-15,225.0,283.61,202.61,286.87,140.19,384.07,325.26,57.46,161.42,115.08,593.54,408.18,216.0283,204.99,154.0,245.31,61.74,292.63,129.79,96.31,415.0,76.66,141.98,169.54,378.99,260.82,592.23,309.64,41.65,84.25
2024-11-18,228.02,278.76,201.7,285.54,143.87,384.46,322.25,57.31,160.76,113.54,587.99,410.44,215.8962,208.09,154.77,245.03,61.86,291.1,130.17,96.56,415.76,74.89,140.15,170.75,375.35,262.69,589.65,312.16,42.25,84.08
2024-11-19,228.28,279.95,204.61,285.55,145.6,382.33,323.43,57.01,159.6,112.42,581.38,406.8,215.283,210.25,153.0,243.09,62.59,290.73,128.19,96.54,417.79,73.91,147.01,170.76,373.5,259.27,577.0,311.85,41.93,86.6
2024-11-20,229.0,287.87,202.88,287.71,146.08,381.5,325.7,57.5,161.33,114.26,581.93,400.0,213.8396,214.6,153.11,240.78,62.99,290.91,127.84,97.44,415.49,73.36,145.89,170.89,371.66,257.19,600.5,307.39,42.22,87.18
2024-11-21,228.52,289.9,198.38,293.0,143.41,389.59,335.78,57.56,161.63,114.72,596.11,410.45,213.2925,222.4,155.5,244.76,63.76,288.47,127.32,99.86,412.87,75.1,146.67,172.75,383.32,260.81,597.49,309.9,42.5,88.39
2024-11-22,229.87,294.53,197.12,301.3,149.29,397.49,342.02,58.55,162.36,115.65,602.78,420.0,216.1415,222.97,155.17,248.55,63.92,290.28,128.42,99.18,417.0,77.4,141.95,176.28,388.3,262.47,590.87,309.92,43.15,90.44
2024-11-25,232.87,294.0,201.45,305.21,153.1,405.65,339.11,58.74,160.36,116.0,603.03,428.67,217.5472,226.13,155.78,250.29,64.38,296.19,130.32,101.16,418.79,79.26,136.02,177.39,399.71,261.22,605.83,313.19,43.98,89.5
2024-11-26,235.06,280.01,207.86,305.57,150.76,407.83,343.18,59.59,162.53,115.45,605.5,429.52,217.3585,228.83,154.52,249.97,64.55,296.33,132.95,101.62,427.99,77.61,136.92,179.31,396.14,263.77,606.79,311.82,44.37,91.31
2024-11-27,234.93,280.07,205.74,304.25,152.4,403.7,330.01,59.29,162.11,117.6,605.43,427.19,216.6415,226.92,155.4,249.79,64.43,295.08,132.48,103.12,422.99,78.34,135.34,179.36,393.96,266.66,608.38,314.7,44.38,91.88
2024-11-29,237.33,282.87,207.89,304.68,155.44,406.11,329.99,59.21,161.93,117.47,608.57,429.13,219.7453,227.41,155.01,249.72,64.08,296.01,133.53,101.64,423.46,78.77,138.25,179.26,397.4,266.04,610.2,315.08,44.34,92.5
2024-12-02,239.59,278.1,210.71,302.26,156.54,402.51,331.01,59.43,162.21,117.16,601.71,426.96,216.934,227.39,154.8,246.25,63.65,292.44,132.89,100.61,430.98,79.09,138.63,179.7,395.58,263.51,608.52,316.65,43.85,92.64
2024-12-03,242.65,278.32,213.44,302.11,155.0,399.26,331.43,59.48,161.92,116.45,602.08,429.35,214.1132,229.0,152.36,244.82,63.52,294.5,131.15,101.85,431.2,78.86,140.26,175.42,395.32,260.59,605.23,313.01,43.83,93.51
2024-12-04,243.01,278.26,218.16,302.6,158.28,399.51,367.87,59.62,158.32,116.99,598.71,427.92,216.783,233.49,150.47,243.4,62.21,295.09,130.45,101.37,437.42,78.37,145.14,175.11,392.07,261.78,610.79,309.9,42.52,94.45
2024-12-05,243.04,274.33,220.55,300.53,156.67,394.98,361.38,60.02,159.33,116.5,596.8,426.54,213.4811,234.75,149.52,245.48,62.92,299.47,133.33,103.55,442.62,78.58,145.06,176.03,385.24,263.26,578.97,309.08,42.55,95.3
2024-12-06,242.84,272.58,227.03,303.99,153.93,395.03,361.99,59.89,155.24,116.73,599.68,431.37,213.5661,238.04,149.31,247.36,62.53,298.98,133.11,103.09,443.57,78.89,142.44,173.82,384.96,261.15,549.62,311.01,42.37,95.7
2024-12-09,246.75,277.63,226.09,296.72,157.04,399.26,351.57,58.95,157.08,114.61,594.12,429.18,212.3491,230.0,149.6,243.81,62.6,301.37,131.49,103.79,446.02,77.64,138.81,170.79,376.45,251.92,560.62,308.3,42.36,93.83
2024-12-10,247.77,275.75,225.04,302.11,164.1,388.39,348.82,58.72,157.0,114.73,585.03,422.59,216.1132,231.72,149.23,242.86,62.91,300.71,129.77,101.0,443.33,76.74,135.07,172.28,371.6,247.65,565.19,312.38,42.3,94.55
2024-12-11,246.49,273.41,230.26,302.34,165.96,388.87,354.85,58.59,156.21,114.61,592.56,421.38,216.0943,230.12,146.64,243.53,62.64,296.1,129.77,99.75,448.99,78.85,139.31,170.63,371.94,245.14,533.53,313.79,41.99,94.96
2024-12-12,247.96,274.06,228.97,300.3,167.75,380.78,358.03,58.85,154.71,114.9,591.61,414.42,214.8019,232.26,146.24,241.53,63.84,296.63,129.75,101.25,449.56,77.96,137.34,170.85,366.85,243.88,515.76,314.23,42.08,94.09
2024-12-13,248.13,270.62,227.46,302.14,169.65,380.51,354.31,58.62,153.87,113.34,585.48,416.98,214.7359,230.82,146.62,239.94,63.12,296.6,129.92,102.0,447.27,77.25,134.25,171.06,364.5,246.3,520.48,314.74,42.28,94.25
2024-12-16,251.04,266.5,232.93,303.57,173.17,378.92,357.23,58.35,149.36,112.11,586.33,410.71,222.6415,229.33,143.85,239.58,62.55,297.71,129.47,100.06,451.59,77.2,132.0,171.14,365.03,246.27,498.5,315.89,40.88,94.87
2024-12-17,253.48,265.95,231.15,301.34,173.03,375.8,350.97,58.52,148.11,113.02,574.68,408.47,219.934,228.97,146.41,238.36,63.4,296.08,128.05,100.06,454.46,78.0,130.39,170.33,362.79,243.64,485.52,318.3,40.78,95.42
2024-12-18,248.05,258.78,220.52,287.78,172.62,363.89,337.23,57.53,144.08,111.35,550.25,393.82,214.0189,220.17,144.75,230.37,62.85,290.88,125.53,98.34,437.39,76.9,128.91,169.08,348.66,236.03,499.72,309.78,40.24,93.55
2024-12-19,249.79,261.19,223.29,293.08,177.04,360.37,336.23,57.63,141.15,111.37,553.99,385.02,214.0377,223.92,143.58,232.96,62.45,290.23,127.13,99.52,437.03,77.1,130.68,169.19,342.38,237.71,489.25,314.88,39.97,93.4
2024-12-20,254.49,263.38,224.92,298.65,177.35,366.04,343.65,58.52,142.85,112.03,566.1,392.6,215.3962,223.36,144.47,237.6,62.55,292.68,129.28,98.05,436.6,76.94,134.7,168.06,345.47,240.76,500.13,317.71,39.93,92.24
2024-12-23,255.27,264.0,225.06,298.8,177.69,365.39,342.9,58.98,142.97,111.4,570.78,392.45,214.283,221.93,145.27,238.39,62.38,291.29,128.98,99.37,435.25,76.76,139.67,168.11,344.84,241.36,506.34,317.22,39.94,90.35
2024-12-24,258.2,264.49,229.05,303.46,179.34,367.57,344.43,59.85,143.84,112.56,582.79,396.14,215.9434,224.41,145.85,242.31,62.84,293.99,130.36,99.45,439.33,76.79,140.22,168.94,346.52,242.88,506.1,320.65,39.8,92.68
2024-12-26,259.02,263.18,227.05,303.99,180.38,367.12,341.72,59.98,143.98,112.55,581.23,395.14,218.7359,224.89,145.58,243.14,62.57,294.8,131.18,99.87,438.11,76.94,139.93,170.16,345.51,243.73,511.15,320.91,39.96,92.79
2024-12-27,255.59,262.65,223.75,301.05,180.72,364.86,338.45,59.61,144.0,111.55,576.18,392.86,216.5189,222.78,145.05,241.17,62.45,293.62,130.18,99.7,430.53,76.42,137.01,169.53,343.29,241.41,509.99,318.66,39.92,91.66
2024-12-30,252.2,259.3,221.3,297.33,176.55,363.01,335.74,59.19,143.07,110.8,573.55,389.43,213.7736,220.25,143.34,239.32,62.03,289.6,129.13,98.37,424.83,74.65,137.49,167.09,338.75,239.87,507.8,315.31,39.6,90.57
2024-12-31,250.42,260.64,219.39,296.79,177.0,362.76,334.33,59.2,144.84,111.35,572.62,388.99,213.1038,219.83,144.62,239.71,62.26,289.89,129.09,99.48,421.5,75.67,134.29,167.65,339.93,240.89,505.86,316.04,39.99,90.35
2025-01-02,243.85,259.28,220.22,298.43,171.87,359.77,330.66,59.1,146.71,110.82,574.97,388.46,212.7547,219.94,144.02,240.0,61.84,292.51,129.7,99.17,418.58,73.67,138.31,165.98,333.16,240.89,504.51,314.4,40.21,90.0
2025-01-03,243.36,261.22,224.19,303.08,169.9,363.79,332.9,58.86,147.85,111.16,580.13,389.18,213.6981,222.65,144.19,243.28,61.75,294.78,129.87,99.14,423.35,73.31,144.47,165.13,336.54,242.29,513.0,314.91,40.26,90.78
2025-01-06,245.0,258.59,227.61,301.88,170.78,364.2,330.53,58.77,147.26,111.05,583.39,389.37,209.1887,222.67,143.66,240.85,60.81,292.18,130.29,99.72,427.85,72.0,149.43,160.6,337.82,241.88,513.67,313.04,39.61,91.43
2025-01-07,242.21,262.06,222.11,302.02,172.51,363.0,324.93,58.93,149.59,111.39,580.12,384.23,208.1415,223.96,146.23,243.17,60.84,289.34,132.77,101.02,422.37,72.09,140.14,161.3,334.4,241.68,514.25,311.67,38.92,90.81
2025-01-08,242.7,264.21,222.13,302.85,171.76,361.07,326.9,59.2,150.3,109.76,580.02,387.2,207.7075,223.18,142.27,243.13,61.71,286.9,134.53,99.85,424.56,71.29,140.11,162.1,337.54,242.77,524.52,312.6,38.94,91.8
2025-01-10,236.85,262.23,218.94,293.3,172.0,351.0,317.85,58.74,153.14,108.65,560.0,389.89,205.8396,219.75,142.06,239.87,61.07,282.31,131.21,99.25,418.95,71.2,135.91,158.56,330.16,232.43,520.69,307.71,37.81,93.0
2025-01-13,234.4,270.19,218.46,297.02,170.57,362.5,319.07,58.76,155.35,108.08,562.95,389.18,206.6981,217.4,144.47,244.21,61.65,283.63,134.6,100.98,417.19,72.08,133.23,158.84,336.12,233.33,541.14,306.92,38.12,91.53
2025-01-14,233.28,267.1,217.76,300.36,167.02,371.57,323.54,59.33,156.9,108.12,571.53,392.78,206.1321,217.75,144.75,247.47,62.04,281.58,137.21,99.65,415.67,71.17,131.76,159.74,341.64,236.93,543.74,309.09,38.28,90.79
2025-01-15,237.87,268.94,223.35,312.32,166.2,374.89,321.16,59.98,158.33,108.18,605.92,406.09,207.1132,220.03,144.97,252.35,61.77,282.3,137.78,100.09,426.31,71.07,136.24,159.65,346.93,239.98,543.42,316.28,38.18,91.34
2025-01-16,228.26,269.43,220.66,311.48,168.93,380.55,320.0,59.82,159.38,106.46,612.99,409.33,210.0849,222.66,147.77,254.27,62.25,279.74,139.18,100.7,424.58,71.11,133.57,160.5,354.17,242.37,510.59,317.25,38.34,91.3
2025-01-17,229.98,272.11,225.94,312.56,171.09,386.02,324.56,60.23,161.47,107.02,625.94,409.38,209.9811,224.79,147.03,259.16,62.71,280.95,141.03,97.92,429.03,70.84,137.71,161.13,353.98,239.52,509.76,319.62,38.78,91.94
2025-01-21,222.64,274.81,230.71,317.95,175.56,398.36,326.84,61.03,158.24,108.7,634.74,418.43,212.3302,224.26,148.15,263.03,62.42,282.61,146.89,96.24,428.5,73.17,140.83,161.72,361.52,239.16,524.99,323.63,39.02,93.08
2025-01-22,223.83,273.44,235.01,322.25,174.8,397.61,332.62,61.63,156.41,108.81,632.73,410.1,210.4623,223.26,145.27,262.84,61.78,281.35,149.12,95.68,446.2,74.04,147.07,164.74,357.74,246.72,519.72,323.56,38.95,93.23
2025-01-23,223.66,277.88,235.42,325.87,178.5,406.4,334.66,62.23,156.01,111.04,639.5,414.39,212.8868,226.04,146.64,265.95,61.53,284.43,149.63,96.63,446.71,74.29,147.22,166.15,361.11,241.51,529.77,328.21,39.18,93.81
2025-01-24,222.78,275.42,234.85,321.34,176.06,407.63,333.88,62.23,155.65,112.16,636.9,414.5,208.9717,224.8,146.82,264.84,61.92,285.46,149.43,95.55,444.06,73.57,142.62,164.12,360.15,241.86,532.51,330.2,39.54,94.76
2025-01-27,229.86,282.95,235.42,316.42,175.16,394.98,347.1,59.08,157.23,113.34,633.28,424.87,212.934,224.13,152.89,265.85,63.87,293.09,151.52,97.94,434.56,75.58,118.42,169.66,364.17,251.01,543.52,334.54,40.64,97.4
2025-01-28,238.26,280.3,238.15,317.04,177.78,390.29,359.95,59.43,156.21,112.14,637.8,418.83,208.2075,225.66,150.38,267.14,62.36,291.15,151.4,97.45,447.2,74.39,128.99,166.19,364.17,248.43,542.48,334.48,40.4,97.29
2025-01-29,239.36,281.68,237.07,315.25,173.66,393.23,354.0,59.55,155.69,113.19,637.38,413.42,208.5377,228.63,151.15,266.58,62.83,290.11,151.54,98.28,442.33,76.58,123.7,166.23,360.41,249.52,538.1,335.88,40.28,97.5
2025-01-30,237.59,284.02,234.64,318.95,179.53,374.98,343.57,60.47,156.32,113.43,645.7,414.5,211.3774,258.27,152.87,268.23,64.05,290.32,154.4,98.95,414.99,78.33,124.65,167.41,365.55,249.09,545.57,343.05,39.47,98.65
2025-01-31,236.0,285.42,237.68,317.45,176.52,371.44,341.7,60.6,149.19,113.06,640.4,411.98,211.0566,255.7,152.15,267.3,63.48,288.7,152.2,98.82,415.06,76.9,120.07,165.99,358.16,245.18,542.49,341.8,39.39,98.16
2025-02-03,228.01,288.87,237.42,316.53,175.87,361.55,339.24,61.04,149.34,114.0,632.37,408.76,209.8208,260.73,151.87,266.81,63.35,290.05,150.04,99.79,410.92,76.59,116.66,168.76,357.64,244.6,548.18,345.82,39.98,99.54
2025-02-04,232.8,289.02,242.06,315.83,176.23,361.95,344.14,61.34,153.22,113.3,634.18,411.49,210.8962,264.46,153.49,267.94,62.67,289.77,151.68,90.74,412.37,76.72,118.65,168.13,357.59,244.06,545.45,345.15,39.81,100.77
2025-02-05,232.47,307.81,236.17,320.53,181.84,358.85,347.93,62.57,152.99,110.54,645.45,413.82,209.7642,263.3,154.69,270.43,63.12,288.83,152.45,89.67,413.29,74.57,124.83,169.01,364.48,246.34,539.81,349.44,40.13,102.46
2025-02-06,233.22,297.78,238.83,320.15,184.8,365.45,330.81,62.27,151.9,112.09,658.22,414.16,197.9434,253.44,153.51,276.9,63.36,294.36,152.32,88.05,415.82,71.74,128.68,168.88,365.22,247.64,530.04,347.48,39.94,102.85
2025-02-07,227.63,293.54,229.15,316.77,181.49,363.88,325.83,62.27,152.62,110.86,655.9,407.37,193.8868,252.34,153.12,275.8,63.84,294.3,149.87,87.28,409.75,68.68,129.84,167.97,360.57,245.19,527.03,348.02,39.88,101.15
2025-02-10,227.65,294.79,233.14,310.26,180.55,363.22,327.2,62.81,155.77,109.28,650.53,413.99,196.717,249.27,154.24,271.04,64.55,308.42,149.69,86.4,412.22,70.94,133.57,167.53,359.16,242.42,533.37,351.23,39.95,102.92
2025-02-11,232.62,296.66,232.76,309.57,180.44,362.23,324.4,62.43,157.44,109.02,647.24,416.36,195.2264,254.7,156.13,274.99,67.6,310.21,150.07,86.54,411.44,71.34,132.8,169.43,361.37,242.35,533.92,350.72,40.49,102.47
2025-02-12,236.87,295.06,228.93,306.4,186.25,352.04,326.12,62.53,154.9,109.23,649.0,407.14,193.4057,255.81,155.26,275.45,68.71,307.6,148.87,85.67,409.04,72.26,131.14,169.58,355.5,240.66,527.4,351.49,40.53,103.61
2025-02-13,241.53,296.97,230.37,307.5,185.44,353.7,329.85,63.84,155.88,109.59,648.95,412.43,193.6509,259.19,157.25,276.32,69.5,310.02,148.72,84.42,410.54,73.21,135.29,171.02,361.13,243.01,531.18,355.63,41.04,105.05
2025-02-14,244.6,291.16,228.68,311.04,184.42,353.32,326.54,64.87,155.34,110.38,660.55,409.5,191.2736,261.28,156.15,276.59,68.87,308.55,148.62,83.01,408.43,73.04,138.85,162.89,356.86,238.3,523.51,353.81,40.99,104.04
2025-02-18,244.47,292.8,226.65,312.85,184.97,354.0,328.96,64.59,156.16,109.56,672.19,403.31,196.2642,263.07,154.99,279.95,69.05,304.83,148.99,83.29,409.64,77.59,139.4,165.43,352.99,238.4,500.73,356.73,41.2,103.78
2025-02-19,244.87,294.27,226.63,309.92,186.15,353.0,324.53,64.84,157.23,111.35,668.15,395.43,198.8774,264.32,157.89,279.25,70.07,301.94,150.2,85.6,414.77,76.78,139.23,166.49,351.85,242.35,511.04,355.23,42.01,104.0
2025-02-20,245.83,297.93,222.88,303.86,180.88,349.15,318.43,64.67,158.79,110.55,642.26,394.64,199.3868,264.74,159.68,266.8,70.04,303.05,149.08,87.68,416.13,77.23,140.11,167.21,350.02,241.24,502.42,350.49,42.49,97.21
2025-02-21,245.55,303.01,216.58,295.4,177.15,340.04,309.8,63.98,156.92,108.66,625.6,385.3,199.9434,261.48,162.3,264.24,71.35,304.81,144.98,89.5,408.21,76.5,134.43,170.23,344.57,240.03,466.42,348.53,42.76,94.78
2025-02-24,247.1,309.72,212.71,295.53,179.91,338.92,308.32,63.24,157.89,111.2,626.14,382.42,198.0283,261.87,163.74,261.34,70.59,307.57,145.48,91.27,404.0,80.28,130.28,170.54,343.87,248.24,461.52,349.86,43.32,93.67
2025-02-25,247.04,315.63,212.8,293.34,178.27,342.36,305.88,64.27,156.42,110.53,614.91,393.29,200.0,257.75,166.09,257.4,71.49,310.72,146.54,91.43,397.9,81.72,126.63,172.65,353.03,252.51,470.38,352.09,43.71,97.69
2025-02-26,240.36,306.38,214.35,296.1,173.04,342.58,307.33,64.08,155.14,111.83,617.77,390.48,199.3679,255.84,163.08,258.79,70.8,304.27,147.43,89.38,399.73,81.17,131.28,171.3,359.59,248.85,463.59,350.63,43.18,96.2
2025-02-27,237.3,305.82,208.74,294.2,173.83,340.0,294.9,63.81,156.67,111.31,608.0,390.27,200.2547,253.23,163.73,259.05,70.87,309.95,150.52,90.58,392.53,80.02,120.15,171.97,355.51,254.79,468.56,355.74,43.27,96.79
2025-02-28,241.84,308.06,212.28,300.96,174.63,343.95,297.85,64.11,158.62,113.8,622.29,396.6,200.8396,252.44,165.02,264.65,71.21,308.33,155.12,92.25,396.99,79.43,124.92,173.84,362.27,258.49,474.96,362.71,43.1,98.61
2025-03-03,238.03,310.78,205.02,295.49,170.06,332.04,293.06,63.48,153.09,112.79,605.26,389.69,200.0189,250.19,167.28,260.62,72.32,304.29,153.42,93.15,388.49,78.41,114.06,175.59,356.73,260.84,467.05,361.82,43.87,97.59
2025-03-04,235.93,312.19,203.8,283.47,158.9,326.75,287.34,63.26,152.0,109.01,581.14,381.68,196.2264,253.21,165.42,250.25,70.19,305.77,145.86,92.56,388.61,77.32,115.99,173.18,355.28,255.7,474.61,352.23,42.87,94.97
2025-03-05,235.74,316.57,208.36,284.18,163.16,338.49,291.97,63.96,150.81,109.31,593.07,386.35,197.7547,251.35,165.12,251.53,70.08,307.45,147.61,93.19,401.02,77.81,117.3,174.61,362.32,258.03,475.98,352.68,42.84,95.98
2025-03-06,235.33,317.82,200.7,275.64,158.43,341.01,286.05,63.41,152.95,105.43,567.67,381.73,199.3019,248.69,165.83,246.54,70.46,310.37,146.94,94.0,396.89,77.71,110.57,174.66,360.08,256.02,487.72,344.16,44.23,94.64
2025-03-07,239.07,324.86,199.25,273.21,154.18,350.3,282.89,63.94,156.34,105.51,559.67,376.8,202.3774,261.54,166.69,242.28,71.43,321.29,146.3,94.65,393.31,78.59,112.69,175.95,363.62,257.7,493.48,345.32,46.06,91.72
2025-03-10,227.48,327.36,194.54,261.32,148.15,345.21,272.9,62.06,157.57,103.08,531.66,374.65,201.717,256.9,167.7,232.22,71.45,317.25,147.62,95.23,380.16,76.4,106.98,176.26,357.78,256.61,480.22,341.48,46.49,87.82
2025-03-11,220.84,318.89,196.59,255.39,154.06,339.77,277.05,60.67,154.08,97.9,531.43,368.16,196.783,248.95,165.86,229.14,71.04,306.76,147.54,94.73,380.45,74.17,108.76,173.12,353.02,254.56,486.04,332.14,43.43,87.44
2025-03-12,216.98,312.5,198.89,260.75,158.8,338.13,284.58,60.46,152.67,98.76,535.71,364.73,194.6698,249.63,162.85,227.9,69.94,299.4,150.24,93.35,383.27,73.58,115.74,168.37,349.83,251.99,481.11,332.84,42.59,85.2
2025-03-13,209.68,312.64,193.89,256.43,159.32,333.31,271.74,59.67,153.61,96.87,524.81,347.25,194.9906,245.8,162.99,225.19,69.62,297.5,146.1,94.71,378.77,72.64,115.58,168.59,342.1,255.94,481.52,328.55,43.71,84.5
2025-03-14,213.49,313.71,197.95,265.63,161.81,339.64,279.4,60.5,157.02,98.64,541.41,351.31,197.6132,248.35,162.81,232.44,69.16,299.83,150.41,94.57,388.56,71.66,121.67,167.97,341.78,260.91,488.65,331.8,43.57,85.35
2025-03-17,214.0,317.17,195.74,264.38,161.85,342.64,280.75,60.89,158.72,99.36,551.34,354.13,198.5094,252.97,162.84,233.93,70.12,303.97,153.21,94.79,388.7,73.7,119.53,169.76,342.25,265.13,499.02,334.55,43.65,87.46
2025-03-18,212.69,318.65,192.82,262.72,161.57,336.71,278.73,60.3,160.81,99.35,551.78,349.57,197.8679,246.95,164.25,234.97,69.38,303.6,150.92,94.72,383.52,73.31,115.43,167.71,335.53,260.5,503.8,334.77,44.23,85.59
2025-03-19,215.24,315.75,195.54,270.65,172.62,338.62,279.39,61.12,164.05,100.29,557.34,353.42,196.8396,252.29,162.99,239.11,69.28,306.92,153.21,94.02,387.82,72.99,117.52,168.57,334.92,261.32,503.2,339.87,43.94,86.33
2025-03-20,214.1,315.04,194.95,270.83,172.83,336.25,279.03,60.62,164.77,98.86,562.68,355.52,198.9528,243.32,163.02,239.01,69.71,307.0,151.27,94.73,386.84,71.86,118.53,167.55,336.03,259.54,511.3,339.5,43.75,85.81
2025-03-21,218.27,316.04,196.21,270.51,178.11,335.78,280.62,60.3,164.75,99.46,565.14,351.15,198.2264,243.87,163.63,241.63,68.67,305.44,150.36,93.11,391.26,67.94,117.7,166.69,334.41,256.7,516.85,335.66,43.99,85.98
2025-03-24,220.73,314.38,203.26,277.86,180.9,341.67,285.96,60.97,165.02,100.18,580.1,363.77,199.8585,248.45,163.29,248.06,68.95,305.67,153.15,92.31,393.08,67.39,121.41,165.65,342.71,259.44,516.5,343.87,43.56,87.49
2025-03-25,223.75,306.86,205.71,279.28,182.59,342.62,288.61,60.99,165.94,101.61,585.94,360.99,200.1132,249.9,161.02,251.13,68.81,306.92,153.5,87.87,395.16,66.54,120.69,162.85,341.16,259.45,513.43,344.62,43.49,84.76
2025-03-26,221.53,305.71,201.13,276.0,178.55,341.11,280.99,61.8,167.97,100.78,573.92,362.13,201.0566,250.34,161.72,251.03,70.02,313.58,152.68,88.11,389.97,65.74,113.76,166.58,344.42,262.26,518.2,344.18,44.18,85.21
2025-03-27,223.85,305.77,201.36,272.02,179.11,339.3,277.81,61.4,166.65,100.45,558.92,362.73,202.0472,246.21,163.13,248.12,70.74,312.69,148.44,87.6,390.58,65.8,111.43,168.71,345.65,262.68,515.72,349.86,44.96,85.63
2025-03-28,217.9,306.95,192.72,265.48,173.31,329.69,269.97,60.86,166.09,98.07,543.12,358.15,198.434,244.0,163.71,242.85,70.37,307.09,144.84,89.23,378.8,63.29,109.67,168.03,339.75,261.79,516.04,342.85,44.93,85.15
2025-03-31,222.13,311.55,190.26,269.05,170.55,329.8,268.36,61.71,167.29,98.7,546.29,366.49,199.7642,248.66,165.84,245.3,71.62,312.37,146.86,89.76,375.39,63.48,108.38,170.42,349.19,264.46,523.75,350.46,45.36,87.79
2025-04-01,223.19,306.92,192.17,270.48,168.17,330.57,270.2,61.8,168.51,97.68,548.45,365.52,201.3679,250.34,153.25,243.66,71.87,313.63,147.67,87.12,382.19,64.76,110.15,170.56,350.57,264.54,523.12,346.35,45.38,88.83
2025-04-02,223.89,305.7,196.01,275.25,168.56,334.66,271.54,61.82,166.47,97.88,563.1,370.89,203.7642,249.98,155.36,245.82,71.33,311.58,147.76,86.6,382.14,64.96,110.42,169.5,353.66,264.49,523.2,346.33,44.74,89.76
2025-04-03,203.19,309.85,178.41,247.82,150.91,305.76,255.23,57.31,156.12,88.84,511.23,355.91,194.9811,243.49,159.82,228.69,73.18,318.27,139.74,86.39,373.11,55.58,101.8,172.39,340.65,263.1,540.44,339.39,45.62,87.26
2025-04-04,188.38,294.39,171.0,233.68,136.59,288.08,240.76,54.54,143.28,83.53,470.81,353.9,180.1793,227.48,153.24,210.28,69.93,300.11,126.91,81.47,359.84,57.25,94.31,163.75,332.06,242.26,525.05,313.13,43.03,83.19
2025-04-07,181.46,289.69,175.26,234.28,138.86,280.06,244.21,54.41,140.15,83.3,465.51,341.51,176.8491,225.78,150.62,214.44,68.37,299.89,128.55,81.18,357.86,55.61,97.64,160.23,322.81,233.83,524.7,312.32,42.58,83.83
2025-04-08,172.42,280.26,170.66,231.39,139.39,273.94,243.99,53.19,136.93,81.72,462.22,335.24,172.5094,221.03,150.0,216.87,68.42,299.83,127.16,78.95,354.56,53.27,96.3,158.39,313.51,236.53,553.08,308.27,42.17,81.79
2025-04-09,198.85,291.09,191.1,262.36,160.82,301.01,265.17,58.13,146.03,91.44,516.87,355.39,187.8302,235.31,150.97,234.34,69.95,303.96,138.32,81.91,390.49,59.32,114.33,162.32,336.25,248.1,578.5,332.43,42.89,89.6
2025-04-10,190.42,281.41,181.22,246.89,155.52,289.16,255.12,56.59,134.98,85.23,489.8,353.62,182.4434,229.55,148.69,227.11,70.76,306.78,132.97,77.55,381.35,54.4,107.57,163.56,329.91,245.17,594.4,324.61,42.92,90.61
2025-04-11,198.15,285.98,184.87,251.13,156.84,293.45,255.0,57.33,135.63,84.89,494.44,353.86,187.3113,235.48,151.73,236.2,71.43,309.9,135.95,79.18,388.45,54.39,110.93,166.91,336.77,245.13,599.47,333.4,43.73,92.8
2025-04-14,202.52,293.92,182.12,255.38,159.28,298.12,254.55,57.41,135.32,84.66,503.98,357.2,188.9151,239.06,154.36,234.72,72.45,316.07,136.01,79.17,387.81,55.41,110.71,169.13,341.02,250.84,587.06,335.18,44.3,94.73
2025-04-15,202.14,295.3,179.59,257.86,155.52,293.43,254.93,57.2,134.54,85.01,507.89,354.11,187.5566,240.7,153.62,233.13,71.86,312.48,135.26,78.39,385.73,54.83,112.2,168.47,336.88,249.66,583.59,335.81,44.48,93.97
2025-04-16,194.27,282.64,174.33,252.92,156.47,290.14,249.84,55.76,135.36,82.77,499.05,345.99,182.3396,238.57,153.91,229.61,71.68,309.1,130.46,76.46,371.61,53.55,104.49,166.39,331.28,252.48,585.04,331.33,43.61,91.19
2025-04-17,196.98,277.29,172.61,251.31,161.9,294.25,247.26,55.76,137.87,84.81,509.49,355.06,185.4717,238.81,157.47,231.96,73.0,311.3,130.21,78.0,367.78,55.76,101.49,170.63,333.38,255.86,454.11,329.61,44.04,93.22
2025-04-21,193.16,273.68,167.32,242.51,159.34,284.74,236.26,54.37,133.73,84.0,501.36,346.9,183.2358,236.22,156.92,228.99,72.77,308.72,126.09,77.85,359.12,56.12,96.91,165.75,322.3,249.59,425.33,320.1,42.93,92.41
2025-04-22,199.74,278.4,173.18,252.42,162.52,291.17,243.39,55.04,137.3,86.09,519.99,354.43,187.1415,240.9,157.75,235.59,73.9,319.08,136.33,78.97,366.82,57.06,98.89,167.88,331.96,261.31,427.18,331.4,43.19,94.85
2025-04-23,204.6,277.9,180.6,260.14,172.37,295.77,250.48,55.63,136.68,87.29,529.31,356.42,186.1415,245.48,155.38,240.88,73.3,318.48,136.06,78.74,374.39,57.39,102.71,165.73,331.25,259.08,427.96,334.37,42.7,94.96
2025-04-24,208.37,279.84,186.54,267.32,176.26,306.86,264.7,56.29,139.07,90.01,545.37,359.64,189.3774,229.33,154.93,244.64,72.52,316.22,138.88,79.84,387.3,58.48,106.43,159.53,334.44,260.4,424.25,335.71,42.81,95.84
2025-04-25,209.28,280.84,188.99,264.81,177.95,306.45,267.85,56.71,138.73,90.28,544.86,357.58,187.8868,232.41,154.58,243.55,71.91,316.74,137.32,82.74,391.85,57.62,111.01,161.02,331.62,259.16,418.64,335.17,41.91,95.09
2025-04-28,210.14,283.09,187.7,264.95,182.3,307.06,265.64,56.84,140.1,90.16,546.4,356.92,189.3019,236.16,155.35,243.22,71.79,316.81,137.93,83.19,391.16,57.31,108.73,161.85,332.2,261.61,420.0,337.51,42.39,95.22
2025-04-29,211.21,288.56,187.39,267.02,182.0,307.4,267.76,57.34,139.3,91.17,548.92,359.0,199.5189,239.39,155.91,244.62,72.35,314.5,138.38,84.71,394.04,57.54,109.02,162.26,348.13,264.05,409.23,341.52,42.95,96.04
2025-04-30,212.5,290.92,184.42,266.41,183.24,309.27,268.71,57.73,136.06,90.95,547.55,360.49,198.5849,241.82,156.31,244.62,72.55,319.65,138.91,85.2,395.26,56.4,108.92,162.57,352.92,264.13,411.44,345.5,44.06,97.25
2025-05-01,213.32,283.78,190.2,268.54,182.89,313.96,269.33,58.12,136.26,90.81,553.83,358.3,198.8113,239.66,154.46,246.89,71.29,313.64,137.9,83.26,425.4,56.76,111.61,159.98,353.64,261.45,400.68,342.45,43.3,97.41
2025-05-02,205.35,281.22,189.98,276.85,185.46,323.68,275.08,59.33,138.5,92.49,566.1,364.52,202.0094,245.55,156.12,252.51,71.65,311.96,142.08,83.18,435.28,58.59,114.5,160.52,359.64,267.41,399.92,347.6,43.74,98.75
2025-05-05,198.89,280.06,186.35,278.03,186.46,323.11,272.63,59.32,135.5,92.11,559.56,361.73,202.1226,249.18,155.0,252.56,71.7,315.72,140.8,82.84,436.17,57.35,113.82,158.83,359.82,267.54,404.81,348.64,43.54,99.33
2025-05-06,198.51,270.44,185.01,275.37,185.96,320.89,273.36,59.22,135.6,92.17,549.36,359.38,198.0472,249.12,154.47,249.25,71.72,316.79,138.02,79.04,433.31,57.04,113.54,159.25,352.52,268.05,394.51,347.7,44.15,98.55
2025-05-07,196.25,275.84,188.71,276.24,185.56,320.29,278.23,59.57,135.79,102.09,551.92,362.75,202.4623,253.37,157.3,249.39,72.4,318.13,138.64,79.12,433.35,58.62,117.06,159.29,351.58,268.86,391.06,349.85,43.89,98.83
2025-05-08,197.49,272.05,192.08,283.66,191.7,324.25,279.74,59.71,137.04,105.12,565.7,364.86,202.3962,254.14,155.66,253.47,71.17,313.49,141.12,77.65,438.17,58.91,117.37,158.65,353.57,270.82,385.55,351.27,43.61,97.43
2025-05-09,198.53,265.86,193.06,284.51,194.85,325.62,275.42,59.77,138.49,105.94,567.1,362.71,200.9717,249.2,154.22,253.08,70.52,313.68,142.6,75.97,438.73,58.3,116.65,157.66,351.86,269.75,380.64,352.54,43.61,96.72
2025-05-12,210.79,274.76,208.64,298.92,198.53,342.55,288.82,61.67,141.62,110.49,591.34,376.59,206.9245,253.69,154.14,260.05,69.53,311.92,150.33,80.43,449.26,62.58,123.0,160.9,357.15,268.06,378.75,355.85,43.0,96.75
2025-05-13,212.93,270.45,211.37,302.3,203.42,352.54,289.17,61.78,142.35,111.38,603.81,373.6,205.8679,258.59,148.44,263.01,68.96,308.69,150.74,76.63,449.14,62.39,129.93,158.73,356.04,264.92,311.38,356.14,42.65,95.88
2025-05-14,212.33,262.28,210.25,300.1,204.72,349.66,290.74,61.29,141.67,112.94,611.6,372.81,204.8868,257.82,146.36,265.64,69.16,307.5,147.88,73.47,452.94,61.73,135.34,158.02,351.37,262.59,308.01,356.46,42.35,96.83
2025-05-15,211.45,271.69,205.17,299.55,206.24,349.81,290.76,64.26,142.26,112.22,615.9,378.63,209.7075,266.68,149.61,267.49,71.61,314.48,148.74,74.8,453.13,62.4,134.83,162.41,361.45,270.9,274.35,362.3,43.48,96.35
2025-05-16,211.26,272.41,205.59,299.72,205.82,353.58,291.15,63.62,142.1,113.42,619.03,380.78,210.2642,266.76,151.33,267.56,72.0,318.61,153.11,76.06,454.27,63.11,135.4,163.28,363.51,273.63,291.91,365.12,43.99,98.24
2025-05-19,208.78,275.85,206.16,299.3,205.25,352.57,287.63,63.92,138.49,112.66,612.3,379.38,212.2076,268.41,152.49,264.88,71.93,321.23,154.14,77.23,458.87,62.08,135.57,164.77,362.0,274.54,315.89,367.9,44.31,98.12
2025-05-20,206.86,275.01,204.07,296.17,207.67,349.49,288.06,63.42,137.27,112.36,606.52,377.05,212.3208,266.95,153.66,265.68,71.69,319.8,154.15,77.97,458.17,62.56,134.38,165.64,359.1,273.71,321.58,366.84,44.22,97.8
2025-05-21,202.09,271.34,201.12,286.0,203.21,342.51,282.28,63.2,135.56,110.46,593.46,370.84,209.3113,260.87,153.18,261.04,71.85,316.44,149.4,76.98,452.57,59.98,131.8,165.43,353.94,271.15,302.98,358.3,43.75,96.43
2025-05-22,201.36,271.9,203.1,287.18,203.41,345.19,283.42,63.36,135.29,111.13,598.23,366.13,210.9717,258.37,152.61,260.67,71.14,314.31,149.78,77.84,454.86,61.32,132.83,165.03,352.94,271.08,296.67,357.97,43.13,95.93
2025-05-23,195.27,271.66,200.99,285.22,202.36,343.39,273.13,63.11,136.54,109.72,598.54,362.71,209.4623,258.63,152.94,260.71,71.77,314.57,147.62,77.58,450.18,60.02,131.29,165.86,352.51,271.04,295.57,353.54,43.32,96.34
2025-05-27,200.21,279.45,206.02,293.76,201.03,351.51,277.19,63.75,137.83,112.36,615.73,370.4,213.6415,263.23,153.25,265.29,71.78,314.95,149.49,77.59,460.69,62.83,135.5,167.76,359.32,275.88,295.0,359.3,43.5,97.58
2025-05-28,200.42,278.4,204.72,293.36,201.5,349.49,276.03,63.34,136.02,111.52,608.44,368.06,211.8962,260.24,152.43,263.49,71.15,312.84,148.66,76.17,457.36,61.78,134.81,167.36,354.73,273.65,298.11,359.73,43.13,97.24
2025-05-29,199.95,283.54,205.7,295.38,208.18,351.79,266.92,63.05,137.91,112.02,604.86,368.29,212.4434,258.69,153.58,264.37,71.49,311.86,149.63,76.4,458.68,61.44,139.19,168.56,355.75,274.41,298.17,362.4,43.33,97.1
2025-05-30,200.85,288.18,205.01,294.05,207.32,348.03,265.37,63.04,136.7,113.04,600.45,368.29,213.8396,259.06,155.21,264.0,72.1,313.85,148.35,76.84,460.36,60.59,135.13,169.89,358.81,275.7,301.91,365.19,43.96,98.72
2025-06-02,201.7,288.47,206.65,295.33,211.47,344.67,261.62,63.85,137.84,112.95,598.72,367.96,212.7547,263.9,155.4,264.66,72.0,312.68,146.4,76.25,461.97,61.57,137.38,167.78,355.44,276.34,304.72,365.32,44.1,99.77
2025-06-03,203.27,289.57,205.71,297.39,213.43,349.4,264.47,64.36,139.55,113.6,603.83,373.08,213.934,265.2,154.42,266.27,71.16,312.39,148.13,77.14,462.97,62.37,141.22,166.85,357.76,276.07,301.22,365.86,43.83,99.98
2025-06-04,202.82,287.01,207.23,295.93,211.98,349.33,263.17,64.39,137.37,113.49,599.21,372.4,214.5755,265.52,153.22,264.22,71.37,311.57,146.81,78.27,463.87,62.77,141.92,165.95,362.22,271.86,300.38,368.0,43.24,99.35
2025-06-05,200.63,287.1,207.91,295.96,209.02,348.96,267.14,64.62,136.9,112.53,605.88,369.28,213.8396,266.86,153.66,261.95,70.91,308.98,146.26,77.62,467.68,62.67,139.99,162.8,357.88,271.02,295.84,366.77,43.3,97.96
2025-06-06,203.92,290.33,213.57,302.47,210.8,353.35,274.51,66.06,140.21,113.9,614.0,367.33,215.8302,268.87,155.03,265.73,71.35,307.36,145.5,78.97,470.38,62.8,141.72,164.02,357.48,273.69,303.22,370.22,43.8,97.47
2025-06-09,201.45,289.98,216.98,301.56,217.51,358.07,272.25,65.9,140.76,115.66,613.52,365.2,214.2736,272.08,155.23,266.74,71.77,304.78,144.23,79.33,472.75,61.91,142.63,162.56,357.95,267.78,303.19,366.66,43.65,97.45
2025-06-10,202.67,293.43,217.61,299.52,215.73,358.57,268.22,65.15,143.35,118.73,614.87,367.91,213.4528,276.24,156.45,268.6,72.35,300.43,145.06,81.35,470.92,63.87,143.96,162.84,360.73,263.0,303.79,370.7,44.13,97.32
2025-06-11,198.78,291.81,213.2,299.1,214.0,363.14,265.91,64.19,144.78,119.52,624.17,360.46,213.0377,281.52,155.26,268.15,72.07,301.72,147.18,80.32,472.62,63.11,142.83,162.11,357.13,261.27,310.56,373.31,43.74,95.8
2025-06-12,199.2,297.29,213.24,297.99,203.75,360.96,266.91,65.1,144.97,118.61,625.11,363.16,213.2547,281.03,156.66,268.24,72.24,303.16,144.77,81.82,478.87,62.8,145.0,163.18,356.2,265.95,318.5,371.4,43.16,94.83
2025-06-13,196.45,295.22,212.1,287.79,200.32,357.05,258.4,64.09,145.91,117.94,613.54,354.66,211.5943,277.22,157.1,264.95,71.02,301.91,142.32,81.71,474.96,60.53,141.97,160.28,335.88,263.47,313.53,352.85,43.01,94.44
2025-06-16,198.42,295.56,216.1,294.22,201.7,362.44,263.88,65.51,146.03,119.48,627.85,353.56,211.4057,281.83,155.22,270.36,70.52,296.29,145.07,80.96,479.14,61.9,144.69,160.88,335.76,265.14,307.66,355.48,42.5,94.29
2025-06-17,195.64,290.05,214.82,292.81,200.26,357.68,262.76,65.33,148.85,118.13,624.64,348.78,209.2358,283.05,152.38,269.52,69.62,292.31,142.21,78.28,478.04,60.0,144.12,158.52,331.03,264.41,308.87,357.84,41.85,94.25
2025-06-18,196.58,289.63,212.52,296.42,197.68,359.8,259.5,65.84,148.19,117.86,635.24,347.03,209.3113,283.21,150.73,273.96,69.21,289.63,142.51,79.29,480.24,59.51,145.48,158.02,331.47,264.9,307.2,340.38,41.67,95.09
2025-06-20,201.0,289.33,209.69,298.59,198.75,360.52,260.63,66.32,149.55,117.63,640.8,349.62,209.2453,280.97,149.79,275.0,68.84,287.46,144.03,79.06,477.4,59.79,143.85,159.08,333.5,264.98,302.01,338.57,41.7,96.12
2025-06-23,201.5,272.44,208.47,299.63,201.31,366.23,263.41,67.38,146.86,117.75,646.88,356.96,212.0189,289.18,151.32,278.27,69.74,289.52,147.6,80.16,486.0,60.78,144.17,161.03,343.77,267.62,300.68,343.75,42.36,97.87
2025-06-24,200.3,277.49,212.77,308.38,200.94,373.02,271.17,67.89,143.55,118.65,662.11,360.42,211.8868,293.79,152.19,281.26,70.21,291.47,149.87,80.32,490.11,61.42,147.9,160.36,345.69,266.14,305.62,351.63,42.63,98.0
2025-06-25,201.56,280.35,211.99,308.59,198.9,371.58,267.76,68.19,143.23,119.42,669.87,361.86,209.2358,291.06,152.28,284.06,69.63,285.55,147.75,79.67,492.27,60.83,154.31,158.97,343.62,260.81,302.02,345.26,42.12,97.26
2025-06-26,201.0,279.11,217.12,311.42,202.58,381.88,270.74,68.95,144.44,121.46,687.16,363.5,213.5661,291.93,152.01,288.75,69.47,285.63,150.76,78.83,497.45,62.54,155.02,158.63,341.87,262.95,302.62,346.03,42.1,96.02
2025-06-27,201.08,277.13,223.3,317.19,214.55,384.71,273.42,68.65,143.79,122.34,690.81,368.74,215.8962,289.7,152.41,287.11,70.33,291.55,152.02,79.1,495.94,72.04,157.75,159.86,345.72,263.31,309.11,348.61,42.31,97.27
2025-06-30,205.17,279.21,219.39,318.98,209.53,388.21,272.69,69.38,143.19,124.01,707.75,366.64,219.6981,294.78,152.75,289.91,70.75,292.17,152.24,79.16,497.41,71.04,157.99,159.32,343.36,267.54,311.97,355.05,43.27,97.78
2025-07-01,207.82,290.52,220.46,322.53,209.79,390.92,271.91,69.1,145.57,123.49,706.46,373.16,225.2547,291.2,155.92,290.41,71.67,297.49,153.81,81.81,492.05,73.41,153.3,161.22,355.3,267.0,326.14,355.47,43.68,98.24
2025-07-02,212.44,296.85,219.92,325.61,212.03,398.43,269.21,68.59,147.98,122.98,715.89,371.85,225.717,287.65,155.56,292.0,70.91,294.63,153.97,82.39,491.09,76.39,157.25,161.2,352.51,257.34,307.56,354.22,43.59,97.61
2025-07-03,213.55,298.24,223.41,328.13,215.92,397.86,272.15,69.37,148.37,124.0,723.68,371.68,226.7925,291.97,156.01,296.0,71.35,294.08,152.94,80.93,498.84,76.39,159.34,160.83,354.0,264.13,308.55,358.86,43.55,98.36
2025-07-07,209.95,292.95,223.47,322.73,218.63,391.51,269.8,68.93,147.4,123.16,710.93,367.64,225.8019,292.47,155.27,291.97,71.01,293.53,151.84,80.9,497.72,76.53,158.24,160.5,346.29,258.99,303.71,356.64,42.8,99.35
2025-07-08,210.01,297.0,219.36,316.98,218.52,394.29,273.65,68.59,153.24,121.82,697.28,367.5,226.2264,290.42,155.79,282.78,70.24,291.67,153.74,81.37,496.62,73.92,160.0,157.89,346.0,256.39,307.7,354.55,43.06,97.09
2025-07-09,211.14,296.52,222.54,317.35,226.6,402.18,270.92,69.27,153.02,120.61,696.56,371.04,225.2076,290.14,156.28,283.16,69.48,293.02,155.98,83.71,503.51,73.56,162.88,157.52,351.54,255.32,302.91,357.76,42.61,96.81
2025-07-10,212.41,300.37,222.26,325.24,226.09,408.33,263.97,68.76,154.17,121.56,709.12,373.3,223.3679,287.43,157.69,288.19,69.77,298.39,157.32,84.02,501.48,74.62,164.1,158.49,351.83,255.99,299.51,355.88,42.03,94.86
2025-07-11,211.16,295.27,225.02,319.47,226.84,405.92,258.07,67.95,155.31,119.87,704.95,370.07,222.5755,283.59,156.9,286.86,69.87,299.91,155.84,83.36,503.32,72.63,164.92,157.05,345.93,254.48,304.1,347.93,41.62,94.4
2025-07-14,208.62,297.03,225.69,320.92,230.51,405.77,259.68,67.82,151.65,119.97,713.3,370.11,224.5849,283.79,156.82,288.7,69.47,301.88,157.91,83.67,503.02,72.25,164.07,153.76,344.5,255.47,300.58,350.5,41.58,95.78
2025-07-15,209.11,292.51,226.35,310.65,230.0,404.64,257.58,67.18,150.69,118.98,702.51,358.64,221.9811,282.7,155.17,286.55,69.36,299.62,156.59,81.52,505.82,71.99,170.7,152.68,339.05,250.62,291.71,347.02,41.26,95.39
2025-07-16,210.16,299.02,223.19,311.9,229.9,412.88,257.95,67.37,149.92,119.82,708.82,357.4,223.4717,281.92,164.78,285.82,69.27,298.9,157.56,82.43,505.62,72.1,171.37,153.73,339.86,252.19,292.49,349.9,41.25,95.15
2025-07-17,210.02,298.25,223.88,315.35,231.0,418.07,259.88,68.3,151.38,122.21,705.84,359.04,224.8774,282.0,162.98,289.9,70.59,300.37,159.04,81.52,511.7,72.98,173.0,155.62,339.9,261.81,288.07,349.81,40.95,95.09
2025-07-18,211.18,294.76,226.13,307.95,229.34,413.71,262.38,68.05,150.04,121.42,708.26,359.4,223.151,285.87,163.7,291.27,69.85,297.07,153.23,79.96,510.05,72.47,172.41,155.1,340.07,265.97,282.65,349.05,40.84,95.05
2025-07-21,212.48,295.87,229.3,302.97,229.32,410.07,262.28,68.34,149.68,120.84,706.0,364.04,221.9057,284.71,164.36,290.97,70.07,295.74,152.82,79.31,510.06,74.02,171.38,155.03,341.3,263.24,282.14,350.94,42.49,95.67
2025-07-22,214.4,305.69,227.47,304.14,228.48,417.19,263.59,68.16,150.04,121.06,700.41,371.01,223.1887,281.96,167.93,291.43,69.66,299.17,151.2,81.61,505.27,75.39,167.03,158.32,340.07,266.78,285.13,351.86,42.96,95.85
2025-07-23,214.15,309.22,228.29,308.66,233.88,427.59,267.22,68.62,153.12,122.94,717.52,376.35,225.7264,282.01,169.1,296.76,69.16,298.12,150.82,83.98,505.87,76.75,170.78,158.28,342.94,264.74,292.51,355.29,42.84,95.68
2025-07-24,213.76,308.55,232.23,308.25,231.27,429.52,267.7,68.29,155.83,121.95,719.18,373.09,211.7736,260.51,169.56,296.55,69.1,294.48,149.3,84.11,510.88,75.42,173.74,158.81,340.21,261.99,278.58,353.97,43.08,96.6
2025-07-25,213.88,306.58,231.44,311.61,233.06,433.75,269.11,68.69,154.84,121.47,728.98,375.34,211.5472,259.72,168.3,298.62,69.17,298.47,151.27,84.71,513.71,76.27,173.5,158.3,340.1,261.05,281.06,357.04,43.08,97.47
2025-07-28,214.05,301.29,232.79,310.74,236.41,432.94,270.25,67.92,156.28,120.37,723.65,377.23,212.3396,263.21,166.22,298.28,68.09,299.22,152.05,84.06,512.5,79.24,176.75,157.11,336.16,254.91,282.12,355.47,42.36,97.61
2025-07-29,211.27,303.56,231.01,308.54,226.08,430.05,267.39,67.96,157.03,119.91,731.98,377.34,209.1698,262.41,168.11,297.04,69.38,302.67,151.79,82.63,512.57,78.33,175.51,156.61,336.97,259.82,261.07,351.29,42.71,98.33
2025-07-30,209.05,301.37,230.19,303.41,225.84,434.12,264.81,68.275,153.56,119.54,730.75,372.08,209.5849,260.26,167.26,299.63,68.75,303.61,146.62,81.75,513.24,76.68,179.27,152.88,331.98,258.92,266.04,350.91,42.6,97.59
2025-07-31,207.57,295.1,234.11,299.31,221.84,438.02,258.33,68.08,151.64,119.11,723.59,367.51,209.7642,253.15,164.74,296.24,67.89,300.07,149.22,78.12,533.5,74.69,177.87,150.47,330.88,260.24,249.56,345.47,42.76,97.98
2025-08-01,202.38,296.88,214.75,294.27,221.9,428.69,250.74,67.11,151.4,116.59,709.57,373.66,205.3868,250.05,167.33,289.37,68.86,302.89,144.41,79.29,524.11,74.62,173.72,150.65,343.41,258.32,237.77,339.35,42.88,98.49
2025-08-04,203.35,301.94,211.65,298.59,222.34,433.7,252.32,68.49,151.04,119.35,726.03,380.82,208.2925,251.98,171.04,294.26,68.96,304.23,147.87,79.86,535.64,74.82,180.0,150.76,347.85,263.0,240.98,342.15,42.95,99.59
2025-08-05,202.92,300.08,213.75,296.64,224.86,434.23,247.49,67.52,153.04,118.32,720.91,385.41,208.5472,250.67,170.74,291.37,69.05,298.77,150.09,80.79,527.75,74.38,178.26,150.51,352.09,265.17,251.0,337.43,42.67,99.31
2025-08-06,213.25,284.67,222.31,295.54,225.04,427.72,249.17,69.21,152.78,115.17,724.74,386.8,206.8207,252.28,170.59,291.35,69.51,307.66,150.82,79.44,524.94,75.48,179.42,152.86,350.73,267.58,245.78,339.74,42.35,103.36
2025-08-07,220.03,284.7,223.13,294.73,227.33,417.12,240.88,69.9,153.16,112.88,719.74,386.17,204.3208,250.16,171.53,286.94,70.43,307.91,151.74,80.37,520.84,74.35,180.77,153.49,349.93,265.36,244.67,332.09,42.95,103.12
2025-08-08,229.35,288.23,222.69,297.43,229.12,416.52,240.51,71.79,155.01,112.43,721.27,387.85,204.066,242.27,173.33,288.76,70.34,305.45,153.3,80.69,522.04,74.19,182.7,153.51,352.16,264.87,250.89,336.78,43.15,103.73
2025-08-11,227.18,285.09,221.3,296.23,225.96,408.54,232.68,70.67,153.45,112.55,719.24,387.53,204.1981,236.3,173.82,289.56,70.75,304.36,155.31,80.03,521.77,74.02,182.06,154.98,354.58,264.26,252.37,335.9,43.18,103.93
2025-08-12,229.65,284.98,221.47,303.21,232.61,412.71,231.66,71.38,154.44,113.72,743.38,396.0,204.7264,234.77,172.78,292.85,70.71,301.64,157.85,80.3,529.24,74.9,183.16,155.09,358.09,263.93,261.57,336.74,43.25,103.62
2025-08-13,233.33,289.33,224.56,306.87,233.37,413.7,237.03,70.4,155.87,116.64,744.69,407.18,207.3019,240.07,174.42,290.53,70.46,305.07,160.2,82.71,520.58,77.2,181.59,155.41,368.83,269.3,271.81,342.55,43.71,100.99
2025-08-14,232.78,290.29,230.98,307.73,233.19,417.5,233.37,69.3,155.16,116.31,747.2,400.32,205.8491,237.11,174.72,294.16,69.55,308.95,156.65,82.76,522.48,76.39,182.02,153.74,365.57,268.59,271.49,345.49,43.5,100.85
2025-08-15,231.59,296.47,231.03,305.47,235.26,407.79,242.44,66.2,156.55,115.39,730.72,399.38,204.5,239.72,176.64,290.49,69.92,308.93,152.39,84.21,520.17,76.97,180.45,154.36,364.4,265.59,304.01,344.47,44.24,100.0
2025-08-18,230.89,292.62,231.49,307.05,232.41,412.64,243.97,66.95,155.32,116.55,730.96,394.7,204.1509,239.45,176.25,291.53,69.13,308.7,152.86,84.22,517.1,77.43,182.01,155.72,358.85,264.92,308.49,342.74,44.39,100.7
2025-08-19,230.56,295.55,228.01,306.1,225.0,416.09,246.0,66.76,152.0,116.27,721.38,407.2,204.4717,241.28,177.8,290.66,70.13,310.93,154.34,84.93,509.77,76.88,175.64,158.4,367.93,268.87,304.24,342.45,44.94,101.29
2025-08-20,226.01,296.45,223.81,308.4,225.62,420.59,246.45,67.11,153.22,117.04,720.68,401.74,204.717,242.55,178.84,292.24,70.7,313.08,154.75,84.66,505.72,76.26,175.4,159.51,367.13,274.39,299.84,343.93,45.06,102.57
2025-08-21,224.9,295.76,221.95,308.17,224.46,417.89,245.83,67.02,155.55,116.21,715.95,397.7,205.1132,239.4,178.93,291.47,70.66,313.22,154.38,86.08,504.24,76.18,174.98,158.73,363.86,274.92,303.35,343.69,45.03,97.96
2025-08-22,227.76,293.72,228.84,319.16,230.12,435.67,248.29,67.32,158.18,118.86,741.89,412.79,210.217,242.09,179.29,296.24,70.13,314.07,158.72,87.37,507.23,78.38,177.99,158.67,372.93,276.29,307.42,350.04,44.44,96.83
2025-08-25,227.16,288.47,227.94,315.8,226.87,432.3,247.87,67.14,158.2,117.71,738.79,408.9,208.1226,239.43,178.41,294.9,68.93,313.44,155.85,85.31,504.26,79.17,179.81,156.15,367.0,272.34,304.86,348.82,44.23,96.07
2025-08-26,229.31,289.58,228.71,320.6,234.83,431.26,243.74,68.39,157.36,117.65,748.95,407.54,209.9623,242.63,176.49,298.57,68.73,312.94,156.57,84.99,502.04,78.65,181.77,155.97,366.46,270.89,300.43,351.18,43.96,96.05
2025-08-27,230.49,287.97,229.12,322.46,235.62,432.67,250.16,68.44,159.24,118.09,749.67,408.24,208.7264,244.84,176.79,299.28,68.83,311.43,156.53,84.07,506.74,78.06,181.6,156.96,367.4,272.21,303.88,350.35,44.27,96.08
2025-08-28,232.56,285.61,231.6,326.99,236.16,434.91,254.53,69.43,159.32,117.64,751.22,407.45,208.8208,245.73,175.45,301.07,68.36,312.22,157.56,83.21,509.64,77.92,180.17,155.65,366.18,270.28,302.29,349.86,43.93,96.11
2025-08-29,232.14,287.71,229.0,331.28,234.68,419.04,256.25,69.09,160.6,118.38,745.25,406.77,207.0755,243.49,177.17,301.42,68.99,313.54,155.53,84.12,506.69,77.37,174.18,157.04,365.83,271.51,309.87,351.78,44.23,96.98
2025-09-02,229.72,286.92,225.34,331.18,237.38,416.05,252.86,67.8,161.83,118.27,730.85,406.31,205.283,241.5,178.06,299.7,69.06,315.76,154.27,85.48,505.12,74.29,170.78,157.99,360.92,273.35,308.8,350.07,43.8,97.85
2025-09-03,238.47,283.85,225.99,323.71,232.38,415.12,256.45,67.67,158.06,117.38,730.56,407.71,201.8868,244.1,178.0,299.51,68.99,316.39,152.0,84.18,505.35,74.74,170.62,158.17,363.03,276.55,307.88,350.87,43.74,99.44
2025-09-04,239.78,280.1,235.68,330.65,230.75,420.22,244.01,67.99,157.69,118.81,748.9,411.69,202.9811,247.18,178.76,303.82,68.25,316.99,155.52,84.05,507.97,75.35,171.66,159.19,365.78,279.43,310.38,350.99,44.18,100.93
2025-09-05,239.69,283.64,232.33,326.22,229.61,423.08,250.76,66.9,153.66,117.91,738.21,418.95,202.1226,248.53,178.43,294.38,67.96,314.38,155.3,84.71,495.0,73.91,167.02,160.02,372.43,275.22,315.39,343.22,44.38,100.51
2025-09-08,237.88,280.19,235.84,325.41,230.95,422.78,252.27,66.88,154.0,118.84,741.85,419.94,202.5943,256.09,178.13,292.91,67.43,312.8,154.0,84.09,498.2,74.15,168.31,159.01,375.23,274.48,320.25,342.3,43.32,102.28
2025-09-09,234.35,279.97,238.24,324.34,229.52,418.09,252.06,67.34,154.85,117.37,763.92,415.34,202.0755,259.11,176.96,297.85,67.86,312.52,153.08,84.61,498.41,73.6,170.76,159.46,361.38,273.55,347.92,343.99,43.57,102.29
2025-09-10,226.79,278.51,230.33,323.35,227.52,422.91,242.57,68.13,157.79,115.79,769.58,413.23,199.717,256.88,175.79,300.54,67.82,305.94,153.57,84.03,500.37,74.25,177.33,157.35,357.45,272.33,346.78,338.12,43.49,100.41
2025-09-11,230.03,282.73,229.95,329.32,219.99,431.38,246.28,67.69,158.25,117.08,784.73,423.42,203.1226,257.01,178.5,305.56,67.62,308.43,159.47,85.15,501.01,74.33,177.17,158.63,368.68,279.43,353.61,343.49,44.14,102.65
2025-09-12,234.07,276.39,228.15,325.31,215.94,431.52,242.76,66.53,157.11,115.96,780.06,422.69,199.4906,253.44,178.06,306.91,67.01,305.4,157.87,82.81,509.9,73.0,177.82,157.9,360.1,278.93,352.51,339.43,43.97,103.49
2025-09-15,236.7,274.4,231.43,327.26,215.75,435.94,242.52,67.02,157.31,115.62,786.76,422.71,199.7547,256.24,177.4,308.9,66.21,302.07,156.66,81.02,515.36,73.03,177.75,156.83,357.08,276.3,347.89,339.05,43.87,103.69
2025-09-16,238.15,273.085,234.05,327.04,215.02,440.67,239.31,66.93,159.54,115.23,785.53,421.45,199.0094,257.52,176.46,309.19,66.24,303.29,156.5,81.09,509.04,72.75,174.88,158.05,353.2,271.95,339.78,340.03,43.74,103.42
2025-09-17,238.99,274.71,231.62,336.0,214.63,450.66,242.21,67.72,160.09,116.1,794.22,417.0,199.6981,259.08,177.2,311.75,67.04,304.97,155.16,81.14,510.02,72.31,170.29,160.33,350.21,275.03,341.61,346.2,44.21,104.27
2025-09-18,237.88,275.83,231.23,341.67,215.66,466.96,244.28,68.68,158.84,114.86,804.31,417.48,198.3019,265.0,174.16,313.23,66.46,301.14,155.4,81.53,508.45,72.1,176.24,157.32,349.56,277.9,334.82,338.18,43.67,103.6
2025-09-19,245.5,285.41,231.48,341.12,215.65,466.54,247.09,68.21,156.21,113.76,805.0,415.69,197.5189,266.4,176.19,314.78,66.43,302.38,156.6,81.51,517.93,70.89,176.67,156.04,346.8,277.0,336.69,341.61,43.48,102.33
2025-09-22,256.08,286.0,227.63,340.98,212.09,472.1,249.69,67.75,156.05,112.56,805.56,412.0,197.1698,271.37,174.21,312.44,66.21,302.99,153.86,80.4,514.45,71.28,183.61,153.07,346.41,276.11,341.3,344.36,43.16,102.82
2025-09-23,254.43,286.81,220.71,341.47,216.34,471.26,244.56,67.54,157.42,112.25,806.32,410.91,197.4623,272.24,176.58,312.74,66.71,303.19,156.29,79.96,509.23,70.93,178.43,152.5,344.45,276.26,347.69,338.7,43.35,102.52
2025-09-24,252.31,279.22,220.21,340.48,215.1,469.79,245.89,67.32,159.18,113.43,792.43,409.77,196.7925,267.53,176.69,313.42,66.45,304.33,154.6,79.67,510.15,71.22,176.97,152.42,342.96,276.66,351.81,338.68,43.18,102.73
2025-09-25,256.87,271.18,218.15,340.18,213.53,463.72,240.95,67.85,160.72,112.99,794.76,407.45,195.9434,281.44,177.73,313.45,65.98,302.3,153.03,77.6,507.03,69.24,177.69,152.15,340.1,274.22,345.56,334.93,43.35,103.05
2025-09-26,255.46,272.98,219.78,341.68,221.26,465.76,243.43,67.22,160.16,113.47,802.51,410.09,196.4057,284.31,179.71,316.06,65.67,305.24,152.81,78.56,511.46,69.31,178.19,152.5,341.91,277.76,344.08,337.37,43.61,103.16
2025-09-29,254.43,273.97,222.17,342.31,217.08,471.61,245.1,67.72,156.1,114.78,804.12,406.8,197.434,279.8,181.62,315.69,66.04,302.99,154.08,78.58,514.6,69.55,181.85,153.53,342.92,276.5,345.18,340.16,43.25,103.08
2025-09-30,254.63,282.2,219.57,332.16,215.83,477.15,237.0,68.42,155.29,114.5,796.35,405.19,198.5849,282.16,185.42,315.43,66.32,303.89,155.18,83.93,517.95,69.73,186.58,153.65,346.26,279.22,345.3,341.38,43.95,103.06
2025-10-01,255.45,298.5,220.63,328.56,215.2,480.82,235.69,68.75,154.58,112.95,785.51,397.02,198.283,286.49,186.05,310.71,66.78,300.52,156.0,90.13,519.71,74.2,187.24,153.18,341.22,277.24,348.3,347.83,43.83,101.96
2025-10-02,257.13,297.4,222.41,330.48,217.43,490.57,238.88,68.31,153.37,112.14,779.38,395.01,199.066,286.72,185.98,307.55,66.1,299.88,158.8,89.51,515.74,74.57,188.89,152.05,343.9,280.04,353.72,345.95,43.4,101.7
2025-10-03,258.02,297.89,219.51,330.24,216.3,497.85,240.36,67.92,153.55,112.47,789.98,395.06,197.217,288.37,188.64,310.03,66.65,300.98,158.66,89.19,517.35,71.93,187.62,152.27,346.6,284.56,360.2,349.84,43.67,102.07
2025-10-06,256.69,294.12,220.9,331.99,219.73,495.38,245.78,68.91,154.02,112.75,796.78,389.33,197.1698,289.42,188.16,309.18,66.1,296.04,155.93,88.8,528.57,71.17,185.54,150.41,336.91,282.73,358.77,349.28,41.44,102.7
2025-10-07,256.48,295.54,221.78,327.97,221.82,486.71,239.74,68.985,154.91,112.53,789.65,386.81,197.1509,293.87,188.89,307.69,66.79,296.32,155.33,87.61,523.98,68.91,185.04,152.54,337.0,284.97,363.66,352.42,41.4,103.24
2025-10-08,258.06,294.62,225.22,323.82,225.32,502.12,240.43,70.33,153.74,111.89,776.51,383.79,197.9717,289.46,189.69,304.03,66.12,294.4,156.0,86.4,524.85,69.09,189.11,150.69,337.57,282.76,369.92,351.36,41.32,102.9
2025-10-09,254.04,295.43,227.74,324.44,216.0,500.36,245.33,69.96,151.64,110.99,779.96,377.69,192.6698,288.23,191.08,305.53,66.37,293.81,152.88,87.5,522.4,68.06,192.57,150.58,333.22,274.41,367.69,347.04,40.83,101.77
2025-10-10,245.27,290.13,216.37,316.26,210.73,491.3,241.68,67.94,148.9,109.19,764.36,375.75,189.5377,277.82,190.72,300.89,67.04,297.01,148.75,85.99,510.96,65.22,183.16,149.69,332.81,270.12,354.5,343.65,39.85,101.84
2025-10-13,247.66,292.405,220.07,323.12,215.56,504.76,248.75,67.46,151.94,110.27,786.78,379.37,191.4245,277.22,190.9,307.97,66.8,300.11,151.1,85.7,514.05,67.38,188.32,147.49,332.16,270.38,358.66,343.3,39.75,102.12
2025-10-14,247.77,293.85,216.39,332.85,214.3,527.47,239.77,68.66,152.39,111.17,770.76,387.72,196.8019,276.15,190.85,302.08,67.51,304.56,152.53,84.7,513.57,67.64,180.03,149.16,335.27,275.64,359.93,348.38,40.55,107.21
2025-10-15,249.34,297.32,215.57,330.66,214.0,534.05,236.58,69.52,152.11,111.71,767.93,388.3,191.0377,280.75,191.17,305.69,67.08,305.25,153.47,84.11,513.43,68.46,179.83,147.42,332.73,269.45,361.15,345.69,40.38,109.03
2025-10-16,247.45,295.81,214.47,323.12,211.89,540.96,246.0,69.09,151.71,109.88,758.09,387.39,191.6698,275.97,192.12,298.54,67.59,305.33,151.41,83.92,511.61,66.84,181.81,149.6,331.46,261.57,356.67,335.4,40.36,106.47
2025-10-17,252.29,298.81,213.04,346.62,212.94,527.08,243.08,70.13,153.08,110.67,750.77,391.9,191.4717,281.28,193.22,297.56,68.44,308.09,152.64,84.79,513.58,67.37,183.22,151.4,330.74,262.01,356.6,341.89,40.55,107.73
2025-10-20,262.24,303.33,216.48,349.48,216.82,531.18,254.28,70.65,154.48,111.96,763.32,388.89,194.3679,283.65,193.72,302.36,68.44,307.77,154.78,86.32,516.79,67.62,182.64,151.96,331.24,265.25,364.48,344.41,40.8,107.05
2025-10-21,262.77,301.14,222.03,355.22,217.26,524.65,263.41,70.72,153.79,114.3,758.98,390.9,197.2453,282.05,191.88,297.09,71.22,307.48,166.64,87.62,517.66,68.36,181.16,151.62,338.44,269.34,365.37,347.21,40.3,106.22
2025-10-22,258.45,295.98,217.95,352.0,216.59,513.91,256.64,70.66,155.57,113.08,744.6,388.97,194.9151,287.51,192.94,294.11,70.81,310.11,167.23,87.61,520.54,69.08,180.28,152.2,333.81,268.49,361.49,345.36,39.8,107.14
2025-10-23,259.58,292.89,221.09,354.93,217.77,520.5,255.05,70.27,156.56,113.03,750.78,385.03,208.1793,285.0,192.47,294.54,69.94,306.97,171.6,87.18,520.56,69.68,182.16,152.21,331.75,269.1,360.45,345.96,38.4,106.86
2025-10-24,262.82,291.76,224.21,357.56,221.35,522.73,254.83,70.63,155.56,111.68,783.88,386.68,203.9057,307.46,190.4,300.44,69.71,305.79,168.5,87.49,523.61,69.11,186.26,152.49,334.0,269.89,362.5,347.38,38.82,106.17
2025-10-27,268.81,291.16,226.97,361.67,223.0,527.07,255.47,71.39,155.28,112.34,789.99,385.27,202.8962,313.09,190.3,304.15,70.06,310.0,168.4,88.0,531.52,68.59,191.49,151.74,336.08,270.34,365.98,347.82,39.23,104.47
2025-10-28,269.0,292.09,229.25,361.03,223.33,524.47,254.26,72.62,154.13,111.65,792.09,385.75,202.2736,312.57,186.93,305.36,70.16,306.4,166.83,87.03,542.07,67.43,201.03,151.37,354.45,268.13,367.84,346.9,39.32,103.17
2025-10-29,269.7,291.77,230.3,358.22,213.58,585.49,251.46,71.33,155.1,110.24,783.06,378.04,200.8396,308.21,186.6,305.51,68.35,302.35,164.63,86.58,541.55,65.35,207.04,148.77,345.73,267.91,355.26,341.28,40.21,102.46
2025-10-30,271.4,292.0,222.86,358.88,200.08,583.15,256.65,72.91,153.52,111.84,790.16,379.55,200.11,310.06,189.05,309.44,68.98,302.43,166.45,86.28,525.76,64.9,202.89,149.58,347.9,271.01,344.75,345.03,38.96,102.23
2025-10-31,270.37,298.43,244.22,360.73,201.02,577.26,260.41,73.11,157.72,112.62,789.37,379.59,201.33,307.41,188.87,311.12,68.9,298.43,166.5,85.98,517.81,64.59,202.49,150.37,344.94,268.62,341.56,340.74,39.74,101.18
2025-11-03,269.05,296.3,254.0,361.62,204.55,570.59,261.34,74.45,154.04,112.12,785.52,378.35,197.77,304.73,186.26,309.35,67.97,296.37,162.19,82.49,517.03,62.65,206.88,148.02,345.64,267.66,333.79,336.9,39.47,101.59
2025-11-04,270.04,296.7,249.32,360.49,198.05,547.58,254.44,72.32,153.39,111.47,790.83,383.08,196.46,300.85,186.86,309.25,68.66,299.21,160.59,83.86,514.33,61.23,198.69,147.17,342.98,277.28,330.83,340.3,39.32,102.27
2025-11-05,270.14,319.86,250.2,365.8,197.62,569.15,252.68,72.1,152.66,111.36,793.09,373.84,197.05,306.77,186.0,311.68,68.51,305.67,164.32,84.39,507.16,62.11,195.21,145.79,335.77,276.65,327.74,340.04,39.69,101.47
2025-11-06,269.77,315.59,243.04,365.73,196.5,569.78,239.27,71.04,152.94,110.49,787.58,369.07,195.91,312.42,186.97,313.42,69.06,298.41,163.85,85.78,497.1,61.89,188.08,146.13,333.66,276.26,321.56,336.96,39.82,101.68
2025-11-07,268.47,320.2,244.41,368.54,194.61,563.1,239.88,71.07,155.02,110.74,786.34,371.11,194.07,306.38,186.57,314.21,70.55,299.66,164.84,86.28,496.82,61.09,188.15,146.98,340.16,279.81,324.21,336.02,40.03,102.59
2025-11-10,269.43,323.66,248.4,367.88,194.81,570.85,241.71,72.09,155.65,112.24,797.2,370.43,196.07,309.13,188.41,316.89,70.52,299.1,167.67,86.75,506.0,60.8,199.05,145.5,342.55,282.39,321.58,334.85,39.85,102.42
2025-11-11,275.25,338.45,249.1,370.16,195.21,567.93,244.5,71.71,156.24,114.85,810.31,374.24,200.41,313.72,193.83,315.62,71.61,306.83,168.67,90.95,508.68,63.15,193.16,148.54,345.08,286.02,327.45,338.92,40.7,103.44
2025-11-12,273.47,336.28,244.2,372.77,195.5,573.02,246.02,73.96,153.32,116.65,838.97,371.13,201.59,314.98,194.39,320.41,71.51,306.94,171.08,91.45,511.14,64.2,193.8,148.01,344.72,286.13,339.06,338.88,40.8,103.44
2025-11-13,272.95,336.0,237.58,364.73,194.58,553.55,240.43,77.38,155.58,107.61,805.5,368.07,199.87,304.86,195.25,309.48,71.07,307.58,170.62,92.93,503.29,66.03,186.86,147.96,338.84,287.42,332.52,336.08,41.11,102.54
2025-11-14,272.41,336.74,234.69,357.18,194.52,554.03,243.66,78.0,157.62,105.8,790.91,362.36,199.04,305.69,195.93,303.61,71.16,307.03,167.58,92.92,510.18,64.17,190.17,147.67,332.18,287.29,321.86,330.02,41.06,102.48
2025-11-17,267.46,341.71,232.87,341.25,191.81,552.05,237.03,77.78,154.82,105.69,775.56,358.03,196.08,297.17,199.58,300.37,70.68,304.9,165.39,92.86,507.49,62.9,186.6,145.82,326.81,284.51,320.52,325.75,41.01,102.95
2025-11-18,267.44,343.99,222.55,340.66,189.63,546.88,233.5,77.37,153.62,106.28,776.3,336.48,191.45,289.95,200.0,299.41,71.22,304.59,165.79,96.43,493.79,62.49,181.36,146.99,323.83,286.85,313.58,321.18,41.48,101.39
2025-11-19,268.56,342.4,222.69,344.64,185.7,553.11,227.88,78.39,151.7,104.67,785.99,334.5,190.57,288.53,202.51,303.27,71.11,302.74,166.58,95.05,487.12,62.64,186.52,146.99,329.78,285.47,309.09,324.12,41.19,100.61
2025-11-20,266.25,336.07,217.14,343.8,179.38,546.13,225.37,75.44,150.31,102.7,773.7,332.38,188.14,290.4,203.07,298.38,71.21,304.16,164.61,94.97,478.43,61.43,180.64,148.19,328.01,287.85,311.54,323.77,40.76,107.11
2025-11-21,271.49,337.54,220.69,352.89,179.7,550.43,227.11,76.1,149.98,104.28,774.03,343.32,190.02,297.44,203.9,298.02,72.95,309.35,168.09,97.76,472.12,62.8,178.88,150.92,337.06,290.07,319.97,327.98,41.23,105.32
2025-11-24,275.92,334.3,226.28,355.93,179.12,559.6,226.82,76.24,149.75,101.94,790.71,336.58,188.66,304.12,206.05,298.0,72.59,304.9,169.56,100.4,474.0,61.93,182.55,146.98,338.0,290.84,319.05,329.3,40.21,104.06
2025-11-25,276.97,341.11,229.67,362.64,182.44,566.61,234.12,76.32,148.53,103.31,802.32,351.07,191.02,304.48,206.67,303.0,72.61,310.45,171.54,105.66,476.99,63.68,177.82,148.49,342.65,293.7,326.28,334.53,40.59,107.0
2025-11-26,277.55,344.57,229.16,363.97,186.92,573.73,228.15,76.07,149.51,103.43,816.01,355.47,189.99,303.21,207.56,307.64,72.88,312.4,170.8,104.63,485.5,64.33,180.26,148.25,343.39,294.52,329.71,333.79,40.88,109.1
2025-11-28,278.85,345.46,233.22,365.27,189.0,575.76,230.54,76.94,151.13,104.47,826.04,356.92,192.19,308.58,206.92,313.08,73.12,311.82,172.05,104.83,492.01,64.63,177.0,148.16,343.69,292.86,329.77,334.44,41.11,110.51
2025-12-01,283.1,337.49,233.88,360.31,186.46,568.06,232.83,76.04,152.54,106.77,810.86,357.33,190.22,305.67,205.34,308.92,71.95,303.57,170.48,101.83,486.74,65.39,179.92,147.44,341.49,290.5,323.21,330.39,40.74,111.53
2025-12-02,286.19,338.36,234.42,360.7,205.38,582.47,234.71,76.87,150.25,104.83,815.21,354.03,193.15,301.78,205.42,307.88,70.67,300.72,171.56,101.03,490.0,64.93,181.46,145.86,337.49,288.52,324.54,329.62,40.61,112.41
2025-12-03,284.15,345.42,232.38,368.13,202.54,591.49,238.72,77.75,151.59,105.74,836.57,357.91,193.47,302.62,205.33,312.13,70.81,307.71,173.09,102.27,477.73,65.65,179.59,146.71,339.24,284.27,339.71,329.61,40.67,114.41
2025-12-04,280.7,340.16,229.11,371.15,201.87,599.15,247.46,77.76,152.26,105.47,837.83,351.17,192.23,307.99,202.48,316.1,70.45,308.54,169.27,100.89,480.84,65.69,183.38,145.36,335.37,282.85,333.49,327.1,41.26,114.84
2025-12-05,278.78,329.89,229.53,370.35,201.89,603.17,260.57,77.97,150.0,105.3,854.56,354.61,191.33,307.94,201.93,315.04,70.0,311.23,167.48,99.72,483.16,65.86,182.41,143.45,333.11,280.89,330.91,331.24,41.69,115.11
2025-12-08,277.89,321.23,226.89,362.28,206.27,596.5,259.53,78.86,148.71,107.63,866.69,349.91,191.99,309.18,201.62,315.21,70.25,309.79,163.96,98.93,491.02,63.54,185.55,138.34,327.13,279.87,323.62,326.84,41.3,113.56
2025-12-09,277.18,313.85,227.92,363.91,200.37,594.36,261.02,79.51,148.49,107.02,876.58,345.27,190.17,310.48,199.96,300.51,70.09,310.79,165.09,96.89,492.02,63.33,184.97,139.63,321.14,279.16,323.6,326.5,40.14,115.06
2025-12-10,278.78,315.38,231.78,375.57,198.72,615.35,264.2,80.25,151.41,108.83,889.24,351.13,192.06,312.67,206.54,310.11,70.21,310.53,165.66,97.62,478.56,65.79,183.78,139.82,326.27,278.35,328.37,325.73,39.92,113.18
2025-12-11,278.03,317.38,230.28,384.89,200.71,625.61,262.35,79.27,150.72,111.46,911.03,357.46,193.85,310.74,210.01,317.38,69.11,309.71,168.6,99.01,483.47,67.74,180.93,140.76,329.3,282.88,336.73,345.63,40.22,115.52
2025-12-12,278.28,317.74,226.19,382.56,204.38,597.89,262.23,77.8,149.99,111.6,887.96,359.65,193.66,309.24,211.58,318.52,70.52,316.72,168.9,100.3,478.53,67.47,175.02,142.84,328.69,285.31,341.84,347.83,40.89,116.7
2025-12-15,274.11,325.31,222.54,382.57,205.5,589.76,254.58,78.25,149.8,110.49,889.59,356.99,197.45,308.66,214.17,320.02,70.97,318.73,165.7,100.26,474.82,67.78,176.29,145.13,328.45,290.59,341.1,346.89,40.8,116.79
2025-12-16,274.61,326.74,222.56,380.75,206.71,588.93,254.91,77.55,146.75,111.62,879.15,352.68,198.26,303.18,209.3,315.55,70.37,314.5,163.2,98.27,476.39,67.12,177.72,145.21,327.87,289.61,334.2,345.11,40.75,115.42
2025-12-17,271.84,326.01,221.27,375.61,206.33,561.89,258.14,76.0,149.52,110.63,872.33,356.75,199.89,303.32,210.33,314.98,70.67,318.69,162.17,99.18,476.12,65.69,170.94,147.81,327.95,291.27,331.63,344.41,40.88,115.66
2025-12-18,272.19,324.42,226.76,375.52,208.27,565.83,257.85,76.95,147.69,111.87,876.3,354.99,198.08,300.45,208.31,313.0,70.36,319.65,161.76,100.69,483.98,65.63,174.14,145.52,325.36,293.65,328.14,346.01,40.41,114.83
2025-12-19,273.67,327.38,227.35,376.51,214.08,576.22,259.91,78.42,147.75,111.24,893.48,345.0,199.11,300.98,206.37,317.21,70.06,315.84,161.96,101.09,485.92,58.71,180.99,144.46,320.86,292.92,327.42,349.25,39.82,114.36
2025-12-22,270.97,331.39,228.43,380.85,216.84,582.41,264.63,78.11,149.8,112.38,899.0,346.39,195.96,302.79,207.32,323.09,70.21,316.22,160.0,104.72,484.92,57.22,183.69,142.69,323.84,291.64,325.16,352.09,39.98,112.6
2025-12-23,272.36,331.49,232.14,382.19,216.85,582.42,263.43,78.02,150.51,113.22,901.71,344.97,195.5,303.78,205.78,325.93,69.87,310.84,160.15,105.04,486.85,57.34,189.21,143.18,324.05,292.46,324.8,353.38,39.92,110.9
2025-12-24,273.81,333.96,232.38,383.11,218.16,583.76,265.26,78.02,150.5,114.48,910.78,347.34,196.93,304.56,207.78,329.17,70.11,313.33,160.34,106.45,488.02,60.0,188.61,144.49,325.35,293.84,327.58,355.14,40.32,111.61
2025-12-26,273.4,332.93,232.52,381.05,216.44,583.0,266.08,78.16,150.02,113.56,907.04,349.78,197.37,305.09,207.63,327.91,69.87,310.68,162.08,106.78,487.71,60.93,190.53,144.74,325.44,292.12,331.83,355.0,40.48,111.74
2025-12-29,273.76,329.63,232.07,375.32,217.25,578.61,266.23,77.79,150.99,114.19,892.18,347.45,197.09,305.74,207.56,323.75,70.16,308.53,161.72,106.62,487.1,61.21,188.22,144.57,325.23,291.93,328.94,354.61,40.48,112.53
2025-12-30,273.08,328.69,232.53,373.39,218.5,577.39,265.92,77.41,152.31,114.79,884.42,346.35,196.36,302.05,206.91,323.42,70.07,308.03,161.17,106.06,487.48,61.19,187.54,144.05,326.16,292.38,332.16,353.62,40.7,111.92
2025-12-31,271.86,327.31,230.82,369.95,217.12,572.87,264.91,77.03,152.41,113.77,879.0,344.1,195.09,296.21,206.95,322.22,69.91,305.63,160.1,105.26,483.62,63.71,186.5,143.31,324.03,290.06,330.11,350.71,40.73,111.41
