Portfolio,Asset1,Asset2,Asset3,Asset4
8.773,3.9543,-15.9787,-5.3125,26.11
-7.2013,8.4499,1.4312,-16.5658,-0.5166
11.9202,-4.3256,-8.82,9.1504,15.9154
11.7202,-13.0794,-2.5536,21.1534,6.1997
17.7754,-29.0296,-8.7228,39.7568,15.771
14.2014,-8.9337,-9.484,15.7226,16.8965
12.2748,-24.1619,-0.2014,34.3424,2.2958
10.1661,-32.5216,3.6704,43.55,-4.5327
7.3307,-48.7747,7.5542,60.5871,-12.0359
0.3785,-6.06,8.2954,11.7055,-13.5624
-1.6139,-3.3223,8.8787,7.6183,-14.7886
-7.3407,5.2697,7.4914,-8.1937,-11.9081
-12.7919,8.5422,7.5542,-16.8524,-12.0359
-11.6056,9.7061,3.252,-20.7966,-3.767
-6.4444,4.6818,7.3303,-6.8751,-11.5814
1.342,-9.8959,8.7619,17.0171,-14.5412
4.4533,-1.9296,1.3603,5.4152,-0.3926
5.1597,-1.7505,0.2382,5.1247,1.5473
10.0385,-3.1671,-6.3274,7.3774,12.1556
11.4281,-9.3183,-3.9658,16.2429,8.4694
13.628,-17.7642,-3.9206,26.9152,8.3976
18.0704,-32.2914,-8.7468,43.3019,15.8067
13.5381,-25.5579,-1.8259,35.9127,5.0093
9.8954,-16.9399,1.4366,25.9247,-0.526
2.4112,-2.907,4.5908,6.9711,-6.2437
-0.6827,1.497,4.636,-0.4869,-6.3288
-6.5026,-0.336,11.3647,2.7666,-20.2979
-2.0848,-1.8509,8.529,5.2877,-14.0506
-12.0729,4.4589,12.2533,-6.3885,-22.3965
-5.2939,-4.6181,12.3397,9.5893,-22.6048
-13.0796,2.4804,14.2764,-2.3447,-27.4917
-9.53,-13.7607,16.7644,22.013,-34.5467
-5.5235,-9.1224,13.7567,15.9783,-26.1361
1.4528,-17.4047,10.3396,26.4843,-17.9665
0.8026,-20.433,11.2858,30.0651,-20.1153
0.2178,-10.968,10.0289,18.4339,-17.2771
4.2604,-5.8947,4.1989,11.4667,-5.5105
5.1035,-7.8216,4.1522,14.1965,-5.4236
8.3439,-22.3581,4.5164,32.2895,-6.1039
11.0515,-9.4757,-3.2451,16.4546,7.3176
7.24,1.6555,-7.3534,-0.7806,13.7184
-7.0964,10.7384,-8.972,-25.0035,16.1406
7.1899,1.6845,-7.3045,-0.8346,13.6445
1.5295,4.0184,-1.4807,-5.4475,4.4393
7.9578,3.7849,-13.4074,-4.9588,22.5391
18.0664,-14.3296,-14.7662,22.7246,24.4375
18.6992,-31.1885,-10.2713,42.1096,18.0495
17.5267,-25.7176,-8.9394,36.0913,16.0923
20.9582,-15.2169,-22.6786,23.8239,35.0298
24.2137,-24.6086,-28.7418,34.8466,42.7176
22.7366,-38.9849,-19.3094,50.4232,30.6077
21.0199,-28.5504,-16.545,39.2309,26.8844
15.6354,-3.5667,-19.0334,7.9955,30.24
15.679,-12.2097,-10.4176,20.0438,18.2625
15.9719,-11.7227,-11.3882,19.4162,19.6666
1.3624,7.2404,-9.0403,-13.0795,16.2418
-2.9678,10.0661,-13.4191,-22.1703,22.5556
-8.3709,11.0362,-8.6079,-26.3994,15.6003
-1.7627,6.683,-1.801,-11.6129,4.9682
-16.5729,10.549,6.0174,-24.165,-8.9743
-22.2077,12.1385,4.5173,-32.7579,-6.1056
-35.8566,13.3542,6.8296,-45.4645,-10.5759
-22.8581,10.0185,12.7766,-21.9838,-23.6695
-40.7602,13.0335,14.1255,-40.8247,-27.0945
-16.6939,8.3917,11.1859,-16.3867,-19.8848
-7.4175,1.6528,10.8725,-0.7755,-19.1673
-28.4328,8.4115,17.9583,-16.4475,-38.3551
-24.163,6.7098,17.4263,-11.6818,-36.6173
-26.6854,9.4213,16.0376,-19.7676,-32.3767
-4.3944,-2.3697,10.7558,6.1218,-18.9022
-4.7734,-0.8377,10.279,3.6166,-17.8313
8.6675,-26.6067,4.7668,37.0826,-6.5752
9.9343,-12.8378,0.04,20.8466,1.8854
16.0684,-16.7806,-8.8643,25.7322,15.9811
-4.0086,6.5241,1.7471,-11.2084,-1.0714
-13.8008,9.9176,5.1203,-21.593,-7.2457
-6.904,9.4718,-2.4336,-19.9466,6.0045
-0.0079,6.5257,-4.2649,-11.2122,8.9435
-6.2733,9.4649,-3.4294,-19.9223,7.6134
-30.2915,13.0694,5.0847,-41.2678,-7.1779
-35.4246,13.1257,9.4448,-41.994,-16.0011
-35.5459,13.2491,8.0918,-43.7472,-13.1396
-24.8186,11.8192,8.9348,-30.6648,-14.9077
-36.9835,13.2269,9.6502,-43.4138,-16.4469
-14.4529,10.4991,3.8369,-23.9495,-4.8394
-15.2547,11.2641,1.2876,-27.5409,-0.2655
-11.3553,9.7057,2.9461,-20.7952,-3.2119
-26.4114,12.8881,2.7813,-39.1666,-2.9143
-28.6462,13.1612,1.7589,-42.474,-1.0922
-30.3221,13.2059,3.1397,-43.1049,-3.5627
-9.0045,11.1823,-8.494,-27.1234,15.4307
-19.5129,12.441,-1.6555,-35.0266,4.7283
-28.9125,13.3703,-2.2702,-45.7504,5.7379
-12.0096,11.8448,-8.5607,-30.8237,15.53
-34.4878,13.4618,3.1397,-47.5266,-3.5627
-17.3253,11.3464,3.4768,-27.971,-4.1775
-6.0307,9.1517,-2.5635,-18.8347,6.2158
4.5338,4.5553,-7.7696,-6.5981,14.3463
8.1853,-3.2991,-2.9662,7.5824,6.8682
20.7224,-19.506,-19.158,28.9802,30.4061
16.5706,-11.2689,-13.1161,18.827,22.1286
19.4306,-14.1987,-18.621,22.5614,29.689
16.2681,-6.8933,-16.3429,12.8959,26.6085
15.2295,-10.8843,-10.2964,18.3242,18.086
15.4489,-10.4413,-11.0947,17.7412,19.2437
14.2594,-3.8612,-14.773,8.4466,24.447
4.5861,3.0351,-4.7968,-3.4337,9.7814
13.3235,-7.3092,-8.9351,13.4818,16.0861
12.5394,-12.851,-4.0055,20.8634,8.5324
5.3736,-24.994,7.965,35.2802,-12.8776
3.2603,-21.2234,9.3954,30.9828,-15.8945
1.1016,-10.9664,9.2783,18.4318,-15.6421
8.1062,-32.3646,5.9679,43.3808,-8.878
-0.0527,-13.81,10.8904,22.0749,-19.208
10.3792,-35.9521,3.7003,47.2187,-4.5876
7.4603,-16.4926,4.3363,25.3834,-5.7669
7.8017,-24.2848,5.4158,34.4813,-7.8107
-1.0882,-15.3174,11.9477,23.9477,-21.6661
-7.5743,-1.4493,12.6835,4.6324,-23.4408
-21.0326,8.2281,14.3704,-15.8904,-27.7407
-3.2218,-0.4642,8.7292,2.9853,-14.4721
0.8655,-15.6742,10.5166,24.3857,-18.3626
-6.554,-6.2835,13.7046,12.0269,-26.0021
5.8308,-22.019,7.133,31.9003,-11.1835
-4.4168,-4.0652,11.4968,8.7569,-20.6053
0.0656,-19.5881,11.7311,29.0767,-21.1542
6.1213,-17.1793,5.9707,26.2133,-8.8833
1.8813,-9.9597,8.2901,17.1023,-13.5513
7.7671,-1.5214,-4.024,4.7507,8.5618
19.5324,-8.2788,-24.8983,14.828,37.8816
8.4551,3.1887,-13.1033,-3.7408,22.1104
-13.1005,12.3377,-12.5483,-34.2146,21.3247
-7.2518,11.3545,-14.0941,-28.014,23.5019
-16.5106,12.3993,-6.2447,-34.694,12.0286
-2.7572,9.032,-7.9016,-18.4322,14.5445
-17.1042,12.7393,-10.3408,-37.6534,18.1507
-11.2122,11.6738,-8.4316,-29.7921,15.3377
-12.7319,12.0457,-9.3397,-32.1219,16.6839
-7.6333,10.4991,-6.3065,-23.9495,12.1236
-18.2398,11.7041,2.5817,-29.9701,-2.5555
-13.4832,11.098,-0.2396,-26.702,2.3605
3.9172,3.0928,-3.7453,-3.5488,8.1184
-0.4644,8.025,-8.2123,-15.2873,15.0101
3.2048,6.7694,-11.3705,-11.8353,19.6411
-1.7181,9.4188,-12.1835,-19.759,20.8056
7.9663,2.8009,-11.0639,-2.9699,19.1993
1.0334,8.6099,-14.2977,-17.0648,23.786
4.5258,6.9582,-15.3491,-12.3273,25.244
11.3264,-2.4012,-9.7898,6.1718,17.3456
13.3848,-9.5973,-7.3517,16.6179,13.7159
10.9324,-6.8225,-4.7525,12.7956,9.7118
11.2125,-6.5139,-5.4836,12.3566,10.8534
11.9197,-15.7288,-1.8454,24.4526,5.0413
14.7747,-23.1512,-4.3539,33.1956,9.0842
15.985,-30.643,-5.019,41.5175,10.1294
18.4081,-33.2063,-9.3053,44.2865,16.6333
18.7389,-42.5187,-8.9082,54.1196,16.0462
20.6424,-50.2113,-12.5862,62.0614,21.3786
18.505,-40.9795,-8.5632,52.5141,15.5336
18.9365,-31.796,-10.6838,42.7671,18.6492
22.0249,-50.4084,-16.0833,62.2633,26.2533
19.7748,-43.1183,-11.0963,54.7433,19.246
18.0001,-20.6054,-11.5282,30.2658,19.8679
18.263,-22.8151,-11.3592,32.8124,19.625
10.2837,-5.9157,-4.3057,11.497,9.008
1.2882,-2.7049,5.7022,6.6533,-8.3624
-3.7298,1.9059,7.4624,-1.2488,-11.8492
-4.1825,3.6557,6.2162,-4.6912,-9.3632
-5.8669,6.1883,4.6261,-10.3712,-6.31
-16.6243,9.9509,7.9098,-21.7211,-12.7639
-12.05,6.1038,10.6313,-10.1643,-18.6208
-7.7055,5.73,7.2507,-9.2656,-11.4205
0.6189,-5.0576,7.6353,10.2424,-12.2012
-19.8916,9.4395,11.7871,-19.8321,-21.2861
-18.9308,11.0121,6.743,-26.2825,-10.4034
-10.3386,9.37,2.7667,-19.5873,-2.8879
-18.5832,10.8032,7.1697,-25.2988,-11.2573
-31.3506,12.5782,10.4403,-36.1776,-18.1915
-16.0645,7.4309,12.0766,-13.599,-21.973
-120.6339,13.9077,12.7982,-123.6171,-23.7226
-128.8561,13.9077,6.8321,-139.015,-10.5809
-144.7628,13.9077,14.3138,-145.3936,-27.5906
-136.7368,13.9077,11.2041,-141.9219,-19.9267
-134.3462,13.9077,9.6266,-141.4849,-16.3955
-125.3772,13.9077,9.0947,-133.131,-15.2486
-126.9216,13.9077,6.4697,-137.4372,-9.8617
-126.4127,13.9077,5.8003,-137.5684,-8.5522
-129.3666,13.9077,7.6295,-138.7144,-12.1893
-142.9295,13.9077,13.3938,-145.0213,-25.2097
-23.2885,12.2003,5.305,-33.1956,-7.5983
-20.5483,11.0109,8.3098,-26.2766,-13.5924
-9.1419,10.1772,-1.9972,-22.6127,5.2908
-43.2734,12.346,18.3539,-34.2782,-39.6951
-39.009,12.1352,17.0647,-32.7346,-35.4743
-41.1161,11.3685,19.5179,-28.0884,-43.9141
-36.5662,7.7919,21.1898,-14.6118,-50.936
-40.3241,10.0826,20.741,-22.2356,-48.9121
-36.7996,7.3163,21.4797,-13.2854,-52.3102
-19.8211,8.7024,12.9621,-17.3577,-24.1278
-41.3534,12.6395,16.5129,-36.7215,-33.7844
-33.593,10.4026,17.9837,-23.5394,-38.4399
-17.3251,4.5519,15.4742,-6.5906,-30.7606
7.3167,-1.2426,-3.5688,4.2915,7.8366
17.1996,-30.3681,-7.3222,41.2186,13.6713
16.3091,-22.697,-7.2826,32.6774,13.6114
13.8979,-6.3437,-11.0482,12.1132,19.1766
20.3611,-20.2291,-17.7337,29.8272,28.4966
19.924,-11.7988,-22.1981,19.5146,34.4063
15.7048,-13.0366,-9.976,21.0991,17.6183
4.3307,-2.4928,1.9685,6.3176,-1.4626
6.9848,0.7893,-5.5324,0.7989,10.929
6.7778,-3.7022,-0.465,8.2035,2.7415
-0.2043,4.7714,-0.2051,-7.0726,2.302
-24.6811,12.3577,5.7131,-34.3685,-8.3833
-23.122,12.8761,-1.6043,-39.0375,4.6436
-11.8023,11.168,-3.2589,-27.0512,7.3398
-18.752,11.1872,5.8421,-27.1479,-8.6334
-9.5353,8.9006,3.1578,-17.998,-3.5957
-2.3282,6.0415,0.438,-10.0126,1.205
5.4727,3.6174,-7.5545,-4.6124,14.0222
-6.1982,8.2915,0.5093,-16.0815,1.0825
-17.4886,11.8373,0.7041,-30.7771,0.7471
-32.0348,12.905,8.5922,-39.3486,-14.1834
-14.9285,10.4241,4.6699,-23.63,-6.3925
-15.1535,10.1948,5.7071,-22.6836,-8.3717
-11.9996,10.4417,0.9614,-23.7048,0.3021
-42.4464,13.7286,3.5213,-55.4373,-4.259
-41.0958,13.651,5.3024,-52.4559,-7.5933
-39.475,13.6056,5.0184,-51.0473,-7.0517
-32.7906,13.2223,5.7097,-43.3457,-8.3769
-25.1679,12.3273,6.4367,-34.1354,-9.7966
-30.5446,12.2744,11.477,-33.7369,-20.5591
-17.4201,11.5159,2.672,-28.8903,-2.7176
-36.2101,13.0226,11.0631,-40.6933,-19.6026
-29.8629,12.2878,10.8873,-33.8371,-19.201
-43.0655,13.0345,15.4614,-40.8368,-30.7246
-10.9279,0.5719,13.9497,1.186,-26.6356
-18.5858,3.3119,16.8255,-3.9892,-34.734
-7.7777,1.6766,11.1365,-0.8198,-19.7709
-14.7235,5.016,13.5919,-7.6181,-25.7133
-13.8861,5.4154,12.6939,-8.5291,-23.4664
-6.6035,2.8071,9.3343,-2.9823,-15.7626
-4.2732,-2.9575,10.9283,7.0502,-19.2942
3.5989,-7.3178,5.6131,13.4939,-8.1903
15.6159,-24.4311,-5.5395,34.6465,10.9402
15.8262,-39.1253,-3.758,50.5708,8.1387
18.9796,-22.2628,-13.2371,32.1802,22.2992
23.25,-30.2958,-22.8642,41.1399,35.2701
15.0358,-23.7125,-4.6742,33.8335,9.5889
19.2118,-19.9605,-14.7343,29.5133,24.3934
21.3708,-38.4893,-15.5167,49.9018,25.475
20.0658,-26.7988,-14.502,37.2961,24.0705
19.1926,-24.7796,-12.9239,35.0391,21.857
21.6477,-20.4314,-21.5637,30.0632,33.5796
22.2343,-22.6175,-22.389,32.5865,34.6543
24.7113,-23.0648,-31.7784,33.0972,46.4574
23.6113,-29.7068,-24.3109,40.4976,37.1313
25.0112,-43.509,-26.3437,55.1493,39.7146
25.753,-33.494,-31.6557,44.5952,46.3075
25.5732,-36.0514,-30.1082,47.3241,44.4087
23.5345,-12.2194,-36.7544,20.0563,52.4521
27.7673,-48.7551,-38.1423,60.5669,54.0976
28.8882,-50.5415,-44.638,62.3996,61.668
24.941,-54.3976,-24.9579,66.339,37.9574
15.6837,-20.6354,-6.6859,30.3007,12.7043
6.3856,-7.2871,2.3338,13.4507,-2.1119
9.8806,-5.7818,-3.7223,11.3029,8.0818
9.6204,-2.9718,-5.7562,7.0726,11.2758
9.0099,-0.3461,-7.7607,2.7839,14.3329
9.0484,-4.4647,-3.3789,9.3595,7.5325
-1.99,3.8279,3.5597,-5.0483,-4.3294
-10.3071,9.8507,1.0743,-21.3381,0.106
-17.9066,11.3283,4.2538,-27.8759,-5.6128
-8.674,10.2294,-2.9959,-22.8238,6.9162
-1.4406,6.7382,-2.4418,-11.7547,6.0177
-4.0545,8.9985,-5.2998,-18.3208,10.5676
-10.9991,9.8874,1.8577,-21.4775,-1.2666
-19.3848,10.6657,8.393,-24.6776,-13.766
-18.4908,9.9285,9.6398,-21.6349,-16.4242
-21.1671,9.9285,11.7589,-21.6349,-21.2196
-2.5682,-1.3295,8.6668,4.435,-14.3406
-12.6256,3.1595,13.58,-3.6822,-25.6828
-18.6256,6.2988,14.9077,-10.6441,-29.188
-11.4652,5.5922,10.7322,-8.9408,-18.8488
-18.2249,5.7797,15.1027,-9.3836,-29.7237
-2.2842,-9.74,11.6795,16.809,-21.0327
6.3972,-29.4977,7.4503,40.2692,-11.8247
10.664,-19.6009,1.084,29.0918,0.0892
7.5141,-15.8512,4.1122,24.6023,-5.3492
3.4068,-10.4205,6.97,17.7137,-10.8564
-14.2384,6.1535,12.2268,-10.2859,-22.3328
-1.1965,0.0223,6.4453,2.1495,-9.8137
4.892,-18.442,7.4646,27.7232,-11.8537
-5.2785,-6.0468,12.7939,11.6865,-23.7121
-10.7431,-1.4109,14.6869,4.5693,-28.5884
-11.4855,0.0831,14.5158,2.0441,-28.1284
-31.6966,9.3303,18.4504,-19.4487,-40.0287
-27.6821,6.9083,18.7743,-12.1966,-41.1681
-16.1127,-4.3043,18.1824,9.1183,-39.1091
4.342,-21.5728,8.4834,31.3865,-13.9551
11.706,-28.4144,1.2649,39.0813,-0.2259
12.9394,-28.5251,-0.4429,39.2031,2.7043
8.2791,-11.8853,1.9267,19.6263,-1.3886
10.641,-23.309,1.8789,33.3753,-1.3042
16.6351,-19.3956,-8.9962,28.8505,16.1765
8.9329,-6.0091,-2.0227,11.632,5.3327
7.3072,-2.5601,-2.2313,6.4244,5.6744
1.8604,4.865,-3.582,-7.2803,7.8577
6.8029,5.2423,-14.8183,-8.131,24.5099
-8.1003,10.5615,-5.8251,-24.219,11.3823
-4.1315,7.2765,0.2613,-13.177,1.5078
-2.3507,5.3443,1.7544,-8.365,-1.0844
3.6091,3.2317,-3.4638,-3.8274,7.6685
3.0801,1.8243,-0.5743,-1.0956,2.9257
-0.2951,4.5428,0.3121,-6.5709,1.4209
0.3811,7.133,-6.7248,-12.7907,12.7636
23.4835,-19.6901,-28.7474,29.1965,42.7245
28.6611,-61.8474,-41.9407,73.8999,58.5493
24.7517,-34.9946,-27.0212,46.1997,40.5677
23.047,-30.2897,-22.1822,41.1333,34.3856
24.4525,-28.6698,-27.8662,39.362,41.6264
22.4057,-18.7895,-25.1791,28.1351,38.2391
23.1689,-20.9259,-26.6727,30.6381,40.1294
25.9298,-28.3505,-34.5688,39.0111,49.838
25.5582,-32.7003,-31.0493,43.7424,45.5654
26.3206,-50.9088,-30.7733,62.7759,45.2269
19.0113,-27.9655,-11.6432,38.5871,20.0329
-1.7324,4.6649,2.0531,-6.8379,-1.6126
5.9612,-2.6673,-0.1156,6.594,2.1502
8.463,-2.803,-3.889,6.8077,8.3472
8.8269,-1.7972,-5.5811,5.2007,11.0046
0.8562,4.7055,-1.6633,-6.9271,4.7411
-5.1188,8.2222,-0.8394,-15.8726,3.371
-20.8358,11.6441,5.9164,-29.6186,-8.7777
-11.6518,9.4952,3.9714,-20.0304,-5.0881
-17.242,10.6427,6.3847,-24.5752,-9.6942
-10.1052,9.931,0.4864,-21.6445,1.1219
-3.3986,7.2491,-0.7268,-13.103,3.1821
-7.8707,9.4736,-0.9543,-19.9533,3.5633
-1.9029,7.2033,-2.9193,-12.9794,6.7925
-2.6259,6.0815,0.7709,-10.1101,0.6317
-0.9103,4.8601,0.6382,-7.2694,0.8607
6.8988,0.0625,-4.3992,2.0797,9.1557
6.8646,1.7439,-6.7765,-0.9453,12.8425
-5.6771,8.927,-2.2907,-18.0847,5.7713
-21.3595,12.3028,2.2503,-33.9497,-1.963
-29.6048,12.9584,5.6599,-39.9426,-8.2806
-16.0238,10.9825,3.6753,-26.1399,-4.5416
-19.2287,11.4006,5.3878,-28.2603,-7.7569
-15.5839,10.9105,3.4719,-25.7977,-4.1686
-15.3516,11.2073,1.727,-27.2497,-1.0361
-6.4694,8.1335,1.3109,-15.6076,-0.3063
-11.6866,9.1465,4.9991,-18.8171,-7.0152
-15.567,11.2741,1.647,-27.5928,-0.8953
-2.6474,7.0247,-1.2868,-12.5028,4.1176
8.9021,-3.6427,-3.8454,8.1123,8.278
5.3818,1.6517,-3.9658,-0.7735,8.4694
0.5625,3.8152,0.2614,-5.0217,1.5076
1.1835,3.1481,0.3656,-3.6594,1.3292
-3.7848,5.3275,3.5792,-8.3263,-4.3651
2.2973,-5.2276,6.0291,10.493,-8.9973
1.4994,-4.1139,6.2895,8.8306,-9.5069
3.3433,-5.0809,4.8165,10.2768,-6.6691
7.8917,-34.3987,6.3474,45.5637,-9.6207
7.8985,-28.5162,5.8287,39.1933,-8.6073
8.3176,-22.5256,4.574,32.4814,-6.2122
11.5217,-31.7208,1.9025,42.6858,-1.3459
10.9207,-21.9795,1.2564,31.8549,-0.2111
12.012,-29.8669,1.0389,40.6724,0.1676
10.3425,-31.0518,3.3153,41.9614,-3.8825
7.1495,-9.3102,2.3263,16.2319,-2.0985
-6.0261,3.6761,8.0178,-4.7333,-12.9867
-4.1059,-1.4136,10.0437,4.5736,-17.3096
-26.614,11.2612,12.3992,-27.5258,-22.7485
-13.4941,6.7395,11.0135,-11.7581,-19.4889
0.0427,-4.9696,8.1404,10.1122,-13.2403
0.6575,-6.8569,8.3534,12.8443,-13.6833
-0.3509,-2.9895,7.5349,7.1003,-11.9967
1.0531,-5.9995,7.6349,11.6182,-12.2005
-25.9427,11.6582,10.5598,-29.701,-18.4598
-27.4721,12.0672,10.049,-32.2669,-17.3214
-11.2996,9.9114,2.1592,-21.5693,-1.8008
-17.9962,12.0689,-0.3733,-32.2785,2.5867
-8.7139,10.1259,-2.4282,-22.4072,5.9957
-26.5023,13.1069,-0.2632,-41.7464,2.4004
-41.2065,13.7149,2.7144,-54.8419,-2.794
-43.8775,13.716,5.7526,-54.8862,-8.4599
-35.9533,13.5139,3.5872,-48.6745,-4.3799
-46.6505,13.7827,5.1663,-58.2663,-7.3332
-6.1869,9.2442,-2.6712,-19.1507,6.3907
5.9254,2.104,-5.6196,-1.6233,11.0642
1.9354,4.0717,-2.2009,-5.56,5.6245
0.6635,3.7163,0.2689,-4.8166,1.4948
4.8284,0.1896,-1.2107,1.8585,3.9909
4.009,-1.8336,1.8683,5.2596,-1.2853
2.9688,-2.1221,3.397,5.7254,-4.0315
3.0697,0.8264,0.6216,0.7324,0.8894
3.4037,0.0866,0.94,2.0379,0.3392
3.1404,1.5889,-0.3662,-0.657,2.5746
-3.3428,5.0108,3.5328,-7.6064,-4.28
-7.9652,7.4678,4.6808,-13.7008,-6.413
-10.6821,8.5677,5.3318,-16.9321,-7.6495
-6.4547,6.9313,3.986,-12.2569,-5.1152
-10.9342,8.2487,6.3031,-15.9524,-9.5336
-2.136,5.363,1.4386,-8.4081,-0.5296
-7.1106,7.9756,2.5438,-15.1424,-2.4875
1.6233,4.0124,-1.6139,-5.4349,4.6596
2.3733,2.3119,-0.183,-2.0202,2.2646
-0.8342,3.3754,2.7297,-4.1179,-2.8215
-2.3324,5.0141,2.276,-7.6137,-2.0088
-8.5939,6.0751,7.6436,-10.0943,-12.2182
-0.0464,-2.3315,6.8592,6.0608,-10.6349
0.4376,0.2786,4.4664,1.7029,-6.0103
4.0126,-3.63,3.1729,8.0927,-3.6231
-7.226,4.4033,8.382,-6.2683,-13.743
-8.1552,4.668,8.9398,-6.8446,-14.9183
-17.8764,7.9101,12.7365,-14.952,-23.5709
-28.2848,10.4457,15.3208,-23.7215,-30.3298
-24.0719,11.0902,11.0312,-26.6639,-19.5294
-12.3344,6.2626,10.6736,-10.5543,-18.7162
-23.4949,11.3411,9.7317,-27.9431,-16.6247
-33.0271,12.4608,12.3645,-35.1877,-22.6647
-19.1052,10.2495,9.3524,-22.9054,-15.8017
-30.3364,12.7251,8.5498,-37.5169,-14.0945
-28.1152,12.2568,9.6235,-33.6067,-16.3888
-19.9753,10.4309,9.6081,-23.659,-16.3553
-18.451,10.6876,7.4397,-24.7752,-11.8031
-9.8654,9.4043,2.0563,-19.7079,-1.6182
-10.5659,8.7563,4.7481,-17.5303,-6.54
-14.309,11.3017,-0.2465,-27.7364,2.3722
7.5836,-0.4443,-4.9589,2.9514,10.0354
12.0924,-2.3445,-11.5641,6.0816,19.9194
4.4129,3.0537,-4.5263,-3.4706,9.3562
7.9064,-2.8295,-2.9409,6.8494,6.8273
15.9218,-16.6403,-8.6229,25.5625,15.6225
19.8845,-23.1657,-15.1996,33.2121,25.0376
19.989,-26.703,-14.3334,37.1896,23.8357
19.9639,-26.0217,-14.4665,36.431,24.0211
15.0807,-8.1569,-12.0787,14.6602,20.656
13.4963,-8.9576,-8.0132,15.7551,14.712
14.7131,-21.1446,-4.7643,30.8916,9.7305
15.2936,-21.2105,-5.7866,30.9679,11.3228
18.0341,-29.5082,-9.1659,40.2807,16.4275
18.5523,-21.1945,-12.5984,30.9494,21.3959
20.1376,-19.8211,-17.2949,29.35,27.9036
18,-11.37,-16.7438,18.9586,27.1553
14.3252,-3.9408,-14.8353,8.5679,24.5334
5.9737,3.6268,-8.58,-4.6318,15.5586
15.6008,-14.6635,-8.8804,23.1397,16.005
14.152,-14.1986,-6.2547,22.5612,12.0441
12.8092,-3.3287,-11.9207,7.6282,20.4304
9.8361,-0.7425,-8.8752,3.4566,15.9972
6.8189,0.9181,-5.4173,0.5678,10.7504
15.5003,-10.8549,-10.9161,18.2857,18.9857
10.1278,-3.4493,-6.2045,7.8146,11.9669
2.3915,4.1791,-3.1263,-5.7877,7.1265
5.2531,0.9581,-2.7996,0.4957,6.5989
13.0034,-8.1888,-7.5946,14.7041,14.0826
16.2973,-14.8063,-10.2903,23.3168,18.0771
15.7163,-17.8852,-7.7003,27.0598,14.2419
10.7225,-5.3713,-5.5198,10.7041,10.9095
8.7996,-1.6132,-5.7421,4.9009,11.254
11.0477,-5.7995,-5.7543,11.3287,11.2728
3.3299,1.5321,-0.5717,-0.5518,2.9213
3.2574,0.6633,0.5391,1.0237,1.0314
8.7813,-7.6323,-0.7636,13.9333,3.2438
13.0803,-22.8882,-1.6553,32.8958,4.7281
9.8389,-18.5212,1.9204,27.8171,-1.3774
3.141,-7.5776,6.2075,13.8572,-9.3461
6.1541,-4.5708,1.0389,9.5185,0.1675
10.1309,-13.7891,0.1169,22.0486,1.7545
9.7081,-16.5566,1.5785,25.4611,-0.7749
11.8517,-18.5484,-0.8677,27.8494,3.4183
17.3349,-38.823,-6.4715,50.2529,12.3765
16.2498,-26.1138,-6.3303,36.5338,12.1602
15.0801,-21.7349,-5.253,31.5734,10.4946
9.8464,-6.7591,-2.9625,12.7057,6.8623
11.5382,-3.9596,-8.422,8.5965,15.3233
14.8108,-5.4508,-14.1781,10.8206,23.6191
9.7602,-2.6545,-6.3513,6.5737,12.1923
1.6556,6.0037,-5.8541,-9.9211,11.4271
5.7692,3.6908,-8.3019,-4.7637,15.1441
-1.1047,7.7149,-5.8541,-14.3926,11.427
-7.976,9.7181,-1.7699,-20.8412,4.917
-8.3596,9.8844,-1.886,-21.4661,5.108
-5.1968,8.2238,-0.7289,-15.8773,3.1857
-2.6611,6.9027,-0.9677,-12.1817,3.5857
1.6735,2.8396,0.1044,-3.0463,1.7757
5.1805,-2.4475,0.7987,6.2456,0.5837
10.099,-8.9885,-1.9924,15.7969,5.2829
8.1776,-10.0139,1.2943,17.1744,-0.2772
10.9142,-20.5105,0.9533,30.1553,0.316
11.7041,-18.9652,-0.5377,28.343,2.864
10.7799,-13.8439,-0.8023,22.1173,3.3087
11.0441,-16.1179,-0.4034,24.9278,2.6375
10.6087,-10.4713,-2.006,17.7807,5.3053
6.1699,-0.5779,-2.4312,3.1784,6.0005
0.8322,2.7142,1.4269,-2.7998,-0.5091
-6.0046,6.3194,4.5633,-10.6952,-6.1921
-9.1135,7.2872,6.2657,-13.2062,-9.4602
-0.4891,2.3969,3.4791,-2.1835,-4.1816
-16.9539,10.7434,5.7141,-25.026,-8.3854
-6.6203,6.3855,5.143,-10.8599,-7.2889
-16.6908,7.8744,11.9461,-14.8489,-21.6625
-16.917,6.4078,13.7755,-10.9158,-26.1846
-13.2612,-1.2058,16.0099,4.2306,-32.2959
-7.9981,-9.6395,15.3341,16.6745,-30.3671
-3.5809,-13.7648,13.4058,22.0181,-25.2401
-2.511,-15.6899,13.0028,24.4049,-24.2288
-7.115,-12.9642,15.4034,21.0072,-30.5615
-3.8872,-16.6109,14.0229,25.5268,-26.826
2.7736,-32.8175,10.859,43.8685,-19.1364
-3.1622,-12.102,12.8263,19.9055,-23.7919
3.6944,-23.2106,9.2735,33.2632,-15.6318
7.5998,-27.9864,6.0877,38.6101,-9.1116
7.0506,-9.548,2.5558,16.5517,-2.5089
1.7846,-5.5061,6.6928,10.9015,-10.3036
1.326,-3.4164,6.0852,7.7639,-9.1067
7.663,-9.9126,1.9292,17.0394,-1.3931
11.5434,-9.4733,-4.0707,16.4514,8.636
8.3067,-4.119,-2.4598,8.8383,6.0471
1.9851,1.8391,0.9533,-1.1233,0.316
-5.0726,3.7101,7.0622,-4.8037,-11.0412
-20.8255,10.7396,9.4447,-25.0088,-16.001
-17.622,9.8016,9.1972,-21.1528,-15.468
-28.6225,11.67,12.5209,-29.7696,-23.0438
-11.7466,7.8766,7.8282,-14.8553,-12.5962
-5.9235,2.3633,9.1071,-2.1188,-15.2752
-15.6711,6.8967,12.436,-12.1662,-22.8376
-23.4511,10.9083,11.0881,-25.7877,-19.6598
-28.7958,11.8185,12.1177,-30.6607,-22.0713
-8.3362,6.3811,6.9521,-10.8489,-10.8205
6.7873,-0.9135,-3.0558,3.7437,7.0129
11.7814,-4.4553,-8.4015,9.3455,15.2927
12.3149,-4.495,-9.4681,9.405,16.873
17.6071,-21.3029,-10.3964,31.0748,18.2316
14.8984,-11.8158,-8.9907,19.5366,16.1683
13.2118,-6.3918,-9.5031,12.1821,16.9246
15.7804,-5.0957,-17.2069,10.2987,27.7843
18.3544,-17.5847,-13.672,26.7003,22.9108
18.0959,-19.6532,-12.1222,29.1532,20.7181
11.1581,-8.2609,-4.1568,14.8033,8.7724
4.625,-1.2594,0.5465,4.3193,1.0187
8.6605,-6.9547,-0.9894,12.9827,3.6219
4.8587,-3.703,2.1609,8.2047,-1.804
4.7267,1.8137,-3.1076,-1.0757,7.0963
0.2319,3.9864,0.4624,-5.38,1.1631
-8.158,8.205,3.2849,-15.821,-3.8269
-9.6366,6.7779,7.6269,-11.8572,-12.1842
-6.4679,5.8867,5.7614,-9.6391,-8.4769
-3.8386,4.8288,4.3791,-7.1997,-5.8468
-3.8276,3.5697,5.9393,-4.5143,-8.8222
-6.4319,4.417,7.6208,-6.298,-12.1718
-11.0923,6.1366,9.8088,-10.2446,-16.7931
-2.6333,1.3669,6.836,-0.2476,-10.5887
-6.4254,-1.3771,11.8333,4.5136,-21.3951
-19.3501,-1.3976,18.8154,4.5473,-41.3152
-14.8871,-3.2244,17.3982,7.4664,-36.5274
-10.6208,-6.1986,16.0314,11.9051,-32.3587
-18.5968,-7.4929,19.6744,13.7389,-44.5171
-17.0815,-7.41,19.1176,13.6229,-42.4121
-18.767,-1.7406,18.6728,5.1086,-40.8078
-11.221,-9.2042,16.9203,16.0889,-35.026
-10.5466,-14.5482,17.3369,22.9966,-36.3319
-10.4609,-1.5343,14.5669,4.7719,-28.2653
-6.7428,-0.0327,11.3811,2.2448,-20.3361
2.8356,1.4031,0.2929,-0.3141,1.4536
2.4619,0.4462,1.8364,1.4082,-1.2289
-4.8906,5.3249,4.8643,-8.3202,-6.7595
1.8183,4.6878,-3.1567,-6.8881,7.1754
-9.7178,9.1887,2.5467,-18.9606,-2.4926
-4.4109,5.8814,3.4349,-9.6264,-4.1008
-7.8515,7.3018,4.8781,-13.2457,-6.7857
-9.1796,9.1565,1.9568,-18.851,-1.4418
-12.8605,8.1531,8.3698,-15.666,-13.7174
-14.6514,7.4488,10.9952,-13.6484,-19.4471
-25.3529,8.8205,16.0881,-17.7372,-32.5243
-23.2895,8.5854,15.2528,-16.9875,-30.1402
-0.2232,-2.1531,6.9289,5.7751,-10.7742
-6.2703,0.8425,10.4927,0.7035,-18.309
-3.2849,-0.5224,8.8224,3.0843,-14.6692
0.3445,1.3372,3.5955,-0.1932,-4.395
9.3058,-6.81,-2.0665,12.7778,5.4045
7.4737,-6.6457,0.5329,12.5445,1.0421
9.7623,-8.3414,-1.8358,14.914,5.0255
12.2907,-8.2334,-6.1973,14.7656,11.9559
18.2441,-13.2647,-15.9504,21.388,26.0711
14.3679,-5.003,-13.5986,10.1617,22.8078
4.0154,1.4733,-1.5215,-0.4432,4.5068
11.1284,-4.5164,-7.0483,9.437,13.256
10.0408,-3.7463,-5.7496,8.2711,11.2657
2.4036,1.0186,1.3193,0.3866,-0.3208
-10.7764,7.8228,6.9825,-14.7003,-10.8814
-5.6508,6.0144,4.6649,-9.9471,-6.3831
-14.3039,8.7657,8.5176,-17.5605,-14.0268
-19.5594,9.3258,11.7527,-19.4328,-21.2051
-14.6447,9.0021,8.339,-18.3326,-13.6531
-5.0712,4.8743,5.6856,-7.3009,-8.3302
-15.6771,9.6568,7.7812,-20.6154,-12.4998
-29.5896,12.4127,9.9911,-34.7998,-17.1936
-22.4376,10.8586,10.4324,-25.5548,-18.1739
-30.0009,12.3051,10.9075,-33.9665,-19.2469
-33.8972,12.7373,11.416,-37.6334,-20.4171
-39.6848,13.3014,10.9667,-44.5709,-19.3819
-24.6897,12.0042,7.9046,-31.8453,-12.7533
-13.6302,10.5048,2.8162,-23.9738,-2.9773
-19.1932,11.1073,6.6336,-26.748,-10.1861
-52.8678,13.7614,11.8471,-57.0486,-21.4278
-50.3319,13.6606,12.9939,-52.7797,-24.2068
-50.0194,13.5378,14.9259,-49.2453,-29.2377
-41.9866,13.3496,12.1164,-45.3845,-22.0681
-34.7246,12.7357,12.0373,-37.6183,-21.8792
-37.5558,13.0305,12.006,-40.7875,-21.8047
-22.0993,11.6015,7.4048,-29.3732,-11.7324
-21.206,11.2375,8.0841,-27.4039,-13.1237
-40.8909,12.8923,15.0745,-39.2118,-29.646
-34.8769,12.6593,12.5988,-36.9013,-23.2337
0.5462,-2.2043,6.1744,5.8573,-9.2812
10.1902,-13.8259,0.0461,22.0948,1.8752
11.5038,-9.0895,-4.232,15.9338,8.8914
3.736,-0.7053,1.2536,3.3939,-0.2061
3.6623,-0.14,0.8129,2.4302,0.5592
12.1019,-15.7841,-2.11,24.5202,5.4758
0.7405,-2.2737,6.0144,5.9683,-8.9686
3.6168,-2.6818,3.0109,6.6169,-3.3291
8.5592,-5.472,-1.8202,10.8515,4.9998
-5.0823,8.8831,-3.0857,-17.9407,7.0611
-18.2777,12.2879,-1.9636,-33.8376,5.2356
-32.4017,13.4242,1.4018,-46.7626,-0.4651
-29.7716,12.9418,6.0189,-39.755,-8.9773
-30.3981,12.9982,6.0558,-40.4028,-9.0494
-14.7604,11.4292,-0.3898,-28.4143,2.6145
-35.2986,13.5641,1.2545,-49.9095,-0.2078
-32.0051,13.11,6.4042,-41.7867,-9.7326
-26.2977,13.0244,0.785,-40.7145,0.6074
-14.6341,11.956,-4.7173,-31.5294,9.6566
-0.5746,4.0099,1.5238,-5.4294,-0.6789
-4.9181,2.7561,7.8512,-2.882,-12.6434
-7.9693,5.1144,8.2739,-7.84,-13.5175
-9.7453,7.7096,6.1437,-14.3774,-9.2212
5.4928,-1.2911,-0.6634,4.3716,3.0756
0.8274,2.5802,1.6024,-2.5383,-0.8169
11.1291,-8.5942,-3.8971,15.2602,8.3602
13.7488,-5.3338,-11.7442,10.6491,20.1778
3.1849,1.5114,-0.3352,-0.5135,2.5223
-4.0233,7.0612,0.616,-12.5995,0.899
7.6875,1.9942,-8.8473,-1.4152,15.9558
16.9571,-6.6927,-18.5338,12.6113,29.5722
21.8148,-13.5767,-27.2693,21.7816,40.8791
26.9065,-22.9568,-43.713,32.974,60.6022
22.3623,-10.8763,-32.9124,18.3137,47.8373
20.7507,-9.7598,-27.5264,16.8354,41.2014
17.4196,-4.9494,-22.461,10.0823,34.7478
16.2819,-5.7173,-17.8109,11.2093,28.6008
14.527,-3.7896,-15.5724,8.3372,25.5517
11.4242,-1.1417,-11.7631,4.1242,20.2048
0.3158,4.7926,-1.0047,-7.1196,3.6475
-4.7739,7.374,0.9186,-13.4427,0.3762
-11.8745,8.1031,7.5334,-15.5174,-11.9935
-31.1019,11.351,15.0095,-27.9955,-29.4669
-21.1116,9.6945,12.1884,-20.7539,-22.2406
-28.9618,11.3412,13.7438,-27.9439,-26.1029
-24.8365,10.2713,13.5866,-22.9948,-25.6997
-17.9411,9.4896,10.1711,-20.0103,-17.5914
-13.2432,8.8655,7.305,-17.8834,-11.5303
-7.4677,5.5009,7.3205,-8.7275,-11.5616
-8.3581,5.5382,8.1236,-8.8145,-13.2054
-7.9566,5.3572,7.971,-8.3947,-12.8901
-3.9979,3.3049,6.4036,-3.9749,-9.7315
6.1345,-6.5503,2.2645,12.4086,-1.9883
-0.6337,-3.9808,8.3089,8.6287,-13.5905
-7.4513,-2.6956,13.1155,6.6386,-24.5098
-10.6773,-3.4596,15.3426,7.8305,-30.3909
-14.3047,-3.3947,17.1729,7.7304,-35.8133
-25.9082,-1.6449,21.0424,4.9526,-50.2584
-13.6475,-5.1406,17.2802,10.3649,-36.152
-11.8247,-4.3341,16.2005,9.1632,-32.8544
-16.8714,-4.2504,18.4826,9.0371,-40.1407
-25.051,1.2316,20.1566,0,-46.4391
-19.3055,3.6046,17.0243,-4.5859,-35.3485
-23.4245,7.2649,16.6477,-13.1457,-34.1914
-8.4196,3.5351,10.2454,-4.4435,-17.7567
-19.026,7.2382,14.2613,-13.0736,-27.4519
-19.7604,8.5355,13.1622,-16.8316,-24.6265
-10.9274,7.9158,6.9583,-14.9685,-10.8329
-25.8525,9.6431,15.277,-20.5651,-30.2075
-10.7027,5.7167,9.9767,-9.2342,-17.162
6.1482,2.9948,-7.6314,-3.3533,14.1382
11.7597,-1.2862,-12.3253,4.3636,21.0077
16.0441,-5.1783,-17.8454,10.4205,28.6473
12.5995,-2.5599,-12.4508,6.424,21.1861
14.8354,2.8811,-33.6599,-3.1281,48.7423
21.902,-1.7774,-56.2424,5.1684,74.7533
25.016,-7.2032,-59.9104,13.333,78.7966
25.5148,-9.9804,-54.916,17.1298,73.2814
27.6023,-13.5717,-65.6157,21.7754,85.0143
21.777,-4.4911,-43.5821,9.3991,60.4511
19.8879,-8.0896,-26.4936,14.5674,39.9037
21.3207,-7.0818,-34.4275,13.1621,49.668
13.9127,-1.2318,-18.0445,4.2736,28.9154
23.8033,-14.2022,-35.4218,22.5657,50.8616
19.0123,-22.3292,-13.2933,32.2564,22.3784
18.3057,-22.6228,-11.5197,32.5926,19.8557
19.4552,-26.5089,-13.0622,36.9739,22.0524
19.5175,-24.4151,-13.8347,34.6283,23.139
19.6067,-25.9821,-13.5807,36.3868,22.7827
17.3136,-12.7154,-13.9196,20.6908,23.2578
8.9553,-2.4833,-5.0648,6.3024,10.2009
0.2163,4.5665,-0.4589,-6.6225,2.7313
6.8485,-0.4712,-3.6603,2.9973,7.9827
0.6252,4.1358,-0.3323,-5.6956,2.5174
6.149,-0.628,-2.343,3.2632,5.8568
-0.8143,4.2066,1.5496,-5.8463,-0.7242
-11.422,8.5578,6.1451,-16.901,-9.2238
-15.3613,10.1152,6.1796,-22.3648,-9.2914
-11.3205,10.2127,1.0169,-22.7558,0.2058
11.1519,-1.7415,-10.2827,5.11,18.066
11.0115,-0.1427,-12.4131,2.4347,21.1326
16.3674,-6.4827,-17.0963,12.3121,27.6343
7.3234,3.0444,-10.1688,-3.4522,17.9
11.9895,0.1202,-15.3358,1.9794,25.2257
3.1173,6.5828,-10.5205,-11.3571,18.4121
4.2949,6.491,-12.9132,-11.1248,21.8419
5.4208,4.8706,-10.4131,-7.2926,18.256
6.2503,3.5856,-9.0615,-4.5469,16.2731
-3.1624,7.363,-1.3723,-13.4125,4.2595
-12.5206,9.4333,5.1406,-19.8101,-7.2843
-14.6091,8.9665,8.3817,-18.2149,-13.7424
-9.9662,6.0163,8.9862,-9.9515,-15.0171
-1.7957,0.5632,6.6417,1.2015,-10.2021
-11.8272,5.119,11.4872,-7.8505,-20.5829
-12.5966,6.3008,10.8362,-10.649,-19.0846
-7.577,3.8436,9.2572,-5.081,-15.5968
-4.7129,1.8911,8.4022,-1.221,-13.7852
-6.8275,4.3642,8.0542,-6.184,-13.0619
-6.9458,4.6246,7.8783,-6.7494,-12.6992
-7.7127,7.0558,5.1843,-12.5853,-7.3675
1.2574,3.3565,-0.0382,-4.0795,2.0185
-6.6548,7.5872,2.8761,-14.0327,-3.0854
-10.7622,8.3751,5.8529,-16.3358,-8.6544
-11.2036,8.642,5.7229,-17.1661,-8.4024
-8.7969,6.5471,7.1597,-11.2665,-11.2372
-7.3884,5.2305,7.5861,-8.1041,-12.1009
0.6303,3.4631,0.6872,-4.2963,0.7762
7.6315,-1.8552,-3.4426,5.2947,7.6346
12.3558,-5.8526,-8.222,11.4057,15.0247
13.5695,-5.9614,-10.6892,11.5631,18.657
7.3405,0.7,-6.0555,0.9583,11.7377
12.2918,-1.7712,-12.8553,5.1584,21.76
14.0656,-1.8284,-17.3912,5.2512,28.0339
16.3899,-4.4417,-19.9462,9.325,31.4528
17.9059,-4.1478,-25.5925,8.882,38.7642
13.3909,0.3287,-19.7634,1.615,31.2106
7.1293,2.7215,-9.0829,-2.8141,16.3048
-4.7341,6.9946,1.7222,-12.4232,-1.0276
-9.0569,7.4551,5.9006,-13.6656,-8.7471
-14.5197,7.9491,10.1572,-15.0653,-17.5606
-4.6858,4.2991,6.0002,-6.0442,-8.9409
-16.2987,7.5312,12.1175,-13.8765,-22.0709
-15.4517,5.7557,13.4363,-9.3265,-25.3172
-8.0235,1.6327,11.3531,-0.7382,-20.2711
-6.7655,-1.7163,12.2355,5.069,-22.3537
-11.5073,2.15,13.4789,-1.7107,-25.4255
-10.6305,3.4258,12.0329,-4.2203,-21.8689
1.7709,-4.3514,6.1329,9.1892,-9.1999
1.298,-4.6063,6.75,9.5717,-10.4174
2.7539,-4.5223,5.1693,9.4458,-7.3391
-0.441,-1.2153,6.5516,4.2464,-10.0237
2.4737,-2.2476,4.0752,5.9267,-5.2806
3.4386,-0.8297,1.761,3.6032,-1.096
-2.8695,3.1698,5.3521,-3.7029,-7.6885
-6.9607,5.3468,7.0202,-8.3707,-10.957
0.6925,-0.7368,5.001,3.4469,-7.0187
3.6881,-1.7052,2.1797,5.0509,-1.8374
7.7501,-4.6086,-1.2158,9.5751,3.9995
7.288,-1.0125,-3.7759,3.9091,8.1672
6.9435,-1.7507,-2.4309,5.1251,6.0001
8.9984,-4.3553,-3.3872,9.1952,7.5458
8.0074,-4.695,-1.5414,9.7041,4.5398
7.9935,-5.4772,-0.958,10.8591,3.5695
3.4112,-0.1024,1.1177,2.3654,0.0306
6.4491,-3.3185,-0.289,7.6124,2.4442
8.0682,-3.269,-2.8033,7.5357,6.6048
2.0654,1.4039,1.3479,-0.3155,-0.3708
-6.8455,6.3255,5.4871,-10.7105,-7.9476
-1.693,3.0847,4.1216,-3.5326,-5.3668
-1.8289,2.9368,4.4477,-3.2383,-5.9751
-4.0342,4.8745,4.5389,-7.3015,-6.1462
-4.484,4.2132,5.8904,-5.8604,-8.7272
-9.4019,6.9178,7.1802,-12.2214,-11.2785
-2.872,3.5481,4.9256,-4.47,-6.8756
2.8506,2.395,-0.9938,-2.1799,3.6293
1.9939,3.1173,-0.7547,-3.5977,3.229
10.68,-2.0982,-8.8114,5.6871,15.9026
11.8451,-2.9204,-10.2609,6.9922,18.0343
9.61,-1.8433,-6.9909,5.2754,13.1688
10.63,-1.9877,-8.8476,5.509,15.9562
13.1081,-3.2712,-12.7006,7.5392,21.5408
9.8346,1.2316,-12.1388,0,20.7419
13.4437,-1.7995,-15.7309,5.2043,25.7698
11.0616,-0.5595,-11.8375,3.1472,20.3114
4.2452,3.1523,-4.4063,-3.6677,9.167
3.0477,2.9361,-2.0829,-3.2368,5.4314
-10.3372,7.3448,7.3966,-13.3629,-11.7157
-9.6563,7.1952,6.9776,-12.9575,-10.8715
-0.9841,4.0279,2.034,-5.4674,-1.5786
-1.4518,4.7082,1.6187,-6.9332,-0.8455
-7.7335,5.6822,7.342,-9.1525,-11.6052
0.917,0.1471,4.0253,1.9326,-5.188
-2.8209,2.0868,6.3926,-1.5906,-9.7097
-3.1014,3.0851,5.6948,-3.5333,-8.348
-1.7533,2.2579,5.0863,-1.9166,-7.1808
-13.403,9.9749,4.4892,-21.8141,-6.053
-0.292,5.6867,-1.8278,-9.1632,5.0124
0.3388,7.075,-6.4621,-12.6361,12.3621
-8.8689,9.9347,-1.3237,-21.6587,4.1789
-7.658,9.8779,-2.972,-21.4415,6.8777
-6.7728,9.6116,-3.234,-20.4502,7.2998
-0.5866,8.1485,-8.4543,-15.6523,15.3714
1.0994,7.5326,-9.5579,-13.8805,17.0052
3.0322,6.901,-11.4572,-12.1775,19.7659
-1.3022,8.4048,-8.0557,-16.4271,14.7758
13.835,-6.0496,-11.1966,11.6906,19.3906
11.8533,-3.6854,-9.3749,8.1778,16.7358
10.0116,-7.8869,-2.4982,14.2871,6.1097
12.3219,-11.8501,-4.1149,19.5808,8.7061
13.3774,-14.8688,-4.5649,23.3941,9.417
16.3648,-40.5124,-4.5642,52.0255,9.4159
15.2602,-56.4262,-1.9805,68.4036,5.2633
14.3924,-57.4045,-0.6446,69.3975,3.044
14.4119,-66.4,-0.5204,78.4973,2.8349
17.5481,-73.7187,-5.5436,85.864,10.9465
17.6556,-66.3609,-5.8277,78.4579,11.3863
18.0394,-63.8429,-6.5857,75.9168,12.5511
17.4983,-58.5307,-5.6993,70.5405,11.1878
17.6628,-58.5946,-5.9996,70.6054,11.6516
14.9144,-57.7246,-1.4166,69.7226,4.3331
10.7104,-19.4894,0.9946,28.9607,0.2444
2.1119,-0.9944,3.5633,3.8789,-4.336
2.8744,-0.2006,1.9234,2.5344,-1.3828
3.7331,-0.5232,1.0873,3.0856,0.0834
-0.3199,1.0924,4.6049,0.2529,-6.2702
2.5215,-1.061,3.1206,3.9901,-3.5282
-2.866,3.7444,4.6847,-4.8747,-6.4205
-1.9446,4.0781,3.1718,-5.5735,-3.621
-4.8564,5.9196,3.9022,-9.7182,-4.96
-9.0136,8.4802,3.6372,-16.6594,-4.4716
-6.1959,6.0951,5.1451,-10.1432,-7.2929
-0.6795,2.5679,3.5156,-2.5145,-4.2485
-4.4422,2.6528,7.4899,-2.6798,-11.9051
-13.3263,7.5295,9.8085,-13.8717,-16.7925
-13.1123,9.3075,6.1156,-19.3693,-9.166
-17.8641,9.7173,9.6047,-20.8382,-16.3479
-7.6779,6.2607,6.4663,-10.5498,-9.8551
-3.9598,3.4462,6.2134,-4.2619,-9.3576
-7.8546,4.6436,8.6968,-6.7912,-14.4038
3.0129,-5.489,5.3937,10.8765,-7.7683
7.3773,-6.1025,0.34,11.7667,1.3731
9.4957,-12.1645,0.3941,19.9858,1.2803
11.9903,-11.9255,-3.5186,19.6782,7.7562
15.9496,-18.5081,-7.9277,27.8016,14.5837
12.3828,-21.6106,-0.8865,31.4301,3.4498
11.5843,-13.3942,-2.206,21.5516,5.6329
7.4948,-13.6242,3.503,21.8414,-4.2254
9.4159,-12.0863,0.4744,19.8853,1.1425
9.1763,-10.2189,0.0074,17.4467,1.941
3.7628,-4.9852,4.2865,10.1352,-5.6738
5.8564,-5.9434,2.2817,11.5371,-2.019
3.2304,0.1911,1.0702,1.8559,0.1132
1.5969,1.2757,2.1032,-0.0806,-1.7014
6.946,-3.591,-0.7987,8.033,3.3028
11.5525,-9.2745,-4.2041,16.1838,8.8474
9.5277,-7.4791,-1.9871,13.7196,5.2743
6.6414,-2.2302,-1.5025,5.8988,4.4753
5.752,-2.7456,0.2456,6.7174,1.5346
9.9291,-8.0371,-2.276,14.495,5.7473
9.5224,-2.6936,-5.8681,6.6354,11.4487
9.6381,-4.5279,-4.3217,9.4543,9.0333
7.1047,-11.8128,3.3735,19.5327,-3.9886
8.8716,-12.868,1.511,20.885,-0.6565
1.1855,-3.9735,6.5379,8.6177,-9.9965
-1.434,-1.392,7.6489,4.538,-12.2289
2.3169,-5.1596,5.9746,10.3929,-8.891
3.3133,-5.5414,5.0904,10.953,-7.1887
7.2263,-11.9129,3.2614,19.6618,-3.7841
3.4,-6.7084,5.5572,12.6336,-8.0824
1.1424,-7.0083,7.9603,13.0584,-12.868
-3.3182,-1.5124,9.4321,4.7358,-15.9738
0.5742,0.1123,4.4522,1.9933,-5.9836
-1.4324,1.989,4.9991,-1.4054,-7.0151
3.3399,-2.7103,3.3692,6.6618,-3.9807
-2.499,3.647,4.3848,-4.6733,-5.8575
-7.7265,7.1796,4.9707,-12.9156,-6.9611
-1.6744,4.4967,2.2347,-6.4707,-1.9352
-12.9146,9.6021,5.0937,-20.4155,-7.195
-7.4711,7.8225,3.3481,-14.6995,-3.9422
-3.8189,6.5971,1.3474,-11.3933,-0.3701
2.3811,1.808,0.4447,-1.0651,1.1935
-3.5363,6.8907,0.3255,-12.1504,1.3979
-2.8116,6.5942,-0.0379,-11.386,2.0182
0.5156,5.8112,-3.3945,-9.4586,7.5574
6.2092,1.5612,-5.2745,-0.6057,10.5281
11.9869,-9.3988,-4.8847,16.3512,9.9192
11.6157,-12.3935,-2.6874,20.2796,6.417
10.1559,-8.1788,-2.5507,14.6904,6.195
8.6479,-7.7709,-0.4885,14.1261,2.7812
9.1808,-9.0637,-0.5658,15.8988,2.9114
8.6914,-8.3343,-0.2404,14.9043,2.3618
10.5071,-16.7735,0.5578,25.7236,0.9991
11.5542,-23.8998,0.7633,34.0458,0.6448
13.151,-19.1812,-2.6949,28.5979,6.4292
14.3268,-20.2975,-4.3312,29.9071,9.0484
14.3043,-12.2111,-7.5585,20.0457,14.0282
10.4411,-4.1103,-6.1371,8.8252,11.8634
15.6295,-12.6524,-10.0393,20.6104,17.7108
15.9865,-9.7262,-12.8976,16.7905,21.8199
12.8381,-6.5856,-8.5515,12.459,15.5162
13.1667,-6.01,-9.7631,11.6334,17.3064
13.3003,-4.5751,-11.5529,9.525,19.9034
7.3254,3.3637,-10.8853,-4.0941,18.9411
4.8456,3.7705,-6.6587,-4.9289,12.6627
2.7489,5.3317,-6.1872,-8.3359,11.9404
6.95,0.9332,-5.677,0.5406,11.1532
9.1578,0.8143,-9.862,0.7541,17.4513
1.5247,4.6092,-2.5297,-6.7157,6.1609
4.7467,0.8886,-1.9096,0.6207,5.1469
-0.5197,5.6349,-1.3711,-9.0411,4.2576
-9.0794,9.992,-1.2539,-21.8804,4.0629
-12.0881,10.5511,0.5885,-24.174,0.9463
-1.4215,5.8063,-0.3816,-9.447,2.6008
-9.6078,8.602,4.0338,-17.0398,-5.2038
-5.6169,7.5815,1.5589,-14.0167,-0.7405
-14.1045,10.3681,3.9255,-23.395,-5.0031
-5.3405,5.6551,4.8773,-9.0887,-6.7842
3.0786,0.013,1.4507,2.1657,-0.5508
6.0052,-3.6453,0.5894,8.1163,0.9448
12.1935,-11.3722,-4.1372,18.9614,8.7414
14.5499,-24.0414,-3.7655,34.2062,8.1506
15.0501,-23.3997,-4.7735,33.4784,9.7449
15.1137,-23.0625,-4.968,33.0946,10.0496
16.7188,-31.8432,-6.17,42.8181,11.9138
14.8276,-33.8548,-2.6407,44.9819,6.3412
9.8583,-20.5048,2.3434,30.1487,-2.129
5.0251,-5.7861,3.2313,11.3092,-3.7293
3.5675,-4.6392,4.3174,9.6207,-5.7314
-1.0729,1.4491,5.1181,-0.3987,-7.2414
-4.1129,2.8553,6.9747,-3.0772,-10.8658
-4.9912,3.582,7.1163,-4.5397,-11.1499
-8.2467,6.2622,7.0388,-10.5535,-10.9943
-12.6221,8.4613,7.5548,-16.601,-12.0372
-4.8462,5.0936,5.144,-7.793,-7.2908
-7.1655,6.2674,5.9219,-10.5664,-8.7885
1.4473,2.0879,1.3813,-1.5926,-0.4292
3.2809,0.4372,0.7477,1.4241,0.6719
2.8318,1.593,0.0715,-0.6645,1.8318
1.3563,2.6441,0.8089,-2.6627,0.566
3.6057,-0.3436,1.0887,2.7796,0.081
4.4802,0.4837,-1.022,1.3422,3.6764
1.8974,1.7859,1.1353,-1.0238,0
0.5559,4.8139,-1.405,-7.1668,4.3138
-10.7796,9.849,1.7112,-21.3315,-1.0082
-3.1602,7.3165,-1.2541,-13.2858,4.0632
1.3815,4.5936,-2.2732,-6.6818,5.7428
-4.5633,7.7496,-0.3226,-14.4912,2.5009
-9.1978,9.5407,0.6991,-20.1933,0.7557
-13.3577,10.7933,1.1796,-25.2533,-0.0772
-12.9106,11.0076,-0.5613,-26.2607,2.9038
-16.2062,11.2541,2.5782,-27.4892,-2.5493
-11.0914,10.2478,0.5545,-22.8985,1.0048
-1.9878,5.1669,1.5775,-7.9591,-0.773
-2.3063,5.7195,1.0274,-9.2407,0.1874
-7.9764,8.4996,2.3059,-16.7198,-2.0621
-6.9687,8.1371,1.9601,-15.6182,-1.4477
4.3966,-0.3159,-0.0381,2.7322,2.0184
5.3054,-1.3408,-0.3431,4.4537,2.5357
6.7241,-2.9441,-0.9989,7.0293,3.6378
7.8815,-3.7728,-2.0739,8.3115,5.4166
7.0789,-1.9049,-2.4937,5.3753,6.1023
8.6485,-4.1104,-3.0175,8.8254,6.951
-0.4085,5.0342,-0.3774,-7.6589,2.5937
3.2723,2.9968,-2.5325,-3.3575,6.1655
7.3082,-1.9425,-2.8244,5.436,6.6391
4.6019,1.3526,-2.2748,-0.2213,5.7454
-5.6743,8.401,-0.5575,-16.4152,2.8974
-2.716,8.015,-4.0053,-15.2579,8.5321
-1.1807,7.0955,-3.8151,-12.6909,8.2297
-2.6764,6.8746,-0.8777,-12.1083,3.4351
-1.8596,7.1366,-2.8074,-12.8003,6.6116
-2.435,7.2819,-2.2816,-13.1918,5.7565
1.0224,4.8817,-2.2551,-7.3173,5.7132
3.1304,1.023,0.3179,0.3785,1.4109
0.701,3.6035,0.3845,-4.5838,1.2968
4.4894,-0.4025,-0.083,2.8801,2.0948
7.6487,-6.7524,0.3514,12.6961,1.3535
6.1239,-7.9806,3.0036,14.4169,-3.316
5.9782,-9.3594,3.7873,16.2982,-4.7479
10.2269,-15.8101,0.6575,24.5521,0.8275
10.3905,-18.7738,1.2532,28.1166,-0.2056
10.3476,-22.0542,2.0267,31.9408,-1.5657
12.2834,-30.6448,0.7627,41.5195,0.6459
9.4638,-19.8011,2.6921,29.3267,-2.7538
9.6095,-22.8118,3.0958,32.8086,-3.4831
6.6045,-22.5699,6.4344,32.532,-9.7921
8.3217,-21.8956,4.4633,31.7584,-6.0043
9.4383,-9.158,-0.8962,16.0265,3.466
11.79,-8.8888,-4.8541,15.6617,9.8712
8.8683,-2.1969,-5.2138,5.8454,10.4336
9.2552,-1.9496,-6.1949,5.4475,11.9521
5.0841,3.3991,-6.37,-4.166,12.221
3.2183,5.1235,-6.5666,-7.8606,12.522
10.4725,1.1579,-13.5276,0.1342,22.7081
6.1133,4.4811,-10.9146,-6.4367,18.9834
1.1923,8.068,-11.9866,-15.4138,20.5246
1.7816,7.7437,-11.9268,-14.4744,20.4391
6.0808,2.767,-7.0665,-2.9033,13.2837
4.4625,3.3207,-5.0872,-4.007,10.236
2.9462,3.6848,-3.1469,-4.7513,7.1596
0.575,5.3564,-2.4983,-8.3929,6.1097
4.8316,-0.1827,-0.8084,2.5037,3.319
4.2528,0.3917,-0.5822,1.5043,2.9391
-0.0222,3.028,2.1451,-3.4195,-1.7758
2.9533,1.7032,-0.2376,-0.8694,2.3571
9.9553,-7.1257,-2.8931,13.2239,6.7501
7.9277,-5.3537,-0.9456,10.6783,3.5487
4.896,-1.3352,0.2364,4.4444,1.5503
5.9546,-4.033,0.9393,8.7079,0.3403
4.8815,-5.1607,3.0529,10.3945,-3.4052
2.9222,-3.0672,4.1067,7.2217,-5.339
0.7988,1.3445,3.0367,-0.2064,-3.3759
-3.4644,3.9478,5.107,-5.2989,-7.2202
-1.4316,2.8823,4.0495,-3.1305,-5.2329
-1.7702,2.1682,5.195,-1.7453,-7.3881
-4.8063,4.9428,5.3071,-7.4539,-7.6023
0.1367,0.2114,4.8642,1.8205,-6.7593
3.4568,-5.0726,4.6841,10.2646,-6.4192
2.2677,-2.5831,4.5419,6.4608,-6.1519
3.3401,-2.6075,3.2967,6.4994,-3.8485
8.9085,-18.455,3.0809,27.7386,-3.456
11.336,-33.7135,2.3375,44.8305,-2.1185
10.3682,-29.0404,3.0624,39.7687,-3.4224
10.0167,-37.6814,4.2454,49.0499,-5.5972
8.5939,-38.0538,5.8462,49.4428,-8.6413
5.4579,-30.463,8.4187,41.3219,-13.8197
7.8256,-24.9999,5.488,35.2868,-7.9494
3.6141,-14.9124,7.9734,23.4481,-12.895
3.86,-11.8411,6.9517,19.5692,-10.8198
5.5164,-13.8,5.7939,22.0623,-8.5399
0.3198,-1.4661,5.9299,4.66,-8.8039
-7.0667,5.015,7.5389,-7.6158,-12.0047
-2.3342,1.9044,6.0548,-1.2461,-9.0474
-9.9459,8.0921,5.5872,-15.4849,-8.1404
-9.5716,8.9699,3.0073,-18.2262,-3.3226
2.5378,2.5022,-0.6786,-2.3869,3.1011
-0.3192,3.4975,1.9115,-4.3665,-1.3618
8.0579,-6.8494,-0.1716,12.8337,2.2452
8.5483,-11.2644,1.3284,18.8212,-0.3368
3.6363,-3.2332,3.3681,7.4801,-3.9788
6.6485,-6.9975,1.8423,13.0431,-1.2394
10.3648,-8.1682,-2.8934,14.6757,6.7507
12.7014,-13.7612,-3.8732,22.0136,8.3222
12.1729,-14.7971,-2.5831,23.3054,6.2478
9.5312,-9.4765,-0.8696,16.4557,3.4215
5.5388,-2.1327,0.0349,5.7424,1.8943
6.8045,-3.9346,-0.326,8.5584,2.5067
-1.3569,5.2397,0.5974,-8.125,0.931
-1.7078,6.2849,-0.9663,-10.6097,3.5833
11.0751,-11.6654,-2.1613,19.342,5.5598
8.3245,-10.4075,1.2695,17.6964,-0.2339
2.6963,-3.0053,4.3282,7.125,-5.7516
-4.0508,3.7055,6.0229,-4.7941,-8.9851
-0.8009,1.6829,4.5901,-0.8315,-6.2424
1.3634,-1.0394,4.4749,3.954,-6.0262
0.8957,0.4504,3.7813,1.4009,-4.7368
-5.2367,4.9559,5.755,-7.4831,-8.4645
0.1938,1.2001,3.909,0.0573,-4.9726
-2.2324,2.1336,5.7305,-1.6794,-8.417
-15.2261,9.4895,7.7689,-20.0101,-12.4745
-19.6489,11.1603,6.8801,-27.0127,-10.6767
-13.0975,9.0864,6.651,-18.6143,-10.2206
-6.7607,7.3201,3.5782,-13.2957,-4.3633
-4.9481,5.6226,4.4833,-9.0121,-6.0419
-5.4145,6.0349,4.3619,-9.9967,-5.8146
-5.4886,5.4603,5.3297,-8.6331,-7.6455
-5.3561,4.864,6.0017,-7.2781,-8.9437
-1.4758,0.27,6.5432,1.718,-10.007
1.2344,-3.2247,6.0708,7.4669,-9.0787
1.887,-0.8464,3.7127,3.6312,-4.6105
4.8188,-5.9106,3.5484,11.4897,-4.3087
1.6773,-1.7291,4.6256,5.0899,-6.3091
2.2589,-3.6638,5.2268,8.1446,-7.4487
-0.4162,2.0722,3.7456,-1.5628,-4.6711
1.7755,0.5861,2.5787,1.1609,-2.5501
2.7651,-0.9928,2.763,3.8762,-2.8814
6.2786,-4.4477,0.7853,9.334,0.607
8.2925,-5.4761,-1.4085,10.8576,4.3195
8.083,-5.0867,-1.3679,10.2854,4.2523
7.273,-3.7927,-1.1257,8.342,3.8494
8.2093,-3.9304,-2.4604,8.5521,6.048
9.8867,-6.4989,-3.2086,12.3353,7.259
10.1533,-9.0696,-2.0322,15.9068,5.3482
8.5616,-9.7646,0.6583,16.8418,0.826
8.6373,-10.5643,0.9142,17.9035,0.3839
11.3033,-14.5873,-1.309,23.0452,4.1544
13.2754,-16.5941,-3.7284,25.5065,8.0914
9.1753,-8.1181,-1.0702,14.6067,3.7569
10.8427,-10.6928,-2.2625,18.0727,5.7253
9.6742,-9.2154,-1.2188,16.1039,4.0044
11.4799,-13.5265,-1.9884,21.7184,5.2764
14.2489,-27.9757,-2.5219,38.5983,6.1482
13.6219,-21.3732,-2.864,31.1561,6.7031
14.5628,-26.3333,-3.3196,36.7784,7.4372
12.7039,-19.1605,-1.993,28.5735,5.2839
11.4619,-16.0042,-1.0556,24.7892,3.7324
10.8945,-16.6452,-0.0252,25.5684,1.9965
9.4379,-14.4159,1.2881,22.8321,-0.2664
8.4074,-14.0183,2.5015,22.3358,-2.4116
6.9572,-10.7752,3.171,18.181,-3.6196
4.7081,-7.4459,4.4383,13.6732,-5.9575
-0.8977,1.9685,4.4156,-1.3667,-5.9151
-2.8549,3.1053,5.4067,-3.5738,-7.7931
-8.196,7.1534,5.5343,-12.8453,-8.0384
-7.428,5.986,6.6166,-9.8782,-10.1523
-14.0115,8.9998,7.7502,-18.3252,-12.4363
-21.986,10.6236,10.7337,-24.4911,-18.8522
-18.6959,10.0325,9.5593,-22.0385,-16.2492
-24.0132,11.9222,7.6903,-31.312,-12.3137
-16.1069,10.3491,6.2093,-23.3157,-9.3496
-15.2272,9.7172,7.1883,-20.8379,-11.2948
-1.651,-0.3261,7.1568,2.7497,-11.2314
-1.9781,1.621,5.939,-0.7164,-8.8216
2.9483,-2.672,3.8115,6.6013,-4.7925
6.8079,-4.4725,0.0632,9.3713,1.846
5.964,-4.4522,1.216,9.3408,-0.1406
9.5988,-6.1431,-2.9899,11.8252,6.9066
5.6764,-1.7906,-0.4659,5.1898,2.743
8.3643,-9.7186,0.908,16.7803,0.3945
10.781,-16.548,0.1068,25.4506,1.7716
11.1977,-13.0157,-1.7601,21.0726,4.9009
4.5659,2.3091,-3.5749,-2.0146,7.8464
5.9841,0.6732,-3.6308,1.0061,7.9356
2.6378,2.7384,-1.16,-2.8472,3.9066
-1.6672,4.5394,2.1611,-6.5635,-1.8042
3.7185,0.5252,0.0413,1.2687,1.8832
0.3409,2.3505,2.508,-2.0943,-2.4233
-2.5359,4.6865,3.034,-6.8854,-3.371
-2.8411,4.7649,3.2919,-7.0583,-3.8397
-1.6948,4.4965,2.2612,-6.4701,-1.9824
-4.727,5.6327,4.2129,-9.036,-5.5365
-12.3367,8.3031,7.5941,-16.1168,-12.1172
-7.0138,6.3537,5.6236,-10.7805,-8.2105
-3.6061,4.2144,4.9339,-5.863,-6.8915
-0.9348,2.87,3.4743,-3.1063,-4.1729
1.4187,1.4171,2.181,-0.3397,-1.8397
-0.2112,3.8111,1.3293,-5.0132,-0.3384
7.6163,-3.521,-1.8705,7.9251,5.0827
6.135,-2.2662,-0.7112,5.9565,3.1559
3.3788,-0.5507,1.587,3.1322,-0.7898
9.4213,-8.5675,-1.1877,15.2237,3.9527
14.025,-22.7292,-3.1917,32.7142,7.2318
11.4179,-17.3062,-0.5841,26.3659,2.9422
10.4447,-16.312,0.5082,25.1641,1.0845
11.0997,-17.9499,0.0585,27.1371,1.854
9.651,-20.4082,2.5857,30.0362,-2.5627
11.2483,-26.8254,1.6518,37.3257,-0.9037
10.1385,-23.2042,2.5054,33.256,-2.4186
11.7555,-24.6052,0.6118,34.8427,0.9062
12.3683,-22.0348,-0.77,31.9185,3.2546
10.2284,-11.0793,-1.1324,18.5795,3.8605
7.9647,-3.6064,-2.3444,8.0565,5.859
7.4866,-3.8009,-1.4418,8.3545,4.3747
8.6601,-4.4044,-2.7935,9.269,6.5891
6.3268,-1.5433,-1.672,4.7866,4.7555
5.942,-0.581,-2.0686,3.1837,5.408
7.4858,-4.6283,-0.8068,9.6045,3.3164
9.6209,-9.3872,-1.049,16.3357,3.7215
8.4905,-8.0691,-0.0956,14.5391,2.1161
2.0062,-0.8321,3.5589,3.6073,-4.3278
3.1008,-4.9989,5.0434,10.1556,-7.0992
3.0993,-4.3619,4.694,9.2051,-6.4379
4.1794,-6.7262,4.7046,12.659,-6.458
5.4004,-9.6219,4.5631,16.6508,-6.1917
7.8691,-14.4532,3.302,22.8785,-3.8582
7.3525,-8.6072,1.7392,15.2781,-1.0575
7.2354,-4.5948,-0.464,9.5544,2.7398
6.7562,-2.6885,-1.2665,6.6274,4.0838
7.5146,-3.7795,-1.5017,8.3218,4.4741
13.8001,-14.8409,-5.3243,23.3596,10.6057
11.6079,-8.1535,-5.011,14.6555,10.1169
9.1662,-5.5483,-2.7224,10.9631,6.4737
7.8709,-2.6305,-3.0697,6.5358,7.0353
4.803,0.3938,-1.4047,1.5007,4.3133
4.9986,-2.5586,1.1353,6.422,0
10.4594,-26.7346,2.6534,37.2248,-2.6841
9.6699,-30.0685,4.0151,40.8923,-5.169
11.2213,-41.917,3.0555,53.4928,-3.41
14.7007,-36.1003,-2.2029,47.376,5.6279
12.6751,-28.2571,-0.1003,38.9083,2.1242
13.263,-37.2847,0.0522,48.6308,1.8647
13.3169,-38.1396,0.0432,49.5333,1.88
14.7593,-42.1828,-1.8088,53.7698,4.9811
16.2195,-46.8369,-3.8983,58.5926,8.362
18.35,-49.6423,-7.6466,61.4779,14.161
16.7207,-26.664,-7.1075,37.1463,13.3459
16.6769,-24.859,-7.4363,35.1284,13.8437
14.071,-14.3723,-6.0246,22.7778,11.6902
11.937,-20.0932,-0.5893,29.6685,2.9509
14.3221,-27.6616,-2.6913,38.2517,6.4234
15.4705,-21.6179,-5.9958,31.4386,11.6457
17.5055,-25.3652,-8.9828,35.6968,16.1567
16.4718,-23.204,-7.4609,33.2558,13.881
15.3943,-19.832,-6.3934,29.3628,12.2569
13.0303,-12.5562,-4.9985,20.4876,10.0974
12.9375,-7.5182,-7.9785,13.7742,14.66
13.1572,-7.4793,-8.4531,13.7199,15.3696
12.9397,-6.4918,-8.8429,12.3252,15.9493
9.6348,-2.437,-6.3549,6.2288,12.1978
6.1066,2.1451,-6.0198,-1.7014,11.6827
7.0856,-1.0639,-3.3807,3.9949,7.5354
4.6471,0.1559,-0.9022,1.9172,3.4761
12.5459,-20.0994,-1.4975,29.6757,4.4671
12.8915,-21.1614,-1.7617,30.911,4.9036
13.764,-28.6201,-1.6613,39.3075,4.7379
11.6968,-28.115,1.2368,38.7518,-0.1768
12.9213,-42.3563,0.8745,53.9506,0.4526
10.6828,-38.1258,3.4882,49.5187,-4.1984
13.7812,-42.5667,-0.3225,54.1697,2.5008
12.4763,-32.4462,0.7006,43.4688,0.7532
12.8652,-20.7812,-1.8149,30.4702,4.9911
15.4892,-33.4213,-3.7793,44.5172,8.1726
5.8111,-2.1743,-0.3194,5.8092,2.4955
6.8534,-3.3135,-0.8848,7.6047,3.447
4.382,1.337,-1.9102,-0.1927,5.1478
5.3267,0.0215,-1.781,2.151,4.9352
-2.9905,6.8043,-0.2539,-11.9255,2.3846
2.4963,4.3132,-3.5518,-6.0745,7.8094
-0.5344,5.457,-0.9916,-8.6255,3.6256
6.1804,-1.6399,-1.355,4.9446,4.2308
4.8128,-3.9231,2.3681,8.5409,-2.1732
-4.4775,6.3477,2.6894,-10.7656,-2.7489
4.6082,-0.4543,-0.2009,2.9685,2.2949
4.1228,0.2625,-0.2517,1.731,2.3809
2.6072,1.2051,0.8378,0.0482,0.5161
-0.2959,4.7642,-0.0613,-7.0566,2.0578
3.0378,2.6071,-1.5766,-2.5907,4.5979
1.8357,2.8286,-0.1115,-3.0245,2.1431
2.5983,2.1206,-0.2563,-1.6547,2.3887
-0.3373,5.0378,-0.4876,-7.6672,2.7796
0.979,4.3033,-1.1335,-6.0532,3.8625
4.4251,-1.3697,0.9206,4.5014,0.3728
3.0818,-0.4322,1.868,2.9309,-1.2848
2.1093,-0.4164,3.0846,2.9039,-3.4628
6.6256,-11.3786,3.7932,18.9697,-4.7589
7.2584,-13.1549,3.6388,21.249,-4.4746
-0.6704,0.4679,5.5389,1.3701,-8.0472
0.6696,-0.8654,5.1234,3.6631,-7.2515
4.1741,-10.5469,6.2294,17.8805,-9.3889
4.1077,-12.8533,6.9889,20.8663,-10.8943
7.1465,-17.7602,4.9855,26.9104,-6.9892
5.2186,-13.3716,5.992,21.5231,-8.9248
5.3065,-13.2806,5.8737,21.4081,-8.6947
4.8804,-13.191,6.2957,21.2948,-9.5191
-0.1054,-1.7091,6.5328,5.0573,-9.9864
2.3844,-5.1511,5.899,10.3804,-8.7438
6.9173,-18.3172,5.3564,27.5748,-7.6967
6.3458,-16.5124,5.5831,25.4075,-8.1324
5.6843,-7.5943,3.3574,13.8804,-3.9593
8.6601,-13.8368,2.1204,22.1085,-1.732
8.361,-14.2139,2.6216,22.5803,-2.627
12.3535,-22.3856,-0.6719,32.321,3.09
10.3932,-15.5006,0.3289,24.1728,1.392
12.623,-18.2096,-2.1414,27.4467,5.5272
13.139,-17.6462,-3.1444,26.7739,7.1557
12.7714,-19.043,-2.1316,28.4349,5.5112
10.1422,-12.7991,-0.2729,20.7974,2.4168
9.5963,-10.8234,-0.3183,18.2443,2.4937
10.1484,-14.2499,0.2557,22.6252,1.5173
9.993,-14.7696,0.6487,23.2713,0.8426
11.7869,-22.5184,0.1723,32.4731,1.6598
11.3687,-20.8349,0.3988,30.5325,1.2723
11.1412,-20.1538,0.5595,29.7393,0.9962
8.4959,-14.8923,2.6587,23.4232,-2.6937
6.3622,-11.114,4.0089,18.6249,-5.1575
6.8825,-12.9406,4.0154,20.9774,-5.1696
10.6859,-20.341,1.2244,29.9578,-0.1553
10.9977,-21.6036,1.0758,31.4221,0.1035
9.025,-15.5708,2.1867,24.2589,-1.8499
6.5622,-6.2359,1.5311,11.9587,-0.6917
0.6009,1.4695,3.151,-0.4363,-3.5833
-9.6446,8.5337,4.2463,-16.8258,-5.5988
-2.0125,4.1757,3.1208,-5.7805,-3.5284
-1.1847,3.0688,3.5393,-3.5009,-4.292
-3.9283,6.6335,1.4181,-11.4863,-0.4936
-12.8561,10.7388,0.76,-25.0056,0.6506
-12.7098,10.5415,1.476,-24.1323,-0.595
-12.2963,10.0225,3.0125,-21.9992,-3.3321
-12.6833,10.3783,2.1365,-23.4376,-1.7606
-10.4296,9.0251,3.8875,-18.4093,-4.9329
-8.8339,8.0763,4.3841,-15.4382,-5.8562
0.5042,-0.1973,4.7879,2.5287,-6.6151
-0.8936,0.7725,5.5244,0.8289,-8.0194
2.0884,-1.7614,4.1769,5.1424,-5.4695
4.137,-7.0609,4.9084,13.1326,-6.8431
6.5944,-11.2627,3.7887,18.8189,-4.7505
5.9203,-8.7937,3.618,15.5323,-4.4363
6.6358,-6.9581,1.8377,12.9874,-1.2312
4.1634,-3.7173,3.0451,8.2267,-3.3911
5.5768,-5.161,2.1791,10.395,-1.8362
4.3694,-0.3284,0.0135,2.7537,1.9307
-0.713,4.9327,0.2382,-7.4312,1.5474
-1.7199,6.0737,-0.4954,-10.091,2.7928
-2.5174,5.864,1.043,-9.5849,0.1603
0.5307,2.6548,1.8987,-2.6837,-1.3391
2.2118,-1.9892,4.1976,5.5115,-5.508
1.4058,-2.7673,5.6147,6.7517,-8.1932
-5.1858,2.9776,7.9004,-3.3193,-12.7445
-1.5465,-1.7008,7.9432,5.0438,-12.8326
-10.3291,5.8428,9.5148,-9.5339,-16.1527
-22.8195,10.628,11.3676,-24.5104,-20.3046
-38.5098,11.9343,17.3643,-31.3892,-36.4191
-37.9419,11.8452,17.3213,-30.8261,-36.2822
-35.4316,11.0676,17.7632,-26.5527,-37.7098
-50.3881,12.7043,19.9896,-37.3197,-45.7622
-42.505,12.2978,18.1676,-33.9115,-39.0588
-49.5968,13.2414,17.434,-43.6303,-36.6418
-32.3186,11.2152,15.9877,-27.2903,-32.2313
-36.7453,12.4541,14.7837,-35.1327,-28.8503
-26.7518,11.4853,11.7998,-28.7208,-21.316
-14.3707,6.3145,12.1525,-10.683,-22.1546
3.9039,-1.4721,1.7069,4.6698,-1.0006
4.3839,-1.8486,1.3861,5.2841,-0.4377
0.9881,4.039,-0.7042,-5.4908,3.1441
12.7411,-5.375,-9.4714,10.7095,16.878
2.8359,2.8834,-1.6746,-3.1327,4.7598
8.3323,-5.8091,-1.2386,11.3427,4.0374
3.1147,1.2544,0.0734,-0.0417,1.8286
0.2723,0.4108,4.5411,1.4708,-6.1503
-3.8093,2.3996,7.1031,-2.1887,-11.1234
-6.839,5.6943,6.4287,-9.1811,-9.781
-6.1955,5.3158,6.2838,-8.2993,-9.4957
-3.1384,4.0958,4.5571,-5.6108,-6.1804
-3.0607,4.0113,4.5757,-5.4324,-6.2154
-2.4743,5.264,2.0509,-8.1806,-1.6086
7.0606,-1.9884,-2.3829,5.51,5.9218
4.735,0.1388,-1.014,1.9472,3.663
10.369,-10.2312,-1.7544,17.4631,4.8915
12.419,-12.8507,-3.8019,20.863,8.2086
13.8464,-17.9364,-4.2359,27.121,8.8977
17.8858,-33.7223,-8.1524,44.8399,14.9205
16.7079,-27.9389,-6.8207,38.5577,12.9097
11.9788,-18.1931,-1.1574,27.4271,3.9022
14.3535,-22.4126,-3.8145,32.3519,8.2287
11.6132,-17.953,-0.6828,27.1408,3.1082
2.2968,-1.2189,3.5199,4.2522,-4.2564
1.4145,-0.0531,3.611,2.2802,-4.4235
-10.5267,9.1299,3.7103,-18.7608,-4.606
-8.1305,8.3321,2.9361,-16.2049,-3.1939
-5.7594,6.9897,3.0361,-12.4104,-3.3748
-18.8492,11.3562,5.1829,-28.0233,-7.365
-17.2422,11.0787,4.6599,-26.6071,-6.3737
-11.6762,9.998,2.3241,-21.9038,-2.0945
-8.8313,8.963,2.094,-18.2033,-1.685
-4.3844,6.8042,1.6668,-11.9253,-0.9301
3.3523,0.9981,0.0328,0.4236,1.8978
3.5051,2.2556,-1.7924,-1.9121,4.9541
7.4893,-3.8045,-1.443,8.36,4.3767
9.4259,-5.0399,-3.5384,10.2163,7.788
6.0852,-3.3379,0.245,7.6425,1.5357
6.001,-6.701,2.5153,12.6232,-2.4365
3.8359,-3.398,3.2355,7.7354,-3.7371
6.2644,-3.8445,0.3754,8.4211,1.3125
-2.1148,3.6877,3.8872,-4.7573,-4.9324
-5.237,4.797,5.9623,-7.1293,-8.867
-5.7777,6.4148,4.1381,-10.9332,-5.3975
0.9136,-0.0511,4.1993,2.2767,-5.5112
0.2111,2.7411,2.205,-2.8526,-1.8824
-0.1467,4.0635,0.8673,-5.5426,0.4652
5.3152,3.2222,-6.4644,-3.8083,12.3656
9.2776,0.0603,-8.8994,2.0836,16.033
12.4981,-3.0097,-11.6112,7.1319,19.987
12.1256,-2.5769,-11.3271,6.4509,19.5787
19.0466,-18.6012,-14.9326,27.9121,24.6683
19.8141,-20.2238,-16.2103,29.8211,26.4272
19.0914,-21.8069,-13.6797,31.6563,22.9217
20.6455,-21.9207,-17.7793,31.7873,28.5582
21.2067,-28.0132,-17.2149,38.6396,27.7951
19.1395,-24.6119,-12.8467,34.8502,21.7478
17.2053,-24.5736,-8.566,34.8071,15.5378
17.3146,-24.4795,-8.8153,34.701,15.9084
15.826,-22.6622,-6.3693,32.6376,12.2199
14.1482,-23.9261,-3.1238,34.0757,7.1225
9.9858,-10.1231,-1.2243,17.3196,4.0136
6.2002,-2.3845,-0.7034,6.1453,3.1428
7.1648,-2.9429,-1.667,7.0275,4.7473
1.8877,1.2316,1.7727,0,-1.1166
0.694,2.3923,2.0068,-2.1746,-1.5304
-0.689,2.8671,3.1796,-3.1005,-3.6353
-1.5584,3.954,2.8651,-5.312,-3.0656
-1.4397,4.3379,2.1701,-6.1274,-1.8203
2.3024,0.6722,1.8168,1.0078,-1.1944
-1.2366,2.922,3.7742,-3.209,-4.7238
1.667,0.6447,2.658,1.0567,-2.6925
7.3261,-11.186,2.8731,18.7189,-3.0799
9.3424,-17.5883,2.3284,26.7046,-2.1022
5.7903,-9.4449,4.0433,16.4133,-5.2213
5.8931,-12.9918,5.1558,21.0423,-7.3132
6.5748,-11.7637,3.9879,19.4692,-5.1187
7.3183,-8.6272,1.7936,15.3054,-1.1535
7.4233,-10.2372,2.3752,17.471,-2.1857
4.4371,-5,3.5002,10.1571,-4.2203
6.2105,-6.79,2.2967,12.7495,-2.0456
4.5158,-5.4603,3.6657,10.8344,-4.524
-0.8033,2.1919,4.0745,-1.7905,-5.2792
-3.6887,5.5946,3.0338,-8.9465,-3.3706
2.0956,0.3461,2.4062,1.5844,-2.2411
0.9131,1.9204,2.2739,-1.2762,-2.005
0.169,1.35,3.7918,-0.2166,-4.7562
-1.1547,0.1358,6.3158,1.9524,-9.5586
5.6549,-8.2578,3.6992,14.7992,-4.5857
6.36,-8.3122,2.8667,14.8738,-3.0684
8.3677,-12.4165,2.0083,20.309,-1.533
10.6268,-17.344,0.5544,26.4114,1.005
11.92,-19.2267,-0.7856,28.6515,3.2807
9.2394,-16.321,2.1244,25.175,-1.739
7.6885,-8.4942,1.2377,15.1235,-0.1784
6.878,-8.2153,2.1664,14.7407,-1.8138
10.9126,-15.9966,-0.2518,24.7799,2.381
11.0139,-22.2611,1.1872,32.1783,-0.0904
6.0613,-12.8277,4.9197,20.8338,-6.8644
3.4229,-9.3767,6.6024,16.3214,-10.1243
2.7244,-4.7963,5.3499,9.8549,-7.6841
1.0894,-3.912,6.6032,8.524,-10.1257
0.976,-5.5738,7.524,11.0002,-11.9745
3.1353,-6.216,5.6148,11.9301,-8.1936
3.8933,-2.8443,2.7838,6.8728,-2.9189
7.148,-5.8909,0.5289,11.4612,1.0488
6.3777,-5.4784,1.3236,10.861,-0.3284
6.8184,-3.5227,-0.665,7.9278,3.0783
5.1941,-0.1436,-1.3937,2.4364,4.2951
6.4636,-0.4584,-3.0387,2.9754,6.9854
3.8325,1.7152,-1.5578,-0.8918,4.5668
1.2381,5.3071,-3.4732,-8.2794,7.6836
-1.2996,7.9068,-6.1558,-14.9427,11.892
4.2962,5.1898,-8.8662,-8.0112,15.9838
1.3834,5.3185,-3.7408,-8.3056,8.1113
7.1483,-2.4125,-2.118,6.1899,5.4889
5.6889,0.2814,-2.6552,1.6979,6.3648
2.897,3.4477,-2.6624,-4.2648,6.3766
3.0339,4.5701,-4.9902,-6.6304,10.0843
11.0738,-4.5387,-6.922,9.4705,13.064
13.0207,-12.0888,-5.216,19.8885,10.4369
12.2454,-11.9416,-3.9394,19.6989,8.4275
13.3352,-19.9721,-2.7691,29.5269,6.5494
9.2213,-12.3664,0.853,20.2449,0.4899
12.4154,-26.1627,-0.0516,36.5883,2.0414
5.4148,-3.0478,0.9508,7.1914,0.3204
2.0736,0.1003,2.666,2.0141,-2.7068
7.6034,-10.6266,2.3051,17.9856,-2.0607
7.2653,-14.9236,4.154,23.4619,-5.427
5.1693,-13.0621,5.9575,21.1315,-8.8576
9.3202,-14.9953,1.6296,23.5506,-0.8646
9.1458,-14.4214,1.678,22.8389,-0.9497
7.6344,-7.7026,0.9036,14.0312,0.4021
7.9022,-8.9087,1.1528,15.6887,-0.0306
7.2066,-6.6225,0.8875,12.5114,0.4301
12.0308,-15.4629,-2.1122,24.1266,5.4794
14.6257,-20.4199,-4.8164,30.0498,9.8122
11.0103,-8.7877,-3.579,15.5242,7.8529
13.492,-11.5952,-6.3422,19.2511,12.1783
15.055,-11.6331,-9.4319,19.3002,16.8198
10.9614,-4.8956,-6.3767,10.0024,12.2313
12.5983,-6.9084,-7.795,12.9173,14.3845
12.8825,-10.779,-5.6756,18.186,11.151
15.3712,-16.6611,-7.5091,25.5877,13.9537
16.683,-17.8027,-9.7225,26.9613,17.247
16.1154,-21.1436,-7.3603,30.8904,13.7288
15.797,-20.8581,-6.8333,30.5595,12.9289
15.1133,-16.223,-7.189,25.0558,13.4696
12.8177,-12.6423,-4.583,20.5976,9.4454
12.6893,-15.1313,-3.294,23.7184,7.3962
12.615,-19.6077,-1.7326,29.0997,4.8556
10.895,-17.0312,0.0886,26.0349,1.8027
13.1561,-22.4492,-1.8694,32.3939,5.0808
10.9436,-16.8957,-0.0205,25.8714,1.9885
8.2517,-15.407,3.1103,24.0579,-3.5094
5.9837,-9.6321,3.8915,16.6645,-4.9402
4.5149,-10.2227,5.76,17.4517,-8.4742
2.7684,-14.8756,8.7433,23.4025,-14.5018
0.0901,-7.9107,9.2395,14.3201,-15.5588
-4.1021,0.1742,9.1015,1.8854,-15.2632
-6.7546,3.7292,8.6369,-4.8432,-14.2776
-5.6411,1.9955,9.1517,-1.4178,-15.3706
-9.3454,4.303,10.3145,-6.0525,-17.9104
-5.5092,1.9905,9.0397,-1.4082,-15.1311
-3.1777,1.3341,7.4017,-0.1874,-11.7261
-3.487,2.8473,6.3469,-3.0614,-9.6198
-2.3686,2.3539,5.661,-2.1007,-8.2828
-0.5546,3.4903,2.2252,-4.3518,-1.9183
0.6168,2.2023,2.3301,-1.8103,-2.1053
0.2635,1.7413,3.2793,-0.9404,-3.8167
5.1768,-6.1649,3.2519,11.8567,-3.7669
5.7472,-6.0214,2.4649,11.6497,-2.3461
5.3372,-3.1076,1.1017,7.2847,0.0583
8.0002,-4.104,-1.9893,8.8157,5.2778
5.5925,-2.5176,0.2837,6.3569,1.4695
10.4349,-15.1373,0.1522,23.7259,1.6942
12.1932,-20.5207,-0.8618,30.1672,3.4085
11.8896,-23.6395,0.2483,33.7508,1.53
13.2542,-34.6581,-0.1686,45.8408,2.2401
12.9675,-30.4533,-0.2233,41.3113,2.3328
11.8492,-15.3457,-1.8709,23.9825,5.0833
8.4244,-6.666,-0.8179,12.5734,3.3349
3.1384,-1.8709,3.0018,5.3202,-3.3127
-0.4603,-1.1604,6.5344,4.1552,-9.9896
-1.3905,1.2538,5.6417,-0.0406,-8.2454
-12.8301,9.2233,6.0358,-19.079,-9.0103
-23.2959,12.0185,6.4513,-31.9403,-9.8255
-23.5843,12.2687,5.1566,-33.6948,-7.3148
-18.0047,11.4741,3.6193,-28.6592,-4.4388
-15.4216,10.7728,3.875,-25.1596,-4.9098
-11.6313,9.4452,4.097,-19.8524,-5.3211
-12.0027,9.5809,4.1215,-20.3385,-5.3665
-6.3868,7.172,3.4319,-12.8954,-4.0953
-20.4002,11.8583,4.2442,-30.9078,-5.5949
-14.9709,10.891,2.8094,-25.7063,-2.965
-7.0366,8.532,0.977,-16.8206,0.275
-12.223,10.4249,1.3363,-23.6336,-0.3507
-5.4137,7.9868,0.2534,-15.1752,1.5213
-19.9049,11.9929,2.7739,-31.7707,-2.901
-12.4378,10.5338,1.146,-24.0988,-0.0188
-9.8223,9.2132,2.6036,-19.0443,-2.5948
-0.1607,3.7618,1.3328,-4.9108,-0.3445
1.0974,3.8216,-0.515,-5.035,2.8258
6.3687,-2.3617,-0.9729,6.109,3.5943
9.1839,-6.7877,-1.891,12.7463,5.1163
5.4368,-4.8181,2.1473,9.8873,-1.7797
9.2437,-14.7279,1.6466,23.2196,-0.8946
6.1809,-6.7376,2.3065,12.6751,-2.0631
7.0666,-7.3434,1.4768,13.5297,-0.5965
2.9077,-1.6494,3.1149,4.96,-3.5177
1.7772,0.499,2.661,1.315,-2.6979
-3.6709,5.7638,2.7262,-9.3458,-2.8151
-7.4101,8.2136,2.3323,-15.8468,-2.1093
-2.6758,5.7359,1.4932,-9.2797,-0.6253
-8.4902,9.0152,1.4895,-18.3762,-0.6187
-12.2947,10.7912,-0.2928,-25.2436,2.4506
-12.7422,11.1184,-1.4566,-26.8033,4.3993
-5.9068,8.6939,-1.1351,-17.3307,3.8651
3.6221,3.2997,-3.6006,-3.9644,7.8874
1.4795,5.8798,-5.2184,-9.6226,10.4407
-4.2224,8.7874,-4.1654,-17.6305,8.7861
0.8283,6.2275,-4.9449,-10.4678,10.0135
3.9911,3.932,-5.4027,-5.2658,10.7276
-2.2993,8.17,-5.2626,-15.7162,10.5095
-1.4885,7.602,-4.7953,-14.0742,9.7791
-2.4563,7.4484,-2.708,-13.6471,6.4505
-1.7878,6.7718,-1.9788,-11.8414,5.2605
-9.2633,9.9586,-0.8356,-21.7508,3.3645
-17.4001,11.6444,1.8774,-29.6205,-1.3014
-5.3656,7.4453,1.5465,-13.6387,-0.7188
0.0219,4.097,0.5836,-5.6134,0.9548
-2.1367,4.7181,2.4884,-6.955,-2.3882
-0.6283,3.7363,1.9848,-4.8579,-1.4915
0.8046,2.507,1.7232,-2.3961,-1.0294
8.7968,-12.8119,1.5899,20.8137,-0.7949
12.8345,-31.6838,0.1153,42.6458,1.7572
10.6014,-27.4146,2.5677,37.9787,-2.5303
10.2316,-25.3192,2.7332,35.6452,-2.8276
9.9456,-26.1782,3.2115,36.6056,-3.6934
4.9884,-9.3417,4.9191,16.2743,-6.8634
5.8385,-7.4782,3.1134,13.7184,-3.515
4.4183,-3.3825,2.5021,7.7115,-2.4128
7.5315,-7.1082,0.7189,13.1992,0.7215
6.229,-9.8538,3.6894,16.961,-4.5676
0.2741,0.4248,4.5268,1.4461,-6.1236
-7.812,7.4509,4.5406,-13.6542,-6.1493
-5.3723,7.361,1.7495,-13.4071,-1.0756
-1.2268,5.3751,0.1696,-8.436,1.6645
5.2249,0.931,-2.719,0.5446,6.4683
9.6456,-4.3538,-4.4857,9.1928,9.2922
7.8025,-7.4358,0.5269,13.6591,1.0524
9.0112,-9.979,0.1297,17.1279,1.7326
7.5977,-11.3206,2.5846,18.8944,-2.5607
9.8432,-11.6822,-0.2984,19.3638,2.4601
7.3718,-6.2558,0.4417,11.9872,1.1987
10.1384,-9.6984,-1.6719,16.7534,4.7553
10.6152,-13.4501,-0.7089,21.6221,3.1521
9.2955,-9.8893,-0.3198,17.0084,2.4962
5.4962,-3.7854,1.383,8.3309,-0.4323
-0.9647,3.3357,2.9429,-4.0372,-3.206
-1.7302,5.5507,0.5497,-8.8437,1.013
0.5681,4.2869,-0.4981,-6.0181,2.7974
-10.4078,9.8869,1.0735,-21.4756,0.1075
-10.2,9.2406,2.9913,-19.1383,-3.2936
-15.7209,10.9313,3.5434,-25.8961,-4.2995
-15.7089,10.459,5.4103,-23.7781,-7.8
-18.7975,11.2377,5.6701,-27.4049,-8.3004
-18.1556,10.8862,6.4346,-25.684,-9.7925
-16.3305,10.4686,6.0418,-23.8189,-9.0219
-7.6596,7.2005,4.8565,-12.9718,-6.7448
-7.5301,7.6496,3.8004,-14.208,-4.7721
-14.7487,10.1367,5.4597,-22.4501,-7.895
-11.3196,9.0756,4.7766,-18.578,-6.5938
-4.1352,6.4244,2.1086,-10.9572,-1.711
-1.8369,4.0753,3.0434,-5.5675,-3.3881
-8.3146,8.3237,3.1838,-16.1791,-3.6429
-5.2238,7.3493,1.5805,-13.3752,-0.7784
-8.0269,8.5278,2.2946,-16.8074,-2.0419
-6.241,5.7976,5.6509,-9.4263,-8.2632
-11.5816,9.0025,5.2578,-18.3339,-7.508
-17.38,10.4792,7.078,-23.8642,-11.073
-7.813,6.4163,6.3671,-10.9369,-9.6594
-4.8261,5.3436,4.7645,-8.3633,-6.5708
-5.8979,6.2038,4.6354,-10.4095,-6.3276
-8.2904,8.0634,3.7791,-15.4001,-4.7327
-5.1631,6.3663,3.4969,-10.812,-4.2143
-4.4525,5.5026,4.0965,-8.7314,-5.3202
-0.0705,2.717,2.5924,-2.8053,-2.5746
0.4121,3.5599,0.8481,-4.4942,0.4983
0.9272,2.0858,2.0668,-1.5886,-1.6367
5.7696,-3.63,0.9022,8.0927,0.4047
0.2677,3.1038,1.6697,-3.5707,-0.9352
-2.345,4.4581,3.1313,-6.3869,-3.5475
0.3454,2.0838,2.8068,-1.5849,-2.9602
0.3121,1.8618,3.0915,-1.1659,-3.4752
4.1321,-0.493,0.5107,3.0343,1.0801
1.1989,2.2453,1.5222,-1.8926,-0.6761
-2.157,5.3418,1.5033,-8.3592,-0.6429
-7.8031,8.3463,2.4903,-16.2481,-2.3916
-6.5641,7.9536,1.8974,-15.0783,-1.3367
-5.6401,7.2537,2.3343,-13.1153,-2.1128
-9.5551,8.9089,3.1588,-18.0254,-3.5975
-9.5946,8.1266,5.13,-15.5871,-7.264
-25.17,12.1172,7.7422,-32.6097,-12.4197
-13.7091,9.4342,6.4059,-19.8132,-9.7359
-14.8797,9.5369,7.3162,-20.1799,-11.5529
-6.2231,6.7508,4.0533,-11.7872,-5.24
5.2526,-11.8962,5.5208,19.6403,-8.0123
7.2702,-13.9384,3.8662,22.2359,-4.8934
9.3848,-17.8565,2.3417,27.0256,-2.1261
9.3702,-17.1085,2.1691,26.128,-1.8184
12.8992,-36.421,0.4925,47.7163,1.1115
15.0218,-38.0389,-2.5336,49.4271,6.1672
17.4122,-56.2302,-5.6076,68.2043,11.0458
17.7833,-56.9476,-6.2698,68.9335,12.0673
15.4566,-50.6518,-2.4732,62.5127,6.0689
13.2703,-48.3983,0.6804,60.2003,0.788
12.4916,-24.5625,-0.4403,34.7946,2.6998
11.9925,-19.4495,-0.8344,28.9138,3.3626
8.7142,-13.6233,1.9799,21.8403,-1.4827
6.1038,-5.3427,1.6039,10.6621,-0.8196
1.7139,1.7809,1.3875,-1.0145,-0.4401
3.2818,-0.1418,1.3302,2.4333,-0.3399
-2.6554,4.6733,3.1999,-6.8564,-3.6723
-5.6548,7.4636,1.8843,-13.689,-1.3136
2.8082,2.568,-1.1725,-2.5147,3.9273
5.9049,1.5642,-4.7394,-0.6111,9.6913
3.1811,4.5845,-5.2831,-6.6618,10.5416
6.95,1.9444,-7.2791,-1.3214,13.606
6.2806,2.4311,-6.8395,-2.2494,12.9385
10.759,-4.9919,-5.9141,10.1452,11.5198
11.4068,-7.3488,-5.2113,13.5373,10.4296
11.7933,-7.3457,-5.9149,13.533,11.5209
13.9488,-11.0697,-7.5227,18.567,13.9743
10.9832,-5.5751,-5.823,11.0022,11.3791
7.5475,1.1742,-7.1664,0.1045,13.4353
3.321,3.0601,-2.7111,-3.4835,6.4555
4.7422,0.7382,-1.7186,0.8902,4.8325
4.9277,0.3428,-1.5358,1.5902,4.5305
10.2295,-9.9798,-1.667,17.1291,4.7473
7.3197,-3.7386,-1.239,8.2593,4.0381
9.6396,-11.3235,-0.1594,18.8981,2.2244
9.6138,-9.2011,-1.1355,16.0847,3.8657
8.3679,-6.7084,-0.7082,12.6336,3.1508
11.2309,-11.8126,-2.3388,19.5324,5.8498
11.279,-17.7485,-0.2544,26.8964,2.3855
11.472,-16.1289,-1.0299,24.9412,3.6896
11.6175,-13.2267,-2.328,21.3399,5.8323
9.6767,-11.1487,-0.2891,18.6702,2.4443
6.6109,-3.1834,-0.6331,7.4028,3.0247
12.0273,-10.1035,-4.5391,17.2935,9.3763
7.489,-2.2188,-2.8447,5.8806,6.6719
3.7248,0.3822,0.1873,1.521,1.6343
7.6806,-5.1537,-0.7192,10.3842,3.1693
8.2392,-9.0564,0.7655,15.889,0.6411
5.0214,-2.8569,1.3361,6.8925,-0.3503
5.2658,-4.1407,1.9304,8.8713,-1.3952
4.6533,-4.2289,2.7681,9.0046,-2.8905
3.2154,-0.4951,1.751,3.0379,-1.0784
2.5289,0.6862,1.5041,0.983,-0.6443
2.1384,1.0283,1.661,0.369,-0.9199
4.2047,0.9235,-1.125,0.558,3.8482
6.3361,-0.9939,-2.2453,3.8781,5.6972
3.1123,3.0341,-2.3369,-3.4316,5.8467
-1.6197,6.5763,-1.766,-11.3405,4.9105
-0.1275,5.8833,-2.5123,-9.6311,6.1326
2.9649,3.9334,-3.6229,-5.2686,7.9231
4.1438,4.2327,-6.299,-5.902,12.1121
8.4895,0.2919,-7.6536,1.6796,14.1715
8.5043,0.869,-8.5813,0.656,15.5606
8.1998,2.6168,-11.1931,-2.6095,19.3856
14.3954,-6.8788,-11.6643,12.8753,20.0633
16.0637,-10.5515,-12.4348,17.8866,21.1634
16.934,-13.1156,-12.7249,21.1993,21.5752
17.0082,-14.3176,-12.1696,22.7096,20.7858
18.0205,-17.5953,-12.851,26.713,21.7538
16.2954,-13.2184,-11.1746,21.3294,19.3589
13.1567,-9.6115,-6.9014,16.6369,13.0327
12.9084,-8.7014,-7.0395,15.4066,13.2427
14.8145,-13.0856,-8.0934,21.1612,14.8322
9.7188,-7.9586,-1.9931,14.3864,5.2841
4.3412,1.2476,-1.7325,-0.0293,4.8553
1.0643,3.7153,-0.301,-4.8143,2.4644
1.0836,3.7955,-0.4539,-4.9808,2.7229
3.0273,2.0561,-0.7979,-1.5323,3.3015
4.473,0.0038,-0.4811,2.1816,2.7687
5.043,-0.613,-0.672,3.2379,3.0901
6.9178,-3.4456,-0.8734,7.8089,3.4279
7.6122,-5.7926,-0.1897,11.3186,2.2758
7.9827,-5.7095,-0.7842,11.198,3.2784
9.2727,-7.8999,-1.3425,14.3051,4.2101
11.0629,-11.7379,-2.1087,19.4359,5.4736
12.3107,-14.0423,-3.105,22.3658,7.0921
9.9092,-11.8999,-0.3018,19.6451,2.4658
10.3212,-14.7625,0.1877,23.2625,1.6335
10.4081,-13.8217,-0.2676,22.0896,2.4078
10.5985,-14.5813,-0.2702,23.0377,2.4123
8.1251,-10.5559,1.5983,17.8924,-0.8097
8.2569,-12.5541,2.2007,20.485,-1.8747
6.6196,-11.0426,3.6788,18.5316,-4.5482
7.8357,-12.9357,2.8642,20.971,-3.064
5.3211,-8.7356,4.2971,15.4531,-5.6937
7.1871,-7.8345,1.5739,14.2144,-0.7667
8.4351,-6.8579,-0.7149,12.8458,3.1621
4.8654,-0.5981,-0.4277,3.2127,2.6786
-1.1351,5.3541,0.0786,-8.3876,1.8198
-1.4217,5.4112,0.3772,-8.5194,1.3093
3.7461,2.3277,-2.2719,-2.0503,5.7406
-2.569,7.6852,-3.215,-14.3084,7.2691
2.2952,4.7078,-3.9931,-6.9323,8.5128
1.9519,5.1233,-4.2824,-7.8602,8.9713
1.8355,5.6731,-5.3461,-9.1312,10.6396
-3.5012,7.7055,-1.7887,-14.3659,4.9479
-2.7973,7.0525,-1.13,-12.5764,3.8566
-2.7365,7.2368,-1.6919,-13.0698,4.7883
-1.6753,6.4477,-1.3808,-11.0159,4.2737
-5.0634,8.2306,-0.9467,-15.8979,3.5505
-6.4731,9.1671,-1.9243,-18.887,5.1711
-1.1564,6.9937,-3.5738,-12.4208,7.8446
-8.0462,9.8361,-2.1645,-21.2828,5.565
-0.8078,5.9139,-1.5175,-9.7044,4.5002
-1.0082,6.1797,-1.7933,-10.3501,4.9556
5.4975,0.9427,-3.1774,0.5235,7.2087
2.2266,3.0118,-0.944,-3.3872,3.546
6.1261,0.1437,-3.1979,1.9385,7.2417
14.3738,-17.8453,-5.1908,27.0122,10.3977
15.6469,-30.805,-4.4023,41.6935,9.1607
14.9379,-29.7989,-3.3541,40.5983,7.4927
13.7789,-26.7359,-1.9894,37.2262,5.278
16.1113,-35.2595,-4.629,46.4821,9.5178
13.2455,-18.3419,-3.0986,27.6042,7.0818
9.8045,-8.0927,-2.0471,14.5716,5.3727
3.1384,-3.3571,4.0417,7.6722,-5.2184
4.0316,-1.5115,1.5718,4.7345,-0.7631
0.7032,0.8875,3.6045,0.6227,-4.4115
-8.5957,7.8195,4.6717,-14.691,-6.3958
-15.1063,10.8816,3.0199,-25.6624,-3.3454
-14.5416,10.7787,2.7822,-25.1865,-2.9159
-11.1172,9.826,2.232,-21.2448,-1.9305
-16.6497,11.2644,3.0765,-27.5426,-3.448
-12.1076,10.1459,2.3189,-22.4871,-2.0852
-4.0498,6.5472,1.7547,-11.2669,-1.0849
0.2782,5.9596,-3.345,-9.8145,7.4781
1.7642,5.0077,-3.7163,-7.5994,8.0721
3.1191,3.4043,-2.9487,-4.1765,6.8401
4.1294,2.0174,-2.434,-1.4592,6.0051
4.6868,1.3343,-2.3851,-0.1878,5.9253
0.9811,4.1509,-0.8786,-5.7279,3.4366
1.365,2.7466,0.662,-2.8632,0.8198
0.4722,2.4615,2.2098,-2.3082,-1.8908
2.1859,1.8638,0.6481,-1.1697,0.8437
3.1592,0.5168,0.831,1.2835,0.5278
2.5865,1.1115,0.9708,0.2184,0.2858
3.8676,-1.9281,2.1275,5.4127,-1.7445
6.9479,-7.5991,1.7678,13.8872,-1.1079
4.8315,-4.2427,2.5533,9.0254,-2.5045
3.4802,-3.4199,3.6786,7.7692,-4.5478
5.9589,-8.3754,3.3872,14.9607,-4.0136
-4.0594,2.6068,7.1584,-2.5901,-11.2345
-3.8804,1.366,8.0476,-0.2459,-13.0481
-3.717,-1.5417,9.7876,4.7839,-16.7469
-6.9662,0.9267,10.9899,0.5522,-19.435
-4.346,-1.1114,10.0789,4.0738,-17.3873
-1.4086,-2.3995,8.2133,6.1691,-13.3916
-5.2994,3.2378,7.7612,-3.8397,-12.4587
-5.8094,3.2697,8.2105,-3.9039,-13.3856
-4.0343,2.7482,6.9995,-2.8665,-10.9155
0.6405,-0.5816,4.9396,3.1847,-6.9022
5.5803,-6.4981,2.9336,12.3341,-3.1893
8.5508,-8.2297,-0.0949,14.7604,2.115
6.3634,-2.7166,-0.6576,6.6718,3.0658
9.1732,-5.7972,-2.5519,11.3253,6.197
9.4521,-6.8926,-2.2421,12.8949,5.692
6.535,-3.9837,0.0966,8.6331,1.789
9.5552,-9.3111,-0.9903,16.2331,3.6235
10.2098,-8.9037,-2.2134,15.6819,5.6451
9.4707,-8.1195,-1.5158,14.6086,4.4974
8.7902,-8.7082,-0.1845,15.4159,2.2671
10.7486,-11.0179,-1.9562,18.4993,5.2235
6.2192,-3.7853,0.395,8.3308,1.2787
7.696,-5.4424,-0.5431,10.8083,2.8732
6.8503,-3.9517,-0.3793,8.5844,2.5969
6.285,-2.5497,-0.6849,6.4079,3.1118
7.1138,-3.3417,-1.2513,7.6483,4.0585
3.7031,0.6798,-0.1077,0.9943,2.1367
4.5345,0.2384,-0.8265,1.7733,3.3494
4.1644,1.0545,-1.2227,0.3217,4.011
2.044,3.2494,-1.0266,-3.8629,3.6842
-0.6485,4.7229,0.5062,-6.9655,1.0879
2.6269,2.615,-0.9677,-2.606,3.5856
-1.67,5.4737,0.6083,-8.6643,0.9122
2.6088,3.1615,-1.7491,-3.6863,4.8827
0.2025,5.2526,-1.7042,-8.1546,4.8087
-4.2669,6.0529,2.963,-10.0404,-3.2424
-4.8441,5.9683,3.8067,-9.8354,-4.7837
-4.4193,5.6498,3.8255,-9.0762,-4.8183
0.6805,1.4205,3.1041,-0.346,-3.4981
3.2636,2.5543,-1.8476,-2.488,5.0449
11.1214,-2.8658,-8.7897,6.9065,15.8704
13.1977,-9.6594,-6.9488,16.7011,13.1048
15.838,-16.0462,-8.7136,24.8404,15.7574
14.8884,-13.1175,-8.2252,21.2017,15.0294
15.2941,-14.854,-8.1608,23.3759,14.9331
16.9275,-16.663,-10.762,25.59,18.7625
17.8649,-16.9983,-12.7673,25.9952,21.6353
17.5845,-16.2245,-12.4886,25.0576,21.24
17.3445,-16.8192,-11.6317,25.779,20.0165
15.5343,-19.8308,-6.658,29.3614,12.6617
13.6008,-18.6747,-3.583,27.9992,7.8593
12.853,-12.1171,-4.9037,19.9248,9.9489
13.826,-12.5208,-6.4704,20.4424,12.3749
12.9288,-13.8961,-4.2021,22.1828,8.8442
10.64,-11.1989,-1.7023,18.7356,4.8055
11.7628,-9.1651,-4.6343,16.0361,9.5262
11.8895,-12.8419,-2.9296,20.8518,6.8092
14.0883,-13.0824,-6.6766,21.1573,12.69
12.4135,-10.6156,-4.9261,17.9711,9.9841
11.8237,-11.1665,-3.6172,18.6934,7.9139
8.3234,-6.9863,-0.4736,13.0273,2.756
4.5694,-3.0675,2.0865,7.2221,-1.6717
5.5877,-5.1592,2.164,10.3924,-1.8095
6.7505,-5.2774,0.6897,10.5663,0.7719
11.7857,-15.5514,-1.7003,24.2352,4.8023
11.434,-20.2684,0.1764,29.8731,1.653
9.8892,-11.3713,-0.4995,18.9603,2.7997
8.0249,-15.2002,3.3288,23.8033,-3.9071
8.2389,-13.8341,2.655,22.1051,-2.6871
4.6738,-12.6435,6.3562,20.5991,-9.638
5.6689,-14.4958,5.8161,22.9315,-8.5828
9.7172,-19.4199,2.2877,28.8791,-2.0297
5.3133,-7.2425,3.6347,13.3881,-4.467
3.2764,-6.4159,5.5562,12.2166,-8.0806
-2.677,2.5507,5.7947,-2.481,-8.5414
-2.644,3.6402,4.559,-4.6593,-6.1839
2.6888,-1.1337,2.9741,4.111,-3.2626
4.3963,-3.0392,2.2884,7.178,-2.0309
3.8156,0.1844,0.269,1.8676,1.4945
3.8409,3.2736,-3.9242,-3.9118,8.4033
6.6169,1.4048,-5.7739,-0.3171,11.3031
2.3831,2.702,-0.7293,-2.7759,3.1864
5.9207,-1.1549,-1.4365,4.1461,4.366
4.5351,1.9913,-3.0502,-1.4097,7.0038
7.9828,-4.001,-2.0453,8.6593,5.3698
5.8624,-0.7845,-1.7275,3.5272,4.8471
3.7996,-0.4478,0.9252,2.9574,0.3649
-1.4879,4.78,1.5519,-7.0917,-0.7281
5.1315,-2.6552,1.0315,6.5748,0.1804
11.1487,-13.2234,-1.5996,21.3358,4.6359
10.1448,-8.9183,-2.1031,15.7017,5.4645
11.4694,-7.5346,-5.1908,13.7971,10.3977
11.9341,-11.3612,-3.7033,18.9471,8.0515
13.3063,-15.8983,-4.0357,24.6599,8.5804
13.0846,-14.6612,-4.1452,23.1369,8.7541
13.586,-22.9653,-2.4284,32.9837,5.996
14.7691,-20.7828,-4.9648,30.472,10.0446
16.2782,-23.6088,-6.9778,33.7159,13.1489
12.9195,-12.1321,-5.0138,19.9442,10.1213
13.4802,-6.72,-9.7774,12.6501,17.3274
13.8531,-12.2064,-6.6888,20.0396,12.7086
15.8152,-15.1634,-9.0803,23.758,16.301
10.4401,-1.3367,-9.3093,4.447,16.6391
12.9216,-3.9084,-11.4636,8.5185,19.775
15.0494,-12.6517,-8.8123,20.6096,15.9039
12.1596,-5.0926,-8.5379,10.2941,15.496
8.8384,-2.0353,-5.3361,5.5857,10.624
-4.0946,6.8031,1.2841,-11.9224,-0.2594
0.6827,3.919,-0.0694,-5.2385,2.0716
-2.8988,4.1883,4.1619,-5.8074,-5.4416
-11.5031,9.2493,4.5127,-19.1681,-6.097
-7.3127,7.4362,3.9933,-13.6135,-5.1287
0.0571,1.0995,4.1652,0.2402,-5.4478
-4.6999,4.0336,6.3275,-5.4794,-9.5815
-23.236,11.8895,7.1046,-31.1037,-11.1264
-19.8176,11.7669,4.1142,-30.3456,-5.3529
-12.3781,10.1077,2.8036,-22.3349,-2.9545
-3.4207,7.427,-1.1509,-13.5882,3.8914
-14.2159,10.9325,1.6449,-25.9017,-0.8916
-22.6669,12.1704,4.8189,-32.9826,-6.6736
-7.9586,8.651,1.8658,-17.1945,-1.2809
-15.1873,10.1018,6.0391,-22.3115,-9.0168
-8.4688,7.135,5.8594,-12.7963,-8.6669
-1.6762,2.6098,4.633,-2.596,-6.323
6.4198,-3.9454,0.2314,8.5749,1.5589
9.2884,-11.4591,0.396,19.0744,1.2771
6.2468,-3.6234,0.2352,8.0827,1.5524
4.4973,-1.8041,1.1968,5.2118,-0.1072
13.2562,-18.1655,-3.171,27.3942,7.1985
16.4825,-27.4208,-6.4957,37.9855,12.4135
15.7351,-21.3676,-6.5623,31.1496,12.5155
19.1638,-30.6941,-11.4026,41.5731,19.6874
15.2446,-9.6458,-11.227,16.6829,19.4345
10.3998,-1.2912,-9.2868,4.3718,16.6059
6.4123,0.5437,-4.1859,1.2359,8.8186
5.6285,-0.1326,-2.0754,2.4174,5.4191
8.0112,-2.0909,-3.8358,5.6753,8.2626
11.9753,-10.8767,-4.0238,18.3143,8.5616
5.8098,-1.9109,-0.5514,5.3849,2.8872
3.9958,-1.2802,1.421,4.3537,-0.4987
0.3504,1.2956,3.6298,-0.117,-4.4581
-1.547,3.9036,2.9195,-5.2064,-3.1637
4.0669,-2.7924,2.5288,6.7911,-2.4605
5.2728,-4.2856,2.0173,9.0901,-1.549
10.3996,-13.559,-0.3528,21.7593,2.552
9.2642,-11.8665,0.597,19.602,0.9318
10.0519,-20.5805,2.1113,30.2368,-1.7158
11.4098,-17.7878,-0.4324,26.9435,2.6865
12.1474,-19.7,-0.9996,29.2081,3.6389
12.1229,-15.7321,-2.1612,24.4566,5.5596
14.4845,-20.3825,-4.58,30.0063,9.4408
12.0546,-19.3605,-0.9498,28.8092,3.5557
10.2563,-18.8571,1.453,28.2152,-0.5547
9.1428,-17.2475,2.495,26.2954,-2.4001
10.0052,-18.5019,1.6983,27.7942,-0.9854
12.1507,-20.9416,-0.6982,30.6564,3.1342
10.9456,-13.9039,-1.0257,22.1926,3.6827
10.3535,-13.1575,-0.439,21.2524,2.6976
7.036,-5.9751,0.7359,11.583,0.6922
9.1414,-12.7962,1.1236,20.7936,0.0203
7.0634,-8.9605,2.279,15.7591,-2.0141
9.1128,-9.3348,-0.3287,16.265,2.5112
8.7843,-13.5487,1.8636,21.7464,-1.277
9.2646,-16.6541,2.1833,25.5792,-1.8438
3.3706,-6.8727,5.6628,12.8666,-8.2862
1.7903,-4.1558,6.0079,8.8941,-8.9559
6.6997,-16.3841,5.1673,25.2517,-7.3352
4.9063,-17.4836,7.2696,26.5791,-11.4588
5.7486,-19.8103,6.8621,29.3375,-10.6407
6.0393,-15.4927,5.6711,24.1631,-8.3023
7.0424,-16.2731,4.7587,25.1168,-6.5599
4.6513,-15.1934,7.0336,23.7949,-10.9839
9.8937,-14.5984,0.729,23.059,0.7041
7.602,-11.1035,2.4958,18.6111,-2.4015
11.7383,-15.1236,-1.779,23.7089,4.932
7.9455,-8.918,1.0988,15.7012,0.0633
3.833,-2.9245,2.9155,6.9985,-3.1566
1.2078,0.9776,2.9022,0.4605,-3.1326
-8.7364,5.7291,8.2354,-9.2634,-13.4374
-26.9927,10.5653,14.3414,-24.2357,-27.6637
-39.2976,12.8913,14.1374,-39.2006,-27.1257
-18.8534,9.7885,10.2676,-21.1035,-17.806
-29.4604,11.547,13.4766,-29.0645,-25.4195
-26.1326,11.4613,11.4187,-28.5892,-20.4234
-24.0314,11.0518,11.1159,-26.4754,-19.7238
-26.7821,11.2847,12.4482,-27.6478,-22.8673
-25.0957,11.2939,11.1821,-27.6959,-19.8759
-20.3804,10.0687,10.8519,-22.1806,-19.1204
-2.2105,3.8946,3.7364,-5.1874,-4.6541
7.9475,-4.9196,-1.2841,10.0381,4.1131
13.2793,-21.8502,-2.2004,31.7061,5.6238
9.408,-7.6649,-1.6882,13.9788,4.7823
13.7332,-16.4616,-4.5597,25.3458,9.4087
11.515,-16.3898,-1.0098,25.2586,3.656
9.3342,-10.1513,-0.2505,17.3571,2.3789
13.5172,-14.0696,-5.1549,22.4001,10.3417
13.8337,-14.4165,-5.5699,22.8328,10.9872
17.1753,-19.9867,-9.9236,29.544,17.5416
15.1754,-21.0022,-5.631,30.7267,11.082
17.077,-19.5967,-9.8565,29.0868,17.4434
11.472,-10.7813,-3.2316,18.189,7.2959
8.3866,-7.4443,-0.2959,13.671,2.4559
6.7064,-4.5427,0.2563,9.4764,1.5164
6.9304,-5.1507,0.3565,10.3798,1.3449
3.9902,-3.0354,2.798,7.1721,-2.9445
3.7941,-1.1175,1.5468,4.0841,-0.7192
-0.0122,2.8004,2.4171,-2.9691,-2.2607
-0.0271,2.9871,2.2033,-3.3381,-1.8794
4.1303,1.4848,-1.7126,-0.4645,4.8226
6.6688,-1.9656,-1.7916,5.4733,4.9527
11.1213,-6.8182,-5.0894,12.7895,10.2395
7.0707,-4.4626,-0.3205,9.3564,2.4973
7.8707,-4.6647,-1.3561,9.6588,4.2326
8.183,-4.4618,-1.9909,9.3552,5.2805
7.3572,-7.0479,0.924,13.1143,0.3668
6.3776,-8.4927,2.9281,15.1215,-3.1793
-5.8311,3.2598,8.24,-3.8838,-13.447
-13.4704,6.7704,10.9571,-11.8378,-19.3601
-30.089,11.1703,14.8593,-27.0627,-29.0559
-26.3627,10.1746,14.7067,-22.6022,-28.6418
-25.466,10.5948,13.3156,-24.3644,-25.0119
-30.7975,11.74,13.7402,-30.1841,-26.0937
-20.1306,10.602,9.2545,-24.3962,-15.591
-27.096,12.3035,8.4591,-33.9544,-13.9042
-30.7406,13.1142,4.9947,-41.8427,-7.0068
-30.2536,13.0013,5.8682,-40.4391,-8.684
-10.1903,10.5199,-2.052,-24.039,5.3808
-14.9014,11.478,-0.5017,-28.6812,2.8033
-21.6319,13.2339,-12.2524,-43.5172,20.9038
-34.1158,13.7516,-12.2992,-56.5387,20.9705
-43.1896,13.8371,-5.6014,-62.4613,11.036
-35.7294,13.765,-10.1975,-57.2386,17.9418
-43.2744,13.8234,-3.2857,-61.195,7.3828
-32.2152,13.5861,-4.296,-50.498,8.9927
-16.6612,12.4649,-6.8313,-35.2207,12.9259
-18.1367,12.8787,-10.8717,-39.065,18.9214
-24.2242,13.1733,-5.2579,-42.6418,10.5023
-21.5267,12.8828,-4.3004,-39.1088,8.9997
-17.9731,11.4325,3.8024,-28.4322,-4.7758
-17.0429,10.631,6.2196,-24.5237,-9.3698
-2.566,5.2153,2.2494,-8.0693,-1.9613
2.4503,1.7715,0.3925,-0.9968,1.2831
-3.0903,6.7394,0.0363,-11.7578,1.8918
2.9085,3.7436,-3.1881,-4.8729,7.226
-5.533,7.4012,1.868,-13.5173,-1.2849
-8.9142,8.1949,4.2067,-15.7908,-5.525
-9.5388,8.4797,4.2555,-16.6581,-5.616
0.1892,6.0019,-3.2969,-9.9167,7.4009
5.0627,1.7015,-3.5015,-0.8662,7.729
5.8805,3.0202,-7.1575,-3.4039,13.4217
2.746,6.2779,-8.7477,-10.5922,15.808
-0.6952,9.0299,-12.3672,-18.4252,21.0673
8.6301,3.0822,-13.2696,-3.5276,22.345
8.4586,0.7259,-8.2584,0.9121,15.079
6.6876,3.5315,-9.8679,-4.4361,17.46
6.4332,3.9915,-10.3904,-5.3909,18.2229
12.8539,-1.4427,-14.776,4.6214,24.4511
9.1579,0.531,-9.3908,1.2584,16.7592
6.6538,1.8628,-6.5731,-1.1678,12.5319
9.6112,-1.9272,-6.8936,5.4112,13.0208
5.7244,1.2845,-4.0218,-0.0966,8.5583
9.7975,-9.0934,-1.4704,15.9391,4.4222
5.2897,-2.1586,0.4084,5.7841,1.2558
1.2855,3.0731,0.3278,-3.5093,1.394
4.8409,-0.4431,-0.5497,2.9493,2.8843
7.2336,-4.5661,-0.482,9.5115,2.7702
10.0723,-8.5791,-2.1821,15.2396,5.5939
7.4571,-4.6488,-0.7495,9.6351,3.2202
14.4765,-15.0626,-6.4725,23.6336,12.3779
15.3284,-22.7478,-5.4313,32.7354,10.7721
15.2991,-30.347,-3.8757,41.1956,8.3262
11.4212,-22.2853,0.6361,32.206,0.8644
8.7708,-17.109,2.9252,26.1287,-3.174
9.1412,-18.0717,2.7019,27.2824,-2.7714
10.8031,-21.1478,1.2427,30.8953,-0.1871
12.8384,-30.7778,0.0021,41.664,1.9501
6.7802,-16.6574,5.1427,25.5832,-7.2883
10.9968,-28.5026,2.207,39.1783,-1.8859
9.0186,-24.2325,4.0352,34.4222,-5.2063
7.8654,-17.9606,4.2131,27.1499,-5.537
7.3346,-11.7754,3.0799,19.4843,-3.4542
6.1802,-5.0213,1.3,10.1887,-0.2872
12.4296,-15.0448,-2.9023,23.6117,6.7651
6.3376,-2.7237,-0.6137,6.683,2.9921
7.006,-2.8664,-1.4904,6.9074,4.4554
2.1305,2.1863,0.3246,-1.7798,1.3994
10.7341,-4.725,-6.1076,9.7487,11.8179
9.7495,-1.3089,-7.9302,4.4011,14.5874
13.4771,-6.2951,-10.1632,12.0436,17.8917
14.7253,-10.8121,-9.2631,18.2295,16.5709
12.3524,-5.6757,-8.3774,11.1487,15.2567
13.71,-10.2641,-7.554,17.5066,14.0215
13.5535,-13.4062,-5.5256,21.5668,10.9186
16.9888,-25.2434,-7.9594,35.5603,14.6313
15.3018,-27.7313,-4.3093,38.3286,9.0138
16.5244,-30.7425,-5.9796,41.6257,11.6208
11.0243,-20.8189,0.8715,30.514,0.4578
12.1598,-27.653,0.5387,38.2422,1.032
9.5368,-19.2005,2.4675,28.6206,-2.3509
7.5792,-14.4073,3.6377,22.8214,-4.4726
11.0153,-27.6616,2.0729,38.2516,-1.6477
11.312,-18.6847,-0.0457,28.0111,2.0313
10.4037,-13.8258,-0.2597,22.0947,2.3946
9.8725,-11.1866,-0.5568,18.7197,2.8963
12.457,-13.2801,-3.6723,21.4074,8.0019
12.1992,-11.9611,-3.8517,19.724,8.288
13.6162,-9.4242,-7.9255,16.3854,14.5805
11.1072,-6.6269,-5.2078,12.5178,10.4241
9.7022,-3.9304,-4.9661,8.552,10.0467
5.5599,1.9966,-4.7942,-1.4197,9.7773
4.2162,1.7423,-2.189,-0.9422,5.6052
-0.7966,4.0835,1.7087,-5.585,-1.0039
-3.0232,6.0464,1.3772,-10.0247,-0.4221
1.127,2.7531,0.9797,-2.8761,0.2703
3.0147,2.37,-1.2049,-2.1318,3.9813
2.9358,3.1174,-2.1893,-3.5978,5.6056
4.3014,0.9367,-1.2863,0.5342,4.1167
2.5765,1.8774,0.0842,-1.1953,1.8102
1.1252,2.2382,1.6284,-1.8789,-0.8625
4.4117,-0.0295,-0.3567,2.2394,2.5586
3.825,1.711,-1.5407,-0.8838,4.5386
11.3373,-8.1208,-4.5572,14.6105,9.4049
6.8312,-5.736,0.8695,11.2364,0.4612
3.9476,0.9213,-0.74,0.562,3.2043
0.7895,1.7628,2.6056,-0.9806,-2.5984
-6.9152,5.0419,7.3592,-7.6764,-11.6399
-12.05,8.479,6.9569,-16.6558,-10.8301
-12.1586,9.5144,4.5011,-20.0988,-6.0752
-4.2654,6.6479,1.8333,-11.5231,-1.2236
-2.2971,3.7696,3.9984,-4.9269,-5.1382
-4.5591,5.2094,4.6586,-8.0558,-6.3713
-5.9608,6.2116,4.6938,-10.4287,-6.4376
-6.4689,7.1869,3.5006,-12.9354,-4.2211
-5.3038,6.3517,3.6914,-10.7757,-4.5712
-8.3228,8.0829,3.7724,-15.4576,-4.7204
1.3391,3.5027,-0.3735,-4.3772,2.5871
-3.2889,4.5961,4.0665,-6.6871,-5.2644
-4.4724,2.8494,7.3353,-3.0655,-11.5917
-11.6331,6.9515,9.2007,-12.3097,-15.4756
-7.2063,5.452,7.127,-8.6139,-11.1714
-9.5747,7.465,6.423,-13.693,-9.7696
-10.0079,7.5032,6.7955,-13.7988,-10.5078
1.2512,1.3111,2.5071,-0.1452,-2.4217
6.0987,-3.9252,0.6646,8.5441,0.8152
0.313,0.4848,4.4299,1.3402,-5.9418
0.7399,1.771,2.659,-0.9958,-2.6942
5.644,-2.2626,-0.0033,5.9507,1.9592
5.7616,-1.7756,-0.6039,5.1656,2.9755
7.408,-0.4994,-4.5826,3.0452,9.4449
6.3282,2.5511,-7.147,-2.4818,13.4059
10.0987,-1.6736,-8.1619,4.9995,14.9348
6.4712,4.6338,-12.1483,-6.7697,20.7554
1.5031,6.7276,-7.6238,-11.7275,14.1268
-6.7149,10.1768,-6.1239,-22.6108,11.843
3.4814,6.2891,-10.3461,-10.62,18.1584
-6.5718,10.2913,-7.0592,-23.0765,13.2725
-0.4733,7.5895,-6.6063,-14.0391,12.5826
-10.1999,10.9422,-4.484,-25.9476,9.2896
-3.9304,8.6361,-4.0972,-17.1472,8.678
-5.2374,8.6932,-2.1603,-17.3284,5.5582
-6.3531,8.6952,-0.4796,-17.3349,2.7662
-6.6445,6.7949,4.4599,-11.9013,-5.998
-8.9808,8.9586,2.2989,-18.1886,-2.0497
0.5472,2.2888,2.3181,-1.9758,-2.0838
1.1199,2.7581,0.9829,-2.8858,0.2648
4.715,-2.6783,1.607,6.6113,-0.825
7.0529,-5.3108,0.2904,10.6153,1.458
11.2463,-19.3035,0.2067,28.742,1.6011
9.003,-19.4959,3.1964,28.9684,-3.6659
8.3696,-18.788,3.8053,28.1334,-4.7812
10.2742,-20.1038,1.719,29.6809,-1.0219
10.6619,-18.8477,0.904,28.204,0.4016
9.1557,-23.4117,3.7446,33.4921,-4.6692
3.6183,-11.0825,6.9666,18.5837,-10.8495
2.3357,-9.4604,7.7044,16.4341,-12.3424
2.556,-8.5325,7.1695,15.1759,-11.2569
2.9553,-4.8173,5.1073,9.8862,-7.2209
-1.4385,1.9602,5.0342,-1.3511,-7.0817
-1.8798,3.3422,4.0357,-4.0505,-5.2072
-2.6091,4.2692,3.7133,-5.98,-4.6115
-3.2016,4.8313,3.629,-7.2053,-4.4566
-5.7839,5.2664,5.9195,-8.1861,-8.7837
-9.6659,6.8896,7.4829,-12.1475,-11.8908
-5.8565,5.5175,5.6461,-8.7661,-8.254
-15.8402,9.2742,8.8346,-19.2538,-14.6951
-16.6532,9.1261,9.8481,-18.7481,-16.8792
-19.8852,10.6748,8.8181,-24.718,-14.66
-22.817,11.3541,9.0992,-28.0122,-15.2582
-20.6163,11.6031,5.8906,-29.3824,-8.7275
-20.1692,11.5702,5.5773,-29.1955,-8.1213
-24.7334,12.1812,6.9393,-33.0589,-10.795
-31.8094,12.9499,7.9657,-39.8458,-12.8791
-25.0049,12.6331,3.8036,-36.6636,-4.778
-46.028,13.7012,8.465,-54.2776,-13.9166
-24.8638,12.8702,0.9913,-38.9755,0.2502
-11.66,11.3251,-4.6032,-27.8592,9.4772
-26.3142,12.9101,2.3871,-39.4043,-2.207
-23.7391,12.7671,0.7505,-37.9236,0.6669
-22.8092,12.4352,2.9445,-34.9799,-3.2089
-17.5921,11.9416,0.0727,-31.4362,1.8299
-18.6145,12.0556,0.6116,-32.1883,0.9066
-43.6558,13.7769,2.0004,-57.914,-1.519
-28.2608,13.2267,0.0433,-43.4107,1.8799
-21.7236,12.2964,2.7632,-33.9015,-2.8817
-54.6005,13.7897,11.926,-58.7015,-21.6147
-73.6552,13.8917,15.5877,-72.0527,-31.082
-60.5763,13.781,15.9629,-58.1609,-32.1593
-77.1625,13.8804,18.7152,-68.8001,-40.958
-87.7847,13.8853,21.6878,-70.0248,-53.3329
-100.792,13.8994,23.216,-75.8168,-62.0906
-83.1619,13.7563,23.4324,-56.7772,-63.5734
-20.9775,-5.5735,20.1957,10.9998,-46.5995
-37.5498,9.3523,20.5015,-19.5254,-47.8783
-40.3796,10.4414,20.4215,-23.7033,-47.5391
-11.9742,-1.1501,15.2947,4.1382,-30.2569
-12.7934,0.7961,14.9629,0.7867,-29.3391
-6.8336,0.8403,10.9403,0.7074,-19.3216
-3.3786,-2.3287,9.9108,6.0562,-17.017
-0.4429,-10.8318,10.533,18.2554,-18.3994
4.0495,-15.9847,7.7932,24.7654,-12.5244
-5.5256,1.7754,9.22,-1.0041,-15.5169
-41.8757,12.7913,16.123,-38.1634,-32.6266
-10.1954,5.7327,9.5304,-9.2719,-16.1865
7.79,-8.85,1.2755,15.6089,-0.2443
8.1928,-12.7987,2.3685,20.7969,-2.1739
12.1673,-15.5444,-2.2978,24.2266,5.7829
9.1564,-12.2105,0.8815,20.0449,0.4404
17.2448,-37.9721,-6.3875,49.3566,12.2478
14.5163,-8.6795,-10.3611,15.3767,18.1802
4.7671,0.0754,-0.992,2.0575,3.6263
9.4718,-1.3531,-7.3258,4.474,13.6768
11.4396,-4.58,-7.5931,9.5323,14.0805
-9.1766,6.8024,7.1407,-11.9208,-11.199
-29.7257,12.0218,11.9965,-31.9618,-21.7822
-25.1583,11.7838,9.3908,-30.4484,-15.8844
-40.3561,12.7065,15.7112,-37.34,-31.4337
-48.005,13.0271,17.9101,-40.7475,-38.1947
-47.4912,13.2642,16.2627,-43.98,-33.0381
-44.185,12.7885,17.2647,-38.1354,-36.1027
-50.2397,13.2324,17.7763,-43.4956,-37.7529
-40.1213,12.6612,15.7865,-36.9193,-31.6497
-6.4525,4.7747,7.2286,-7.0798,-11.376
-5.3494,5.9097,4.4904,-9.6944,-6.0552
9.3898,-6.6421,-2.3095,12.5394,5.802
-5.6266,5.6405,5.2168,-9.0544,-7.4296
-3.943,3.0021,6.6587,-3.3679,-10.2359
9.6107,-5.8331,-3.235,11.3773,7.3014
8.5863,-8.7154,0.1102,15.4256,1.7658
9.281,-7.4871,-1.6011,13.7307,4.6385
21.6863,-28.2236,-18.5341,38.8715,29.5726
22.9421,-36.7445,-20.3224,48.0592,31.9499
11.7727,-10.424,-3.9231,17.7182,8.4016
11.3614,-11.32,-2.7812,18.8935,6.5691
0.9715,1.2316,2.9391,0,-3.1991
8.1925,-7.6749,0.112,13.9926,1.7627
14.4936,-8.5162,-10.4424,15.1537,18.2986
12.5117,-3.1919,-11.4091,7.416,19.6967
-1.0087,8.3568,-8.4491,-16.2802,15.3638
7.2705,3.8109,-11.8342,-5.0127,20.3066
0.7204,5.9733,-4.1209,-9.8476,8.7156
-22.9072,12.0964,5.57,-32.4665,-8.1071
-21.2517,11.9762,4.4923,-31.6614,-6.0588
-21.0747,11.882,4.8697,-31.0567,-6.7697
-10.2158,10.1267,-0.1634,-22.4104,2.2313
-16.292,11.2511,2.7015,-27.474,-2.7706
-8.9198,9.672,-0.1797,-20.671,2.2588
-15.489,10.6183,4.5757,-24.4677,-6.2154
5.8795,-1.1485,-1.3802,4.1355,4.2726
10.4797,-7.211,-3.7011,13.3439,8.0479
11.5969,-3.4172,-9.1395,7.7651,16.3885
13.8197,-7.8545,-9.5255,14.2421,16.9576
15.351,-9.8382,-11.3212,16.9402,19.5703
12.5498,-8.4727,-6.5157,15.094,12.4442
10.4123,-3.3719,-6.8207,7.6951,12.9098
8.2995,-0.437,-6.2698,2.9391,12.0673
0.7123,2.6034,1.7252,-2.5835,-1.0328
-0.2865,3.9681,1.2004,-5.3415,-0.1135
-13.4756,9.8901,4.8447,-21.4879,-6.7225
-32.3008,12.973,8.2,-40.1099,-13.364
-11.025,10.8181,-2.3597,-25.3673,5.8839
1.5328,4.6233,-2.5696,-6.7467,6.2258
-0.7594,6.3786,-2.6473,-10.8426,6.352
8.3404,2.5141,-11.2922,-2.41,19.5284
10.8147,-1.9275,-9.3107,5.4117,16.6412
17.4233,-9.9887,-16.3581,17.1408,26.6292
18.3349,-12.8164,-16.5246,20.8194,26.8565
16.3544,-11.2047,-12.6423,18.7433,21.4582
16.4018,-16.8546,-9.5311,25.8218,16.9658
23.071,-32.7233,-21.6004,43.7671,33.6275
12.2825,-20.3581,-1.0345,29.9778,3.6974
11.7474,-13.1409,-2.5708,21.2314,6.2278
17.7298,-20.1795,-11.0742,29.7694,19.2142
16.8599,-23.2078,-8.2319,33.2601,15.0395
10.7805,-10.7268,-2.1479,18.1174,5.5378
5.9106,-2.5676,-0.1262,6.4362,2.1682
11.0807,-8.857,-3.6549,15.6185,7.9741
12.4647,-14.7142,-3.0872,23.2026,7.0634
5.7012,-3.3399,0.7807,7.6455,0.6148
2.2001,-0.7492,3.2563,3.4678,-3.7749
-5.262,4.8356,5.9391,-7.2148,-8.8219
-8.1122,7.0746,5.5857,-12.6351,-8.1373
-32.3828,11.6496,14.966,-29.6508,-29.3477
-28.5841,11.2959,13.6255,-27.7062,-25.7993
-15.7613,8.1932,10.7735,-15.7857,-18.9423
-15.6071,8.9756,9.2557,-18.2448,-15.5935
-15.2356,10.3312,5.3402,-23.2414,-7.6656
-19.7895,10.9951,7.6525,-26.2007,-12.2365
-9.4627,7.9597,5.3411,-15.0961,-7.6674
-3.9446,5.121,4.0813,-7.8551,-5.2919
-1.5611,3.6052,3.3299,-4.5872,-3.9089
-9.5677,7.9196,5.5381,-14.9798,-8.0457
-4.0606,6.1302,2.5669,-10.2288,-2.5289
1.3636,3.389,-0.2384,-4.1455,2.3584
7.0519,-0.9822,-3.4152,3.8586,7.5907
10.2269,-11.084,-1.128,18.5857,3.8533
6.3806,-10.0112,3.5709,17.1708,-4.3499
11.2657,-11.9434,-2.3338,19.7012,5.8417
16.0374,-20.0273,-7.5653,29.5914,14.0385
12.8424,-17.2412,-2.7939,26.2878,6.5896
16.5837,-23.2484,-7.6689,33.3063,14.1947
19.0628,-33.1545,-10.7308,44.2308,18.7173
26.1497,-56.4267,-29.5621,68.4041,43.7344
22.4713,-35.4488,-19.1234,46.6835,30.36
20.0929,-24.308,-15.345,34.5075,25.2383
18.9972,-22.5388,-13.182,32.4964,22.2216
14.1432,-17.3067,-4.971,26.3666,10.0544
12.831,-13.7605,-4.0937,22.0127,8.6725
11.1014,-6.7452,-5.1083,12.6859,10.269
13.668,-9.4048,-8.0427,16.3592,14.7562
17.5852,-16.4054,-12.3978,25.2776,21.1108
19.871,-22.8262,-15.2892,32.825,25.1614
12.413,-14.7241,-2.999,23.2149,6.9212
9.0758,-11.0065,0.5007,18.4843,1.0973
12.4249,-13.2612,-3.6268,21.3836,7.9293
11.9086,-12.5281,-3.1014,20.4518,7.0864
16.1913,-19.5038,-8.0505,28.9776,14.7679
15.5012,-20.9181,-6.2563,30.6291,12.0465
12.3796,-18.3248,-1.729,27.5839,4.8496
14.0347,-17.9931,-4.5424,27.1887,9.3815
9.8368,-13.7528,0.5167,22.0031,1.0699
4.0681,-4.2334,3.4879,9.0114,-4.1977
5.7601,-2.591,0.1076,6.4732,1.7703
10.846,-7.0426,-4.4429,13.1068,9.2246
8.747,-10.6963,0.8213,18.0773,0.5447
4.0241,-3.8176,3.2803,8.38,-3.8187
5.8011,-4.0154,1.1353,8.6813,0
9.1491,-5.5329,-2.7064,10.9405,6.4479
12.5099,-8.2341,-6.6085,14.7666,12.586
7.4168,-3.7951,-1.3404,8.3457,4.2066
8.4293,-3.0333,-3.6123,7.1688,7.9061
14.6719,-13.9354,-7.3733,22.2321,13.7485
12.4426,-12.8199,-3.8558,20.8238,8.2944
11.6449,-12.9189,-2.5023,20.9498,6.1164
6.782,-2.7689,-1.2355,6.7541,4.0322
8.1098,-4.8176,-1.6063,9.8867,4.6471
9.2341,-4.2166,-3.8997,8.986,8.3643
5.2281,0.6892,-2.4185,0.9775,5.9799
-4.3495,6.2245,2.757,-10.4604,-2.8706
-1.8758,3.9467,3.2651,-5.2967,-3.7909
-4.8933,5.5227,4.5735,-8.7784,-6.2112
-3.5786,5.8297,2.4956,-9.5028,-2.4011
-2.1471,5.693,0.8596,-9.178,0.4784
-4.3392,6.6723,1.8802,-11.5853,-1.3064
-1.8801,5.5133,0.8254,-8.7563,0.5375
-3.6263,6.829,0.5892,-11.9897,0.9452
5.335,0.0122,-1.7832,2.1671,4.939
7.0025,-9.1808,2.4557,16.0572,-2.3296
13.1018,-20.5429,-2.2449,30.1931,5.6966
14.5973,-15.542,-6.4917,24.2237,12.4074
17.2011,-22.1368,-9.2514,32.0356,16.5537
11.783,-14.9377,-1.9158,23.4794,5.1571
10.8039,-15.7925,-0.1606,24.5305,2.2265
13.2842,-22.8731,-1.9741,32.8785,5.2528
15.7602,-27.6287,-5.1313,38.2153,10.3049
16.9597,-29.584,-6.9952,40.3636,13.1753
12.0694,-13.0684,-3.1233,21.1394,7.1216
11.8862,-6.6388,-6.6327,12.5347,12.623
9.9052,-3.8126,-5.4396,8.3724,10.785
5.0227,0.1219,-1.4286,1.9766,4.3528
-0.9939,4.005,2.0793,-5.4193,-1.6589
0.2918,3.9076,0.4994,-5.2148,1.0995
-1.6646,5.5438,0.4713,-8.8275,1.1478
-4.4438,7.0858,1.1353,-12.6649,0
-3.1702,5.3215,2.8387,-8.3126,-3.0178
-6.0522,6.2143,4.7924,-10.4352,-6.6237
-9.0899,7.6213,5.6191,-14.1285,-8.2018
-5.1858,4.5814,6.18,-6.655,-9.2922
-0.9959,1.313,5.1588,-0.1488,-7.3189
3.5022,-4.39,4.2494,9.2474,-5.6045
4.4949,-4.9006,3.3727,10.01,-3.9871
3.4506,-5.1172,4.715,10.3304,-6.4776
4.8511,-6.5386,3.8366,12.392,-4.8389
0.4509,-2.9614,6.7265,7.0564,-10.3705
-2.6942,2.0062,6.3361,-1.4379,-9.5986
-3.7677,2.9773,6.5049,-3.3187,-9.9312
0.7445,-2.0088,5.8405,5.5431,-8.6302
0.3704,1.1008,3.7963,0.2378,-4.7646
-4.1779,2.4172,7.4484,-2.2227,-11.8209
0.2342,1.3175,3.7465,-0.1571,-4.6728
-0.0157,0.9618,4.3778,0.489,-5.8443
7.8915,-3.0726,-2.6943,7.2301,6.4282
10.5006,-3.3131,-7.052,7.6041,13.2616
19.3915,-11.7082,-20.5575,19.3974,32.2598
20.9364,-15.2712,-22.5623,23.8908,34.8791
22.7498,-18.3018,-26.8212,27.5565,40.3162
22.4613,-22.9338,-23.0056,32.9478,35.4529
22.7961,-26.0367,-22.7934,36.4477,35.1785
23.7759,-25.5435,-26.5424,35.8965,39.9653
21.2003,-19.4337,-20.6726,28.8952,32.4113
21.2341,-19.4043,-20.7964,28.8606,32.5741
17.0909,-12.7536,-13.3421,20.7395,22.4472
15.6408,-15.3351,-8.6369,23.9695,15.6434
10.5704,-10.4641,-1.9499,17.7712,5.2131
11.9435,-12.5473,-3.1498,20.4763,7.1643
11.4133,-13.3213,-1.9683,21.4595,5.2434
9.4211,-6.5214,-2.4404,12.3674,6.0156
6.6326,-4.1827,0.1039,8.9348,1.7765
7.4417,-3.5657,-1.5645,7.994,4.5779
6.4657,-2.7235,-0.8024,6.6827,3.3089
5.0109,-1.123,-0.1246,4.0931,2.1654
7.5942,-3.3332,-1.9951,7.6352,5.2873
7.4684,-3.5749,-1.5977,8.0081,4.6329
5.3963,-1.5523,-0.2778,4.8013,2.4251
-4.7718,5.8369,3.9386,-9.52,-5.0273
0.1155,2.3906,2.7448,-2.1713,-2.8486
2.5968,1.6201,0.3702,-0.7148,1.3213
5.1649,-0.7216,-0.7412,3.4214,3.2063
5.0181,-1.7918,0.4729,5.1919,1.1451
5.4073,-2.3573,0.4106,6.1019,1.2521
6.9114,-4.4562,-0.096,9.3468,2.1168
3.793,-0.4402,0.9269,2.9445,0.3619
2.8664,0.4396,1.3079,1.4198,-0.3009
3.9802,-1.3943,1.5402,4.5419,-0.7076
8.0422,-6.6209,-0.2873,12.5092,2.4412
2.3479,0.2007,2.2237,1.8391,-1.9156
0.5128,0.78,3.9313,0.8154,-5.014
0.164,1.0631,4.0751,0.3061,-5.2803
0.8697,0.3995,3.858,1.4906,-4.8784
2.6679,-1.8596,3.5653,5.3019,-4.3396
1.5678,-0.1092,3.476,2.377,-4.176
3.6757,-3.0073,3.1667,7.1282,-3.6118
2.7442,-0.888,2.701,3.701,-2.7698
5.0242,-1.6732,0.3603,4.9989,1.3383
7.2001,-4.6057,-0.4047,9.5707,2.6398
13.7484,-14.7249,-5.2812,23.2159,10.5385
14.9488,-17.9653,-6.1972,27.1555,11.9558
14.6858,-16.7389,-6.168,25.6818,11.9109
11.9883,-11.1274,-3.9145,18.6424,8.3878
11.4588,-8.7442,-4.3673,15.4649,9.1053
12.1508,-11.7342,-3.8816,19.431,8.3355
10.4487,-8.4837,-2.8383,15.1091,6.6615
9.8725,-7.4888,-2.5248,13.7331,6.153
8.526,-9.5593,0.6112,16.5669,0.9073
6.8509,-7.3301,1.7546,13.511,-1.0847
2.3243,-1.3252,3.5703,4.428,-4.3488
-3.4077,3.6266,5.4247,-4.6312,-7.8278
-0.4063,1.3137,4.4962,-0.1501,-6.0661
1.8927,-0.1918,3.154,2.5193,-3.5888
4.9696,-2.8879,1.4289,6.9411,-0.5126
6.4197,-2.2496,-1.1493,5.9299,3.8887
6.2756,-2.8396,-0.4262,6.8653,2.6761
10.1186,-5.0877,-4.6826,10.2869,9.602
10.5861,-2.1669,-8.5329,5.7973,15.4885
10.9361,-2.1663,-9.2592,5.7964,16.5653
11.8372,-3.1975,-9.9064,7.4246,17.5164
14.3908,-6.5583,-11.9658,12.4199,20.4949
6.2,-1.0349,-1.9889,3.9466,5.2772
7.0493,-1.5375,-2.8165,4.777,6.6262
7.6628,-5.3445,-0.5612,10.6648,2.9036
6.8309,-10.5317,3.2312,17.8605,-3.7291
9.1777,-11.7824,0.6827,19.4934,0.784
3.2005,-9.4216,6.8432,16.3819,-10.603
1.3511,-7.7993,8.0613,14.1656,-13.0765
0.2858,-4.1989,7.5474,8.9593,-12.022
-3.0434,0.4833,7.9243,1.3428,-12.7937
0.8398,-2.9506,6.3223,7.0395,-9.5714
1.7375,0.9259,2.2879,0.5538,-2.0301
-0.0907,1.5961,3.8534,-0.6704,-4.87
-5.2383,6.7023,2.9616,-11.6624,-3.2399
-6.2143,8.2477,0.6544,-15.9493,0.8329
-4.0699,7.0645,0.6729,-12.6082,0.801
-0.4209,6.4033,-3.2579,-10.9045,7.3381
6.7762,1.8617,-6.8038,-1.1658,12.8841
10.2367,-2.6595,-7.2552,6.5816,13.5698
11.9467,-7.0081,-6.456,13.0581,12.3527
8.1714,-2.7035,-3.4955,6.6511,7.7193
14.1587,-11.863,-7.469,19.5976,13.8932
15.3196,-13.107,-9.117,21.1885,16.3552
15.4262,-14.0628,-8.8244,22.3915,15.9218
14.1488,-10.9347,-8.002,18.3902,14.6952
9.3151,-3.3987,-4.7839,7.7365,9.7612
7.7983,-2.7019,-2.8843,6.6485,6.736
6.2151,-1.7236,-1.3277,5.081,4.1854
3.9076,0.3005,0.0157,1.6645,1.9268
2.9146,0.6371,1.0378,1.0703,0.1695
1.1672,2.0958,1.7425,-1.6078,-1.0634
-0.6875,3.8749,1.8671,-5.1463,-1.2832
-3.5367,6.3735,1.4244,-10.8299,-0.5046
-5.2105,6.8513,2.6324,-12.0477,-2.6465
-3.7029,6.3063,1.776,-10.6628,-1.1225
-2.0848,5.3186,1.4475,-8.3058,-0.545
-4.4054,7.1012,1.0484,-12.706,0.151
-9.1075,8.9044,2.6164,-18.0106,-2.6178
-1.0483,4.9723,0.6377,-7.5199,0.8617
-0.5312,5.5313,-1.144,-8.7985,3.88
2.0046,4.663,-3.4149,-6.8336,7.5901
3.4954,3.0141,-2.9191,-3.3918,6.7922
1.2431,2.9627,0.5396,-3.2897,1.0304
2.8902,1.9941,-0.5155,-1.4152,2.8267
-0.4129,4.0175,1.2969,-5.4454,-0.2818
3.9892,-0.1956,0.4158,2.5258,1.2432
7.9402,-5.8306,-0.641,11.3737,3.038
9.5096,-6.821,-2.3801,12.7934,5.9172
5.7235,-1.6952,-0.622,5.0346,3.0061
8.6466,-8.3047,-0.1919,14.8636,2.2796
10.9838,-12.2951,-1.7365,20.1534,4.8619
8.9906,-7.8605,-0.9419,14.2504,3.5425
12.1902,-12.8302,-3.4285,20.8369,7.6119
10.33,-11.1261,-1.2637,18.6406,4.0791
14.0054,-17.6186,-4.6191,26.7409,9.5022
11.7213,-14.1169,-2.1308,22.4592,5.5099
8.7488,-8.3199,-0.3311,14.8844,2.5153
6.5147,-6.1365,1.5364,11.8157,-0.7009
7.3206,-5.794,0.2264,11.3207,1.5675
2.0295,0.5706,2.2716,1.1882,-2.001
-1.0995,3.4424,2.9733,-4.2541,-3.2612
1.84,0.2715,2.7985,1.7154,-2.9453
1.0338,2.5193,1.4046,-2.4201,-0.4701
0.4716,3.938,0.2007,-5.2785,1.6114
4.1317,0.6126,-0.6533,1.1138,3.0586
0.5465,2.747,1.7629,-2.8642,-1.0993
0.0664,2.9079,2.1833,-3.181,-1.8437
-8.739,7.6149,5.2505,-14.1104,-7.4941
-6.6147,5.9263,5.8586,-9.7342,-8.6654
-2.951,3.6097,4.9414,-4.5965,-6.9057
-1.0211,1.1356,5.3466,0.1745,-7.6779
-9.8974,7.0202,7.5012,-12.4908,-11.928
-17.5752,9.2599,10.3426,-19.2046,-17.9731
-10.4761,7.059,7.9921,-12.5937,-12.9335
-17.2147,9.6676,9.1592,-20.6548,-15.3867
-8.9143,7.4565,5.7463,-13.6694,-8.4476
-13.0185,8.8508,7.1163,-17.8357,-11.1499
-0.5508,2.6548,3.2604,-2.6837,-3.7823
-6.1031,6.1196,5.0032,-10.2031,-7.0229
-5.0628,6.4269,3.2655,-10.9635,-3.7917
-7.9313,7.6511,4.2669,-14.2121,-5.6372
2.4759,1.6208,0.5381,-0.7161,1.0331
7.9948,-4.9133,-1.3604,10.0288,4.2398
7.2429,-5.1043,-0.1176,10.3113,2.1535
6.6197,-3.51,-0.385,7.9083,2.6065
6.3063,-1.2463,-1.937,4.2977,5.192
10.4145,-5.9897,-4.4747,11.604,9.2749
7.8271,-2.2187,-3.3986,5.8803,7.564
7.436,-0.7711,-4.3057,3.5048,9.0081
7.9541,-1.8415,-3.9989,5.2725,8.5219
8.9338,-3.6762,-3.8689,8.1636,8.3152
7.868,-2.8836,-2.8284,6.9345,6.6456
9.7287,-4.8611,-4.196,9.9513,8.8346
6.6433,-2.4217,-1.3319,6.2045,4.1924
5.9195,-3.4099,0.5319,7.7538,1.0437
4.985,-4.1463,2.2959,8.8797,-2.0443
8.9722,-12.0512,1.0703,19.8401,0.113
8.9386,-13.4016,1.6107,21.561,-0.8314
10.0859,-20.8148,2.1165,30.5091,-1.725
8.825,-18.5989,3.2159,27.9094,-3.7014
10.7131,-17.789,0.5574,26.9449,0.9999
10.5543,-16.0761,0.2831,24.8769,1.4704
7.5218,-9.4784,1.9217,16.4583,-1.3797
9.309,-10.1086,-0.2345,17.3004,2.3517
8.7884,-9.4063,0.1706,16.3613,1.6628
9.1206,-8.6385,-0.7018,15.3207,3.1401
4.231,-0.7653,0.6349,3.495,0.8665
6.0761,-2.2889,-0.6048,5.9927,2.9771
7.5982,-2.0097,-3.2302,5.5444,7.2937
6.592,-1.4697,-2.1572,4.6659,5.5531
4.1684,0.5771,-0.6668,1.1767,3.0813
5.2554,-1.303,-0.3063,4.3913,2.4734
6.4568,-4.1241,0.3095,8.8462,1.4252
6.8778,-6.1006,1.0281,11.7641,0.1862
7.0264,-5.7415,0.6043,11.2444,0.9191
6.6668,-6.0362,1.2746,11.6712,-0.2428
9.5102,-9.823,-0.665,16.92,3.0783
8.5429,-8.5811,0.1022,15.2423,1.7794
6.2846,-6.554,2.0736,12.4138,-1.6489
5.721,-5.3556,2.1113,10.6811,-1.7157
7.4764,-8.7494,1.6443,15.472,-0.8906
5.975,-5.8663,2.0851,11.4255,-1.6693
6.5896,-4.8969,0.6615,10.0045,0.8205
8.0237,-4.6664,-1.5879,9.6614,4.6166
9.394,-7.4775,-1.7808,13.7174,4.9349
8.4564,-5.7218,-1.4865,11.2158,4.4488
7.8577,-3.7861,-2.0257,8.3319,5.3375
5.01,-1.6016,0.3166,4.8819,1.4131
8.8805,-10.5783,0.5856,17.9219,0.9513
11.2514,-16.6708,-0.5325,25.5993,2.8554
11.3878,-18.5204,-0.1981,27.8162,2.29
11.9524,-17.0088,-1.4728,26.0078,4.4262
8.5054,-11.1983,1.3589,18.7349,-0.3901
6.8225,-8.4027,2.3273,14.9981,-2.1002
8.2431,-10.9005,1.5858,18.3455,-0.7876
5.8114,-6.8361,2.824,12.8148,-2.9913
6.4105,-10.6938,3.7981,18.074,-4.7678
6.0044,-7.2085,2.7743,13.3404,-2.9018
-0.2295,2.7584,2.7418,-2.8865,-2.8432
-11.5276,8.77,5.7697,-17.5743,-8.493
-23.3911,11.6928,8.2154,-29.9033,-13.396
-8.0001,7.3315,4.9867,-13.3268,-6.9915
-1.0303,3.7473,2.4846,-4.8807,-2.3815
4.9979,0.9926,-2.4351,0.4335,6.0069
-0.8775,5.5594,-0.6854,-8.8641,3.1127
1.3437,4.4857,-2.0145,-6.4467,5.3192
-1.9915,6.2598,-0.4939,-10.5476,2.7902
1.5106,4.1175,-1.6204,-5.6568,4.6703
0.517,4.7016,-1.1412,-6.9186,3.8752
-1.7702,5.1782,1.2683,-7.9848,-0.2319
7.602,-2.5079,-2.7497,6.3415,6.5181
-2.4134,4.5518,3.0805,-6.5904,-3.4553
-4.9187,6.1184,3.6403,-10.2001,-4.4773
-14.7994,8.2281,9.9367,-15.8902,-17.074
-4.0373,3.5566,6.174,-4.4875,-9.2803
-1.4345,-0.3514,6.9597,2.7929,-10.8357
-0.3489,-2.3079,7.1464,6.0231,-11.2105
4.3784,-5.3236,3.7535,10.6341,-4.6855
6.6718,-7.5237,2.0879,13.7819,-1.6743
9.6235,-10.4308,-0.5387,17.7273,2.8658
4.5794,-3.725,2.5317,8.2384,-2.4657
2.8109,-0.1266,1.9366,2.407,-1.4061
0.9675,2.2541,1.8163,-1.9094,-1.1935
8.3069,-2.3395,-4.0837,6.0735,8.6566
4.0428,1.153,-1.1603,0.1431,3.9071
3.7819,2.4807,-2.5542,-2.3452,6.2007
6.0128,1.7809,-5.2613,-1.0144,10.5076
5.8705,-0.4101,-2.144,2.8932,5.5314
7.7609,-3.3742,-2.2211,7.6986,5.6577
11.7774,-9.4242,-4.5025,16.3854,9.3186
13.2804,-10.445,-6.6121,17.746,12.5915
13.7609,-14.3741,-5.4569,22.78,10.8119
14.8526,-17.3733,-6.2358,26.4466,12.0151
8.6798,-9.9527,0.5819,17.0929,0.9577
5.8099,-6.3014,2.5408,12.0527,-2.4822
7.4786,-6.8033,0.618,12.7684,0.8955
-3.0671,2.887,5.8667,-3.1397,-8.6811
-10.9695,7.4389,7.8467,-13.6209,-12.6342
-16.6867,9.4646,9.1617,-19.921,-15.3919
-18.8353,10.2542,9.1044,-22.9245,-15.2693
-14.4979,9.0417,8.1173,-18.4645,-13.1923
-6.428,7.151,3.5242,-12.8389,-4.2643
-5.158,6.4447,3.3485,-11.0083,-3.943
-1.9057,5.2178,1.3819,-8.0752,-0.4302
-0.5624,5.261,-0.5727,-8.1737,2.923
-4.2838,7.661,-0.4925,-14.2402,2.788
5.1101,2.8707,-5.4424,-3.1076,10.7893
7.6786,1.2702,-7.5765,-0.0705,14.0554
7.1247,0.4948,-5.3712,1.3225,10.6786
7.6373,1.9195,-8.6077,-1.2745,15.6
6.113,-0.4966,-2.4308,3.0405,5.9999
-0.9553,3.3005,2.9757,-3.9662,-3.2654
2.3374,0.7697,1.6706,0.8339,-0.9368
2.8277,1.0746,0.6811,0.2852,0.7868
2.9485,0.2272,1.4128,1.7929,-0.4844
5.1682,-5.7741,3.0494,11.2918,-3.3988
3.5571,-3.2711,3.4889,7.5389,-4.1996
2.7021,-2.3764,3.8975,6.1323,-4.9514
5.4349,-2.806,0.7356,6.8125,0.6928
8.5751,-8.6556,0.0953,15.3441,1.7913
8.8922,-4.3764,-3.1944,9.2269,7.2362
10.0081,-3.5425,-5.8896,7.9583,11.4819
6.6785,-0.1193,-3.7962,2.3944,8.1995
4.2706,1.1582,-1.5117,0.1335,4.4906
6.4952,-0.0094,-3.6227,2.2045,7.9227
3.2969,3.3643,-3.1717,-4.0953,7.1996
-0.9948,5.8522,-1.1044,-9.5566,3.8139
0.3074,4.1248,0.1401,-5.6723,1.7148
-1.231,4.892,1.024,-7.3405,0.1934
-6.2857,7.0501,3.555,-12.5701,-4.3208
-3.1587,5.5344,2.4728,-8.8056,-2.3603
-3.0704,5.5005,2.4182,-8.7265,-2.2626
-4.9302,6.2236,3.4708,-10.4581,-4.1665
-4.571,5.7461,3.8496,-9.3038,-4.8629
-9.977,7.6149,6.5612,-14.1104,-10.0426
-13.4589,8.7133,7.8392,-17.3926,-12.6188
-4.8175,4.6286,5.7318,-6.7583,-8.4196
-7.9277,6.2761,6.698,-10.5878,-10.3139
-3.7216,4.7168,4.4005,-6.9521,-5.8868
-3.6762,3.7114,5.6175,-4.8064,-8.1988
-6.3259,5.2517,6.5035,-8.1526,-9.9286
-1.8125,2.5633,4.8363,-2.5056,-6.7065
0.0675,0.0371,5.0851,2.1239,-7.1786
5.7925,-3.8763,1.0487,8.4696,0.1505
6.2381,-5.7911,1.6985,11.3165,-0.9858
10.3705,-13.9046,-0.1831,22.1935,2.2646
9.6621,-11.5886,-0.0779,19.2425,2.086
13.4354,-13.9865,-5.0464,22.2961,10.1723
13.5454,-15.6551,-4.5408,24.3623,9.379
13.9909,-15.6946,-5.3125,24.4107,10.5874
14.836,-16.866,-6.3991,25.8355,12.2656
12.8075,-15.5845,-3.3172,24.2757,7.4334
13.1233,-13.1971,-4.8554,21.3025,9.8732
12.5229,-13.6645,-3.6148,21.8921,7.9102
14.1011,-14.8065,-5.8863,23.317,11.4769
14.1157,-13.6487,-6.4475,21.8722,12.3397
13.4916,-14.3556,-4.9833,22.757,10.0735
14.4826,-16.5218,-5.8771,25.4189,11.4626
12.8417,-12.8953,-4.5044,20.9197,9.3217
12.4301,-9.3173,-5.7312,16.2414,11.2372
12.0085,-8.1848,-5.7106,14.6986,11.2053
8.1376,-2.3,-3.8364,6.0105,8.2636
8.7883,-2.3024,-4.9588,6.0143,10.0352
3.1227,3.1961,-2.6115,-3.7557,6.2938
8.1991,-1.2004,-5.139,4.2216,10.3168
6.6389,0.5876,-4.6366,1.1581,9.5297
7.4032,1.0994,-6.7719,0.2403,12.8354
6.3493,0.4592,-3.9678,1.3854,8.4725
7.3367,-0.6739,-4.2496,3.3408,8.9194
9.5497,-4.512,-4.1833,9.4305,8.8145
9.772,-5.0909,-4.0811,10.2916,8.6525
12.8091,-8.5139,-6.9806,15.1504,13.1531
13.9784,-17.3436,-4.6679,26.4109,9.579
16.2537,-22.7291,-7.1661,32.7141,13.4348
8.3906,-9.4866,0.7637,16.4693,0.6442
9.1694,-9.9504,-0.109,17.0899,2.1389
8.8669,-9.3281,0.0208,16.256,1.9183
7.0155,-5.2682,0.315,10.5528,1.416
6.5563,-5.2795,0.9573,10.5694,0.3091
5.9367,-3.1668,0.321,7.3769,1.4055
5.5763,-2.2524,0.0842,5.9343,1.8101
2.9106,-0.0316,1.716,2.2429,-1.0167
-1.1258,6.0865,-1.4066,-10.1221,4.3164
-2.5187,6.0628,0.6603,-10.0644,0.8226
6.285,1.2834,-4.994,-0.0947,10.0904
6.5992,0.285,-4.1686,1.6917,8.7911
9.6596,-2.6376,-6.1818,6.5469,11.932
10.1019,-3.1017,-6.5151,7.2755,12.4432
10.1307,-3.1403,-6.5288,7.3357,12.4642
8.9384,-2.3168,-5.2105,6.0373,10.4285
9.3003,-3.3576,-4.7973,7.673,9.7822
9.2862,-4.0001,-4.1785,8.658,8.8068
5.1712,-1.9345,0.3826,5.4231,1.3001
3.9926,0.0057,0.2057,2.1784,1.6029
-1.184,4.1929,2.0535,-5.8172,-1.6132
-3.4564,5.663,2.6301,-9.1072,-2.6423
-2.4847,4.8106,2.7848,-7.1595,-2.9207
-2.3187,5.0064,2.2707,-7.5963,-1.9994
-0.2146,3.2306,2.1313,-3.8252,-1.7513
-2.4067,3.9893,3.8456,-5.3861,-4.8555
0.7484,2.4833,1.8259,-2.3503,-1.2105
0.7182,1.883,2.5631,-1.2059,-2.5221
4.4713,-2.7005,1.9431,6.6463,-1.4177
2.1114,-0.5318,3.1813,3.1002,-3.6383
8.1893,-5.8291,-1.0106,11.3716,3.6574
9.5646,-7.3954,-2.097,13.6026,5.4544
5.8345,-2.7743,0.1525,6.7626,1.6937
6.243,-4.985,1.1922,10.135,-0.0992
2.9229,-0.8184,2.4162,3.5842,-2.2591
7.2327,-4.3667,-0.6266,9.2122,3.0138
2.8504,-0.8567,2.5411,3.6486,-2.4826
4.7471,-1.1193,0.2468,4.0871,1.5326
4.8441,-0.773,-0.2228,3.5079,2.332
8.1022,-2.7998,-3.2892,6.8027,7.3885
3.8386,-0.4134,0.8388,2.8988,0.5145
2.9066,-0.0399,1.7293,2.2573,-1.0402
3.1084,-0.0723,1.494,2.3134,-0.6266
2.685,0.4004,1.5891,1.489,-0.7936
5.4023,-1.2846,-0.537,4.361,2.8629
4.3336,-0.4694,0.2052,2.9941,1.6037
4.6714,-0.3433,-0.4056,2.7791,2.6412
4.0165,-0.4591,0.6381,2.9767,0.8609
4.5451,-0.3182,-0.2487,2.7362,2.3759
4.3987,-0.8367,0.4695,3.615,1.1509
4.7464,-0.1145,-0.7554,2.3862,3.2301
4.3018,0.7082,-1.0153,0.9437,3.6652
6.7056,-2.5903,-1.2763,6.4721,4.1002
7.1576,-2.6259,-1.9371,6.5286,5.192
6.1111,-2.9254,-0.1185,7,2.155
6.7087,-2.3586,-1.488,6.104,4.4513
7.2856,-4.2013,-0.8281,8.963,3.3521
8.6388,-6.7375,-1.0921,12.675,3.7934
7.7954,-5.9207,-0.3711,11.5043,2.583
9.0837,-7.407,-1.3492,13.6188,4.2211
9.3868,-8.9583,-0.9248,15.756,3.5139
10.8016,-11.1028,-1.998,18.6102,5.2922
7.5952,-3.4314,-1.9131,7.7871,5.1527
9.5768,-1.8438,-6.9265,5.2762,13.0708
7.3608,1.7287,-7.7149,-0.9169,14.2639
4.3081,3.7388,-5.5972,-4.8632,11.0296
9.7012,0.7239,-10.8984,0.9157,18.96
10.0011,1.6173,-13.3134,-0.7095,22.4068
10.9852,0.3933,-13.3061,1.5015,22.3965
9.0093,1.6729,-11.0956,-0.813,19.245
5.4157,4.4724,-9.3752,-6.4177,16.7362
6.3606,4.3192,-11.0488,-6.0873,19.1775
11.0615,-0.4597,-11.9994,2.9777,20.5429
8.5057,-0.9142,-6.0422,3.7449,11.7172
9.9879,-3.2407,-6.1569,7.4917,11.8938
12.481,-7.6941,-6.9482,14.0194,13.1038
9.326,-4.8283,-3.542,9.9026,7.7937
9.1575,-4.4656,-3.5595,9.3609,7.8218
8.688,-4.6488,-2.6424,9.6352,6.3441
7.6653,-3.3388,-2.1013,7.6439,5.4616
10.7178,-7.8934,-3.648,14.2961,7.9631
8.4785,-7.362,-0.4769,13.5558,2.7616
6.1879,-4.8805,1.1986,9.9801,-0.1103
7.5281,-6.7206,0.5012,12.651,1.0965
7.0827,-4.9071,-0.0237,10.0196,1.9939
4.4562,-0.3051,-0.1342,2.7137,2.1818
-3.5091,5.5035,2.9625,-8.7336,-3.2415
-5.6432,5.2735,5.7601,-8.2024,-8.4744
-5.2686,5.9864,4.2732,-9.8792,-5.649
-0.7803,3.3994,2.6313,-4.1665,-2.6444
0.0083,2.4897,2.7634,-2.3627,-2.8821
-2.8883,4.4473,3.801,-6.3634,-4.7732
-1.7943,3.808,3.3498,-5.0068,-3.9453
1.3545,2.4444,1.0677,-2.2751,0.1175
1.3177,0.6203,3.1148,1.1001,-3.5176
0.522,-0.5734,5.065,3.1708,-7.1404
6.9952,-6.0769,0.8539,11.7299,0.4883
8.465,-2.7076,-3.9854,6.6574,8.5005
4.2611,-0.2156,0.0527,2.5602,1.8638
3.5689,-0.2085,1.0077,2.5479,0.2217
2.1597,1.1055,1.5504,0.2293,-0.7255
0.5481,2.5978,1.9465,-2.5727,-1.4236
-10.5909,7.7674,6.9002,-14.5417,-10.7168
-13.0758,8.2816,8.3313,-16.0515,-13.6372
-12.5786,9.1617,5.9272,-18.8688,-8.7988
-4.5763,6.2263,3.0349,-10.465,-3.3725
-5.348,5.8191,4.6326,-9.4775,-6.3222
-6.2676,5.5001,6.1068,-8.7256,-9.149
0.5706,1.8452,2.7898,-1.1348,-2.9296
2.0752,1.3932,1.3468,-0.2959,-0.369
1.4038,2.3234,1.1525,-2.0421,-0.0299
6.3145,-0.8915,-2.3198,3.7069,5.8188
13.3728,-7.0156,-9.2881,13.0687,16.6079
11.3744,-4.6243,-7.4221,9.5985,13.8223
11.0979,-4.7109,-6.8052,9.7277,12.8863
6.8623,0.5137,-4.9288,1.289,9.9883
5.2381,2.0754,-4.3563,-1.569,9.088
4.7404,1.6577,-2.9098,-0.7846,6.7771
2.7595,3.6242,-2.739,-4.6264,6.5008
-2.1872,6.3845,-0.4784,-10.8574,2.7641
-3.0596,7.2036,-1.1157,-12.9803,3.8328
-3.9547,6.9283,0.8213,-12.249,0.5446
-1.6348,5.3187,0.8396,-8.3061,0.513
-2.0769,6.3184,-0.4955,-10.6928,2.793
-2.5429,6.6356,-0.5181,-11.4915,2.8311
0.261,4.4362,-0.3021,-6.3394,2.4664
2.9085,1.6139,-0.0632,-0.7033,2.0611
4.0977,-0.4692,0.5354,2.9939,1.0376
8.1016,-3.9916,-2.2393,8.6452,5.6874
9.1509,-6.549,-1.9964,12.4067,5.2896
10.0598,-7.4916,-2.8238,13.7371,6.6381
11.0739,-6.5226,-5.2275,12.3691,10.455
9.248,-3.1292,-4.9276,7.3184,9.9864
10.2228,-6.501,-3.7663,12.3382,8.1519
10.662,-7.1848,-4.0272,13.307,8.5669
10.6217,-5.8546,-4.9434,11.4085,10.0112
8.6052,-3.586,-3.3995,8.0252,7.5654
5.8361,-0.4349,-2.0627,2.9354,5.3983
1.9287,2.6468,0.0051,-2.668,1.9449
1.9767,3.0928,-0.6933,-3.5487,3.1259
3.6327,1.5801,-1.08,-0.6406,3.7732
1.4021,2.266,1.2257,-1.932,-0.1575
3.6117,1.2973,-0.6962,-0.1201,3.1307
-0.7244,4.45,1.0545,-6.3693,0.1404
-3.6071,5.48,3.1215,-8.6789,-3.5298
-2.657,5.1944,2.3995,-8.0218,-2.2291
-0.4686,4.4761,0.6628,-6.4258,0.8183
2.0699,3.3929,-1.2862,-4.1533,4.1166
-0.7248,5.0273,0.0885,-7.6435,1.8028
-2.641,5.5297,1.8149,-8.7946,-1.191
-5.1586,6.6158,3.0295,-11.441,-3.3628
-2.1826,4.7245,2.5368,-6.9689,-2.4749
-4.6946,5.0667,5.0136,-7.7323,-7.0426
-0.1028,2.3536,3.0577,-2.1001,-3.4139
6.3146,-4.9582,1.0781,10.0953,0.0995
2.5506,-2.5797,4.2145,6.4554,-5.5395
1.4368,-1.2154,4.524,4.2465,-6.1183
-0.2838,0.1213,5.4026,1.9775,-7.7852
-0.2177,0.1377,5.3172,1.9491,-7.6216
-1.3021,2.1092,4.7326,-1.6332,-6.5107
0.0752,1.2124,4.0363,0.0348,-5.2083
-1.1934,3.1382,3.4665,-3.6395,-4.1586
-3.2931,4.4137,4.3196,-6.2908,-5.7356
-4.124,4.9281,4.566,-7.4209,-6.1972
-6.0351,6.1371,4.8992,-10.2458,-6.8256
-7.1025,7.0516,4.5079,-12.574,-6.088
-7.4793,7.5799,3.8893,-14.0123,-4.9361
-6.7333,8.1411,1.6416,-15.6302,-0.8858
-6.144,8.1192,0.909,-15.565,0.3929
1.6247,3.6609,-1.0391,-4.7021,3.7049
-0.1495,4.6065,-0.0005,-6.7099,1.9544
3.0649,1.3309,0.0541,-0.1815,1.8614
3.6671,1.0544,-0.4858,0.3219,2.7766
6.6526,-0.9826,-2.7618,3.8593,6.5377
6.6468,0.1283,-4.0501,1.9653,8.6032
9.2081,-1.777,-6.3069,5.1677,12.1242
10.3981,-3.2361,-6.9365,7.4846,13.0861
13.7267,-9.6074,-8.021,16.6314,14.7237
15.6668,-16.2186,-8.2873,25.0505,15.1222
14.8684,-11.277,-9.2631,18.8376,16.5709
15.7931,-16.0366,-8.6257,24.8287,15.6266
14.5881,-12.1086,-8.1817,19.914,14.9645
14.3364,-11.8809,-7.8094,19.6206,14.406
11.405,-8.5062,-4.4246,15.14,9.1959
10.3869,-8.9312,-2.4782,15.7193,6.0771
10.231,-9.4731,-1.9339,16.4511,5.1869
11.2691,-12.3169,-2.1709,20.1814,5.5754
9.521,-12.648,0.5478,20.6048,1.0163
13.6489,-10.7705,-7.1195,18.1748,13.3641
12.809,-14.6599,-3.6789,23.1353,8.0125
13.2911,-11.7946,-5.8606,19.5092,11.4371
13.8778,-13.4521,-6.0982,21.6246,11.8034
15.2438,-19.6162,-6.1818,29.1097,11.9321
15.814,-22.553,-6.3762,32.5127,12.2305
13.2666,-14.0413,-4.7243,22.3646,9.6676
13.4713,-13.7836,-5.2021,22.0417,10.4153
11.4773,-9.3026,-4.0588,16.2216,8.617
10.5152,-7.8373,-3.3469,14.2184,7.4811
1.1219,-3.188,6.1673,7.4098,-9.2673
1.0139,-0.7062,4.6162,3.3954,-6.2914
-8.9997,4.2464,10.0841,-5.9314,-17.3988
-11.3591,6.6731,9.3485,-11.5874,-15.7932
-25.1345,11.0199,12.0317,-26.32,-21.8661
-14.4407,8.5506,9.0585,-16.8785,-15.1712
-19.491,8.6049,12.8817,-17.0489,-23.9286
-12.5374,6.3253,10.7609,-10.7098,-18.9138
-9.9278,5.1851,9.9159,-8.0006,-17.0282
-5.8083,5.0908,6.1802,-7.7867,-9.2926
-3.7695,3.8134,5.5999,-5.0181,-8.1647
-5.2455,4.8101,5.9545,-7.1583,-8.8518
-5.5439,4.7149,6.3862,-6.9479,-9.697
-13.5183,6.4028,11.4286,-10.9032,-20.4465
-1.5206,0.0403,6.7622,2.1184,-10.4415
-1.774,1.3702,5.9474,-0.2537,-8.8379
8.0695,-3.5395,-2.5683,7.9537,6.2237
1.6599,1.2248,2.0762,0.0124,-1.6535
4.651,-1.0954,0.3596,4.0473,1.3395
3.8346,-1.045,1.4291,3.9634,-0.5129
5.5081,-2.1612,0.1031,5.7882,1.778
3.7812,-0.281,0.7886,2.6724,0.6012
9.8209,-4.5442,-4.6248,9.4787,9.5112
12.2331,-6.071,-7.7817,11.7214,14.3643
11.4218,-8.5049,-4.4546,15.1381,9.2432
6.7841,-2.5465,-1.4341,6.4027,4.362
3.4837,-1.6132,2.3667,4.9008,-2.1706
0.6647,-0.0821,4.5117,2.3303,-6.0952
-3.0184,2.4034,6.2982,-2.196,-9.524
-5.1253,2.9067,7.9089,-3.1787,-12.7622
-1.1167,1.4549,5.161,-0.4094,-7.3232
3.3194,-1.6096,2.5719,4.8949,-2.5379
8.3658,-6.1485,-1.0623,11.833,3.7436
13.1377,-14.7672,-4.1927,23.2683,8.8293
14.3912,-12.6123,-7.5083,20.5593,13.9526
11.518,-9.8963,-3.7848,17.0177,8.1814
8.4537,-5.339,-1.7527,10.6568,4.8886
12.6969,-9.4754,-6.1219,16.4543,11.8399
14.0774,-7.7931,-10.1304,14.157,17.8439
13.3759,-4.1045,-12.2819,8.8165,20.9459
9.8854,-1.4206,-8.0573,4.5851,14.7782
6.632,1.9911,-6.7468,-1.4094,12.7971
-2.392,6.4773,-0.3842,-11.0902,2.6051
-9.8891,9.7163,1.0079,-20.8347,0.2213
-11.533,10.2573,1.1195,-22.9372,0.0274
-6.5312,9.2131,-2.0067,-19.044,5.3065
1.4613,7.6079,-10.6369,-14.0908,18.5811
-2.4319,9.4198,-10.5628,-19.7625,18.4735
4.3749,5.2927,-9.3066,-8.2463,16.6352
6.5024,0.9018,-4.8302,0.597,9.8338
8.1596,-0.4854,-5.9473,3.0213,11.5709
10.445,-5.2936,-5.0867,10.59,10.2352
17.5885,-15.936,-12.649,24.7059,21.4676
17.2216,-18.7268,-10.5113,28.061,18.3987
13.207,-21.1722,-2.2513,30.9235,5.7069
7.3216,-6.5938,0.7129,12.4706,0.7319
3.9564,-5.5801,4.3852,11.0095,-5.8581
7.1523,-8.0041,1.7058,14.4493,-0.9988
3.7795,-4.9615,4.2541,10.1003,-5.6133
-0.9855,2.0162,4.4676,-1.4569,-6.0124
-0.4224,1.7276,4.11,-0.9149,-5.3451
0.8607,2.3644,1.8235,-2.121,-1.2062
-4.1524,5.7686,3.3114,-9.3571,-3.8753
-2.9899,5.3536,2.5609,-8.3863,-2.5181
-4.0009,7.6157,-0.7869,-14.1127,3.283
5.5459,1.6134,-4.1897,-0.7025,8.8246
9.4716,-1.3972,-7.2699,4.5466,13.5921
6.7422,-1.2738,-2.5964,4.3431,6.2692
3.421,3.0416,-2.8427,-3.4466,6.6686
8.4173,-1.6272,-5.0374,4.9238,10.1582
1.4704,2.8543,0.3705,-3.0751,1.3208
-4.5099,6.4975,2.4459,-11.1412,-2.3121
-3.4343,6.6887,0.6306,-11.6274,0.8739
-3.8268,7.7882,-1.5231,-14.6013,4.5095
4.4161,3.555,-5.4394,-4.4842,10.7847
0.5198,4.9027,-1.5156,-7.3643,4.497
-6.2225,7.8379,1.737,-14.7436,-1.0538
-5.92,7.8017,1.4266,-14.6398,-0.5085
-10.7507,8.8393,4.7481,-17.7981,-6.5399
-10.6673,8.5708,5.3082,-16.9419,-7.6044
-9.4945,8.4525,4.2701,-16.5739,-5.6433
-8.3936,7.2176,5.6305,-13.0179,-8.2238
-3.0825,3.8605,4.7874,-5.1162,-6.6142
-3.1142,3.1682,5.6191,-3.6997,-8.2018
0.0697,3.2925,1.6795,-3.9498,-0.9524
4.7039,0.1655,-0.9974,1.9005,3.6352
7.477,-3.273,-1.8643,7.5419,5.0724
9.5234,-5.6856,-3.2011,11.1632,7.2469
13.0947,-7.5148,-8.2976,13.7695,15.1377
11.7341,-3.3998,-9.4485,7.7382,16.8442
14.4543,-8.3575,-10.4855,14.9361,18.3613
17.0934,-11.5127,-14.2311,19.1441,23.6931
11.1606,-4.6776,-6.9567,9.6781,13.1168
11.3037,-4.684,-7.2268,9.6877,13.5268
2.1939,1.8901,0.605,-1.219,0.9179
-1.3327,3.9801,2.5467,-5.3669,-2.4927
-3.6184,3.8807,5.3569,-5.1584,-7.6975
-5.3707,4.4481,6.5328,-6.3652,-9.9864
0.4637,-0.4503,5.0343,2.9616,-7.082
-3.2261,-1.2958,9.2311,4.3794,-15.5408
-1.2315,-1.4757,7.5056,4.6758,-11.9371
-0.9101,-2.1129,7.5794,5.7106,-12.0872
1.6875,-4.0156,6.0401,8.6816,-9.0186
1.5536,-3.7243,6.02,8.2373,-8.9794
6.3741,-8.5404,2.9541,15.1867,-3.2263
5.948,-9.0843,3.7088,15.9268,-4.6033
10.0586,-10.9134,-0.9553,18.3623,3.565
10.1532,-11.3425,-0.9006,18.9228,3.4735
5.7014,-6.9065,2.9966,12.9145,-3.3032
8.3688,-8.5202,0.3164,15.1591,1.4135
7.0515,-7.3015,1.4746,13.4709,-0.5926
4.7309,-5.8716,3.6327,11.4332,-4.4634
4.463,-4.31,3.0548,9.1269,-3.4088
4.5191,-5.4259,3.6427,10.7841,-4.4818
1.5799,-3.8287,6.0505,8.397,-9.0389
4.4067,-5.7563,3.9552,11.266,-5.0582
3.2475,-4.9406,4.8484,10.0692,-6.7295
2.6693,-3.5796,4.7194,8.0153,-6.4858
4.9735,0.531,-1.827,1.2585,5.011
7.403,-0.3243,-4.7899,2.7466,9.7707
7.2419,1.6262,-7.3081,-0.7261,13.6499
12.3635,-6.8358,-7.392,12.8145,13.7769
11.3247,-6.3355,-5.8278,12.1015,11.3865
12.5581,-7.845,-6.9836,14.229,13.1577
15.1531,-10.8779,-10.1341,18.3158,17.8493
14.5741,-10.1304,-9.4051,17.3292,16.7804
13.3815,-8.1239,-8.4003,14.6147,15.291
13.2154,-8.2729,-7.9523,14.8199,14.6206
11.953,-13.5095,-2.745,21.697,6.5105
10.3995,-12.0287,-0.9664,19.8111,3.5835
10.9904,-17.562,0.1056,26.6731,1.7738
8.9115,-8.8194,-0.3012,15.5672,2.4648
11.5139,-16.4095,-1.0018,25.2825,3.6427
11.1666,-15.2699,-0.8626,23.8892,3.4099
10.4774,-16.466,0.5087,25.3512,1.0836
10.4747,-17.7337,0.871,26.8787,0.4586
9.3887,-13.0034,0.8636,21.057,0.4714
10.9356,-15.3294,-0.503,23.9624,2.8056
9.5371,-13.2614,0.7545,21.3839,0.6602
10.7189,-16.5027,0.1811,25.3956,1.6449
10.0163,-13.6233,0.2187,21.8403,1.5807
11.1527,-11.626,-2.3019,19.2909,5.7896
9.715,-7.4876,-2.2757,13.7315,5.7468
10.3542,-8.5344,-2.656,15.1785,6.3661
10.4549,-8.491,-2.8439,15.1192,6.6707
10.0176,-8.3988,-2.2008,14.9928,5.6244
11.9978,-13.5745,-2.7901,21.7789,6.5836
11.8076,-12.0309,-3.1663,19.814,7.1909
11.0974,-7.9068,-4.2835,14.3147,8.973
7.1501,-2.8824,-1.6973,6.9325,4.7972
7.5288,-3.5484,-1.7125,7.9673,4.8223
7.8233,-5.9049,-0.4218,11.4814,2.6686
7.7054,-4.9543,-0.8967,10.0895,3.4669
8.4687,-5.9592,-1.3432,11.5599,4.2112
10.3197,-7.7804,-3.0619,14.1393,7.0227
12.8202,-12.2728,-4.7679,20.1249,9.736
12.4,-10.2428,-5.1149,17.4785,10.2792
11.7383,-10.001,-4.0994,17.1572,8.6815
13.1392,-19.9595,-2.4585,29.5121,6.0451
14.5409,-23.0334,-3.9816,33.0614,8.4945
14.2805,-21.5298,-3.9145,31.3369,8.3879
12.6151,-15.7719,-2.933,24.5054,6.8147
11.665,-13.4441,-2.3126,21.6146,5.8071
12.8186,-14.604,-3.7177,23.0659,8.0743
10.3605,-11.3309,-1.2159,18.9078,3.9996
7.8165,-5.5839,-0.624,11.0151,3.0094
7.2138,-4.6319,-0.4057,9.61,2.6415
5.9396,-2,-0.6613,5.5288,3.0721
6.9161,-2.7688,-1.4387,6.7539,4.3697
8.3811,-4.1779,-2.5302,8.9275,6.1617
6.3679,-3.8198,0.2117,8.3834,1.5926
7.2367,-7.1581,1.1487,13.2695,-0.0233
7.6256,-8.8518,1.4958,15.6114,-0.6298
2.8277,-3.6921,4.6083,8.1881,-6.2765
1.8741,-1.3189,4.0977,4.4175,-5.3223
2.2277,0.1481,2.4269,1.9309,-2.2782
-1.2606,2.1749,4.6186,-1.7581,-6.2959
-4.4576,4.9638,4.8925,-7.5009,-6.813
-0.2195,2.9896,2.4457,-3.343,-2.3118
-6.4782,5.0617,6.9026,-7.7209,-10.7215
-8.5157,7.459,5.3104,-13.6766,-7.6086
-14.0509,10.0693,4.9113,-22.183,-6.8485
-15.2941,10.3907,5.1975,-23.4895,-7.3927
-14.4196,10.7638,2.6959,-25.1186,-2.7607
-0.0881,4.2746,0.4576,-5.9917,1.1713
-0.2472,4.0923,0.9606,-5.6036,0.3035
3.9184,1.6949,-1.6625,-0.8539,4.7399
5.1509,0.3731,-1.9149,1.5371,5.1557
-2.8385,6.2292,0.7687,-10.4719,0.6355
1.7785,5.4076,-4.6169,-8.5109,9.4988
5.0031,2.4134,-4.4831,-2.2152,9.2881
3.5059,2.8794,-2.7221,-3.1247,6.4733
4.4633,1.7189,-2.5485,-0.8986,6.1915
4.9307,-0.6295,-0.4911,3.2657,2.7855
-7.0259,8.0963,2.1377,-15.4972,-1.7627
-7.5305,7.636,3.8302,-14.1697,-4.827
-7.7191,7.553,4.2258,-13.9373,-5.5606
-6.5176,6.1249,5.4503,-10.2159,-7.8769
-8.0224,6.6474,6.2174,-11.5217,-9.3654
-10.3728,8.1877,5.8423,-15.769,-8.6337
-14.3217,9.6469,6.467,-20.5791,-9.8565
-9.9194,7.678,6.3846,-14.2881,-9.6939
-1.9223,2.9855,4.4997,-3.3349,-6.0727
-2.2997,3.596,4.2171,-4.5685,-5.5444
-0.0976,0.9226,4.5077,0.5597,-6.0876
-1.0072,2.359,4.1339,-2.1106,-5.3895
-2.1815,2.2001,5.6112,-1.8063,-8.1865
3.2106,-2.1864,3.1502,5.8287,-3.5819
4.1146,-5.4941,4.1566,10.8839,-5.4318
3.5745,-7.2658,5.6168,13.4209,-8.1973
2.3794,-7.3122,6.8779,13.4859,-10.6722
3.5825,-8.2637,6.0217,14.8073,-8.9827
-2.1294,0.8784,6.7293,0.6391,-10.3762
3.3448,-2.3088,3.0758,6.0246,-3.4468
1.6908,0.9714,2.301,0.4718,-2.0534
4.3972,-2.3839,1.798,6.1443,-1.1612
2.9748,-0.862,2.3879,3.6574,-2.2084
2.0518,0.3518,2.4562,1.5744,-2.3306
0.2885,2.7154,2.1373,-2.8023,-1.762
2.3413,2.5527,-0.4605,-2.4848,2.734
9.5067,-1.9345,-6.6854,5.4231,12.7035
10.6251,-4.1068,-6.4847,8.8199,12.3967
11.0311,-4.9703,-6.4398,10.1132,12.328
7.1643,-2.1603,-2.3813,5.7868,5.9191
2.8611,-0.1289,1.8735,2.4111,-1.2945
1.9216,0.8383,2.1413,0.7111,-1.7691
2.4783,1.3202,0.8841,-0.1621,0.436
0.2012,2.1234,2.9416,-1.6602,-3.2037
2.736,0.7059,1.2066,0.9478,-0.1242
-0.0978,1.7762,3.6778,-1.0055,-4.5462
2.1978,-1.0564,3.5099,3.9823,-4.2381
2.2288,-0.2768,2.8145,2.6653,-2.9741
2.7752,-1.5097,3.1685,4.7314,-3.6151
4.2495,-4.6045,3.4939,9.5689,-4.2088
5.5939,-5.7859,2.5254,11.3089,-2.4545
4.8585,-6.7171,3.917,12.6461,-4.9875
4.0637,-8.5432,5.6201,15.1906,-8.2037
3.4049,-7.0507,5.7048,13.1182,-8.3674
0.4313,-4.7831,7.688,9.8353,-12.3089
4.601,-8.1276,4.8597,14.6198,-6.7509
-0.2893,-4.2821,8.1332,9.0849,-13.2253
-2.4046,-2.0664,8.9358,5.6358,-14.9098
-0.7823,-0.2663,6.2332,2.6472,-9.3965
3.1258,0.3013,1.1,1.6631,0.0614
2.6397,1.5607,0.3811,-0.6048,1.3026
1.1732,3.2149,0.2856,-3.7935,1.4662
3.204,2.7022,-1.973,-2.7763,5.2511
-0.5753,6.5561,-3.3862,-11.2894,7.5441
2.9855,5.7393,-7.6851,-9.2878,14.2191
3.6659,5.0009,-7.1282,-7.5841,13.3773
5.9807,3.5785,-8.4899,-4.5324,15.4245
9.0296,0.4181,-8.9409,1.4578,16.0946
5.961,1.1161,-4.1898,0.2099,8.8247
0.7453,2.5411,1.759,-2.4624,-1.0924
7.2439,-1.2897,-3.3966,4.3694,7.5608
9.1886,-3.0393,-4.9117,7.1781,9.9615
10.1282,-3.3789,-6.2768,7.7059,12.078
12.8183,-10.7,-5.6039,18.0822,11.04
11.5113,-11.8212,-2.783,19.5435,6.572
9.7486,-8.7834,-1.5648,15.5183,4.5785
9.2379,-8.1582,-1.1414,14.6619,3.8755
7.4906,-4.2025,-1.1328,8.9647,3.8612
8.349,-5.0291,-1.8175,10.2002,4.9954
10.3865,-6.209,-4.2595,11.92,8.935
9.0047,-7.1355,-1.3954,13.2377,4.2979
9.5294,-9.8162,-0.6965,16.9109,3.1312
7.2789,-7.7954,1.4319,14.1601,-0.5178
7.8939,-11.6974,2.3517,19.3835,-2.1439
6.4663,-8.8679,2.9871,15.6332,-3.2861
7.0675,-8.7455,2.1746,15.4667,-1.8284
6.4448,-9.7272,3.3793,16.7918,-3.9991
6.1292,-8.9941,3.4534,15.8045,-4.1347
6.1454,-8.8835,3.3861,15.6544,-4.0116
2.1834,-4.9063,5.9876,10.0184,-8.9162
1.463,-2.3693,5.3001,6.1211,-7.5889
0.6303,-0.7203,5.0575,3.4192,-7.126
2.5451,-1.6755,3.5745,5.0026,-4.3565
4.4207,-0.2173,-0.1734,2.5631,2.2483
6.834,-2.4343,-1.611,6.2246,4.6547
3.8813,1.3234,-1.1288,-0.1679,3.8545
3.5197,3.8868,-4.4814,-5.1711,9.2854
5.8391,2.1542,-5.5449,-1.7187,10.9485
9.0513,-0.6319,-7.4479,3.2698,13.8613
12.2997,-4.601,-9.3246,9.5636,16.6616
12.5809,-6.2814,-8.2942,12.024,15.1326
11.7954,-4.3867,-8.5003,9.2424,15.4401
11.8901,-5.5818,-7.5394,11.0119,13.9994
8.8422,-3.3629,-4.0004,7.6812,8.5244
8.2101,-2.727,-3.5374,6.6882,7.7863
8.2906,-4.761,-1.9281,9.8024,5.1773
5.1261,-1.3927,-0.037,4.5393,2.0166
1.7447,2.0886,0.9795,-1.594,0.2706
1.888,1.5372,1.4347,-0.5612,-0.5227
-1.4229,5.2292,0.7072,-8.101,0.7418
-3.2998,7.3462,-1.1212,-13.3667,3.842
-3.5732,7.3566,-0.7415,-13.3951,3.2067
-0.9516,6.0813,-1.6613,-10.1095,4.7379
-1.1652,6.2706,-1.7564,-10.5742,4.8948
-4.2214,8.1689,-2.0425,-15.713,5.3651
-5.5573,8.7908,-1.9965,-17.6412,5.2897
-3.1718,7.1958,-0.9285,-12.9592,3.5201
-1.039,5.3812,-0.1089,-8.4501,2.1387
-8.1016,8.9291,1.2355,-18.0916,-0.1746
-4.4701,7.2038,0.9023,-12.9806,0.4044
-2.8037,5.4676,2.1328,-8.6501,-1.754
0.9933,3.3339,0.3679,-4.0337,1.3252
-7.6154,5.7267,7.1665,-9.2577,-11.2509
-12.4977,6.7803,10.1663,-11.8634,-17.5809
-15.7314,7.9854,11.0678,-15.1712,-19.6134
-6.8972,2.0407,10.1828,-1.5033,-17.6175
-11.2883,5.2686,10.9281,-8.1912,-19.2938
-10.63,5.4898,10.1691,-8.7018,-17.5872
-8.9991,4.6668,9.6733,-6.842,-16.4972
-10.613,5.8099,9.7946,-9.4554,-16.762
-13.5133,7.7139,9.6848,-14.3897,-16.5222
-16.1984,9.1941,9.3215,-18.9789,-15.7351
-16.5445,10.5943,5.8264,-24.3623,-8.603
-8.1045,8.7714,1.7113,-17.5788,-1.0085
-2.0888,6.1387,-0.0978,-10.2497,2.12
-15.8686,11.1257,2.8086,-26.8393,-2.9635
-15.3763,11.2795,1.3637,-27.621,-0.3985
-13.4614,10.794,1.3155,-25.2567,-0.3142
-13.4872,10.6039,2.2171,-24.4044,-1.9039
-13.4635,10.1433,3.9872,-22.4766,-5.1174
-15.331,9.9661,6.5977,-21.7799,-10.1148
-20.3711,11.0775,7.9035,-26.601,-12.751
-11.6493,9.128,5.0065,-18.7546,-7.0292
-2.431,4.4918,3.1883,-6.46,-3.6511
-4.2781,5.0524,4.5654,-7.6999,-6.1959
2.5762,0.3744,1.7583,1.5347,-1.0912
9.3623,-8.0664,-1.3815,14.5354,4.2748
10.1794,-10.6218,-1.2736,17.9792,4.0955
9.5188,-10.5592,-0.3267,17.8967,2.508
10.1825,-9.9433,-1.6135,17.0804,4.659
12.6241,-14.2602,-3.5329,22.6381,7.7792
12.3995,-17.2405,-2.0901,26.2869,5.4431
11.4283,-16.7375,-0.7716,25.6801,3.2572
3.59,-1.1535,1.8464,4.1437,-1.2467
-2.6219,5.6739,1.5341,-9.133,-0.6969
-0.8833,4.2602,1.5605,-5.9608,-0.7433
-7.0917,8.0974,2.2194,-15.5005,-1.9079
-12.0763,10.3829,1.3205,-23.4567,-0.323
-5.8625,8.6474,-1.05,-17.183,3.7232
-7.0774,8.7332,0.4343,-17.4562,1.2113
-11.688,10.3807,0.8033,-23.4478,0.5758
-16.1572,11.6873,-0.1046,-29.8714,2.1315
-12.2608,11.08,-1.9648,-26.6137,5.2377
-3.9894,8.5484,-3.6795,-16.8718,8.0135
3.0072,3.9789,-3.778,-5.3642,8.1706
-0.7103,6.3599,-2.6811,-10.796,6.4069
0.1594,4.2995,0.0692,-6.045,1.8358
0.2251,3.4248,1.2924,-4.2182,-0.2739
-5.3289,6.8888,2.7052,-12.1455,-2.7774
-3.1251,6.154,1.3063,-10.2872,-0.2982
-3.2983,5.5274,2.6605,-8.7893,-2.697
6.1838,-5.0068,1.2858,10.1673,-0.2624
8.7077,-7.3089,-0.8449,13.4813,3.3801
3.6704,-0.8024,1.4301,3.5573,-0.5146
1.9276,1.0645,1.8988,0.3036,-1.3393
1.9287,0.6975,2.2745,0.9628,-2.0061
3.2326,-0.2774,1.5254,2.6663,-0.6817
1.6951,1.9678,1.1925,-1.3655,-0.0997
4.852,-1.5183,0.4635,4.7456,1.1613
4.2993,-0.0969,-0.124,2.3559,2.1644
2.1304,3.0994,-0.9304,-3.562,3.5233
-8.9687,9.5223,0.4474,-20.1273,1.1889
-10.0667,8.9359,3.7019,-18.1138,-4.5906
-8.0261,8.5384,2.2647,-16.8404,-1.9887
-3.6986,6.7814,0.7933,-11.8664,0.5931
-0.4287,5.3838,-1.0057,-8.4559,3.6491
5.5183,3.7962,-8.0241,-4.9822,14.7284
-11.3263,11.68,-8.2606,-29.828,15.0823
-17.5234,12.6696,-8.223,-36.9962,15.0261
-13.3424,11.9306,-6.8274,-31.3656,12.92
-4.09,9.5061,-7.565,-20.0691,14.0381
0.0293,7.5267,-7.3565,-13.8641,13.7232
-6.7088,10.3102,-6.9092,-23.1543,13.0445
-5.8757,10.1747,-7.7209,-22.6025,14.273
-10.0197,11.1006,-5.8939,-26.715,11.4886
-7.2255,9.9016,-3.7985,-21.5319,8.2033
-14.9996,10.8529,3.0179,-25.5286,-3.3418
4.4227,-5.2396,3.6539,10.5108,-4.5024
7.7038,-12.1265,2.7484,19.9369,-2.8551
6.2105,-9.8351,3.704,16.9361,-4.5944
3.3813,-2.4471,3.1317,6.2449,-3.5482
3.7145,-2.6337,2.8555,6.5408,-3.0481
3.8929,-2.9424,2.8538,7.0267,-3.0451
2.629,-1.4952,3.3352,4.7077,-3.9187
5.1058,-5.3378,2.8787,10.655,-3.0901
-0.5196,2.9291,2.8964,-3.2231,-3.122
-1.1501,3.514,2.9439,-4.4002,-3.2078
-1.3436,5.4501,0.1955,-8.6095,1.6203
-8.5853,8.1613,3.9003,-15.6904,-4.9565
-6.4241,7.9062,1.8322,-14.9409,-1.2216
-2.6125,6.6576,-0.4667,-11.5478,2.7444
-4.0909,7.0988,0.6232,-12.6995,0.8866
-6.3,8.8795,-1.1647,-17.9292,3.9143
-7.4597,9.5389,-1.8334,-20.1868,5.0217
-2.6476,7.7613,-3.3159,-14.5244,7.4314
0.2429,6.8202,-5.5194,-11.9667,10.9089
3.4225,5.201,-7.1461,-8.0369,13.4044
1.5979,5.9565,-5.6263,-9.807,11.0746
6.9016,2.6008,-8.3771,-2.5785,15.2564
2.0553,6.2785,-7.3644,-10.5939,13.7351
2.5406,5.3806,-5.9195,-8.4485,11.5281
6.6965,3.6456,-10.1474,-4.6705,17.8688
10.6334,-2.9875,-7.6649,7.0971,14.1886
12.5846,-11.916,-4.5348,19.6659,9.3695
10.235,-6.6446,-3.684,12.543,8.0206
10.6352,-7.9498,-3.4738,14.3743,7.6845
8.1921,-6.2042,-0.7678,11.9132,3.2509
8.8586,-9.2819,0.0097,16.1938,1.9371
7.6597,-7.3925,0.7006,13.5984,0.7531
9.2834,-10.397,-0.0631,17.6826,2.0609
6.5496,-6.8459,1.8894,12.8287,-1.3227
3.423,-1.9448,2.705,5.4398,-2.7769
-2.7444,5.0524,2.7361,-7.7,-2.8329
-4.2212,7.2767,0.3867,-13.1776,1.2931
-4.08,6.6253,1.6361,-11.4653,-0.876
-6.1646,7.0154,3.4781,-12.4783,-4.1799
-7.4111,7.9627,2.95,-15.1049,-3.2188
-9.253,8.8701,2.8951,-17.8985,-3.1197
-8.9076,8.9877,2.1188,-18.285,-1.729
-4.6904,7.1297,1.3682,-12.7819,-0.4064
-1.3361,5.6564,-0.2084,-9.0918,2.3076
-1.9116,4.6149,2.3595,-6.7282,-2.1578
-1.5436,3.7525,3.1171,-4.8916,-3.5217
0.3327,2.2555,2.6284,-1.9119,-2.6392
-7.8382,8.1473,3.0338,-15.6487,-3.3706
-10.9694,9.2913,3.7718,-19.3132,-4.7193
-19.0551,8.8643,12.1795,-17.8796,-22.2193
-18.5059,7.9148,13.156,-14.9656,-24.611
-13.6096,6.5637,11.3126,-11.3086,-20.1773
-18.2453,8.2873,12.4795,-16.0689,-22.9431
-15.8603,7.517,11.8175,-13.837,-21.3578
-10.5481,4.6422,10.9565,-6.7881,-19.3587
-0.6707,-2.0847,7.3304,5.6652,-11.5816
0.9629,-4.217,6.8903,8.9866,-10.697
3.8375,-12.9411,7.2795,20.978,-11.4789
8.5292,-21.7435,4.1977,31.5833,-5.5083
18.1422,-24.9715,-10.4483,35.2549,18.3071
18.4669,-25.6712,-10.9813,36.0395,19.0799
16.4236,-20.3386,-8.231,29.955,15.0382
17.6971,-23.2828,-9.9592,33.3454,17.5936
15.5033,-19.6549,-6.6568,29.1551,12.6598
14.5154,-13.3693,-7.3523,21.5202,13.7168
9.7967,-8.3147,-1.9045,14.8773,5.1386
4.0914,0.0501,0.0195,2.1014,1.9204
2.7188,3.3202,-2.1708,-4.006,5.5754
1.9488,3.4112,-1.1324,-4.1905,3.8605
1.1409,4.7969,-2.2787,-7.129,5.7517
1.3785,4.9468,-2.9539,-7.4629,6.8484
1.0903,5.2394,-3.0856,-8.1243,7.0609
-1.6351,5.9415,-0.3456,-9.7708,2.5398
0.0697,4.9269,-0.8831,-7.4182,3.4441
1.0691,3.317,0.286,-3.9995,1.4656
1.5416,4.6357,-2.6073,-6.7738,6.287
4.8839,0.9169,-2.1591,0.57,5.5562
9.8166,-6.4569,-3.1231,12.2752,7.1213
7.1999,-3.6173,-1.156,8.0733,3.9
6.2693,-4.4463,0.797,9.3319,0.5866
3.0983,-0.6703,2.0619,3.3348,-1.6281
0.5639,-0.3966,4.8804,2.8701,-6.79
0.0491,2.0474,3.2121,-1.516,-3.6945
2.3825,1.3259,1.0081,-0.1725,0.221
0.4752,2.9463,1.6017,-3.2571,-0.8157
-0.5004,2.3093,3.5896,-2.0152,-4.3841
-4.4317,4.5758,5.3831,-6.6428,-7.7478
-4.5482,5.19,4.6742,-8.0118,-6.4005
-5.913,6.0912,4.8366,-10.1337,-6.7071
-5.6448,5.8775,4.8753,-9.6172,-6.7805
-2.9304,5.634,2.0092,-9.0389,-1.5346
-4.134,6.6407,1.6758,-11.5045,-0.9459
-7.1006,6.6078,5.299,-11.4206,-7.5868
-11.7636,7.8706,7.855,-14.838,-12.6512
-15.1217,9.2527,8.2284,-19.1799,-13.423
-13.2001,9.0547,6.8301,-18.5081,-10.5769
-11.5684,8.9873,5.2817,-18.2837,-7.5537
-15.5201,10.1256,6.3127,-22.4058,-9.5525
-14.1866,8.9169,8.0957,-18.0515,-13.1477
-10.7325,6.9142,8.4496,-12.2119,-13.8843
-8.6941,4.7945,9.2793,-7.1236,-15.6443
-2.9384,1.8817,6.6989,-1.2033,-10.3157
1.2331,1.053,2.7953,0.3243,-2.9395
2.5021,0.7509,1.4724,0.8675,-0.5887
5.4794,-5.8464,2.7037,11.3967,-2.7746
4.9094,-5.1734,3.0259,10.4133,-3.3564
7.1529,-9.8841,2.57,17.0015,-2.5344
6.8596,-11.593,3.5908,19.2482,-4.3864
10.0087,-10.6771,-0.9912,18.0521,3.625
8.1677,-6.1764,-0.7499,11.8731,3.2209
6.6178,-2.6329,-1.1069,6.5395,3.818
7.241,-2.3133,-2.3572,6.0316,5.8799
3.402,-1.1736,2.1076,4.1772,-1.7093
4.4775,-2.4708,1.76,6.2825,-1.0942
3.4037,2.2187,-1.5848,-1.8416,4.6115
8.7415,-5.4967,-2.086,10.8878,5.4365
7.1078,-2.34,-2.1221,6.0743,5.4957
8.1776,-3.4795,-2.794,7.8613,6.5898
7.7068,-5.5915,-0.4587,11.0261,2.7308
8.1172,-6.5763,-0.4233,12.4456,2.6711
7.114,-6.2368,0.7871,11.9599,0.6038
6.1288,-7.2281,2.6286,13.3679,-2.6395
9.9065,-12.5549,-0.0311,20.4859,2.0065
10.3992,-14.9023,0.1245,23.4355,1.7415
7.8906,-16.6464,3.8727,25.5698,-4.9056
3.1862,-6.8708,5.8588,12.864,-8.6659
2.6422,-7.3197,6.6154,13.4965,-10.15
0.9775,-3.9922,6.7592,8.6461,-10.4356
3.3818,-6.0682,5.2766,11.7173,-7.544
5.3135,-12.3081,5.5823,20.1701,-8.1308
6.3369,-16.3497,5.5551,25.2099,-8.0784
4.3418,-14.2095,7.1063,22.5748,-11.1298
4.2438,-13.4195,7.0038,21.5835,-10.924
3.1275,-12.6,7.8738,20.5436,-12.6899
5.7399,-11.7702,4.9451,19.4776,-6.9126
6.9431,-12.3848,3.7634,20.2685,-4.7039
7.6646,-13.0166,3.1024,21.0738,-3.495
8.3903,-15.1423,2.8638,23.732,-3.0631
5.9631,-10.3694,4.2011,17.6461,-5.5147
-1.0951,1.4839,5.1102,-0.4628,-7.2264
-2.3916,3.0837,4.9197,-3.5306,-6.8644
-0.7785,2.7594,3.4151,-2.8884,-4.0645
-2.8505,4.7236,3.3638,-6.967,-3.9708
-2.2482,5.5061,1.3367,-8.7397,-0.3514
1.0601,1.8269,2.1909,-1.1004,-1.8572
0.4249,2.9515,1.6614,-3.2675,-0.9205
0.1336,2.3962,2.7156,-2.1822,-2.7961
3.1616,-0.1114,1.4611,2.3808,-0.5689
1.5424,3.2362,-0.2709,-3.8363,2.4134
1.3192,5.994,-5.2193,-9.8976,10.4421
2.372,5.4418,-5.7577,-8.5902,11.2781
0.3981,7.0699,-6.5578,-12.6225,12.5086
-2.282,8.7889,-7.745,-17.6351,14.3092
-2.2697,8.1868,-5.3757,-15.7664,10.6857
-0.8771,8.1961,-8.0577,-15.7943,14.7788
1.3815,6.3372,-6.2444,-10.7396,12.0282
-1.8754,7.6898,-4.3987,-14.3214,9.155
1.9307,4.7862,-3.5388,-7.1053,7.7886
2.9308,2.6078,-1.4144,-2.592,4.3294
4.4876,-2.8262,2.0157,6.8443,-1.5461
4.8003,-2.6887,1.5022,6.6277,-0.6409
2.9412,-4.1541,4.753,8.8915,-6.5492
2.8287,-7.4664,6.4847,13.7019,-9.8915
4.9078,-9.5853,5.1019,16.6018,-7.2106
1.5624,-6.5436,7.3712,12.3991,-11.6642
-0.8709,-1.9491,7.4446,5.4467,-11.813
2.1075,-3.4006,5.2371,7.7395,-7.4684
-3.4923,1.9678,7.1766,-1.3654,-11.2713
-6.2127,3.2506,8.5983,-3.8653,-14.1962
-1.3238,-0.1411,6.6968,2.432,-10.3115
0.0033,0.3205,4.9217,1.6294,-6.8683
3.9764,-1.5679,1.6921,4.8268,-0.9747
7.0017,-4.4722,-0.2141,9.3707,2.3172
3.5381,-1.7285,2.3901,5.0889,-2.2123
5.598,-1.9602,-0.2004,5.4646,2.294
0.7917,-4.9644,7.4251,10.1045,-11.7735
0.6526,-6.5422,8.2355,12.3971,-13.4377
2.3615,-9.1084,7.5617,15.9594,-12.0513
6.4494,-11.2073,3.9399,18.7467,-5.0299
5.2565,-10.8383,5.1686,18.2639,-7.3377
4.8326,-12.1703,6.0525,19.9932,-9.0429
2.293,-8.8271,7.531,15.5778,-11.9886
2.1751,-8.9896,7.7003,15.7985,-12.3341
4.2515,-3.8044,2.9933,8.3599,-3.2973
2.7236,-5.5699,5.7461,10.9947,-8.4472
8.1248,-3.8006,-2.4343,8.3541,6.0056
7.5011,-1.7168,-3.3698,5.0698,7.5178
7.4383,-0.1193,-5.1129,2.3944,10.2761
5.0759,-0.1727,-1.1835,2.4864,3.9457
4.5909,1.4724,-2.4166,-0.4416,5.9767
0.5455,4.808,-1.3782,-7.1536,4.2693
4.1558,1.7945,-2.1654,-1.0398,5.5666
4.2402,3.0229,-4.1756,-3.4093,8.8022
4.6626,-0.3866,-0.3483,2.8531,2.5444
4.4899,1.5274,-2.3302,-0.5431,5.8359
6.1531,-0.9389,-2.0161,3.7862,5.3218
6.5659,-0.8119,-2.8079,3.5734,6.6124
4.1018,2.4256,-2.9874,-2.2389,6.9025
6.1837,1.9137,-5.7817,-1.2636,11.3152
4.3354,2.6281,-3.6879,-2.6317,8.0268
6.272,-1.0124,-2.125,3.9091,5.5003
2.9453,1.4162,0.1226,-0.3381,1.7446
0.9963,0.0545,4.0126,2.0937,-5.1645
1.4259,-2.2699,5.2757,5.9624,-7.5423
3.9797,-5.7573,4.4511,11.2674,-5.9815
5.4888,-6.4297,3.0105,12.2364,-3.3285
3.373,-5.9712,5.239,11.5774,-7.4721
4.1944,-13.1918,6.9931,21.2958,-10.9027
3.262,-12.3773,7.6866,20.2588,-12.3061
4.2422,-15.1875,7.4344,23.7877,-11.7924
4.5032,-10.0925,5.727,17.2789,-8.4102
6.882,-12.7821,3.9655,20.7758,-5.0772
7.5567,-11.009,2.5163,18.4876,-2.4382
5.6721,-6.3624,2.7471,12.1401,-2.8526
1.5285,-2.4091,5.2542,6.1845,-7.501
-2.1367,1.6028,6.1222,-0.6827,-9.179
3.7221,-0.258,0.8472,2.6331,0.4999
-0.0565,3.6276,1.385,-4.6333,-0.4358
1.1666,4.2,-1.2386,-5.8322,4.0374
-0.2773,5.8531,-2.208,-9.5586,5.6362
1.4887,3.5862,-0.72,-4.5482,3.1706
5.6327,0.3958,-2.7036,1.4972,6.4434
6.0428,0.7507,-3.8315,0.8678,8.2558
8.1201,0.6494,-7.4654,1.0483,13.8878
8.3324,1.3335,-9.0064,-0.1863,16.1916
9.2857,1.2109,-10.8437,0.0377,18.8809
8.0327,0.4156,-6.9466,1.4623,13.1014
7.1081,1.6535,-7.094,-0.7768,13.3254
4.5558,3.3749,-5.3537,-4.1168,10.6514
5.3419,1.3544,-3.4761,-0.2247,7.6882
5.5107,3.2126,-6.8166,-3.7889,12.9036
-0.289,6.3689,-3.3904,-10.8184,7.5509
-2.253,7.102,-2.0899,-12.7079,5.4428
-3.4444,7.1045,-0.3045,-12.7148,2.4704
-3.3822,6.0657,1.8153,-10.0714,-1.1917
0.486,3.0163,1.496,-3.3962,-0.6302
1.7616,2.0444,1.0103,-1.5103,0.2171
4.295,0.9728,-1.3204,0.4693,4.1734
4.1263,1.3048,-1.4757,-0.1337,4.431
4.6228,0.0006,-0.6969,2.1871,3.1319
0.1164,-1.6238,6.2486,4.9181,-9.4266
1.6288,-1.9333,4.8237,5.421,-6.6827
-0.4304,-1.1403,6.4901,4.1219,-9.902
-0.1542,-3.3299,7.5278,7.6301,-11.9822
-8.7825,7.0748,6.2938,-12.6358,-9.5154
-14.6475,9.3003,7.6713,-19.3443,-12.2748
-18.5389,10.4935,8.147,-23.9255,-13.2539
-18.4916,10.1283,9.138,-22.4167,-15.3411
-17.9753,8.5138,11.9527,-16.7638,-21.6781
-17.0725,8.5856,11.1637,-16.9882,-19.8336
-11.6914,8.3772,6.8095,-16.3423,-10.5358
-11.4723,8.5599,6.1929,-16.9077,-9.3174
-3.5707,5.9836,2.2107,-9.8724,-1.8925
-1.4013,5.0601,0.9716,-7.7173,0.2843
9.8362,-8.3576,-1.941,14.9362,5.1986
11.0868,-10.4481,-2.7762,17.7501,6.5611
12.3949,-13.9101,-3.2979,22.2005,7.4025
13.5413,-13.4155,-5.4991,21.5785,10.8773
15.2691,-13.7807,-8.6476,22.0381,15.6592
13.3827,-8.0214,-8.4822,14.4732,15.4131
11.8998,-4.773,-8.3228,9.8203,15.1753
9.0884,-2.1422,-5.671,5.7576,11.1439
7.2068,-0.7723,-3.9127,3.5068,8.3851
4.2182,2.8336,-3.8226,-3.0344,8.2416
0.6597,5.203,-2.3182,-8.0414,5.8163
3.37,3.101,-2.856,-3.5651,6.6901
0.2703,5.0692,-1.4509,-7.7379,4.3898
-0.7617,4.6971,0.7059,-6.9087,0.744
1.0262,4.3976,-1.3683,-6.256,4.2529
3.5964,2.3843,-2.1187,-2.1592,5.49
4.0951,1.3263,-1.4554,-0.1731,4.3973
5.9586,-0.0577,-2.685,2.2881,6.4132
4.6061,0.4056,-1.1212,1.4799,3.8418
6.8196,-2.4344,-1.5888,6.2246,4.6181
6.9511,-3.9761,-0.5074,8.6216,2.8131
2.1816,0.5029,2.1434,1.3081,-1.7728
0.3761,1.6024,3.2876,-0.6819,-3.832
3.0073,1.4759,-0.037,-0.4481,2.0165
2.5999,1.1933,0.8612,0.0698,0.4757
0.7922,1.4927,2.8912,-0.4791,-3.1126
2.0979,1.7172,0.9441,-0.8954,0.3321
2.2841,0.6424,1.871,1.0609,-1.2901
4.9089,-0.832,-0.2583,3.6071,2.3922
8.1602,-0.9739,-5.3386,3.8448,10.628
6.2555,0.4683,-3.8208,1.3692,8.2388
6.7433,-0.4563,-3.5021,2.9718,7.7299
8.8345,-1.9032,-5.4755,5.3724,10.8407
7.6493,-1.3066,-4.0594,4.3972,8.618
8.1338,-1.3483,-4.852,4.4661,9.868
8.885,-1.6263,-5.8837,4.9222,11.4728
6.7117,-1.3205,-2.4992,4.4202,6.1112
4.8044,1.4804,-2.769,-0.4564,6.5493
2.1971,4.6255,-3.6613,-6.7515,7.9845
-3.2681,5.6841,2.3556,-9.157,-2.1508
2.4676,3.347,-1.822,-4.0602,5.0029
2.3645,4.2898,-3.2886,-6.0242,7.3876
1.0515,4.9376,-2.4102,-7.4423,5.9663
1.801,4.5099,-2.7852,-6.4992,6.5755
-1.6146,6.0888,-0.6814,-10.1279,3.1059
-1.3966,6.0561,-0.9343,-10.0482,3.5298
-2.0169,4.2565,3.0137,-5.9529,-3.3342
2.5031,1.3862,0.7748,-0.283,0.6251
2.653,-0.8525,2.7849,3.6414,-2.9208
1.7907,0.9117,2.2344,0.5793,-1.9348
4.5508,-9.4012,5.4241,16.3545,-7.8265
5.9297,-13.3049,5.2074,21.4389,-7.4117
10.0874,-23.1517,2.5607,33.1962,-2.5178
9.5395,-21.554,2.9529,31.3648,-3.2242
10.7754,-22.3234,1.5183,32.2498,-0.6692
9.5412,-22.3999,3.1068,32.3374,-3.5031
11.492,-20.2407,0.0877,29.8408,1.8042
10.2775,-20.7456,1.8536,30.4288,-1.2593
9.2023,-18.097,2.6314,27.3126,-2.6447
10.0176,-20.2269,2.0799,29.8247,-1.6601
5.993,-4.6169,1.2871,9.5875,-0.2647
5.9725,-2.8173,-0.0084,6.8303,1.9679
3.0129,0.7894,0.7405,0.7987,0.6843
2.2242,0.1916,2.3902,1.855,-2.2126
-0.1027,-0.3471,5.5743,2.7855,-8.1155
-0.8627,1.0964,5.2079,0.2457,-7.4127
1.9469,-0.6087,3.4458,3.2305,-4.1208
1.7938,-0.2967,3.366,2.6994,-3.9748
2.3187,-1.8769,3.992,5.3298,-5.1262
3.5199,-2.7912,3.207,6.7892,-3.6851
3.6223,-3.3065,3.4338,7.5938,-4.0988
4.345,-5.7857,4.0432,11.3087,-5.2212
2.6674,-6.8354,6.3863,12.8138,-9.6973
1.5337,-6.1258,7.2222,11.8003,-11.363
5.2307,-9.2768,4.6209,16.1869,-6.3003
7.1728,-10.1658,2.6621,17.3763,-2.6998
6.1347,-6.3139,2.1338,12.0706,-1.7557
5.5846,-6.7001,3.0342,12.6219,-3.3714
7.618,-8.6683,1.4175,15.3615,-0.4926
7.6867,-8.8994,1.4373,15.6761,-0.5272
8.0003,-8.1184,0.6207,14.6071,0.8908
8.0849,-8.9548,0.9273,15.7513,0.3611
6.7876,-6.7058,1.4992,12.6299,-0.6357
6.4798,-6.4394,1.7558,12.2503,-1.0868
2.5748,-0.9967,3.0023,3.8827,-3.3136
2.3062,0.0045,2.4617,2.1804,-2.3404
3.0084,-2.4002,3.5501,6.1702,-4.3118
2.2833,-0.2097,2.6863,2.55,-2.7434
1.9303,1.1449,1.8099,0.1578,-1.1822
-0.1375,2.0649,3.4198,-1.549,-4.0733
-1.9648,2.9682,4.5674,-3.3006,-6.1998
-3.5047,4.7807,4.06,-7.0931,-5.2522
-4.6382,5.9349,3.6176,-9.7551,-4.4357
-2.9091,5.4617,2.2781,-8.6363,-2.0125
0.2272,3.0623,1.7771,-3.4877,-1.1244
2.6691,0.2369,1.7724,1.7759,-1.1162
2.5619,0.2039,1.9444,1.8335,-1.4199
6.1092,-0.8406,-2.0513,3.6215,5.3795
6.3033,-0.6294,-2.5871,3.2657,6.2542
7.6436,-1.9646,-3.3507,5.4717,7.4871
10.5413,-6.8888,-4.0287,12.8894,8.5693
9.4224,-5.9345,-2.8535,11.5243,6.6861
11.1259,-7.0441,-4.9317,13.1089,9.9928
10.528,-6.2609,-4.4646,11.9946,9.2589
10.5426,-5.5774,-5.0262,11.0056,10.1406
10.8399,-5.7491,-5.4183,11.2554,10.7518
8.59,-2.266,-4.6483,5.9561,9.5481
6.8052,-0.544,-3.503,3.1209,7.7313
4.0539,1.7548,-1.9522,-0.9656,5.217
4.8684,0.6852,-1.8494,0.9846,5.048
1.4742,3.7557,-0.9658,-4.8982,3.5824
5.1493,2.0548,-4.1719,-1.5299,8.7963
6.8907,-1.2903,-2.8179,4.3704,6.6285
8.1973,-1.5819,-4.7001,4.8497,9.6295
8.08,-2.2677,-3.7718,5.9589,8.1607
7.9018,-2.4001,-3.3429,6.1701,7.4746
8.4594,-3.2038,-3.5037,7.4344,7.7325
6.5029,-3.7225,-0.053,8.2347,2.0437
4.4951,-2.4469,1.7185,6.2446,-1.021
2.3025,-1.1689,3.4736,4.1694,-4.1717
3.4411,-1.1078,2.0008,4.0678,-1.5198
-1.1245,0.6892,5.842,0.9774,-8.6332
-3.9029,3.9548,5.5776,-5.3136,-8.1217
-5.6885,3.788,7.5827,-4.9652,-12.0941
-4.2227,4.1989,5.6287,-5.8299,-8.2203
-4.5859,4.2643,5.9368,-5.9695,-8.8174
-3.2292,3.5866,5.276,-4.5491,-7.5427
-0.8166,1.7767,4.5155,-1.0066,-6.1022
3.2952,-2.1546,3.0227,5.7776,-3.3505
4.3436,-2.0632,1.6149,5.6307,-0.8388
6.6382,-4.789,0.5215,9.8442,1.0616
9.7046,-7.961,-1.9696,14.3897,5.2455
9.8755,-8.3318,-2.0173,14.9008,5.3238
11.2875,-8.3693,-4.3093,14.9523,9.0138
10.0065,-9.2013,-1.7324,16.085,4.8553
9.2152,-7.2442,-1.6495,13.3905,4.7184
9.7357,-6.1756,-3.1905,11.872,7.2299
8.9963,-6.0186,-2.1152,11.6458,5.4843
8.7951,-5.7678,-1.9765,11.2826,5.2568
9.0089,-5.3576,-2.6117,10.684,6.2942
7.2918,-4.6715,-0.4908,9.669,2.7851
1.6124,3.1496,-0.2459,-3.6625,2.3712
-0.0865,4.11,0.7133,-5.6411,0.7312
0.5844,3.1716,1.1568,-3.7065,-0.0376
-1.1436,4.6322,1.3302,-6.7661,-0.3399
-2.3659,5.2276,1.9711,-8.0974,-1.4671
1.7038,1.0921,2.1593,0.2535,-1.8011
1.3508,2.0847,1.5136,-1.5865,-0.6609
1.366,1.9525,1.6491,-1.3366,-0.899
1.1922,2.2833,1.485,-1.9653,-0.6108
0.4291,4.0294,0.1183,-5.4707,1.752
5.3563,-2.4056,0.5215,6.1789,1.0615
7.387,-4.0025,-1.1318,8.6616,3.8596
5.7802,-1.4639,-0.9228,4.6563,3.5106
6.5211,-2.5177,-1.0628,6.357,3.7445
7.4192,-5.5666,-0.0605,10.9898,2.0566
3.5307,0.2691,0.5784,1.7195,0.9637
-3.2324,5.2414,3.0437,-8.1289,-3.3885
0.7434,2.3396,2.0059,-2.0733,-1.5289
-0.4568,3.0504,2.6689,-3.464,-2.7121
0.5472,1.3696,3.3187,-0.2525,-3.8886
-3.4506,4.0298,4.9913,-5.4715,-7.0002
-3.5436,3.4648,5.7541,-4.2998,-8.4628
-2.0339,2.8536,4.7727,-3.0738,-6.5863
-1.4323,2.9679,3.9521,-3.3,-5.0523
-5.4502,5.5219,5.1979,-8.7765,-7.3935
-0.2509,2.3858,3.2027,-2.1621,-3.6773
3.9393,-3.2166,2.9865,7.4544,-3.2849
0.0384,1.2566,4.0367,-0.0458,-5.2092
-1.4443,1.6089,5.3769,-0.6941,-7.736
-3.2882,3.6099,5.3136,-4.597,-7.6148
-2.578,3.2328,4.9603,-3.8296,-6.9415
-6.0644,5.376,6.0652,-8.4381,-9.0676
-3.6381,3.579,5.7274,-4.5334,-8.4111
-10.4838,1.052,13.4239,0.3261,-25.2858
-9.492,-4.0437,14.8453,8.7242,-29.0178
-14.6838,-1.6932,16.8802,5.0314,-34.9023
-10.8676,-4.0505,15.6189,8.7346,-31.1705
-10.0688,-5.1119,15.4704,10.3226,-30.7499
-7.8827,-6.4723,14.5724,12.2973,-28.2801
-4.9704,-11.2006,13.8379,18.7379,-26.3457
-2.6622,-14.7672,12.9605,23.2684,-24.1238
-0.171,-16.8285,11.515,25.7902,-20.6476
-1.908,-15.7627,12.6019,24.494,-23.2412
6.4497,-14.0525,4.8432,22.3786,-6.7196
7.0491,-7.5753,1.6223,13.8539,-0.8518
7.2454,-7.1086,1.1097,13.1998,0.0444
6.3481,-4.6192,0.807,9.5909,0.5693
6.7208,-4.4804,0.1922,9.383,1.6258
7.66,-4.3827,-1.2499,9.2363,4.0563
5.878,-3.2167,0.442,7.4545,1.1982
5.7985,-4.543,1.4977,9.477,-0.6331
7.0926,-7.4665,1.5076,13.702,-0.6504
8.0855,-7.9063,0.3894,14.3139,1.2884
7.0536,-5.411,0.3551,10.7624,1.3471
8.1403,-8.9304,0.8397,15.7182,0.5128
7.7363,-7.2638,0.523,13.4181,1.0591
7.5292,-9.2961,1.8299,16.2129,-1.2175
7.2238,-9.0261,2.103,15.848,-1.701
8.2971,-12.8441,2.2512,20.8546,-1.9646
7.1921,-9.6419,2.4172,16.6777,-2.2609
8.0502,-9.2369,1.1098,16.133,0.0443
6.6423,-6.6443,1.6571,12.5425,-0.9129
1.4836,0.2202,3.2844,1.805,-3.826
2.0017,0.507,2.3696,1.3009,-2.1758
4.3843,0.7199,-1.1526,0.9227,3.8943
4.7013,0.3057,-1.1505,1.6554,3.8908
2.7617,2.6161,-1.1708,-2.6082,3.9246
-1.1426,5.2254,0.3241,-8.0925,1.4004
-1.6123,5.534,0.4166,-8.8046,1.2417
-4.2991,6.4918,2.1881,-11.1267,-1.8524
-6.0827,7.7042,1.8781,-14.3623,-1.3027
-12.5189,8.8754,6.5583,-17.9157,-10.0369
-11.0494,7.4987,7.8223,-13.7864,-12.5841
-14.5583,8.2381,9.7174,-15.9204,-16.5935
-13.6409,7.2203,10.5086,-13.0252,-18.3446
-4.6793,4.1352,6.1883,-5.6944,-9.3084
-3.9849,4.5031,4.9852,-6.4845,-6.9887
2.595,0.6135,1.4914,1.1122,-0.6221
0.3764,2.9205,1.765,-3.206,-1.1031
3.2422,1.1635,-0.0016,0.124,1.9564
5.2212,-1.6229,0.0373,4.9167,1.8901
9.011,-4.1085,-3.6176,8.8226,7.9146
10.2455,-4.36,-5.5444,9.2022,10.9477
10.9467,-3.4886,-7.7367,7.8752,14.2967
8.2726,1.3239,-8.8659,-0.1688,15.9834
-3.5955,7.2694,-0.489,-13.158,2.7821
-5.3027,6.6139,3.2098,-11.4362,-3.6902
-7.5526,6.2981,6.2801,-10.6424,-9.4884
-0.7584,1.9533,4.2707,-1.338,-5.6444
0.6047,1.2316,3.3877,0,-4.0146
-6.5765,5.8828,5.8827,-9.6299,-8.7121
-3.8565,4.9643,4.2072,-7.5021,-5.526
-3.2183,4.0897,4.6556,-5.598,-6.3655
-5.3777,4.9499,5.9127,-7.4697,-8.7706
-4.4433,4.7728,5.1371,-7.0756,-7.2775
2.9226,-1.9105,3.296,5.3842,-3.8472
2.5441,-3.0341,4.5213,7.1701,-6.1132
6.4623,-4.8904,0.8323,9.9948,0.5256
1.6606,-0.0392,3.3022,2.2561,-3.8585
1.5308,-0.0378,3.4581,2.2537,-4.1432
0.3948,1.359,3.5135,-0.2331,-4.2446
2.8246,-5.365,5.5356,10.6949,-8.0409
8.5676,-11.5508,1.4174,19.1934,-0.4925
8.6253,-14.0843,2.2453,22.4184,-1.9541
8.7423,-18.3545,3.2609,27.6192,-3.7833
10.1786,-13.0784,-0.2166,21.1522,2.3214
12.2833,-13.0857,-3.4685,21.1615,7.6761
9.7323,-9.5177,-1.1486,16.511,3.8875
8.4599,-7.0792,-0.6172,13.1584,2.9979
7.9137,-8.0574,0.7084,14.5229,0.7398
14.2117,-18.9735,-4.5307,28.3528,9.3632
13.7403,-12.3394,-6.4046,20.2103,12.2741
10.5059,-8.9149,-2.6778,15.6971,6.4015
14.0228,-12.6443,-6.7785,20.6001,12.8455
13.1894,-11.3598,-5.9109,18.9453,11.5148
12.0458,-12.6656,-3.2643,20.6273,7.3484
13.303,-10.791,-6.4474,18.2018,12.3396
12.6952,-10.9722,-5.2285,18.4394,10.4565
14.1003,-18.1694,-4.5975,27.3989,9.4683
15.1076,-15.4282,-7.5234,24.0838,13.9754
9.7218,-6.8606,-2.6926,12.8495,6.4255
7.9912,-5.0664,-1.2437,10.2554,4.0459
6.0447,-0.8651,-1.9248,3.6626,5.172
3.9836,-0.8652,1.0665,3.6627,0.1196
3.6124,-0.3392,1.0753,2.772,0.1043
0.4302,1.3983,3.4312,-0.3053,-4.0941
-1.1244,3.1573,3.3599,-3.6779,-3.9637
-3.5504,3.8856,5.2765,-5.1687,-7.5438
-4.322,6.1202,2.9114,-10.2045,-3.1492
-9.6194,7.3662,6.6455,-13.4215,-10.2096
-7.9271,6.7474,5.9531,-11.7786,-8.849
-5.0688,6.2746,3.5472,-10.5841,-4.3065
-7.385,5.5232,7.2103,-8.7794,-11.3391
-3.6088,4.9309,3.9664,-7.4272,-5.0788
-2.327,3.3929,4.4924,-4.1534,-6.0589
2.5581,1.3006,0.7971,-0.1261,0.5865
2.3615,0.1104,2.2922,1.9965,-2.0377
4.4515,1.9225,-2.8154,-1.28,6.6245
4.7636,1.1615,-2.2811,0.1275,5.7556
7.2404,-1.0999,-3.5985,4.0548,7.884
4.8278,0.0164,-1.0177,2.1598,3.6692
3.8221,1.4449,-1.1923,-0.3909,3.9604
5.8266,1.5784,-4.6236,-0.6375,9.5093
6.901,-0.2575,-4.0044,2.6321,8.5308
2.2685,3.6883,-2.0678,-4.7587,5.4066
-1.8661,5.0115,1.6753,-7.6079,-0.945
0.8782,3.2973,0.5806,-3.9597,0.96
2.9932,-0.2777,1.8406,2.6667,-1.2365
-0.2842,2.3972,3.2304,-2.1841,-3.7277
0.7111,2.2977,2.0975,-1.9929,-1.6912
6.7676,-2.274,-1.6553,5.9689,4.728
5.992,-1.8777,-0.8498,5.3311,3.3884
6.354,-2.7756,-0.5941,6.7646,2.9591
2.0758,1.3018,1.4475,-0.1283,-0.5452
6.4261,-1.2925,-2.0769,4.374,5.4215
6.3129,-0.8152,-2.3993,3.5789,5.9486
2.0231,1.8017,0.946,-1.0534,0.3288
5.0414,0.9809,-2.4894,0.4546,6.0952
4.4389,0.3065,-0.7609,1.6539,3.2394
6.8016,-2.0248,-1.9411,5.5688,5.1988
9.2471,-2.1006,-6.0087,5.6908,11.6656
8.76,-2.165,-5.0551,5.7942,10.1858
11.1841,-5.2932,-6.4391,10.5895,12.3269
11.8617,-3.447,-9.6653,7.811,17.1629
9.4845,-0.7075,-8.2054,3.3976,14.9998
6.1336,2.2345,-6.2203,-1.8718,11.9912
12.555,-3.4381,-11.2003,7.7973,19.396
7.6237,0.1104,-5.7509,1.9966,11.2676
6.3653,2.3147,-6.7957,-2.0255,12.8718
2.5861,4.5102,-4.0887,-6.5,8.6645
0.1025,4.7122,-0.5462,-6.9419,2.8784
2.9736,3.2087,-2.3941,-3.781,5.94
-1.9173,6.0899,-0.2429,-10.1304,2.3661
-2.595,4.9206,2.7544,-7.4041,-2.8659
0.0784,3.2118,1.7756,-3.7872,-1.1218
7.8955,-3.5879,-2.2507,8.0282,5.706
3.1782,0.8765,0.4153,0.6424,1.2439
4.1648,-0.8632,0.8178,3.6595,0.5507
6.8528,-4.1338,-0.2466,8.8609,2.3724
8.4932,-5.1386,-1.9602,10.362,5.23
8.0315,-5.803,-0.7938,11.3338,3.2945
5.6122,-4.1786,1.5008,8.9286,-0.6386
4.2641,-2.3247,1.9257,6.0499,-1.3869
7.5307,-5.8287,-0.0497,11.371,2.0381
6.097,-5.3038,1.5889,10.605,-0.7932
0.7057,-0.1161,4.4931,2.3889,-6.0603
1.8637,-0.5807,3.5227,3.1833,-4.2615
0.0964,1.4545,3.7741,-0.4087,-4.7236
0.2326,1.1826,3.8801,0.0891,-4.9193
-1.5515,1.905,5.213,-1.2471,-7.4224
-3.6958,3.7225,5.6258,-4.8294,-8.2148
-6.2256,5.3084,6.3249,-8.2824,-9.5765
-2.313,3.2829,4.6049,-3.9306,-6.2702
-2.2316,4.0631,3.5397,-5.5417,-4.2927
-2.1738,4.0935,3.4293,-5.606,-4.0905
-1.9828,4.0568,3.2473,-5.5284,-3.7585
-3.2646,4.4744,4.205,-6.4221,-5.5218
-1.3939,3.4185,3.3636,-4.2055,-3.9705
-1.7709,3.8138,3.3138,-5.0189,-3.8796
1.0443,2.6372,1.2415,-2.6494,-0.185
0.3574,3.1637,1.4714,-3.6907,-0.587
3.6448,1.4195,-0.8956,-0.3442,3.4651
3.7929,1.6171,-1.3689,-0.7092,4.2539
0.526,1.9776,2.6997,-1.3839,-2.7674
-0.2266,2.2823,3.2892,-1.9633,-3.8347
1.0668,1.6472,2.3812,-0.7651,-2.1964
-1.8247,3.4947,3.7849,-4.3609,-4.7435
-2.1935,3.2868,4.4642,-3.9385,-6.006
0.0959,1.9194,3.2937,-1.2742,-3.8431
-0.8404,2.616,3.6538,-2.608,-4.5022
0.4476,1.8252,2.964,-1.0973,-3.2443
-0.9998,3.0608,3.3259,-3.4847,-3.9018
-5.2603,5.2422,5.3907,-8.1307,-7.7624
-7.6074,7.7647,3.6413,-14.5342,-4.4793
-0.9643,5.0371,0.4085,-7.6656,1.2557
3.7503,2.2972,-2.2344,-1.9918,5.6793
6.5512,0.1037,-3.8568,2.0082,8.2961
6.9181,-0.2193,-4.0802,2.5665,8.651
7.6072,-0.7651,-4.6095,3.4946,9.4872
8.9823,-2.184,-5.4326,5.8248,10.7741
11.3731,-5.6814,-6.4573,11.1571,12.3548
4.7989,-4.4406,2.72,9.3234,-2.8039
2.6504,-1.6783,3.45,5.0071,-4.1284
4.8299,-4.7712,2.8851,9.8175,-3.1017
-1.3959,-0.0601,6.7103,2.2922,-10.3383
-7.1713,3.9609,8.7857,-5.3264,-14.5915
-5.2892,3.3722,7.6201,-4.1113,-12.1702
-6.0079,4.7359,6.8331,-6.9941,-10.5827
-10.1319,6.4672,8.5404,-11.0648,-14.0747
-12.805,7.8799,8.7985,-14.8648,-14.6186
-22.2229,10.4878,11.2707,-23.9009,-20.0805
-19.5886,11.4513,5.5357,-28.5345,-8.0411
-9.6797,8.9505,3.1947,-18.1621,-3.6628
-10.4023,8.7765,4.5118,-17.5952,-6.0954
-8.6396,8.175,3.9322,-15.7313,-5.0155
-0.5817,3.6749,2.0095,-4.7309,-1.5352
-9.8368,8.778,3.8515,-17.5999,-4.8664
-7.4401,7.4355,4.1434,-13.6117,-5.4074
-7.5277,7.0908,4.9147,-12.6782,-6.855
-5.6548,5.6994,5.1597,-9.1932,-7.3207
0.9729,2.0208,2.0827,-1.4656,-1.6649
4.201,-1.5653,1.3923,4.8226,-0.4486
0.697,1.087,3.4191,0.2628,-4.0719
-2.548,3.799,4.2537,-4.988,-5.6127
-13.5094,9.364,6.3823,-19.5663,-9.6894
-29.0074,12.0442,11.3696,-32.1118,-20.3095
-20.6002,9.4574,12.2668,-19.8955,-22.4289
-10.4201,6.5023,8.7528,-11.1532,-14.522
-4.4368,3.5555,6.5874,-4.4851,-10.0945
-5.8114,3.9639,7.5164,-5.3327,-11.9591
-8.1405,5.4881,7.9822,-8.6976,-12.9131
-17.7594,8.7323,11.4442,-17.4532,-20.4826
-6.8054,3.9848,8.4302,-5.3767,-13.8436
-4.1173,3.6541,6.15,-4.688,-9.2334
1.6927,-3.3657,5.6668,7.6855,-8.294
11.6423,-12.6749,-2.6047,20.6391,6.2827
10.3418,-7.9031,-3.0203,14.3095,6.9556
4.5223,-2.3441,1.6024,6.0809,-0.8169
2.7006,-0.2658,2.2083,2.6464,-1.8882
2.4662,-1.1448,3.2562,4.1295,-3.7746
5.0431,-3.0722,1.4695,7.2294,-0.5837
12.453,-11.1581,-4.6987,18.6825,9.6273
5.8543,-0.6244,-1.885,3.2572,5.1065
3.3902,-2.5843,3.2192,6.4626,-3.7073
8.9491,-6.6774,-1.6005,12.5895,4.6374
1.3391,-0.0345,3.6848,2.2479,-4.5592
4.8356,-4.0722,2.4376,8.7675,-2.2973
3.1834,-1.6733,2.7928,4.9989,-2.935
1.4344,0.6692,2.9241,1.0132,-3.1721
-2.7419,4.1679,4.0056,-5.764,-5.1514
-9.2619,7.7105,5.6294,-14.3801,-8.2217
-6.5958,6.8926,4.2236,-12.1555,-5.5565
-5.4621,5.5418,5.1818,-8.8229,-7.3628
-0.6793,4.4024,1.0684,-6.2663,0.1162
-0.4685,5.5768,-1.3302,-8.9048,4.1896
3.2168,3.4493,-3.1845,-4.2681,7.2201
2.9702,4.816,-5.4038,-7.1714,10.7294
1.5377,6.4717,-6.922,-11.0761,13.0641
4.2805,3.9145,-5.8948,-5.2291,11.4899
7.0577,2.1603,-7.8711,-1.7303,14.4988
9.4151,-2.1671,-6.2458,5.7976,12.0304
5.5994,1.3348,-3.8806,-0.1887,8.3339
8.6248,-1.5628,-5.4825,4.8184,10.8516
6.775,0.4597,-4.7024,1.3845,9.6332
3.3606,0.1165,0.9686,1.9859,0.2895
-1.6635,-1.7467,8.0801,5.1185,-13.1154
-2.0425,-2.4374,8.8115,6.2294,-14.6461
1.0216,-6.7482,7.9722,12.6901,-12.8926
1.8963,-7.9518,7.5996,14.377,-12.1285
-0.0919,-3.3338,7.4696,7.6361,-11.8638
-4.5122,-2.1174,10.7291,5.7178,-18.8417
1.7599,-11.4313,8.8227,19.0383,-14.6698
1.2026,-10.5993,9.0892,17.9496,-15.2369
0.4867,-10.3686,9.6443,17.6451,-16.434
2.1231,-11.855,8.6084,19.5872,-14.2175
9.3609,-10.5713,-0.094,17.9127,2.1135
8.7045,-9.7145,0.4364,16.7748,1.2077
3.7035,-6.1986,4.9847,11.9051,-6.9877
0.5419,-1.587,5.7759,4.8581,-8.5051
1.2631,-6.0313,7.4457,11.6641,-11.8154
3.8118,-1.981,2.2409,5.4982,-1.9462
-3.6423,3.8866,5.3759,-5.1708,-7.734
-6.777,5.3119,6.8821,-8.2903,-10.6807
-10.2889,7.1902,7.6055,-12.9441,-12.1405
-8.5236,7.0022,6.1491,-12.4432,-9.2317
-11.8494,8.2174,7.2886,-15.8583,-11.4972
-5.1394,5.1795,5.3464,-7.9877,-7.6775
-0.993,3.3659,2.9395,-4.0985,-3.1999
0.9539,3.0014,0.8856,-3.3665,0.4334
1.9937,4.0038,-2.174,-5.4167,5.5806
6.397,-1.1785,-2.1483,4.1853,5.5386
6.1583,-0.9645,-1.9973,3.8291,5.291
7.9851,-1.1773,-4.7871,4.1834,9.7662
12.267,-6.4647,-7.5105,12.2864,13.9558
10.1738,-2.5505,-7.2564,6.4091,13.5717
8.6875,-1.8431,-5.2778,5.2752,10.5332
2.6173,3.3797,-2.1074,-4.1265,5.4715
5.1996,0.9628,-2.7194,0.4872,6.469
2.2084,2.2909,0.08,-1.9799,1.8173
2.4839,0.7077,1.5414,0.9446,-0.7098
-2.278,4.4414,3.073,-6.3507,-3.4417
-0.2877,3.1431,2.3381,-3.6494,-2.1195
-5.3245,5.6605,4.8512,-9.1014,-6.7348
-6.3357,6.5971,4.4614,-11.3934,-6.0008
-7.6202,7.402,4.4192,-13.5197,-5.9218
-3.0349,5.9697,1.538,-9.8389,-0.7037
-5.9838,7.0253,3.2396,-12.5042,-3.7444
-17.6761,10.802,6.2555,-25.2935,-9.4401
-13.5509,9.8775,4.9685,-21.4399,-6.9571
-10.595,9.9056,1.2549,-21.5471,-0.2084
-3.9131,7.5902,-0.8487,-14.0411,3.3865
-5.6784,8.3394,-0.3673,-16.227,2.5765
-2.4555,7.2161,-2.0731,-13.0139,5.4154
1.224,5.0528,-2.9176,-7.7009,6.7897
0.1903,4.5766,-0.4384,-6.6445,2.6966
-5.6827,7.0789,2.7588,-12.6466,-2.8739
-2.1232,5.0585,1.9345,-7.7138,-1.4024
-0.5552,4.8519,0.1556,-7.2511,1.6884
-5.7362,7.6845,1.4696,-14.3064,-0.5839
-15.8187,10.341,5.9338,-23.2819,-8.8115
-18.5803,10.7024,7.5151,-24.8415,-11.9564
-13.6036,9.5886,5.8787,-20.3664,-8.7045
-9.5746,7.8828,5.6207,-14.8732,-8.205
-19.5201,10.5509,8.8681,-24.173,-14.766
-12.2856,8.5356,7.0726,-16.8318,-11.062
-14.1106,8.8667,8.1311,-17.8874,-13.221
-15.2761,9.2304,8.4209,-19.1032,-13.8242
-17.5095,7.3395,13.1862,-13.3485,-24.6866
-13.7966,6.0852,11.9799,-10.119,-21.7426
-2.3145,-6.218,10.6631,11.933,-18.6926
-3.6334,-2.2453,10.081,5.9229,-17.3921
-5.5778,-0.7281,10.8625,3.4324,-19.1445
-16.8167,7.9788,11.8932,-15.1518,-21.5368
-9.4773,5.1174,9.6087,-7.8469,-16.3565
-7.0678,3.8401,8.8112,-5.0736,-14.6454
-2.7971,2.1276,6.3301,-1.668,-9.5867
-4.6115,3.9119,6.3746,-5.2237,-9.6744
4.1729,1.8014,-2.2018,-1.0527,5.626
6.8898,0.1189,-4.4556,1.9818,9.2447
-1.8259,8.1756,-6.1468,-15.7329,11.8783
2.3833,5.6668,-6.3358,-9.1163,12.1686
-0.8668,6.1946,-2.0469,-10.3868,5.3724
4.1992,-0.6942,0.6115,3.3752,0.9068
-0.2747,1.0713,4.573,0.2912,-6.2102
-3.1265,4.6279,3.8311,-6.7568,-4.8287
2.4507,0.2442,2.0494,1.7631,-1.606
9.7592,-5.0479,-4.0943,10.2281,8.6734
9.2853,0.6545,-9.8664,1.0394,17.4579
6.6477,1.9552,-6.716,-1.3417,12.7501
9.9497,-2.9545,-6.3844,7.0456,12.243
6.0227,1.6551,-5.0847,-0.7798,10.2321
9.8087,-0.3008,-9.4642,2.7063,16.8673
14.5246,-2.3664,-17.7671,6.1164,28.5417
15.2599,-3.527,-17.9911,7.9344,28.8436
12.2631,-2.7052,-11.4707,6.6537,19.7852
14.0648,-4.44,-13.5321,9.3224,22.7144
11.9778,-2.4234,-11.1964,6.2072,19.3904
10.8662,-6.6893,-4.7342,12.6065,9.6832
11.5843,-9.7387,-3.9866,16.8072,8.5024
11.2888,-6.215,-5.858,11.9286,11.4332
12.5322,-8.7741,-6.2758,15.5057,12.0765
12.1362,-6.3328,-7.3657,12.0976,13.737
10.4001,-5.27,-5.0265,10.5554,10.1412
13.9685,-6.8152,-10.7574,12.7853,18.7558
15.1368,-7.6541,-12.6695,13.9637,21.4967
11.7868,-4.4451,-8.4229,9.3302,15.3247
12.507,-6.2641,-8.1601,11.9992,14.932
12.1912,-4.7668,-8.9269,9.8111,16.0739
11.0827,-2.6342,-8.9858,6.5416,16.161
11.4659,-4.3482,-7.8751,9.1844,14.5048
13.0267,-6.9979,-8.5846,13.0437,15.5655
10.0963,-5.8997,-3.9973,11.4738,8.5194
11.416,-5.0974,-7.0571,10.3011,13.2694
9.0671,-2.6936,-5.0454,6.6355,10.1706
11.051,-6.0254,-5.5761,11.6556,10.9969
10.1855,-5.5927,-4.3885,11.0279,9.1388
9.3601,-2.6709,-5.5953,6.5997,11.0267
9.5073,-4.3401,-4.2589,9.1722,8.9341
9.9143,-5.8281,-3.7438,11.3701,8.1161
6.6722,-3.9144,-0.1506,8.5277,2.2096
7.2671,-4.3593,-0.6825,9.2012,3.1077
6.4869,-1.8331,-1.6375,5.2589,4.6986
5.9945,-2.6412,-0.1852,6.5527,2.2682
6.2934,-3.8515,0.3399,8.4318,1.3732
5.0222,-2.2538,0.8577,5.9366,0.4817
6.4238,-1.8229,-1.5506,5.2423,4.555
4.8714,-2.6767,1.3983,6.6088,-0.459
1.6928,1.3928,1.8524,-0.2951,-1.2573
-1.1423,5.0017,0.7168,-7.586,0.7252
-5.0412,4.3326,6.3312,-6.1161,-9.5889
-4.4668,5.1823,4.5931,-7.9942,-6.248
0.4,4.0355,0.15,-5.4834,1.6979
-1.3606,4.4415,1.9129,-6.3508,-1.3642
-2.1903,5.3463,1.5397,-8.3696,-0.7067
-4.8872,7.1254,1.639,-12.7704,-0.8811
-17.1705,11.605,1.8227,-29.3934,-1.2048
-24.9249,12.52,4.7196,-35.6783,-6.4862
-24.6933,12.3047,6.0984,-33.9639,-9.1326
-22.3076,11.6789,7.2454,-29.8219,-11.41
-13.3552,10.8272,1.0107,-25.4096,0.2164
-16.8207,11.3468,2.8574,-27.9733,-3.0515
-16.374,11.0731,3.6766,-26.5797,-4.544
-14.694,11.1904,0.9388,-27.1644,0.3411
-13.8194,10.9197,1.1797,-25.8414,-0.0774
-10.0366,10.2715,-1.0711,-22.9953,3.7583
-3.623,6.5359,1.2108,-11.2381,-0.1316
-0.474,5.8795,-1.9579,-9.622,5.2263
1.2437,4.553,-1.9818,-6.593,5.2655
6.9189,0.1041,-4.4871,2.0075,9.2944
4.58,2.6773,-4.1819,-2.7277,8.8122
6.3866,-0.0791,-3.3574,2.3251,7.498
3.3072,-0.113,1.268,2.3836,-0.2314
4.9053,-2.4468,1.1726,6.2445,-0.065
5.5408,-4.2824,1.6653,9.0853,-0.9274
5.4424,-5.646,2.6363,11.1055,-2.6534
10.2608,-10.4852,-1.463,17.7991,4.4099
12.4569,-16.8487,-2.3071,25.8146,5.7981
13.2934,-16.2997,-3.8647,25.1491,8.3087
10.429,-8.2233,-2.9639,14.7517,6.8646
9.8972,-6.4829,-3.2372,12.3124,7.305
9.4106,-3.4007,-4.9505,7.7396,10.0222
11.0006,-4.3229,-6.9893,9.1464,13.1664
9.2033,-3.7614,-4.2509,8.2942,8.9214
9.1178,-2.4466,-5.3943,6.2441,10.7145
7.0746,-0.1578,-4.4253,2.4608,9.197
3.5366,1.193,-0.4604,0.0703,2.7338
0.5843,3.1408,1.1985,-3.6448,-0.1102
-2.1577,4.7142,2.521,-6.9463,-2.4467
-2.1924,4.0743,3.4775,-5.5654,-4.1788
-0.3518,2.8694,2.7602,-3.1051,-2.8764
0.5138,1.4513,3.276,-0.4028,-3.8107
-1.2606,4.3374,1.9394,-6.1263,-1.4111
-1.2615,5.3114,0.3354,-8.2892,1.381
-0.8141,4.8721,0.4843,-7.296,1.1255
-2.3682,5.1563,2.0918,-7.9352,-1.6811
-0.5685,5.2948,-0.6277,-8.2512,3.0157
-8.6309,7.1079,6.0784,-12.7238,-9.0934
-10.1757,7.0652,7.6975,-12.6101,-12.3283
-6.2251,5.7007,5.7763,-9.1964,-8.5057
-2.4166,4.5252,3.1227,-6.5326,-3.5319
0.6133,3.6256,0.4743,-4.6293,1.1426
3.2096,0.473,0.808,1.3609,0.5677
0.9338,1.3779,2.8353,-0.2677,-3.0117
0.8115,1.7293,2.6144,-0.918,-2.6142
2.5734,0.7076,1.4226,0.9448,-0.5016
2.395,0.4517,1.9181,1.3986,-1.3734
11.2912,-4.1446,-7.7339,8.8772,14.2925
15.3431,-7.3484,-13.4641,13.5368,22.6188
12.9321,-3.6449,-11.8086,8.1157,20.27
13.4542,-5.4162,-10.9855,10.77,19.0859
10.3206,-3.3771,-6.6407,7.7031,12.6353
10.6569,-4.5692,-6.1069,9.5162,11.8168
11.647,-6.1937,-6.5426,11.898,12.4852
11.8526,-5.3952,-7.6351,10.7392,14.1437
10.4671,-3.8466,-6.4421,8.4244,12.3315
8.9338,-1.5163,-6.1029,4.7423,11.8107
7.142,0.7552,-5.7699,0.8598,11.297
4.6422,2.1877,-3.5176,-1.7826,7.7546
9.9531,-8.067,-2.2958,14.5362,5.7798
7.8559,-6.9742,0.1897,13.0103,1.6302
7.6201,-6.7771,0.4059,12.7312,1.2601
8.5703,-7.9896,-0.2537,14.4293,2.3844
7.0951,-5.3616,0.2645,10.6899,1.5023
6.8757,-7.3275,1.7207,13.5074,-1.0249
8.7739,-9.3874,0.1818,16.3359,1.6436
10.2841,-13.8068,-0.0949,22.0708,2.115
10.8935,-18.371,0.4621,27.6387,1.1636
11.4785,-20.803,0.2375,30.4955,1.5484
8.093,-6.7387,-0.2889,12.6767,2.4439
8.1637,-4.4028,-2.007,9.2666,5.3069
7.9596,-4.9782,-1.2597,10.125,4.0725
6.9668,-4.0839,-0.4489,8.7853,2.7143
7.8641,-6.3865,-0.1751,12.1745,2.2511
6.5666,-4.0963,0.1346,8.804,1.7243
5.967,-2.9396,0.0984,7.0223,1.786
2.7613,-1.0973,2.8544,4.0504,-3.0462
1.1867,1.0671,2.8388,0.2988,-3.0181
1.4366,1.1847,2.4042,0.0853,-2.2377
0.4213,1.1967,3.6425,0.0635,-4.4815
-1.2172,1.6514,5.0874,-0.773,-7.183
-1.263,2.6402,4.125,-2.6551,-5.3731
-1.7834,4.1033,2.9388,-5.6268,-3.1986
-2.0491,4.809,2.237,-7.1557,-1.9393
-1.9268,4.5634,2.4564,-6.6157,-2.3309
-1.2295,3.7999,2.6643,-4.9898,-2.7039
0.4139,3.0439,1.5553,-3.4512,-0.7341
1.7883,2.1593,0.833,-1.7284,0.5245
2.7526,1.796,-0.0651,-1.0427,2.0643
-0.2905,3.9865,1.1785,-5.3802,-0.0753
-4.5271,5.8532,3.6215,-9.559,-4.4428
0.8095,2.9418,1.1614,-3.2482,-0.0455
0.8206,-0.1515,4.3907,2.45,-5.8686
3.4095,-6.6891,5.5382,12.6063,-8.0459
6.9599,-12.7001,3.8472,20.6712,-4.8585
4.5491,-10.4639,5.8067,17.7711,-8.5648
3.8841,-6.6673,5.0078,12.5752,-7.0315
3.04,-6.7007,5.9384,12.6228,-8.8204
2.456,-5.6371,6.062,11.0925,-9.0615
7.036,-12.1538,3.5748,19.9721,-4.3571
8.8156,-13.3637,1.7594,21.5131,-1.0932
5.1642,-9.3918,4.7413,16.3418,-6.5272
7.1913,-5.5922,0.2792,11.0272,1.4771
6.9367,-1.3791,-2.799,4.5168,6.598
0.5444,4.6446,-1.0799,-6.7934,3.7731
3.6909,3.2022,-3.5502,-3.768,7.8069
3.1041,2.3853,-1.3613,-2.1611,4.2412
3.1274,1.8601,-0.6897,-1.1628,3.1198
2.8965,1.7839,-0.2565,-1.02,2.389
2.1843,2.0259,0.4511,-1.4752,1.1825
4.0191,-0.3403,0.5182,2.774,1.0673
6.9677,-2.6098,-1.6581,6.503,4.7326
3.7354,-2.6541,2.8442,6.573,-3.0277
2.4687,-2.8553,4.4918,6.89,-6.0577
3.23,-4.8326,4.8095,9.909,-6.6559
3.0634,-4.4797,4.8011,9.382,-6.6401
4.4554,-5.1328,3.5543,10.3534,-4.3195
1.959,-4.3328,5.9251,9.1612,-8.7945
1.6359,-3.79,5.97,8.3379,-8.8819
1.2951,-2.574,5.6132,6.4463,-8.1905
0.2703,-1.7708,6.1847,5.1576,-9.3013
-0.7782,-0.5866,6.4622,3.1931,-9.8469
1.3213,-0.9967,4.4904,3.8829,-6.0552
-0.9629,3.0457,3.2993,-3.4547,-3.8532
-0.2804,3.7805,1.4657,-4.9496,-0.577
-2.7533,5.0514,2.7488,-7.6977,-2.8558
-2.345,5.141,2.0871,-7.9003,-1.6728
-2.5379,6.7516,-0.7924,-11.7894,3.2922
-2.9234,6.4157,0.5029,-10.9356,1.0936
-4.2062,7.2805,0.3565,-13.1881,1.3449
-3.6425,7.6831,-1.5089,-14.3026,4.4859
-1.4713,7.2612,-3.7959,-13.1357,8.1991
-1.0478,7.1976,-4.3338,-12.9641,9.0524
0.9534,5.3144,-3.02,-8.2961,6.9551
0.7013,6.991,-6.8875,-12.4137,13.0116
3.3384,5.8867,-8.8105,-9.639,15.9012
-2.1791,7.8796,-4.4836,-14.864,9.2888
2.8026,5.1655,-5.891,-7.956,11.484
6.6432,2.3785,-7.4467,-2.1481,13.8595
7.7957,1.0923,-7.5201,0.2531,13.9703
9.0895,-0.2359,-8.0763,2.5951,14.8066
8.5949,-0.3375,-6.9628,2.7691,13.1261
7.5418,0.3698,-5.9575,1.5427,11.5867
7.0167,0.8269,-5.6443,0.7314,11.1026
7.5666,-3.958,-1.4382,8.594,4.3688
7.0808,-2.7382,-1.7177,6.7057,4.831
10.2661,-6.6827,-3.7093,12.5972,8.0609
7.5307,-3.1644,-2.0414,7.3731,5.3633
2.2209,1.8016,0.6748,-1.0531,0.7976
2.459,1.2895,0.9452,-0.1059,0.3301
1.0852,2.301,1.6053,-1.9991,-0.822
-0.9501,3.1631,3.1404,-3.6895,-3.5641
2.9263,2.0889,-0.6923,-1.5945,3.1242
5.2262,0.193,-1.8217,1.8526,5.0022
6.2879,-1.3537,-1.8,4.475,4.9667
4.5047,-0.8227,0.3078,3.5914,1.4281
8.2862,-3.4074,-3.034,7.75,6.9777
9.8435,-4.7498,-4.4875,9.7857,9.2951
12.0242,-7.243,-6.4214,13.3889,12.2997
11.0544,-6.8199,-4.9694,12.7919,10.0519
12.0139,-9.1257,-5.1015,15.9828,10.2583
11.8908,-8.2179,-5.4742,14.7442,10.8387
8.5702,-6.6683,-1.033,12.5767,3.6948
6.8063,-3.9711,-0.301,8.6139,2.4644
4.6635,-1.8113,0.9778,5.2235,0.2735
6.5903,-3.6311,-0.2484,8.0945,2.3753
2.4241,-0.5647,2.824,3.1561,-2.9913
2.5212,-0.5293,2.6718,3.096,-2.7173
1.1065,1.2316,2.7713,0,-2.8963
2.8081,1.0337,0.7537,0.3592,0.6615
3.3337,1.8962,-1.0424,-1.2306,3.7105
2.7205,1.598,0.2229,-0.6737,1.5734
4.4158,0.2903,-0.7088,1.6823,3.1519
4.9641,-1.9062,0.6464,5.3773,0.8466
3.7803,-1.7642,2.1087,5.147,-1.7113
4.7991,-1.6235,0.6299,4.9176,0.875
5.4961,-1.6364,-0.3449,4.9387,2.5386
4.7483,-1.4194,0.5195,4.5831,1.0649
6.8325,-3.8036,-0.4664,8.3587,2.7439
5.2059,-3.347,1.4555,7.6565,-0.5592
3.8745,-3.2493,3.0885,7.5051,-3.4698
6.208,-2.7554,-0.3982,6.7329,2.6288
5.0596,-1.2244,-0.0985,4.2614,2.1211
7.7717,0.1617,-6.0937,1.9072,11.7965
11.3919,-1.9119,-10.5772,5.3865,18.4945
10.0159,-1.2087,-8.6015,4.2354,15.5907
9.6583,-1.8238,-7.1073,5.2438,13.3456
9.1566,-1.6978,-6.3036,5.0389,12.1191
7.2337,-0.242,-4.5965,2.6055,9.4666
12.4318,-9.8138,-5.4263,16.9076,10.7643
12.5772,-9.8216,-5.6853,16.918,11.1661
11.3531,-10.2768,-3.301,17.5235,7.4074
11.6202,-11.9361,-2.9052,19.6918,6.7697
10.8925,-14.0017,-0.9098,22.3152,3.4889
8.3846,-11.6371,1.6937,19.3054,-0.9774
9.1477,-12.9538,1.1728,20.9941,-0.0654
10.607,-12.4887,-1.0817,20.4014,3.7761
12.3791,-14.7938,-2.9167,23.3013,6.7882
14.1397,-18.0071,-4.7209,27.2054,9.6623
11.9188,-7.1204,-6.3172,13.2165,12.14
11.6884,-7.2126,-5.8208,13.3461,11.3756
10.5613,-6.9449,-4.0231,12.9689,8.5604
10.1765,-6.5773,-3.634,12.4471,7.9407
8.7756,-5.4856,-2.1476,10.8714,5.5374
8.8697,-4.1683,-3.3317,8.913,7.4567
7.638,-3.1914,-2.1861,7.4151,5.6004
6.1231,-3.8511,0.5771,8.4312,0.966
5.2613,-2.5629,0.7807,6.4287,0.6148
6.6399,-3.6882,-0.2759,8.182,2.422
4.1495,-2.2282,1.9994,5.8956,-1.5174
4.6308,-3.2972,2.1718,7.5795,-1.8232
4.7948,-2.4047,1.2876,6.1774,-0.2655
4.4429,-1.5379,1.0434,4.7777,0.1597
2.7676,-0.5863,2.411,3.1926,-2.2497
1.2992,-0.8557,4.4069,3.6468,-5.8988
2.0966,-1.1891,3.7358,4.2028,-4.6529
2.2807,-0.9705,3.3406,3.8391,-3.9285
1.3926,-0.6979,4.1748,3.3814,-5.4658
-0.8041,0.615,5.5608,1.1096,-8.0894
1.6915,-0.4043,3.5811,2.8833,-4.3686
-0.085,1.0398,4.3852,0.3482,-5.8583
1.0449,-0.782,4.6399,3.5231,-6.336
-1.3242,0.9386,5.8446,0.5308,-8.6383
1.2954,-1.0863,4.588,4.0321,-6.2384
2.5717,-0.9118,2.9358,3.7409,-3.1931
1.0612,-0.1787,4.1353,2.4967,-5.3922
1.9781,-0.3526,3.1901,2.795,-3.6543
4.8594,-3.579,2.0746,8.0145,-1.6506
3.7482,-2.315,2.5785,6.0344,-2.5498
2.5743,-1.8791,3.6915,5.3333,-4.5715
3.9777,-2.3384,2.3052,6.0718,-2.0608
3.2292,-0.8679,2.0671,3.6674,-1.6373
5.996,-3.6772,0.6257,8.1651,0.8823
3.0395,-1.2222,2.6098,4.2578,-2.6059
2.8497,-1.3709,2.9671,4.5034,-3.2498
3.2356,-1.3363,2.4562,4.4463,-2.3306
2.4234,-0.9261,3.1302,3.7648,-3.5455
-1.689,3.066,4.1387,-3.4951,-5.3986
-1.4024,3.1823,3.6638,-3.728,-4.5205
-2.5314,3.628,4.4451,-4.6342,-5.9703
-0.8634,2.7909,3.4808,-2.9503,-4.1847
-2.2892,3.3315,4.5213,-4.0289,-6.1132
-9.4509,4.53,10.1855,-6.543,-17.6234
-5.807,2.5817,8.823,-2.5412,-14.6706
-6.7908,2.4269,9.802,-2.2414,-16.7782
-5.0325,0.9643,9.3801,0.4846,-15.8615
-3.9009,-0.0069,9.0422,2.2003,-15.1364
-3.2357,-0.6808,8.8765,3.3525,-14.7839
-3.1403,-0.6205,8.7538,3.2505,-14.5241
-1.9696,-1.229,8.056,4.269,-13.0656
-2.8487,-3.4113,9.9835,7.756,-17.1769
-1.0346,-5.13,9.1824,10.3493,-15.4364
4.4045,-5.2341,3.6725,10.5026,-4.5365
2.9626,-2.7029,3.8156,6.65,-4.8002
2.9221,-5.4985,5.4971,10.8903,-7.9668
3.5171,-8.4823,6.1755,15.1072,-9.2833
3.1018,-8.5194,6.6177,15.1579,-10.1545
2.7653,-8.7272,7.0326,15.4417,-10.9819
2.6179,-10.1739,7.6634,17.3871,-12.2586
3.2751,-13.0458,7.849,21.1109,-12.6389
3.8239,-8.7146,5.9426,15.4246,-8.8287
4.6847,-7.3257,4.4098,13.5049,-5.9043
0.5379,-2.2939,6.2392,6.0007,-9.4081
1.6842,-5.2282,6.6631,10.4939,-10.2446
4.2753,-3.1538,2.5235,7.3566,-2.451
3.1707,-0.1489,1.485,2.4454,-0.6109
2.6124,0.8617,1.2077,0.6691,-0.1261
3.6819,0.6332,-0.0255,1.0773,1.997
3.9839,1.2974,-1.2507,-0.1202,4.0575
2.0064,3.1655,-0.8447,-3.6942,3.3799
1.0893,2.8262,0.9348,-3.0197,0.3481
-0.2719,3.3355,2.0674,-4.037,-1.6378
5.4228,-1.3784,-0.4781,4.5157,2.7635
5.0795,-1.3191,-0.0386,4.4179,2.0193
3.2368,0.4984,0.7439,1.3161,0.6783
2.495,0.8492,1.3783,0.6916,-0.4241
2.6841,-0.1016,2.0774,2.364,-1.6556
3.1757,-0.1758,1.5042,2.4918,-0.6445
-0.7317,4.901,0.3194,-7.3604,1.4083
-2.5068,6.9659,-1.3536,-12.3477,4.2286
-1.5842,6.3092,-1.205,-10.6699,3.9814
-2.9622,6.6474,0.0589,-11.5218,1.8533
-3.9162,7.373,-0.2828,-13.4401,2.4337
-6.9742,9.3838,-1.9723,-19.6356,5.25
-2.099,6.607,-1.1092,-11.4187,3.822
-3.7164,7.6306,-1.2516,-14.1545,4.0591
-3.5603,7.6327,-1.4942,-14.1603,4.4615
-3.7816,7.5703,-0.9912,-13.9857,3.625
0.3593,3.4143,1.1264,-4.1968,0.0155
2.6848,0.8795,1.0908,0.6372,0.0773
0.517,3.5717,0.6868,-4.5185,0.777
3.8247,0.6378,-0.2354,1.0689,2.3534
1.8585,1.7622,1.2155,-0.9795,-0.1398
2.5634,-0.384,2.4902,2.8487,-2.3915
0.6835,3.5602,0.4726,-4.4949,1.1457
0.8331,2.0229,2.26,-1.4695,-1.9804
-1.0171,3.7975,2.3994,-4.985,-2.229
0.3082,2.4603,2.4205,-2.3059,-2.2668
1.0089,2.2658,1.7481,-1.9317,-1.0733
0.7838,1.4828,2.912,-0.4607,-3.1503
3.0597,-0.6135,2.061,3.2387,-1.6265
2.5632,-0.5204,2.6112,3.0808,-2.6085
5.8595,-3.9879,1.0369,8.6395,0.1711
5.3294,-4.1654,1.8641,8.9087,-1.2779
5.3856,-5.3136,2.5142,10.6194,-2.4344
2.2174,-5.6685,6.3257,11.1382,-9.5781
3.6437,-6.5075,5.1986,12.3475,-7.3949
1.9749,-4.7471,6.1252,9.7817,-9.185
1.2312,-5.7272,7.3441,11.2236,-11.6093
1.6387,-5.8992,7.0188,11.4732,-10.954
0.8365,-6.4518,8.028,12.268,-13.0077
-2.0792,-1.2917,8.1965,4.3726,-13.3567
-4.7179,0.8364,9.1955,0.7145,-15.4643
-4.3697,1.9251,8.0563,-1.285,-13.0661
-4.0462,1.257,8.286,-0.0464,-13.5427
3.8252,-4.482,3.9263,9.3855,-5.0046
3.641,-3.6062,3.6068,8.0562,-4.4158
4.69,-4.5128,2.9005,9.4316,-3.1294
4.499,-5.0512,3.4552,10.233,-4.138
4.7434,-5.6626,3.5045,11.1297,-4.2282
5.2002,-5.8965,3.0777,11.4692,-3.4502
4.4115,-3.739,2.7518,8.2599,-2.8612
6.5806,-7.1942,2.0352,13.3203,-1.5807
7.9645,-10.86,1.9344,18.2924,-1.4022
7.4477,-11.2529,2.747,18.8061,-2.8525
4.729,-2.6374,1.5572,6.5466,-0.7374
2.1929,-1.267,3.682,4.3319,-4.554
0.534,-0.2153,4.769,2.5597,-6.5794
0.502,2.0037,2.7006,-1.4333,-2.769
1.7784,0.9703,2.1899,0.4738,-1.8555
2.3354,1.5849,0.7745,-0.6495,0.6255
5.5797,-2.2244,0.0555,5.8895,1.859
5.1987,-0.7681,-0.7442,3.4996,3.2113
3.5262,-0.0917,0.9511,2.3469,0.32
3.9486,0.1788,0.087,1.8773,1.8055
3.8908,-0.7405,1.0773,3.4531,0.1008
7.5486,-4.231,-1.1979,9.0077,3.9697
9.1325,-4.6463,-3.3687,9.6314,7.516
7.171,-3.0366,-1.5955,7.1739,4.6292
5.6549,-0.5239,-1.685,3.0869,4.777
3.7207,0.1928,0.3933,1.8529,1.2818
1.5889,1.736,1.6052,-0.9306,-0.8217
4.1855,-0.1085,0.0504,2.3759,1.8678
4.1936,1.7062,-2.1046,-0.8749,5.4669
2.0842,3.628,-1.6825,-4.6341,4.7728
0.8196,4.8234,-1.8269,-7.1877,5.0109
0.757,4.1932,-0.6185,-5.8178,3.0001
-1.1232,5.0056,0.6839,-7.5946,0.782
0.9961,3.7017,-0.1818,-4.7863,2.2625
-0.4571,5.3392,-0.8769,-8.3532,3.4338
-1.9738,6.5614,-1.1916,-11.3028,3.9591
-0.883,5.97,-1.5235,-9.8396,4.5101
-5.6999,8.1653,0.1655,-15.7022,1.6715
-2.9381,6.4867,0.3735,-11.1139,1.3156
-1.8343,5.1242,1.4456,-7.8622,-0.5418
-1.2156,4.881,1.0215,-7.3158,0.1977
-1.6908,5.3349,0.8874,-8.3433,0.4302
0.2706,4.7809,-0.916,-7.0935,3.4993
0.9423,4.372,-1.1969,-6.2008,3.968
0.9478,3.2395,0.5656,-3.8431,0.9857
4.6764,-0.4847,-0.2684,3.0203,2.4093
5.4699,-1.7961,-0.1625,5.1988,2.2297
6.6556,-3.6594,-0.3207,8.138,2.4977
5.4539,-1.1715,-0.7215,4.1737,3.1732
5.1979,-0.7584,-0.7528,3.4834,3.2257
5.054,-1.1326,-0.1772,4.109,2.2547
5.5754,-1.2553,-0.8197,4.3124,3.3379
6.0743,-4.3181,0.9753,9.1392,0.2778
5.7352,-4.2123,1.36,8.9796,-0.3921
13.7196,-4.5424,-12.5711,9.476,21.3571
10.9361,0.7443,-13.8555,0.8792,23.1681
11.827,0.4415,-15.5448,1.4166,25.5138
9.7637,0.961,-11.4654,0.4905,19.7776
7.7593,0.2331,-6.1696,1.7825,11.9133
6.0377,1.3448,-4.6485,-0.2071,9.5485
7.4674,0.0547,-5.3926,2.0934,10.7119
10.0769,-4.1859,-5.3996,8.9396,10.7228
10.9522,-4.8318,-6.4175,9.9078,12.2937
11.7254,-6.5222,-6.4227,12.3685,12.3017
2.6018,-5.1205,5.6517,10.3353,-8.2647
3.2815,-10.6448,7.1653,18.0095,-11.2485
2.3596,-15.4294,9.2195,24.0854,-15.5158
4.1134,-17.6771,8.0662,26.8109,-13.0866
7.023,-17.0916,4.9735,26.1076,-6.9666
9.3533,-19.831,2.8365,29.3616,-3.0139
9.1086,-17.9809,2.7209,27.1742,-2.8056
6.2654,-10.181,3.7748,17.3964,-4.7248
3.4211,-5.5323,4.966,10.9397,-6.9523
1.5182,-1.0641,4.316,3.9951,-5.7289
0.1608,-0.9966,5.7719,3.8827,-8.4971
2.5649,-1.6535,3.534,4.9667,-4.2823
0.5117,2.4745,2.1434,-2.3334,-1.7728
0.7934,3.7387,0.0512,-4.8628,1.8664
3.1171,1.9799,-0.8305,-1.3883,3.356
3.1062,1.6958,-0.4496,-0.8556,2.7156
3.2237,1.4334,-0.2961,-0.3698,2.4562
3.8757,1.649,-1.5367,-0.7686,4.532
4.4708,1.8789,-2.7845,-1.1981,6.5745
4.196,2.5678,-3.3605,-2.5143,7.5029
8.3418,-0.9436,-5.7045,3.7941,11.1958
5.9249,1.2686,-4.3428,-0.0675,9.0667
6.8072,1.4914,-6.2604,-0.4767,12.0528
5.2408,1.4841,-3.4889,-0.4632,7.7088
1.0707,4.0547,-0.8519,-5.524,3.3919
-0.1996,4.9479,-0.5252,-7.4653,2.843
0.5691,4.9243,-1.6316,-7.4124,4.6888
3.6947,2.2435,-2.0699,-1.889,5.4101
4.2241,2.2143,-2.8704,-1.8333,6.7135
4.2311,-0.9546,0.8113,3.8125,0.5619
2.6104,0.9563,1.1084,0.499,0.0467
2.519,-1.0388,3.1056,3.9531,-3.5009
3.8014,-4.2451,3.8133,9.0291,-4.7958
3.6693,-2.728,2.979,6.6897,-3.2714
4.5522,-3.1285,2.1525,7.3172,-1.7891
4.0795,-3.4283,2.9568,7.7822,-3.2312
3.8996,-3.3826,3.1475,7.7117,-3.577
-0.705,2.723,3.3685,-2.817,-3.9795
-0.7696,2.0301,4.2046,-1.4832,-5.5211
1.7131,2.0917,1.0187,-1.5999,0.2026
0.0551,3.3276,1.6514,-4.0209,-0.9029
2.449,2.4451,-0.4706,-2.2764,2.751
2.8973,4.0435,-3.7133,-5.5003,8.0674
6.5057,2.3033,-7.0449,-2.0035,13.2509
8.3953,0.7531,-8.1736,0.8635,14.9522
8.8876,1.7053,-10.8847,-0.8732,18.9402
8.5226,1.7195,-10.1073,-0.8997,17.8102
11.0462,-1.705,-10.1022,5.0507,17.8028
11.3885,-2.5149,-9.7789,6.3527,17.3297
10.9924,-3.658,-7.6469,8.1358,14.1615
12.1691,-4.5749,-9.0776,9.5247,16.2969
13.9255,-4.3559,-13.2937,9.196,22.379
12.0743,-4.5269,-8.9298,9.4529,16.0782
5.7255,-3.0967,0.5613,7.2677,0.9932
3.585,-0.2661,1.0419,2.6469,0.1623
5.576,-0.812,-1.2623,3.5735,4.0768
3.2423,1.3116,-0.1764,-0.1462,2.2533
1.1276,3.4283,0.0411,-4.2254,1.8836
1.8305,3.7956,-1.5683,-4.9809,4.5842
-1.8026,6.8099,-2.0503,-11.9402,5.378
-4.2489,6.8788,1.3282,-12.1195,-0.3365
-9.1584,7.9576,5.0101,-15.0902,-7.0359
-10.1896,7.8684,6.2989,-14.8315,-9.5255
-14.0047,10.3471,3.8865,-23.3073,-4.931
-21.6512,11.125,8.9057,-26.8359,-14.846
-15.7382,9.0003,9.3198,-18.3268,-15.7315
-17.0981,9.349,9.7659,-19.5137,-16.6993
-22.6505,9.9196,12.8287,-21.6009,-23.7979
-20.9281,9.3531,12.6805,-19.5283,-23.4334
-10.6533,4.4289,11.2316,-6.3237,-19.9902
-6.9693,2.6723,9.7577,-2.718,-16.6813
-2.2728,0.7546,6.9719,0.8608,-10.8602
2.401,-3.6772,5.0779,8.1651,-7.1649
7.6978,-10.8115,2.2588,18.2287,-1.9782
12.3711,-15.172,-2.7597,23.7685,6.5343
7.0836,-6.5526,1.0145,12.4118,0.2098
9.4726,-12.0462,0.3792,19.8337,1.3059
15.9003,-21.6228,-6.8012,31.4442,12.8801
16.712,-23.3339,-7.9003,33.4036,14.5426
12.7005,-14.0039,-3.7679,22.3178,8.1545
12.0522,-11.7246,-3.7201,19.4186,8.0783
5.7881,-5.2717,1.9737,10.5578,-1.4717
3.18,-1.2543,2.459,4.3109,-2.3355
5.301,-2.2286,0.4515,5.8963,1.1819
5.3912,-2.6051,0.6357,6.4955,0.8651
7.3364,-1.8959,-2.9168,5.3606,6.7885
6.7699,-2.2688,-1.6637,5.9606,4.7418
7.1814,-2.2381,-2.334,5.9114,5.8421
4.9495,-0.803,-0.3455,3.5583,2.5397
5.0102,0.0791,-1.3614,2.0511,4.2415
4.011,1.0023,-0.9301,0.4159,3.5228
7.9743,-1.5701,-4.3257,4.8303,9.0397
6.9509,-0.1104,-4.271,2.379,8.9532
1.6997,2.2966,0.783,-1.9908,0.6109
1.8092,2.2359,0.7087,-1.8744,0.7391
-1.1175,3.7928,2.533,-4.9751,-2.4682
-6.002,6.2763,4.6328,-10.5884,-6.3226
-16.4337,9.3027,9.2957,-19.3526,-15.6795
-8.4162,6.6021,6.6941,-11.4063,-10.3061
-11.0845,7.9149,7.1161,-14.9661,-11.1494
-10.1393,8.1047,5.7681,-15.5223,-8.4899
-9.5904,7.6081,6.1748,-14.0914,-9.2819
-13.0622,7.841,9.0918,-14.7525,-15.2424
-7.6295,5.6722,7.2535,-9.1289,-11.4262
-1.3473,3.707,2.9353,-4.7973,-3.1922
1.486,0.0687,3.4178,2.0691,-4.0695
1.0346,1.5821,2.4926,-0.6444,-2.3957
7.7525,-3.0373,-2.5035,7.1751,6.1182
3.9647,0.876,-0.712,0.6435,3.1572
6.9249,-2.0696,-2.0908,5.641,5.4443
9.9148,-5.3383,-4.1256,10.6556,8.723
8.2011,-4.6208,-1.8961,9.5932,5.1247
11.8896,-6.7546,-6.5468,12.6993,12.4917
13.8572,-7.3559,-10.0271,13.5472,17.6931
1.9464,-3.8355,5.665,8.4074,-8.2905
-2.1554,1.2316,6.4644,0,-9.8514
-3.4937,3.1478,6.0444,-3.6588,-9.0271
-5.8369,4.5337,6.9032,-6.551,-10.7228
-12.3939,7.497,9.0554,-13.7816,-15.1646
-10.8237,6.7579,8.759,-11.8055,-14.535
-13.1234,7.2822,9.9998,-13.1926,-17.2128
-14.4038,8.4117,9.2814,-16.4481,-15.6487
-14.9224,7.5431,11.0757,-13.9098,-19.6314
-16.0034,6.7852,12.7899,-11.8762,-23.7023
-3.1004,2.1202,6.648,-1.6541,-10.2145
0.4108,-1.9708,6.1674,5.4817,-9.2675
9.3071,-16.4307,2.0674,25.3083,-1.6379
8.5379,-18.6068,3.565,27.9188,-4.339
9.2833,-22.8453,3.4978,32.8468,-4.216
9.9747,-23.466,2.7564,33.5538,-2.8694
10.925,-26.005,1.9534,36.4124,-1.4358
11.2303,-27.903,1.8263,38.5181,-1.2111
11.8218,-23.0621,0.2321,33.0942,1.5577
10.145,-15.9579,0.8154,24.7326,0.5549
10.62,-9.2715,-2.6587,16.1798,6.3705
10.2983,-7.8004,-3.0142,14.1671,6.9457
5.305,-1.0847,-0.5872,4.0294,2.9474
6.6932,-1.0635,-2.7403,3.9941,6.5028
5.8747,-0.0531,-2.5559,2.2802,6.2036
4.7336,0.0316,-0.8942,2.1335,3.4627
1.5919,1.9962,1.2974,-1.419,-0.2826
2.0051,1.2384,1.6108,-0.0125,-0.8315
-0.038,1.3997,3.9869,-0.3078,-5.1167
2.1438,0.498,2.1968,1.3168,-1.8678
-0.8221,2.0983,4.1947,-1.6124,-5.5026
2.2184,-1.0822,3.5056,4.0253,-4.2303
4.4136,-2.8372,2.1194,6.8616,-1.7302
3.9299,-2.9323,2.8007,7.0108,-2.9494
5.4497,-3.8563,1.4947,8.4391,-0.6278
5.4247,-2.4634,0.4739,6.2708,1.1433
5.641,-1.2899,-0.8833,4.3698,3.4444
5.7747,-0.6227,-1.7636,3.2544,4.9067
8.3945,-1.9192,-4.6754,5.3984,9.5908
6.587,-1.0386,-2.5965,3.9526,6.2694
7.0752,-1.5947,-2.7996,4.8706,6.5988
3.9378,2.1466,-2.314,-1.7042,5.8094
1.5955,3.1836,-0.2708,-3.7306,2.4132
-2.1799,5.6721,0.9432,-9.1288,0.3336
-3.7132,5.5878,3.0752,-8.9305,-3.4457
-5.6199,5.8606,4.874,-9.5766,-6.7779
-5.3948,5.2686,5.4999,-8.1912,-7.9722
-9.3836,6.4303,7.8981,-10.9721,-12.7399
-8.4738,5.8095,7.8858,-9.4545,-12.7146
-8.5556,5.1594,8.7561,-7.9422,-14.5289
-4.6894,4.4794,5.7831,-6.433,-8.5189
-4.1317,3.5992,6.2257,-4.5749,-9.3817
-1.9829,2.2565,5.3401,-1.914,-7.6655
-1.9081,2.4095,5.1032,-2.2078,-7.213
0.8658,1.968,2.2806,-1.3658,-2.017
4.5912,-0.5518,-0.0787,3.1342,2.0875
7.3948,-2.982,-1.9887,7.0886,5.2769
10.3803,-5.164,-5.0803,10.3993,10.2252
8.1648,-1.2671,-5.0003,4.3319,10.1002
11.6571,-3.9878,-8.6351,8.6393,15.6407
9.25,-3.1038,-4.9562,7.2788,10.0312
9.1888,-3.0895,-4.8622,7.2566,9.8839
7.0897,-1.848,-2.5672,5.283,6.2219
9.0018,-3.6737,-3.9863,8.1599,8.5019
10.6648,-3.6309,-7.0364,8.0942,13.2379
6.808,-1.2326,-2.7454,4.2749,6.5111
3.8313,0.5348,-0.1303,1.2517,2.1751
4.9059,-0.6049,-0.4798,3.2241,2.7664
6.914,-3.9319,-0.487,8.5544,2.7786
4.1906,-0.98,0.8901,3.855,0.4255
1.6448,1.4629,1.8382,-0.4241,-1.2323
1.83,1.8869,1.1069,-1.2131,0.0493
2.724,1.9878,-0.2663,-1.4032,2.4057
6.584,-7.3229,2.0979,13.501,-1.692
4.0295,-11.1869,6.5839,18.72,-10.0875
9.8889,-12.1922,-0.1517,20.0214,2.2113
9.4286,-13.0399,0.8223,21.1033,0.5429
8.6703,-9.8314,0.5389,16.9311,1.0317
7.8575,-8.2412,0.8809,14.7763,0.4416
8.1121,-10.2543,1.487,17.4937,-0.6143
9.7851,-12.9205,0.2827,20.9518,1.4712
8.8962,-15.3717,2.2935,24.0145,-2.04
9.8672,-15.832,1.1553,24.5789,-0.0349
7.8884,-5.5003,-0.7865,10.893,3.2823
8.0476,-3.2184,-2.8151,7.4571,6.624
6.6832,-5.9368,1.1931,11.5275,-0.1007
6.9384,-3.5145,-0.8486,7.9152,3.3863
6.5164,-4.6994,0.6295,9.7106,0.8757
6.0402,-4.5978,1.211,9.5589,-0.1319
6.0429,-3.6779,0.5612,8.1663,0.9934
7.199,-4.6459,-0.3743,9.6308,2.5884
8.9569,-4.9321,-2.853,10.0567,6.6853
8.7585,-5.5638,-2.0643,10.9857,5.4009
9.9164,-7.7042,-2.4596,14.0335,6.0467
7.4948,-6.7645,0.573,12.7133,0.973
6.7575,-5.3666,0.7376,10.6972,0.6893
6.8333,-7.5838,1.9095,13.8657,-1.3582
7.5699,-6.7837,0.4798,12.7406,1.1332
6.5924,-4.0074,0.0327,8.6691,1.898
4.9888,-2.4465,1.0593,6.2439,0.1321
3.1076,-0.0791,1.5017,2.325,-0.6401
4.8067,-2.4691,1.3227,6.2799,-0.3268
2.9914,0.4258,1.1541,1.4443,-0.0327
4.8494,-0.8055,-0.1986,3.5626,2.2909
3.4293,1.8931,-1.1816,-1.2247,3.9425
-1.7837,6.003,-0.2567,-9.9195,2.3894
-1.0419,6.1442,-1.6621,-10.2633,4.7392
-0.4448,5.4793,-1.1698,-8.6772,3.9228
3.9761,2.9108,-3.5427,-3.1869,7.7948
4.3773,3.2226,-4.7601,-3.809,9.7239
6.3965,-0.2441,-3.1775,2.6092,7.2089
3.2042,2.1534,-1.1922,-1.7172,3.9602
5.3406,1.6018,-3.8237,-0.6808,8.2433
3.3675,2.0355,-1.2787,-1.4933,4.104
5.1374,0.1282,-1.6108,1.9656,4.6545
9.4996,-4.8739,-3.796,9.9702,8.1992
10.1171,-6.067,-3.9063,11.7156,8.3748
10.3016,-8.0624,-2.856,14.5298,6.6901
5.8048,-3.8165,0.9893,8.3783,0.2536
3.6208,-2.9601,3.2012,7.0544,-3.6746
2.5765,-0.547,2.6179,3.126,-2.6204
3.2461,-1.5993,2.6558,4.8781,-2.6885
-6.3673,3.4482,8.5544,-4.2659,-14.104
-13.0657,6.3655,11.1262,-10.81,-19.7474
-7.3281,3.1804,9.6397,-3.7241,-16.424
-11.9929,6.0729,10.6212,-10.089,-18.5979
-7.5836,4.8298,8.244,-7.202,-13.4554
-19.2656,6.3845,15.1997,-10.8575,-29.9923
-21.9426,6.894,16.2126,-12.1591,-32.8901
-17.3992,3.8728,15.928,-5.142,-32.058
-14.8878,2.9322,15.0855,-3.2292,-29.6763
-13.1539,3.4289,13.742,-4.2265,-26.0983
-11.6948,1.9645,13.7063,-1.3591,-26.0065
-6.1007,-2.1544,11.9514,5.7774,-21.675
-14.8694,4.3055,14.2164,-6.0578,-27.3334
-20.5451,4.0221,17.3904,-5.4551,-36.5023
-31.8242,5.7133,20.7824,-9.226,-49.0939
-16.8581,2.5295,16.3503,-2.4399,-33.2981
-7.8598,-2.7008,13.3873,6.6468,-25.1931
-17.1233,7.0208,13.2861,-12.4925,-24.9377
-18.3632,9.4881,10.5169,-20.0049,-18.3634
-16.2136,9.4061,8.8748,-19.7142,-14.7803
-2.3068,4.0597,3.6343,-5.5345,-4.4663
-4.7494,6.501,2.7407,-11.1499,-2.8411
-3.7088,6.7954,0.777,-11.9024,0.6213
-6.3663,9.1938,-2.1919,-18.9781,5.6099
-5.4606,10.0605,-7.8703,-22.1484,14.4976
-14.8796,12.2057,-6.9361,-33.2347,13.0855
-13.4812,11.9379,-6.6391,-31.4128,12.6328
-0.0154,7.8635,-8.4979,-14.8175,15.4364
-6.0264,8.6924,-0.9516,-17.3259,3.5587
-20.8646,11.6659,5.8353,-29.7456,-8.6202
-26.3991,12.5471,6.1021,-35.9085,-9.1398
-31.706,12.9818,7.5496,-40.2107,-12.0266
-23.878,12.2841,5.3701,-33.8093,-7.7229
-12.9221,10.4573,2.1166,-23.7707,-1.7252
-3.2726,7.432,-1.3877,-13.6019,4.2851
-1.1764,5.6125,-0.3532,-8.9883,2.5527
-4.0096,8.1052,-2.1775,-15.5236,5.5863
-0.1196,6.2092,-3.2805,-10.4228,7.3745
-2.6096,6.61,-0.3636,-11.4263,2.5703
6.2043,2.7945,-7.3576,-2.9574,13.7248
-2.6854,6.3857,0.2327,-10.8604,1.5566
3.8616,3.1263,-3.7082,-3.6158,8.0593
-0.538,5.1604,-0.4206,-7.9444,2.6666
-0.0912,4.6621,-0.1786,-6.8317,2.257
-6.4679,7.1314,3.6114,-12.7864,-4.4243
-9.4255,8.9463,2.8941,-18.1481,-3.1178
-16.2166,9.1961,9.3331,-18.9857,-15.7601
-19.9642,10.3919,9.7052,-23.4946,-16.5667
-14.5825,9.6825,6.6366,-20.7095,-10.192
-22.6431,10.4437,11.6946,-23.7131,-21.0683
-20.8333,10.6054,9.8453,-24.4109,-16.8731
-32.0142,11.8878,14.0265,-31.093,-26.8354
-15.6718,8.1775,10.7275,-15.7387,-18.838
-14.7269,8.82,8.7905,-17.7358,-14.6017
-16.6467,9.4704,9.1136,-19.9418,-15.2889
-9.1538,6.3744,7.7598,-10.8321,-12.4559
-2.7572,5.4046,2.1798,-8.5041,-1.8376
-23.4217,12.215,5.3508,-33.3016,-7.6859
-7.3204,8.9559,0.0712,-18.1799,1.8324
-0.4991,7.2637,-5.5014,-13.1424,10.8809
9.3838,1.2149,-11.0712,0.0303,19.2097
16.1312,-5.043,-18.2844,10.2209,29.2377
7.9086,3.7882,-13.2955,-4.9656,22.3815
5.6064,4.1495,-8.9991,-5.7247,16.1808
3.4776,5.7169,-8.6141,-9.2346,15.6094
5.2617,4.6734,-9.5529,-6.8566,16.9978
5.3648,3.4993,-7.102,-4.3701,13.3376
16.5927,-13.9615,-11.4132,22.2648,19.7025
12.3571,-7.2303,-7.0649,13.371,13.2813
9.222,-3.835,-4.2163,8.4067,8.8667
13.4115,-1.5945,-15.9906,4.8704,26.1263
10.222,1.731,-14.1052,-0.9211,23.5173
13.234,-2.2702,-14.4327,5.9628,23.9741
13.6487,-2.3548,-15.377,6.098,25.2825
14.7261,-3.0695,-17.1869,7.2253,27.7572
17.2676,-10.9632,-15.1082,18.4277,24.9113
17.0551,-10.0248,-15.3386,17.1889,25.2295
16.1886,-9.0197,-13.9968,15.8393,23.3658
17.0858,-13.2033,-13.0341,21.3104,22.0128
19.7981,-21.709,-15.5305,31.5435,25.4941
13.3448,-20.8702,-2.5461,30.5735,6.1876
12.0557,-18.3913,-1.2165,27.6629,4.0006
9.85,-11.8983,-0.2171,19.643,2.3224
10.0317,-12.5904,-0.1964,20.5313,2.2872
12.4178,-16.4792,-2.3686,25.3672,5.8984
8.9068,-3.5258,-3.9597,7.9325,8.4597
7.8706,-2.9802,-2.7443,7.0858,6.5093
8.8979,-2.5704,-4.8726,6.4407,9.9002
6.2141,0.9232,-4.3573,0.5587,9.0895
4.379,2.2374,-3.1572,-1.8774,7.1762
3.066,2.9434,-2.1229,-3.2514,5.4969
8.2237,-0.9205,-5.5181,3.7554,10.9069
8.5748,-1.7916,-5.1337,5.1914,10.3086
9.119,-2.7331,-5.0972,6.6977,10.2516
6.8516,-1.9166,-2.1231,5.394,5.4973
4.5333,-1.0918,0.5205,4.0413,1.0633
6.6687,-2.078,-1.6854,5.6545,4.7776
5.6401,-3.1683,0.7345,7.3793,0.6947
4.3189,-2.4392,1.9429,6.2324,-1.4172
3.0425,-0.6804,2.1428,3.3517,-1.7717
1.3247,0.1375,3.5507,1.9494,-4.3128
-0.89,1.2754,5.076,-0.0801,-7.1613
3.6093,-2.4238,2.8333,6.2078,-3.008
4.7501,-4.055,2.5344,8.7413,-2.4707
5.4785,-4.2646,1.7353,9.0585,-1.0507
7.9804,-7.7887,0.4726,14.1508,1.1456
7.8334,-8.2279,0.907,14.758,0.3962
9.2837,-9.1589,-0.6674,16.0277,3.0824
9.4604,-8.0504,-1.5402,14.5133,4.5378
10.4028,-10.714,-1.5688,18.1005,4.585
15.0082,-20.6588,-5.4283,30.3279,10.7674
12.9254,-15.6011,-3.5065,24.2962,7.7369
8.1581,-6.7817,-0.3569,12.7378,2.559
6.7921,-3.2635,-0.8347,7.5272,3.3631
6.2746,-3.9722,0.4546,8.6156,1.1766
5.7673,-2.4753,0.0012,6.2898,1.9516
5.5644,-1.5306,-0.5419,4.7657,2.8711
6.2101,-1.0466,-1.9925,3.9661,5.2831
7.7711,-4.4244,-1.3863,9.2991,4.2827
8.6452,-4.1265,-2.9985,8.8497,6.9204
3.6342,0.8376,-0.1869,0.7123,2.2712
7.9447,-3.0612,-2.7903,7.2124,6.5839
10.3501,-7.6364,-3.2038,13.939,7.2512
9.2734,-8.9599,-0.756,15.7582,3.2312
10.3413,-8.3529,-2.7434,14.9298,6.5078
9.7064,-6.6524,-2.8085,12.5541,6.6132
8.7707,-5.4883,-2.138,10.8754,5.5216
6.5585,-4.6759,0.5552,9.6756,1.0036
6.4158,-2.4458,-0.9688,6.2429,3.5875
2.5819,-4.3738,5.2766,9.223,-7.5439
4.3259,-4.6715,3.4418,9.669,-4.1134
2.5516,-4.128,5.1724,8.8521,-7.3449
3.5732,-3.9235,3.8869,8.5416,-4.9318
4.2782,-4.1545,3.1842,8.8922,-3.6437
1.293,-1.9073,5.1794,5.3792,-7.3582
1.6706,-2.4362,5.1152,6.2275,-7.236
1.0867,-2.7245,5.9287,6.6842,-8.8017
0.408,0.2952,4.486,1.6737,-6.047
3.7848,-7.0372,5.2874,13.0992,-7.5646
5.51,-2.8385,0.6577,6.8637,0.8272
5.8387,-4.2014,1.2137,8.963,-0.1367
5.3277,-1.3523,-0.3644,4.4727,2.5717
-2.252,3.88,3.8044,-5.1569,-4.7794
-1.3953,3.69,3.017,-4.7621,-3.3402
-1.4011,3.8739,2.7785,-5.1442,-2.9092
-3.1418,4.8334,3.5543,-7.21,-4.3195
-14.6164,9.6448,6.7728,-20.5713,-10.4627
-8.8642,7.2191,6.1269,-13.022,-9.1882
-13.4402,9.6942,5.4014,-20.7529,-7.783
-11.1733,9.5718,3.1599,-20.3055,-3.5994
-15.7575,10.5306,5.2058,-24.0853,-7.4086
-17.8323,11.2408,4.5897,-27.4213,-6.2416
-7.4678,8.8221,0.7022,-17.7426,0.7504
-10.985,10.0639,1.1655,-22.1617,-0.0526
-14.2872,10.3934,4.0453,-23.5008,-5.2251
-12.7778,9.8638,4.1316,-21.3879,-5.3853
-3.1984,5.7612,2.1312,-9.3397,-1.7512
-8.1036,7.5204,4.732,-13.8464,-6.5096
-10.0583,8.0321,5.8326,-15.3081,-8.6148
-15.6855,8.9886,9.2977,-18.2879,-15.684
-13.8252,9.2695,6.9406,-19.2377,-10.7976
-1.6291,3.4964,3.5497,-4.3641,-4.311
-4.0459,3.8234,5.8836,-5.0389,-8.714
0.4324,-0.5268,5.1284,3.0918,-7.261
8.0189,-7.3382,0.1688,13.5224,1.6659
10.2342,-10.3431,-1.4921,17.6113,4.4581
13.2512,-13.3879,-4.9925,21.5436,10.0879
13.1484,-13.7084,-4.6652,21.9473,9.5747
13.5349,-12.6341,-5.8704,20.5871,11.4522
15.4494,-14.8529,-8.476,23.3744,15.4038
15.1904,-18.2671,-6.5418,27.5153,12.484
12.5115,-15.5631,-2.8413,24.2496,6.6664
12.8337,-11.7485,-5.0586,19.4495,10.1913
13.0965,-10.4897,-6.2393,17.8051,12.0205
10.5473,-5.2395,-5.3151,10.5106,10.5913
8.5563,-3.0632,-3.7975,7.2154,8.2016
4.5174,0.7308,-1.3662,0.9034,4.2494
7.7185,-2.7284,-2.7308,6.6903,6.4875
7.0837,-2.7141,-1.7435,6.6678,4.8735
6.9218,-2.4341,-1.7461,6.2242,4.8779
9.4346,-4.3248,-4.1475,9.1492,8.7577
7.181,-1.6708,-2.8929,4.9949,6.7499
8.5627,-3.3459,-3.5455,7.6548,7.7993
6.4627,-2.0058,-1.4377,5.5383,4.3679
3.9907,0.4255,-0.2389,1.4448,2.3593
3.69,-0.5331,1.155,3.1025,-0.0344
7.4443,-4.273,-1.0097,9.0711,3.6559
5.2831,-0.0416,-1.6427,2.2602,4.7071
7.051,-1.1439,-3.236,4.1279,7.3029
9.468,-3.9161,-4.568,8.5303,9.4218
6.3543,-0.7028,-2.5877,3.3897,6.2551
4.6778,0.8397,-1.7428,0.7086,4.8723
8.2172,0.4419,-7.3424,1.4159,13.7019
6.8532,2.2283,-7.5883,-1.86,14.0732
11.5521,-3.7891,-8.6334,8.3365,15.6381
12.7656,-4.058,-10.9342,8.746,19.0118
11.0058,-2.4182,-9.0896,6.1989,16.3147
10.6944,-2.3245,-8.5607,6.0496,15.53
9.9686,-1.7093,-7.8564,5.0576,14.4767
9.3411,-1.7011,-6.6471,5.0444,12.645
8.4823,-1.5803,-5.2063,4.8471,10.4218
10.0127,-5.598,-4.0875,11.0355,8.6627
4.1776,-0.5429,0.4961,3.1191,1.1053
1.381,0.3174,3.3204,1.6349,-3.8917
-13.1034,8.1014,8.6838,-15.5123,-14.3763
-12.0962,7.259,9.1575,-13.1297,-15.3829
-11.7131,6.3163,10.1064,-10.6876,-17.4482
-6.0663,3.3251,8.3954,-4.0159,-13.7709
-11.7526,4.5899,11.9117,-6.6735,-21.5806
-14.7267,5.7529,12.958,-9.3198,-24.1177
-6.9428,0.625,11.1557,1.0917,-19.8153
-15.843,6.1791,13.3005,-10.3487,-24.9739
-14.8605,4.5477,14.0375,-6.5815,-26.8641
-5.6081,-0.8909,10.9728,3.7059,-19.3958
6.0878,-13.2207,5.0078,21.3324,-7.0316
3.3201,-9.6178,6.7905,16.6454,-10.498
5.6817,-9.7063,4.2733,16.7638,-5.6492
2.0827,-5.71,6.484,11.1987,-9.8899
-2.17,0.1652,7.3157,1.901,-11.552
1.8638,-2.8889,5.1917,6.9427,-7.3818
-3.9284,3.9629,5.5954,-5.3306,-8.156
4.8825,-0.5763,-0.4746,3.1756,2.7578
7.8785,-3.7951,-2.0508,8.3457,5.3787
4.7757,-0.1876,-0.7208,2.5121,3.1721
-0.8414,3.8621,2.0848,-5.1197,-1.6687
4.2015,1.9269,-2.421,-1.2883,5.9839
7.3171,0.8459,-6.2256,0.6974,11.9994
7.097,0.7482,-5.6776,0.8723,11.1542
15.6635,-7.0927,-14.5284,13.1774,24.1072
16.1414,-5.8837,-17.1985,11.4507,27.773
17.4407,-13.7824,-13.5336,22.0402,22.7165
16.0368,-12.0054,-11.3486,19.7811,19.6097
12.3603,-5.4314,-8.6227,10.7922,15.6223
11.7262,-6.5312,-6.417,12.3814,12.293
13.7103,-9.7992,-7.8585,16.8881,14.4799
11.8041,-8.4292,-5.1764,15.0345,10.3752
7.092,-3.7909,-0.8574,8.3392,3.4011
5.3385,-1.5846,-0.165,4.8541,2.234
4.0488,-1.625,1.6445,4.9201,-0.8909
0.3584,0.65,4.2306,1.0474,-5.5695
0.8079,2.6382,1.5556,-2.6513,-0.7346
0.7448,2.9766,1.2024,-3.3173,-0.117
2.0934,1.1908,1.5458,0.0743,-0.7174
6.2056,-1.2395,-1.7878,4.2864,4.9466
5.1277,-1.1161,-0.2991,4.0817,2.4613
0.0896,3.2979,1.6459,-3.9609,-0.8932
1.6143,1.3118,2.042,-0.1467,-1.5928
6.9852,-4.8068,0.0458,9.8706,1.8756
5.279,-4.1137,1.8953,8.8304,-1.333
2.7831,-3.021,4.2381,7.1496,-5.5836
2.3469,-2.4732,4.3775,6.2864,-5.8438
4.7062,-5.3977,3.4022,10.7428,-4.0411
8.2504,-10.9458,1.5947,18.4048,-0.8034
4.4873,-6.4778,4.2318,12.3051,-5.5718
6.1094,-5.6181,1.7641,11.0648,-1.1014
8.3748,-9.3599,0.7252,16.2988,0.7106
1.6141,-8.5246,8.0718,15.1651,-13.0983
-1.0086,-4.6183,8.9409,9.5895,-14.9207
0.3444,-7.4785,8.8662,13.7187,-14.7621
4.5555,-9.1817,5.3356,16.0584,-7.6568
3.9758,-9.4904,6.0712,16.4744,-9.0794
1.7409,-7.378,7.5326,13.5782,-11.9919
0.5484,-5.0067,7.6794,10.1671,-12.2914
2.4344,-6.9251,6.663,12.9409,-10.2444
-1.8532,-3.4679,9.1604,7.8434,-15.389
0.4547,-4.0834,7.3256,8.7845,-11.572
6.8409,-7.1576,1.6761,13.2688,-0.9464
9.8098,-11.413,-0.366,19.0145,2.5743
11.7287,-9.4053,-4.4294,16.3599,9.2035
10.9733,-9.5626,-3.0681,16.5714,7.0326
10.4186,-7.2437,-3.5765,13.3899,7.849
11.6507,-8.9983,-4.5417,15.8102,9.3804
10.0135,-7.3003,-2.8728,13.4693,6.7173
7.969,-6.9386,0.0084,12.96,1.9393
11.0709,-11.0346,-2.4552,18.521,6.0396
9.7758,-12.9178,0.2948,20.9483,1.4505
8.7339,-7.4335,-0.8097,13.6559,3.3212
6.4919,-4.7062,0.6681,9.7208,0.8093
4.6828,-4.4618,2.8778,9.3553,-3.0884
4.5498,-4.206,2.8823,8.97,-3.0965
1.7606,-2.3363,4.9495,6.0684,-6.921
0.3681,-0.0663,4.8343,2.3029,-6.7029
0.479,0.4169,4.2986,1.46,-5.6965
4.3149,-0.8774,0.6242,3.6832,0.8848
2.8903,0.0741,1.6406,2.0596,-0.884
3.0985,-0.4441,1.8572,2.9511,-1.2657
4.4345,-1.1061,0.6705,4.0651,0.8051
0.5697,1.9832,2.6386,-1.3944,-2.6576
-2.6408,4.5714,3.3298,-6.6332,-3.9088
-1.5123,3.2961,3.6572,-3.9572,-4.5085
2.2816,0.0493,2.4512,2.1028,-2.3216
4.9802,-3.3687,1.7692,7.6901,-1.1105
3.9643,-1.3976,1.564,4.5473,-0.7494
1.5838,0.2032,3.1777,1.8347,-3.6318
3.6981,-2.0929,2.4727,5.6785,-2.3601
4.8719,-0.5493,-0.4865,3.1299,2.7778
4.9712,-2.8272,1.3806,6.8458,-0.428
8.3083,-7.5111,-0.1451,13.7643,2.2002
10.2387,-11.1788,-1.1022,18.7094,3.8103
9.7835,-9.0841,-1.4541,15.9265,4.3952
9.0203,-6.6791,-1.7086,12.5921,4.8159
7.132,-3.2257,-1.3754,7.4685,4.2646
8.895,-8.2724,-0.5696,14.8192,2.9178
8.1501,-7.4081,0.0224,13.6203,1.9155
8.9553,-9.4132,-0.0632,16.3706,2.0611
7.8664,-8.8777,1.1861,15.6466,-0.0886
6.3077,-7.5211,2.5511,13.7783,-2.5005
6.6216,-5.8567,1.2276,11.4117,-0.1609
9.0141,-9.4859,-0.1115,16.4684,2.1431
7.5813,-8.1461,1.207,14.6453,-0.125
7.7388,-9.4044,1.6039,16.3588,-0.8195
6.8461,-8.9208,2.5369,15.7052,-2.4751
7.7234,-8.8791,1.3786,15.6485,-0.4245
10.4013,-12.6915,-0.6932,20.6603,3.1256
9.3898,-9.3697,-0.7152,16.3121,3.1627
10.3085,-13.5156,-0.2376,21.7046,2.357
10.4183,-9.7408,-2.0838,16.8101,5.4328
9.3339,-7.6451,-1.5865,13.9512,4.6143
8.5716,-5.9046,-1.5366,11.481,4.5317
10.9964,-9.5728,-3.1001,16.585,7.0843
10.7424,-6.9349,-4.3406,12.9547,9.0633
14.1427,-8.3946,-9.778,14.987,17.3283
12.0661,-6.4406,-7.139,12.252,13.3937
7.726,-2.603,-2.8602,6.4922,6.697
3.2965,1.7891,-0.8477,-1.0298,3.3848
4.7196,0.9372,-1.9278,0.5333,5.1768
7.1537,-3.9857,-0.7974,8.6361,3.3006
6.1289,-4.4388,0.9838,9.3207,0.2632
4.271,3.4205,-4.9297,-4.2095,9.9898
3.9559,4.8815,-7.4049,-7.317,13.7963
9.4509,0.2985,-9.637,1.668,17.1214
11.0149,-0.3168,-12.1269,2.7337,20.7248
12.4194,-1.2709,-13.954,4.3384,23.3059
11.7546,0.2208,-14.9174,1.804,24.6472
16.2905,-4.9053,-18.9506,10.0169,30.1295
12.3735,0.1357,-16.3969,1.9524,26.6822
14.357,-0.2367,-21.5029,2.5965,33.5001
13.8057,0.5266,-21.554,1.2662,33.5669
12.3189,-6.3554,-7.7054,12.1301,14.2496
9.788,-3.7823,-5.2576,8.3261,10.5017
6.2572,-1.0804,-2.0309,4.0224,5.3462
-0.1631,1.3851,4.1473,-0.281,-5.4145
-5.4651,5.242,5.6127,-8.1303,-8.1895
-11.5215,8.2019,6.9953,-15.8116,-10.907
-22.1905,10.5354,11.1253,-24.106,-19.7452
-19.7707,9.3551,11.8544,-19.5352,-21.445
-42.8134,12.7743,16.6721,-37.9942,-34.2656
-43.9038,12.6393,17.7091,-36.7197,-37.5325
-21.8885,9.091,13.7379,-18.6298,-26.0876
-29.8788,9.9056,16.9831,-21.5472,-35.2203
-19.602,7.9067,13.8749,-14.9422,-26.4414
-28.0188,9.4295,16.7006,-19.7968,-34.3521
-27.2795,8.8305,17.032,-17.7696,-35.3724
-40.7511,10.7069,20.2574,-24.8616,-46.8538
-13.74,2.4069,14.712,-2.2028,-28.6562
-25.89,7.4411,17.6564,-13.6272,-37.3603
-44.1799,9.8704,21.9305,-21.4131,-54.5677
-19.2985,-1.0103,18.696,3.9055,-40.8897
-70.1461,13.2569,23.3306,-43.8673,-62.8664
-40.1626,11.5684,18.8333,-29.1851,-41.3792
-62.5079,13.1911,21.9707,-42.8925,-54.7773
-57.5003,12.781,21.8299,-38.0608,-54.0504
-72.1213,13.4797,23.0017,-47.9076,-60.695
-50.387,12.6001,20.2641,-36.3695,-46.8818
-38.8056,11.9071,17.5644,-31.2154,-37.0616
-25.844,10.7705,13.1629,-25.1491,-24.6283
14.3582,-4.5755,-14.0951,9.5255,23.5032
-13.1967,10.7785,1.033,-25.186,0.1777
17.7492,-6.2979,-21.5101,12.0477,33.5095
6.738,0.5018,-4.6942,1.31,9.6203
1.248,3.9995,-1.0246,-5.4077,3.6808
10.5825,1.1536,-13.7916,0.1419,23.0786
16.3315,-6.4704,-17.0106,12.2945,27.518
26.1049,-28.637,-35.3007,39.326,50.7166
14.4941,-6.1068,-12.6713,11.7729,21.4992
18.9421,-11.6978,-19.1817,19.384,30.4376
12.4749,-3.9341,-10.4319,8.5577,18.2832
19.5329,-15.2354,-18.1918,23.8467,29.1134
18.8743,-19.78,-13.9552,29.3019,23.3077
16.6093,-18.2118,-9.3978,27.4493,16.7695
20.6504,-32.9481,-14.5558,44.0089,24.1453
19.3344,-25.4642,-13.0636,35.8078,22.0544
21.7207,-23.9258,-20.1467,34.0753,31.7179
6.2093,-1.8004,-1.2463,5.2057,4.0503
11.3049,-8.3174,-4.3729,14.881,9.1142
7.1994,-3.4391,-1.3002,7.7989,4.1397
9.7222,-6.9284,-2.6481,12.9454,6.3533
9.4319,-3.8356,-4.5786,8.4076,9.4385
0.8381,4.6628,-1.5571,-6.8334,4.5658
10.8368,-0.2894,-11.7578,2.6868,20.1972
12.099,-2.1332,-11.8726,5.7432,20.3615
5.9584,-1.7566,-0.9118,5.1346,3.4922
8.3882,-7.3741,-0.3388,13.5727,2.5284
14.6128,-16.3332,-6.1928,25.1898,11.9489
12.1879,-12.625,-3.5181,20.5755,7.7555
11.044,-15.5026,-0.6034,24.1753,2.9746
9.5019,-14.483,1.2242,22.9155,-0.1549
8.8571,-17.616,2.9448,26.7378,-3.2095
6.6703,-18.6693,5.6948,27.9928,-8.348
-2.436,-9.6615,11.772,16.704,-21.2504
0.8475,-7.015,8.2384,13.0679,-13.4437
4.9683,-8.8439,4.7442,15.6007,-6.5326
9.7087,-10.558,-0.6037,17.8952,2.9752
6.5364,-6.8153,1.8899,12.7854,-1.3236
7.5952,-8.4,1.3162,14.9944,-0.3154
4.6172,-5.3343,3.474,10.6499,-4.1724
0.9545,-2.6342,6.0131,6.5415,-8.966
2.228,0.5277,2.059,1.2644,-1.623
8.572,-1.6635,-5.2724,4.9829,10.5249
12.2572,-3.556,-10.3939,7.9791,18.228
11.0314,-2.4721,-9.0767,6.2846,16.2956
12.5041,-5.3291,-9.0184,10.6422,16.2094
8.3764,-2.3948,-4.1463,6.1616,8.7558
12.3181,-4.1333,-9.8662,8.8601,17.4576
8.9494,-0.0308,-8.0931,2.2416,14.8318
15.4466,-5.3739,-15.9283,10.7079,26.0408
17.6726,-5.2877,-22.7723,10.5814,35.1511
16.1603,-12.123,-11.5537,19.9325,19.9045
13.3022,-16.4106,-3.8394,25.2839,8.2684
1.2425,-6.8567,7.8062,12.844,-12.551
5.2309,-8.5461,4.3213,15.1945,-5.7388
5.0116,-8.5585,4.5777,15.2114,-6.219
8.3911,-12.6323,2.0557,20.5848,-1.6172
4.5454,-11.2907,6.0829,18.8553,-9.1022
5.1986,-13.0621,5.9264,21.1315,-8.7972
-1.3665,-6.7753,10.0882,12.7286,-17.4081
-4.9724,-10.3704,13.674,17.6474,-25.9234
-3.6487,-8.5316,12.3586,15.1747,-22.6504
-8.36,-1.5143,13.242,4.7391,-24.8267
9.8165,-12.1391,-0.0697,19.9531,2.0721
2.044,-4.9865,6.1744,10.1373,-9.2812
5.4364,-6.7461,3.2394,12.6871,-3.744
1.8846,-3.8091,5.7163,8.3671,-8.3897
0.642,-3.7305,6.958,8.2469,-10.8323
1.7027,-3.6682,5.8306,8.1514,-8.6111
6.0258,-9.1232,3.6324,15.9793,-4.4627
2.7802,-4.1719,4.9438,8.9185,-6.9102
4.5448,-4.476,3.0571,9.3766,-3.4129
6.9878,-8.0996,1.9681,14.5812,-1.4619
6.2692,-6.2361,1.916,11.9589,-1.3697
10.3147,-11.034,-1.2832,18.5203,4.1116
8.9493,-9.8319,0.1479,16.9318,1.7016
9.9617,-9.5611,-1.473,16.5693,4.4265
11.758,-7.6659,-5.6179,13.9802,11.0617
11.5361,-7.3107,-5.4714,13.4839,10.8343
11.6618,-6.3549,-6.4385,12.1293,12.3259
12.4839,-4.5675,-9.7511,9.5136,17.2889
12.2732,-1.4833,-13.2521,4.6882,22.3204
7.3801,4.6785,-14.5041,-6.8677,24.0735
4.014,5.1759,-8.2523,-7.9796,15.07
6.976,2.1017,-7.6046,-1.6189,14.0977
0.7857,5.651,-3.4787,-9.079,7.6924
1.0752,4.4471,-1.5304,-6.363,4.5215
1.074,1.6648,2.3527,-0.7978,-2.1456
7.9258,-15.2622,3.466,23.8797,-4.1577
8.2284,-16.1043,3.3292,24.9113,-3.9078
10.6132,-20.5813,1.375,30.2378,-0.4182
8.1477,-20.7645,4.4604,30.4508,-5.9991
11.6838,-40.9901,2.4268,52.5251,-2.278
12.9972,-35.1631,0.2446,46.3793,1.5364
14.1814,-32.838,-1.7417,43.8906,4.8705
14.9366,-29.3997,-3.4131,40.162,7.5873
14.5509,-32.8585,-2.3162,43.9126,5.813
15.2407,-34.2795,-3.2638,45.4363,7.3477
11.821,-11.3708,-3.5094,18.9597,7.7416
8.3252,-6.3788,-0.8524,12.1636,3.3928
7.6136,-6.6595,0.3457,12.5642,1.3632
6.8761,-6.2561,1.1227,11.9877,0.0219
4.7889,-4.2249,2.5956,8.9985,-2.5803
8.8929,-18.3656,3.0793,27.6324,-3.4532
9.1243,-17.8137,2.6605,26.9745,-2.6969
9.369,-22.7288,3.3745,32.7137,-3.9904
8.2977,-18.415,3.8084,27.6911,-4.7867
8.6782,-12.2819,1.5522,20.1365,-0.7286
8.7859,-12.139,1.3548,19.953,-0.3829
9.6949,-19.6625,2.3702,29.164,-2.1769
10.3644,-26.8113,2.7828,37.3099,-2.917
14.2949,-21.5921,-3.9228,31.4087,8.401
5.5554,-1.7357,-0.3401,5.1007,2.5305
-1.4949,4.4409,2.0877,-6.3496,-1.6738
-16.2209,10.5086,5.7867,-23.9903,-8.5259
-7.2587,7.5483,3.6948,-13.9243,-4.5775
-15.3724,10.4771,4.975,-23.8551,-6.9694
-15.1694,10.5345,4.5328,-24.102,-6.1347
-10.1855,8.7593,4.3068,-17.5398,-5.7117
-13.2587,10.5637,2.0975,-24.2286,-1.6912
-23.4723,12.7806,0.2114,-38.0575,1.5931
-26.0193,12.6828,4.5125,-37.1179,-6.0967
-16.0464,11.1376,2.9701,-26.8988,-3.2554
-11.744,9.7153,3.3897,-20.8308,-4.0182
0.8063,2.3396,1.9243,-2.0733,-1.3844
-12.4896,9.5244,4.8463,-20.1349,-6.7254
-5.4465,6.343,3.8759,-10.754,-4.9114
0.4359,0.9119,3.8988,0.5789,-4.9538
1.702,1.6623,1.5398,-0.7931,-0.7069
-0.2809,2.7686,2.7937,-2.9065,-2.9367
3.2497,-3.3109,3.8812,7.6006,-4.9212
4.0138,-7.3491,5.175,13.5377,-7.3498
5.4023,-7.2481,3.5308,13.396,-4.2764
8.7666,-7.3268,-0.9215,13.5065,3.5084
4.7856,-0.3533,-0.5616,2.7962,2.9043
12.4381,-10.0402,-5.3019,17.2094,10.5708
16.8677,-8.0009,-16.778,14.4448,27.2018
12.7035,-4.6746,-10.1107,9.6737,17.8151
12.95,-11.4151,-5.444,19.0172,10.7918
10.8047,-7.8455,-3.8251,14.2296,8.2456
9.8329,-5.4085,-3.9304,10.7586,8.4132
8.5008,-3.4225,-3.373,7.7733,7.5229
11.1239,-6.4706,-5.3572,12.2948,10.6569
4.6703,1.7913,-2.9836,-1.0338,6.8964
1.7517,-4.1614,6.0516,8.9026,-9.0411
-4.5469,-0.8292,10.0885,3.6023,-17.4086
-12.0327,0.3536,14.7199,1.5713,-28.6775
-10.5727,3.2287,12.1367,-3.8213,-22.1168
-22.3762,8.7176,14.5604,-17.4064,-28.2478
-16.6032,5.4485,14.4159,-8.6057,-27.8619
-29.1238,9.2267,17.4575,-19.0906,-36.7174
-19.3948,6.176,15.443,-10.341,-30.6728
-23.3599,9.4218,14.1521,-19.7695,-27.1643
-17.8193,7.7164,12.9439,-14.3969,-24.0827
-8.1814,7.5517,4.7567,-13.9336,-6.5561
-2.3966,3.2205,4.7712,-3.8048,-6.5835
4.1642,-2.6475,2.2992,6.5626,-2.0501
3.7031,-3.414,3.4073,7.7602,-4.0504
7.8077,-0.4495,-5.3523,2.9603,10.6492
9.1124,1.6949,-11.3723,-0.854,19.6437
17.7998,-10.4059,-17.0217,17.6944,27.5331
11.6182,-3.7163,-8.849,8.2251,15.9584
15.0843,-14.1999,-8.0583,22.5629,14.7796
15.6867,-16.17,-8.3491,24.9912,15.2145
13.0722,-11.5557,-5.5893,19.1998,11.0174
10.415,-2.681,-7.5797,6.6155,14.0602
5.6134,1.4284,-4.0372,-0.3605,8.5828
4.9359,2.6294,-4.7198,-2.6342,9.6605
3.7158,3.7651,-4.5934,-4.9177,9.4618
6.6936,2.0905,-7.0347,-1.5975,13.2353
4.4659,4.6047,-7.7508,-6.7059,14.318
7.3253,3.8479,-12.055,-5.0899,20.6223
7.3996,1.454,-7.3305,-0.4077,13.6838
8.1564,-1.4654,-4.7589,4.6588,9.7218
10.6234,-3.0263,-7.602,7.1578,14.0938
11.4604,-4.6482,-7.5676,9.6342,14.042
12.6217,-2.9553,-11.9684,7.0468,20.4985
13.0233,-6.7208,-8.8148,12.6512,15.9076
13.6293,-13.2898,-5.7193,21.4197,11.2186
9.1266,-7.1739,-1.5574,13.2917,4.5662
8.181,-7.9618,0.2853,14.3907,1.4668
6.6705,-5.9596,1.2238,11.5606,-0.1543
4.5891,-1.865,1.1241,5.3106,0.0194
8.3531,-4.7175,-2.0586,9.7376,5.3916
6.626,-4.1598,0.0967,8.9001,1.789
8.068,-5.4712,-1.0734,10.8504,3.7621
4.5815,-3.7946,2.5755,8.3448,-2.5443
4.6065,-3.8202,2.561,8.3841,-2.5182
5.6876,-7.6549,3.3822,13.9648,-4.0045
5.9404,-10.2272,4.174,17.4578,-5.4641
7.8803,-9.4389,1.4319,16.4052,-0.5179
10.7505,-17.849,0.5218,27.0166,1.061
10.1609,-16.0896,0.8333,24.8933,0.5239
5.1089,-5.2842,2.8437,10.5762,-3.0268
6.1227,-4.1216,0.7719,8.8424,0.6301
1.5936,0.5202,2.8697,1.2775,-3.0739
5.7866,-3.5456,0.8169,7.9631,0.5523
5.4291,2.7876,-5.8768,-2.9439,11.4622
5.6708,2.137,-5.2138,-1.6859,10.4335
6.7615,0.1501,-4.2741,1.9275,8.9581
2.8093,3.923,-3.3453,-5.2469,7.4785
-1.5318,7.3466,-3.9417,-13.3678,8.4312
1.4141,4.6632,-2.4563,-6.8342,6.0414
1.6712,5.3293,-4.254,-8.3304,8.9264
-0.6869,5.9064,-1.6868,-9.6866,4.78
4.9013,2.7283,-4.8248,-2.8275,9.8254
6.1611,0.2214,-3.351,1.803,7.4877
10.4822,-11.2382,-1.4425,18.787,4.3759
-1.9277,-7.9807,10.9266,14.4169,-19.2905
-0.3415,-11.4509,10.6033,19.0638,-18.5577
4.7681,-16.5565,7.2176,25.4609,-11.3539
3.8895,-15.2318,7.7835,23.8423,-12.5045
0.4829,-5.553,7.9851,10.9699,-12.9191
-4.3163,-1.9693,10.5008,5.4793,-18.3271
0.1194,-6.7908,8.8166,12.7506,-14.657
-1.51,-6.947,10.2648,12.9719,-17.7996
-6.2055,-0.6795,11.3214,3.3504,-20.1977
-6.7769,0.7439,10.9554,0.88,-19.3562
3.2986,3.0716,-2.6935,-3.5064,6.4269
1.507,5.7896,-5.0442,-9.4071,10.1688
-2.5528,6.5358,-0.2806,-11.2379,2.4298
-2.0067,6.2583,-0.4683,-10.5437,2.7471
2.9646,2.8008,-1.749,-2.9698,4.8826
7.6518,-2.5067,-2.8313,6.3397,6.6502
2.7128,1.9312,-0.1781,-1.2965,2.2562
0.752,4.6405,-1.3854,-6.7844,4.2813
1.5065,4.729,-2.7304,-6.9788,6.4868
-4.6204,6.9663,1.6334,-12.3488,-0.8714
-7.5499,8.9684,0.3544,-18.221,1.3483
-9.5297,9.1094,2.5485,-18.6917,-2.496
-7.1574,8.9472,-0.1329,-18.1512,2.1794
-12.65,10.6555,0.8754,-24.6319,0.451
-13.9002,10.4573,3.339,-23.7709,-3.9257
-4.6843,7.199,1.2037,-12.9678,-0.1191
-5.09,7.5869,0.8361,-14.0321,0.519
-4.3383,8.111,-1.6842,-15.5407,4.7756
-7.8754,8.6225,1.8376,-17.1045,-1.2311
-2.8882,7.9502,-3.5061,-15.0685,7.7362
-4.6368,8.8147,-3.5676,-17.7186,7.8346
0.6506,5.5261,-2.9804,-8.7863,6.8911
0.8063,6.0038,-4.3427,-9.9213,9.0665
6.7985,0.1906,-4.3899,1.8567,9.1411
8.6353,1.4712,-9.8924,-0.4393,17.4959
4.7814,4.6871,-8.5846,-6.8867,15.5656
8.6473,0.7702,-8.7143,0.833,15.7584
9.5167,-1.7494,-6.9242,5.1229,13.0673
9.9126,0.8048,-11.5216,0.771,19.8584
5.67,2.6772,-6.126,-2.7275,11.8463
11.7482,-7.6743,-5.5942,13.9918,11.0249
8.2543,-0.3455,-6.3063,2.7829,12.1232
4.5679,1.1148,-1.9149,0.2123,5.1556
5.4971,2.6126,-5.6947,-2.6014,11.1807
8.6632,1.0418,-9.1978,0.3446,16.4746
5.1948,3.7355,-7.2571,-4.8563,13.5727
1.5794,6.2232,-6.2997,-10.4572,12.1131
3.1612,3.7301,-3.5827,-4.845,7.8588
6.7357,-1.5185,-2.3345,4.7459,5.8428
11.6988,-5.8533,-6.9285,11.4068,13.0739
7.2916,-1.8541,-2.8861,5.293,6.7388
9.5569,-4.9816,-3.8049,10.13,8.2134
12.2064,-12.0242,-3.8332,19.8053,8.2585
11.7048,-15.2165,-1.6941,23.8234,4.792
7.3994,-11.5279,2.9098,19.1638,-3.1463
6.1913,-16.0769,5.6481,24.8779,-8.2578
8.0387,-14.8973,3.2256,23.4293,-3.7189
9.1392,-14.8855,1.8332,23.4148,-1.2233
9.4536,-12.9684,0.7616,21.0126,0.6478
5.9207,-9.4685,3.8997,16.4449,-4.9555
9.8996,-6.7277,-3.0707,12.6611,7.0369
12.05,-4.9883,-8.4162,10.1399,15.3146
7.8439,-0.3596,-5.5321,2.8069,10.9287
7.9542,-0.0688,-6.1176,2.3073,11.8333
9.6834,-2.3818,-6.5078,6.141,12.4321
9.5166,1.2693,-11.4746,-0.0689,19.7908
10.4052,-0.3081,-10.7485,2.7189,18.743
9.1223,2.1739,-12.378,-1.7563,21.0826
5.7335,3.6409,-8.1227,-4.6608,14.8761
8.0056,3.2927,-12.28,-3.9502,20.9432
2.7084,5.6818,-6.9913,-9.1516,13.1695
-1.2988,5.773,-0.4931,-9.3676,2.7889
5.2012,3.2487,-6.3008,-3.8615,12.1149
2.1665,4.6042,-3.5678,-6.7049,7.835
-0.6258,7.2697,-5.2915,-13.1586,10.5547
-2.8395,7.6626,-2.7082,-14.2447,6.4508
-8.3149,9.0163,1.2519,-18.38,-0.2032
-4.4775,7.7163,-0.358,-14.3966,2.5609
2.0383,4.5941,-3.335,-6.6829,7.462
-1.8122,6.2733,-0.7859,-10.5809,3.2812
-0.249,3.8288,1.3542,-5.0502,-0.3818
-0.7742,4.1764,1.5416,-5.7821,-0.7101
-1.6136,3.2934,3.781,-3.9517,-4.7363
-2.4723,5.4036,1.8124,-8.5017,-1.1866
1.541,0.9799,2.4827,0.4565,-2.378
2.8615,0.2111,1.5443,1.8209,-0.7148
6.9188,-3.3728,-0.9337,7.6964,3.5288
2.3753,0.9144,1.4686,0.5744,-0.5821
-0.8143,3.8818,2.022,-5.1607,-1.5574
-0.0255,3.1433,2.0008,-3.6499,-1.5198
3.7943,1.0169,-0.6274,0.3897,3.0151
3.0006,2.3722,-1.1868,-2.1359,3.9511
3.5498,2.6032,-2.3683,-2.5831,5.8981
4.9674,0.7508,-2.0836,0.8677,5.4325
4.9625,1.5884,-3.1754,-0.656,7.2055
7.0081,1.0002,-5.8818,0.4199,11.4699
6.373,1.9601,-6.207,-1.3509,11.9708
8.7886,-0.963,-6.5093,3.8266,12.4343
10.6379,-5.5117,-5.2501,10.9096,10.4901
9.6524,-4.8859,-4.0451,9.988,8.5953
7.4888,-4.5088,-0.8992,9.4257,3.4711
7.8912,-8.7447,1.0879,15.4656,0.0823
2.5666,-3.8353,4.9871,8.4071,-6.9923
5.841,-6.1066,2.3936,11.7727,-2.2188
5.3172,-7.1297,3.5752,13.2295,-4.3578
2.4421,-6.2427,6.358,11.9684,-9.6416
3.6068,-7.2551,5.5773,13.4058,-8.1213
3.2339,-5.2152,5.0099,10.4748,-7.0357
2.0194,-3.3312,5.2922,7.6321,-7.5737
4.1278,-6.2306,4.5222,11.9511,-6.1149
6.0373,-6.3469,2.2771,12.1179,-2.0108
6.9744,-4.6453,-0.0516,9.6298,2.0414
5.9182,-9.7813,4.0276,16.8642,-5.1923
2.2147,-9.8941,7.9587,17.0148,-12.8647
3.6214,-10.8699,6.8977,18.3053,-10.7117
5.2636,-9.528,4.682,16.5249,-6.4152
6.138,-12.4175,4.7063,20.3103,-6.461
4.4888,-12.0331,6.3697,19.8168,-9.6645
4.9054,-11.1412,5.6525,18.6604,-8.2662
5.0209,-13.5737,6.254,21.7778,-9.4373
4.2272,-11.7716,6.5603,19.4794,-10.0409
1.7435,-8.6866,8.006,15.3864,-12.9623
2.5432,-1.1392,3.1576,4.1201,-3.5953
5.9738,-2.7566,-0.06,6.7347,2.0556
4.0136,0.4908,-0.3442,1.3296,2.5374
4.7283,-2.141,1.1646,5.7557,-0.0511
4.5254,-1.9858,1.3101,5.506,-0.3048
6.5865,-3.0507,-0.706,7.196,3.1471
4.8937,0.2249,-1.3491,1.7969,4.221
0.5442,4.4986,-0.8228,-6.4748,3.3431
1.2875,3.5284,-0.3376,-4.4296,2.5263
3.4539,1.6866,-0.9495,-0.8384,3.5553
6.924,-1.6685,-2.4821,4.9912,6.0834
6.0338,0.1559,-3.0614,1.9174,7.022
4.4749,-0.1624,-0.3084,2.4688,2.4769
4.0031,1.0056,-0.9222,0.4101,3.5096
2.6501,3.0339,-1.6166,-3.4312,4.664
0.4433,3.3999,1.0328,-4.1675,0.1782
1.8567,2.0401,0.8861,-1.502,0.4326
4.5372,0.249,-0.8422,1.7547,3.3757
6.591,-1.9962,-1.6428,5.5228,4.7073
7.3091,-1.9815,-2.7872,5.499,6.5788
8.6197,-4.4067,-2.7265,9.2724,6.4805
4.3769,-1.5522,1.1452,4.8012,-0.0173
0.8706,1.5496,2.7335,-0.5842,-2.8283
-0.0864,1.3523,4.0898,-0.2208,-5.3077
1.2667,-0.6194,4.258,3.2487,-5.6206
3.5411,-2.1303,2.699,5.7386,-2.7662
3.8546,-2.5411,2.6128,6.3942,-2.6112
2.3779,-1.0487,3.2859,3.9695,-3.8288
-1.8444,2.3535,5.0901,-2.0999,-7.1881
-0.8082,1.6534,4.6272,-0.7767,-6.3121
0.2059,-0.5111,5.3649,3.065,-7.713
1.9361,-0.1974,3.1058,2.5289,-3.5012
6.0287,-4.7133,1.3029,9.7314,-0.2922
7.9835,-5.5543,-0.8904,10.9718,3.4563
6.4353,-4.591,0.6677,9.5487,0.8099
5.3342,-5.4351,2.6502,10.7975,-2.6785
4.8716,-3.8948,2.2742,8.4978,-2.0056
4.2899,-4.1685,3.1787,8.9133,-3.6336
2.0231,-0.0326,2.851,2.2447,-3.04
2.0836,0.4051,2.3645,1.4806,-2.1667
-3.5298,4.9912,3.785,-7.5624,-4.7437
-2.0638,3.4506,4.1198,-4.2708,-5.3634
-2.5833,4.1137,3.8908,-5.6489,-4.9389
-7.3989,6.6154,5.61,-11.44,-8.1842
-11.4393,8.6054,6.0566,-17.0505,-9.0508
-13.1159,9.3732,5.9474,-19.5985,-8.838
-8.3141,7.5129,4.9828,-13.8257,-6.9841
-4.111,6.3947,2.1349,-10.8829,-1.7577
1.2067,2.9109,0.6605,-3.187,0.8223
-0.539,4.4979,0.7247,-6.4731,0.7116
-1.7385,5.916,-0.1448,-9.7094,2.1998
-1.1826,5.8849,-0.8923,-9.6347,3.4595
-1.828,6.5788,-1.4525,-11.3468,4.3926
5.1672,3.9991,-7.7663,-5.4069,14.3412
5.7968,4.3515,-9.8892,-6.1567,17.4913
7.3184,3.1912,-10.4797,-3.7459,18.3527
4.5985,4.3313,-7.3835,-6.1133,13.764
3.1643,4.0829,-4.2414,-5.5835,8.9065
3.1585,4.4349,-4.9301,-6.3367,9.9904
3.1138,3.3559,-2.8593,-4.0783,6.6955
4.2042,1.5867,-1.9609,-0.6528,5.2313
2.0286,2.8736,-0.453,-3.1132,2.7212
7.0271,-0.8867,-3.4807,3.6989,7.6956
4.7917,-0.8012,-0.12,3.5554,2.1576
5.6746,-6.4977,2.8165,12.3336,-2.9777
6.1908,-6.6532,2.2483,12.5552,-1.9594
6.4905,-6.1536,1.5783,11.8403,-0.7746
-5.2644,-4.8969,12.4151,10.0045,-22.787
-7.1958,-4.4807,13.5773,9.3835,-25.6759
-6.698,-4.528,13.2682,9.4545,-24.8927
-4.3903,-6.8126,12.4062,12.7815,-22.7655
-6.5858,-7.0022,13.9169,13.0497,-26.5503
-8.003,-7.8187,14.9632,14.1925,-29.34
-11.9099,-3.5246,16.0256,7.9308,-32.3416
-10.065,-0.9522,14.096,3.8084,-27.0173
-10.6192,0.1305,13.9656,1.9615,-26.6768
-8.9447,-0.7446,13.2917,3.4601,-24.9519
1.8933,-0.0606,3.0367,2.293,-3.3759
5.4129,-1.2949,-0.5427,4.378,2.8725
5.8289,-0.5591,-1.9159,3.1466,5.1573
4.3717,-0.2692,-0.05,2.6523,2.0386
3.7216,1.8325,-1.5441,-1.111,4.5442
0.3649,4.6507,-0.8237,-6.8067,3.3446
3.5363,0.8823,-0.0974,0.6322,2.1193
3.0883,0.133,1.3198,1.9573,-0.3218
2.7704,0.1927,1.6828,1.8531,-0.9582
2.277,-0.7089,3.1287,3.4,-3.5427
4.2329,-5.5422,4.0444,10.9541,-5.2235
2.0835,-7.8177,7.3681,14.1911,-11.6581
2.1957,-9.351,7.8017,16.2869,-12.5419
4.4222,-9.3443,5.5421,16.2779,-8.0535
6.25,-13.7108,4.9696,21.9503,-6.9592
3.4046,-7.6813,5.9738,14.0015,-8.8894
7.5543,-9.0103,1.6651,15.8265,-0.927
8.1428,-15.0533,3.1434,23.6221,-3.5695
7.8437,-13.0524,2.8933,21.1192,-3.1164
6.8436,-8.7667,2.47,15.4956,-2.3553
6.615,-2.1834,-1.5051,5.8239,4.4797
8.3503,-2.8493,-3.6545,6.8806,7.9735
11.74,-8.1225,-5.2675,14.6128,10.5173
13.7852,-11.8755,-6.7405,19.6136,12.7876
13.85,-10.6738,-7.5709,18.0477,14.047
17.5637,-23.363,-9.6491,33.4366,17.1391
12.7543,-14.0708,-3.8302,22.4016,8.2537
12.2669,-6.7209,-7.2976,12.6513,13.634
13.9311,-12.5052,-6.6774,20.4225,12.6912
13.666,-6.2791,-10.593,12.0207,18.5173
13.6534,-7.1856,-9.7361,13.3082,17.2669
10.3424,-2.4225,-7.7349,6.2058,14.294
8.9497,-0.1508,-7.9191,2.4488,14.5709
7.7217,0.8218,-6.955,0.7407,13.1143
8.5852,-0.0542,-7.3385,2.282,13.696
8.3796,0.6002,-7.9029,1.1357,14.5466
11.4755,-1.4772,-11.3794,4.6781,19.654
11.9111,-2.7401,-10.6331,6.7087,18.5755
9.2653,1.9971,-12.3409,-1.4208,21.0298
10.8245,-3.0142,-8.015,7.1389,14.7147
13.7233,-8.1927,-9.0508,14.7095,16.2573
14.7832,-7.3756,-12.094,13.5748,20.678
9.8618,-0.2293,-9.686,2.5838,17.1933
4.0903,3.7081,-5.146,-4.7996,10.3277
2.8154,3.9957,-3.4881,-5.3996,7.7074
-0.5817,6.2218,-2.5602,-10.4538,6.2105
-0.1049,4.0139,0.8853,-5.438,0.4338
0.1382,3.7906,0.8867,-4.9706,0.4315
-0.9345,5.1014,0.2533,-7.8107,1.5215
-0.1001,4.2172,0.5651,-5.8689,0.9865
-8.7161,8.1094,4.1731,-15.536,-5.4626
-12.708,8.7029,7.1339,-17.3595,-11.1853
-11.1755,7.4974,7.9439,-13.7826,-12.8341
-9.4972,7.1784,6.8466,-12.9124,-10.6098
-10.3483,7.6436,6.8845,-14.1911,-10.6853
-6.2694,8.4904,0.0317,-16.6911,1.8997
-8.5902,9.5861,-0.3266,-20.3574,2.5078
-11.3147,9.8982,2.2262,-21.519,-1.9202
0.9975,2.5614,1.4002,-2.5017,-0.4624
2.8749,-0.0577,1.7878,2.2881,-1.1433
6.9642,-2.6461,-1.6204,6.5604,4.6703
11.3283,-7.2427,-5.1473,13.3884,10.3299
11.7132,-6.1333,-6.7184,11.8111,12.7538
13.0846,-8.0728,-7.8424,14.5442,14.4556
13.529,-8.1858,-8.6539,14.7001,15.6687
10.0933,-13.8594,0.1953,22.1369,1.6205
12.3972,-15.6739,-2.617,24.3854,6.3027
10.6861,-11.4653,-1.6495,19.0825,4.7184
1.273,2.3044,1.3516,-2.0057,-0.3774
-2.8707,4.978,3.0082,-7.5326,-3.3242
-1.8223,2.365,5.0537,-2.122,-7.1189
-4.8528,3.3388,7.2292,-4.0436,-11.3773
-9.8222,3.851,11.0919,-5.0964,-19.6687
-10.7984,4.6649,11.1294,-6.8379,-19.7548
-13.0456,5.996,11.5199,-9.9025,-20.659
-21.0337,9.3599,12.7414,-19.552,-23.5831
-20.6213,8.8363,13.2977,-17.7884,-24.9669
-10.8071,5.9461,9.7977,-9.7819,-16.769
-8.9711,3.7247,10.5294,-4.8339,-18.3913
-9.3652,5.0919,9.5405,-7.7891,-16.2085
-7.0794,5.3378,7.1496,-8.35,-11.2168
-4.6407,5.3953,4.4775,-8.4825,-6.031
-0.2718,5.11,-0.7166,-7.8302,3.165
-2.0939,6.471,-0.8065,-11.0742,3.3159
-1.2409,5.9107,-0.8595,-9.6967,3.4046
7.3842,-1.1674,-3.7649,4.1668,8.1497
1.3285,4.281,-1.6248,-6.0053,4.6777
-5.6103,7.6529,1.3787,-14.2171,-0.4247
-8.457,9.5805,-0.4986,-20.3371,2.7982
-0.3609,6.6423,-3.969,-11.5086,8.4745
-0.1541,5.9084,-2.5259,-9.6913,6.1546
0.0176,5.1037,-1.1347,-7.8158,3.8644
4.5465,0.5924,-1.2472,1.1496,4.0516
7.4475,-4.1194,-1.132,8.8391,3.8599
10.7926,-9.6882,-2.7059,16.7397,6.447
7.9733,-5.1089,-1.1863,10.3182,3.9504
13.2564,-14.3241,-4.5835,22.7178,9.4463
16.1696,-20.3083,-7.7331,29.9197,14.2913
17.2543,-27.8038,-7.9146,38.4087,14.564
16.1071,-25.3183,-6.2394,35.6443,12.0205
13.9829,-17.3196,-4.6843,26.382,9.6047
10.5899,-12.3092,-1.1316,20.1715,3.8592
8.6977,-8.1054,-0.374,14.5892,2.5879
10.2397,-10.8571,-1.2528,18.2886,4.061
5.625,-3.9357,1.3165,8.5602,-0.3159
4.1827,-0.0092,-0.0488,2.2041,2.0366
0.6049,2.5953,1.8756,-2.5678,-1.2983
-3.618,4.3423,4.7835,-6.137,-6.6068
-8.8988,7.2075,6.1836,-12.9907,-9.2992
-10.6999,7.7959,6.9562,-14.6232,-10.8287
-7.6224,5.8709,6.9756,-9.6014,-10.8676
-7.1067,6.9711,4.6629,-12.3614,-6.3793
-7.5033,6.9388,5.165,-12.2763,-7.3307
-6.3919,7.6923,2.3053,-14.3284,-2.0611
3.4416,6.1831,-9.9217,-10.3585,17.5387
5.7692,4.8701,-11.1887,-7.2915,19.3793
1.4143,7.5484,-10.2982,-13.9245,18.0886
4.9243,5.9606,-12.5583,-9.8168,21.3389
2.4793,7.0256,-10.6694,-12.5052,18.6283
0.2513,8.0357,-9.7435,-15.3186,17.2777
4.3487,5.6969,-10.405,-9.1874,18.2441
0.9344,6.3231,-5.3861,-10.7044,10.7018
2.1889,6.0261,-6.9146,-9.9753,13.0527
-0.8652,6.4243,-2.5877,-10.957,6.2552
0.9044,2.1315,2.0429,-1.6755,-1.5945
-7.9445,7.369,4.8522,-13.429,-6.7366
-1.0841,4.3367,1.7097,-6.1249,-1.0057
-8.2948,7.9496,4.0427,-15.0668,-5.2203
-3.5044,2.8399,6.3723,-3.0469,-9.6698
-7.7975,7.7796,3.8344,-14.5767,-4.8348
-17.7099,11.63,2.3655,-29.5369,-2.1684
-3.8231,7.9836,-2.0996,-15.1658,5.4588
-5.2509,8.8693,-2.7615,-17.8959,6.5372
-0.4496,7.7708,-7.2874,-14.5516,13.6186
-23.5049,12.4208,3.9063,-34.8643,-4.9677
-19.5794,11.4247,5.6526,-28.3902,-8.2665
-22.5835,11.5342,8.1637,-28.993,-13.2885
-7.6487,7.4425,4.3706,-13.631,-5.8308
-6.8148,9.8165,-4.0918,-21.2089,8.6695
0.1835,5.809,-2.8458,-9.4533,6.6737
6.1277,0.1188,-3.1702,1.982,7.1972
8.0525,-1.0566,-5.0473,3.9827,10.1737
7.2852,-1.8284,-2.9016,5.2513,6.7639
2.7608,1.678,0.0688,-0.8225,1.8364
13.2593,-9.9485,-6.8807,17.0873,13.0012
14.9578,-7.3505,-12.5298,13.5397,21.2984
16.7641,-7.9622,-16.5328,14.3914,26.8677
13.54,-4.2671,-12.4732,9.0623,21.218
11.878,-6.6423,-6.6145,12.5396,12.5952
6.4402,-0.7648,-2.6573,3.4941,6.3682
-3.7767,6.3259,1.8346,-10.7113,-1.2259
-18.3176,11.2535,5.0755,-27.4862,-7.1604
-15.5324,10.742,4.1324,-25.0199,-5.3869
-11.6606,9.6748,3.4206,-20.6813,-4.0747
-22.6313,12.0857,5.3387,-32.3929,-7.6628
-15.6769,10.0266,6.7712,-22.0152,-10.4595
-10.6172,8.3552,5.7419,-16.2751,-8.4391
-14.3456,9.7085,6.3216,-20.8058,-9.5699
-7.8341,7.9839,3.4171,-15.1669,-4.0683
4.4952,2.0871,-3.1248,-1.5911,7.124
9.9535,-3.343,-5.9887,7.6504,11.6348
10.7944,-4.735,-6.2105,9.7637,11.9762
10.1469,-5.7704,-4.1829,11.2865,8.8138
6.2326,-0.0102,-3.1865,2.206,7.2233
11.7374,-8.9865,-4.7003,15.7942,9.6299
10.2948,-10.3371,-1.5876,17.6033,4.6162
7.0453,-6.2764,0.9049,12.0168,0.4
11.3404,-11.2647,-2.7742,18.8215,6.5578
9.1008,-8.1777,-0.9256,14.6889,3.5152
3.7851,-1.8262,2.1523,5.2477,-1.7887
2.4511,-2.8401,4.502,6.8661,-6.0769
3.7546,-7.3683,5.4667,13.5646,-7.9084
6.6081,-8.6742,2.724,15.3694,-2.8112
8.6089,-14.3764,2.3587,22.7829,-2.1563
5.085,-7.3715,3.9665,13.569,-5.0791
2.3835,-8.7286,7.4087,15.4437,-11.7403
0.7027,-9.434,9.1894,16.3985,-15.4512
-4.2783,-7.8542,12.6202,14.2418,-23.2861
-3.7918,-5.6449,11.6034,11.1039,-20.8542
-3.4313,-6.9081,11.7437,12.9168,-21.1837
-3.4548,-4.3013,10.851,9.1138,-19.1184
1.8199,-10.6278,8.5452,17.9872,-14.0847
-0.7987,-7.5734,9.8861,13.8513,-16.9626
1.2414,-11.4254,9.2783,19.0306,-15.6421
4.6549,-14.3407,6.8262,22.7385,-10.5691
8.1188,-7.5501,0.1469,13.8187,1.7033
11.2984,-12.0268,-2.3475,19.8087,5.864
11.2568,-8.8386,-3.9631,15.5934,8.4652
11.4778,-10.0846,-3.6126,17.2685,7.9065
11.6321,-10.9386,-3.415,18.3954,7.5903
11.4123,-12.7211,-2.2193,20.6981,5.6547
11.6764,-11.1997,-3.3553,18.7368,7.4946
11.8452,-9.6889,-4.4632,16.7406,9.2568
11.02,-7.6854,-4.2983,14.0072,8.9964
11.5933,-9.9528,-3.8802,17.0931,8.3333
13.3352,-11.5499,-6.0751,19.1923,11.768
11.884,-6.3175,-6.8909,12.0758,13.0167
13.0874,-6.2553,-9.3648,11.9866,16.721
11.0492,-3.9893,-7.4156,8.6417,13.8125
7.3285,-0.9427,-3.9233,3.7927,8.4019
7.6033,-0.6165,-4.7816,3.2438,9.7576
2.5818,2.4779,-0.7099,-2.34,3.1538
4.3786,0.0413,-0.3838,2.1167,2.6045
-6.5772,6.6041,4.7234,-11.4113,-6.4934
-10.1826,8.1955,5.6223,-15.7924,-8.208
-14.3205,9.1705,7.6606,-18.8987,-12.2529
-19.4122,10.271,9.5593,-22.9932,-16.2492
-18.3032,9.9011,9.5459,-21.53,-16.2202
-19.2222,9.8173,10.5018,-21.2119,-18.3294
-15.4638,8.9079,9.2661,-18.0219,-15.6158
-12.1963,8.1334,7.7849,-15.6073,-12.5073
-11.9039,8.9218,5.8068,-18.0676,-8.5648
-11.3378,8.6665,5.8096,-17.2436,-8.5703
2.463,1.3785,0.8385,-0.2689,0.5149
-5.8174,6.3697,4.2626,-10.8204,-5.6293
-1.717,3.9228,3.1031,-5.2465,-3.4963
-3.6584,4.8038,4.2062,-7.1442,-5.5241
-5.1557,6.2988,3.6084,-10.6442,-4.4188
1.3999,2.2894,1.1998,-1.9769,-0.1125
3.5478,-0.7991,1.5897,3.5518,-0.7946
-1.5217,2.9811,4.0416,-3.3262,-5.2182
-1.4687,2.6011,4.4056,-2.579,-5.8964
-8.565,6.1237,7.5484,-10.2131,-12.0241
-15.5431,8.8828,9.3841,-17.9399,-15.87
-3.8973,2.8827,6.7313,-3.1312,-10.3801
-5.9973,5.2535,6.1613,-8.1566,-9.2556
-9.2805,7.9376,5.1874,-15.032,-7.3735
-16.469,9.2613,9.4141,-19.2095,-15.9349
-13.4208,8.9118,7.3758,-18.0349,-11.6735
-7.2145,8.245,2,-15.9411,-1.5184
-2.7871,6.4526,0.2341,-11.0282,1.5543
-6.0977,6.4747,4.4033,-11.0837,-5.8921
-9.9749,8.2375,5.3056,-15.9187,-7.5993
-10.3312,8.2307,5.7061,-15.8981,-8.3698
-12.5266,9.3458,5.3885,-19.5026,-7.7583
-12.4693,8.8319,6.6076,-17.7742,-10.1346
2.8705,0.7724,0.9537,0.8291,0.3153
3.5378,1.0655,-0.3113,0.3017,2.4818
2.3458,1.2672,1.1239,-0.065,0.0197
-1.5699,3.1809,3.8642,-3.7252,-4.8898
-2.3047,3.3262,4.5452,-4.0181,-6.158
5.434,2.942,-6.1639,-3.2487,11.9046
14.7737,-6.174,-13.276,11.8696,22.354
17.8172,-8.326,-19.1649,14.8928,30.4153
19.6462,-13.9597,-19.4459,22.2626,30.7893
19.9366,-10.9661,-23.0879,18.4314,35.5592
12.4774,-0.4326,-15.57,2.9315,25.5485
22.2515,-19.5683,-24.1182,29.0535,36.8846
19.2065,-10.4665,-21.1832,17.7745,33.0817
16.5477,-5.6534,-18.6705,11.1163,29.7553
12.698,0.1752,-17.3813,1.8836,28.0206
3.1913,4.8667,-5.9196,-7.2841,11.5283
-0.051,7.4382,-6.8987,-13.619,13.0286
-2.5705,8.2514,-5.0689,-15.9604,10.2075
-3.8597,9.2492,-6.7629,-19.1677,12.8217
-8.0534,10.0499,-3.1313,-22.1065,7.1345
9.4361,-0.8876,-7.8624,3.7004,14.4857
2.2677,5.4514,-5.5906,-8.6124,11.0193
3.7873,4.8607,-7.028,-7.2706,13.2252
7.3157,1.5339,-7.2986,-0.5552,13.6356
11.1368,-2.5437,-9.2091,6.3983,16.4913
17.3579,-12.3008,-14.3222,20.1608,23.8202
17.0775,-13.4373,-12.8654,21.6059,21.7742
14.2366,-8.5163,-9.883,15.1538,17.4822
15.2323,-10.433,-10.6168,17.7302,18.552
17.6215,-18.5215,-11.4957,27.8175,19.8211
7.9049,0.1341,-6.3037,1.9553,12.1193
0.1108,5.3932,-1.8445,-8.4778,5.0399
-1.915,6.4831,-1.1002,-11.1048,3.8069
3.9346,2.8681,-3.4043,-3.1024,7.5732
5.1056,1.6375,-3.4813,-0.7471,7.6965
1.9543,3.5487,-1.3567,-4.4714,4.2336
-1.3586,4.7989,1.3494,-7.1334,-0.3735
-1.1045,5.176,0.3592,-7.9799,1.3401
-6.7302,7.6641,2.7967,-14.2489,-2.9421
-5.2691,7.1767,2.0253,-12.9078,-1.5632
-3.3449,5.7461,2.3454,-9.3037,-2.1327
4.5936,0.9926,-1.8014,0.4336,4.9688
7.9232,-2.9601,-2.8476,7.0543,6.6766
-0.7745,4.9816,0.2393,-7.5408,1.5454
-13.3294,9.0348,7.006,-18.4417,-10.9286
-16.471,9.7174,8.3719,-20.8384,-13.7218
-17.8043,10.1548,8.4513,-22.5225,-13.8878
-12.0573,8.6508,6.5946,-17.1939,-10.1088
-6.0491,5.6264,5.6961,-9.021,-8.3506
-12.4091,8.5628,7.1376,-16.9167,-11.1928
-10.9504,8.4311,5.9295,-16.5079,-8.8031
-16.5742,10.2514,6.9961,-22.913,-10.9087
-25.8438,11.8215,9.8103,-30.679,-16.7965
-17.3106,9.9526,8.5414,-21.728,-14.0767
-4.4176,6.3887,2.537,-10.868,-2.4753
-5.5949,8.2582,-0.2496,-15.9808,2.3773
-0.3645,6.1329,-2.7008,-10.2354,6.4388
-4.4435,7.0111,1.3007,-12.4669,-0.2884
-1.5493,5.9069,-0.3996,-9.6877,2.6311
2.6405,2.9955,-1.5435,-3.3547,4.5433
3.618,2.2934,-2.0216,-1.9847,5.3309
6.8605,-2.3953,-1.687,6.1625,4.7803
11.0603,-7.3521,-4.5971,13.5419,9.4676
9.2488,-4.36,-3.8017,9.2022,8.2083
9.4075,-5.3769,-3.2443,10.7123,7.3163
7.8477,-11.2297,2.2321,18.7759,-1.9306
6.6291,-9.3831,3.0105,16.3301,-3.3284
9.8034,-15.2005,1.0473,23.8037,0.1529
7.7382,-12.5886,2.8673,20.529,-3.0695
7.8876,-13.7735,3.0721,22.029,-3.44
5.8997,-11.9557,4.8267,19.7171,-6.6884
-0.155,-10.7624,10.2827,18.1643,-17.8395
0.3392,-13.5386,10.5245,21.7337,-18.3804
-0.9511,-7.7958,10.0851,14.1607,-17.4011
-0.8615,-7.8423,10.0259,14.2253,-17.2703
4.2324,-10.2629,6.0729,17.505,-9.0827
6.9938,-17.5199,5.1021,26.6226,-7.211
7.1954,-18.6203,5.1134,27.9347,-7.2325
3.9613,-10.2059,6.336,17.4295,-9.5983
4.5064,-11.9372,6.3229,19.6933,-9.5726
4.4178,-9.4523,5.5872,16.4232,-8.1404
7.3038,-5.6533,0.1599,11.1162,1.681
7.8094,-3.849,-1.899,8.428,5.1294
11.1588,-10.6013,-2.8134,17.9522,6.6213
9.7853,-8.1685,-1.9723,14.6762,5.2499
10.195,-9.2442,-2.0013,16.1429,5.2976
4.5827,-1.5503,0.8637,4.798,0.4714
0.9645,2.5985,1.3975,-2.5738,-0.4576
-2.0819,3.6185,3.935,-4.6146,-5.0208
-4.3839,5.2966,4.3302,-8.2553,-5.7553
-2.116,3.0654,4.63,-3.4939,-6.3175
-3.1431,4.2981,4.3003,-6.0419,-5.6995
-4.046,3.6788,6.0478,-4.7389,-9.0338
-9.3058,5.9096,8.5286,-9.6942,-14.0498
-10.5041,6.8049,8.4011,-11.9273,-13.7829
-11.4953,7.5915,8.0864,-14.0448,-13.1284
-3.9246,3.336,6.295,-4.0379,-9.5177
-0.679,0.1411,5.8123,1.9432,-8.5755
1.5963,-1.5921,4.6193,4.8664,-6.2973
2.5309,-2.393,4.1097,6.1587,-5.3446
-0.6777,0.1975,5.7661,1.8448,-8.486
-0.7099,-0.3705,6.2351,2.8256,-9.4001
-0.0493,-1.0624,6.0408,3.9924,-9.02
1.6933,-3.6596,5.8357,8.1382,-8.621
2.7496,-6.4324,6.1237,12.2402,-9.1819
4.3824,-8.9737,5.444,15.7768,-7.8648
-0.2202,-2.3484,7.0428,6.0877,-11.0023
1.0682,-1.9045,5.4235,5.3746,-7.8254
5.42,-6.0786,2.9065,11.7323,-3.1403
2.0182,-3.2551,5.2475,7.5142,-7.4883
4.767,-6.8439,4.0865,12.8258,-5.3015
8.4449,-10.8845,1.3105,18.3245,-0.3056
9.7393,-6.2789,-3.1224,12.0204,7.1202
9.0243,-3.3619,-4.313,7.6796,9.0196
11.6163,-6.1096,-6.5544,11.777,12.5033
9.584,-4.6747,-4.1042,9.6738,8.6891
13.1144,-8.2525,-7.7666,14.7918,14.3417
11.6559,-6.8989,-5.9979,12.9038,11.6489
9.7446,-4.3804,-4.6347,9.2328,9.5267
11.6759,-4.0285,-8.6303,8.7012,15.6335
10.9631,-3.7978,-7.4434,8.3497,13.8545
7.7653,-0.2227,-5.5668,2.5724,10.9824
4.804,-0.8798,-0.0613,3.6873,2.0579
3.2689,-0.8272,1.9799,3.5991,-1.4828
3.713,-2.8617,3.0196,6.9,-3.345
3.2286,-1.1062,2.2731,4.0653,-2.0036
-0.0901,0.976,4.4501,0.4635,-5.9797
-0.9557,1.0012,5.3942,0.418,-7.7691
-0.829,-0.3535,6.346,2.7965,-9.618
-0.7336,-1.1194,6.7844,4.0871,-10.4857
-1.3953,0.9522,5.9084,0.5063,-8.7622
-0.3931,-1.5007,6.6911,4.7167,-10.3002
0.4004,-1.2341,5.6837,4.2774,-8.3266
2.3555,-1.855,3.9328,5.2943,-5.0167
3.3112,-1.059,2.1267,3.9867,-1.7432
3.5288,-2.4603,2.9597,6.2659,-3.2365
3.4676,-2.363,2.9642,6.111,-3.2446
1.4403,-0.4023,3.8779,2.8798,-4.9152
-0.1632,1.3675,4.1645,-0.2487,-5.4465
-1.4167,1.8773,5.0911,-1.1951,-7.19
5.1303,-6.2641,3.361,11.9992,-3.9658
5.0246,-5.8792,3.2829,11.4442,-3.8233
4.059,-5.7887,4.3763,11.313,-5.8416
5.6007,-7.5741,3.4487,13.8522,-4.1261
1.545,-3.1452,5.6947,7.3434,-8.3477
2.6036,-1.2298,3.1567,4.2702,-3.5936
3.0918,-0.8944,2.2667,3.7117,-1.9922
4.5163,-1.783,1.1535,5.1775,-0.0317
8.5045,-3.2959,-3.4941,7.5775,7.7171
11.308,-7.1609,-5.1704,13.2734,10.3659
7.4907,-0.1485,-5.1685,2.4448,10.3629
7.3314,0.5324,-5.7991,1.256,11.3421
7.664,1.2113,-7.4526,0.0369,13.8684
4.3396,2.2865,-3.1661,-1.9713,7.1905
6.5555,1.6089,-5.9786,-0.6941,11.6192
8.5745,-0.97,-6.1002,3.8382,11.8065
9.8252,-2.9504,-6.1562,7.0391,11.8927
9.1139,-2.9075,-4.9112,6.9719,9.9608
9.3494,-4.8427,-3.5694,9.9239,7.8375
10.1063,-3.4434,-6.1705,7.8055,11.9147
8.7602,-2.1959,-5.0221,5.8439,10.1343
8.9272,-2.7096,-4.7819,6.6607,9.758
10.2189,-3.8637,-5.963,8.4504,11.5952
12.9977,-6.1016,-9.3177,11.7655,16.6515
12.4937,-5.3479,-8.9785,10.6698,16.1503
11.8997,-5.5984,-7.543,11.0362,14.0049
11.1835,-3.4724,-8.2279,7.8503,15.0334
11.8302,-4.0634,-8.9114,8.7541,16.0509
11.366,-3.3189,-8.7716,7.613,15.8435
8.1155,-1.7237,-4.402,5.081,9.1601
7.6447,-2.927,-2.431,7.0025,6.0002
5.6511,-2.3801,0.0862,6.1382,1.8067
4.3103,-6.234,4.3146,11.9559,-5.7263
1.4611,-3.4633,5.9699,7.8363,-8.8818
1.5074,-1.992,4.9997,5.516,-7.0162
1.3832,-1.9082,5.0803,5.3806,-7.1694
0.709,-3.2489,6.6276,7.5045,-10.1742
2.8105,-2.9897,4.1859,7.1006,-5.4863
2.6151,-4.8337,5.4885,9.9106,-7.9503
3.0822,-4.5203,4.8028,9.443,-6.6433
4.2136,-3.5119,2.8468,7.9112,-3.0325
5.0106,-4.8148,2.6864,9.8825,-2.7435
4.9872,-1.4038,0.1704,4.5575,1.663
6.0085,-0.1192,-2.6934,2.3943,6.4268
6.1735,-0.7758,-2.2214,3.5125,5.6581
3.6711,0.0475,0.6122,2.1058,0.9056
4.6839,0.3495,-1.174,1.5785,3.93
2.4551,0.4828,1.8087,1.3437,-1.1801
2.7034,1.2184,0.6906,0.0239,0.7705
4.3004,0.3781,-0.6367,1.5282,3.0308
5.2168,-1.4073,-0.1533,4.5633,2.2142
7.4565,0.3408,-5.7604,1.5938,11.2822
7.838,0.3769,-6.5201,1.5303,12.4508
9.1242,-1.7251,-6.2111,5.0834,11.977
9.2542,-2.8117,-5.258,6.8215,10.5024
10.3664,-2.1513,-8.1065,5.7724,14.8518
9.8207,-0.6245,-9.0119,3.2573,16.1997
11.5783,-2.4456,-10.2784,6.2425,18.0598
10.1851,-0.4357,-10.0664,2.9367,17.7504
8.7096,-0.0307,-7.6159,2.2414,14.1148
6.7391,2.8117,-8.4575,-2.9913,15.3762
5.382,2.4833,-5.2663,-2.3504,10.5153
-0.418,6.8351,-4.3919,-12.0054,9.1443
-2.6414,8.4935,-5.8411,-16.7009,11.4071
-3.1978,8.4384,-4.6381,-16.5302,9.5322
-6.8402,9.3222,-1.9415,-19.4202,5.1993
-6.8166,8.9857,-0.7574,-18.2784,3.2334
-9.2207,9.7743,-0.1455,-21.0503,2.2009
-9.6479,9.4144,1.74,-19.7433,-1.059
-10.1363,9.8171,0.9691,-21.2111,0.2887
-10.0267,9.1904,2.9275,-18.9663,-3.1783
-11.3275,9.6296,3.162,-20.5157,-3.6034
-3.2517,5.721,2.2704,-9.2442,-1.9989
-0.9662,3.1135,3.221,-3.5901,-3.7106
-1.0717,2.8171,3.6997,-3.0019,-4.5866
4.769,-1.1428,0.2379,4.126,1.5479
1.7643,2.1754,0.846,-1.7591,0.502
4.3844,0.6383,-1.0572,1.0681,3.7352
5.5816,0.7091,-3.0123,0.942,6.9427
8.9051,-4.031,-3.5077,8.705,7.7388
11.7482,-8.0644,-5.3218,14.5325,10.6018
12.7212,-10.9885,-5.2662,18.4607,10.5152
13.242,-12.0735,-5.6232,19.8688,11.0698
12.435,-10.8309,-4.8446,18.2542,9.8564
9.6947,-3.1959,-5.6627,7.4222,11.1311
2.9388,3.5881,-2.9673,-4.5521,6.8701
6.1751,-0.1014,-2.9839,2.3635,6.8968
4.8431,0.6921,-1.8186,0.9724,4.9972
0.135,3.8046,0.8704,-4.9997,0.4597
-4.2498,7.0104,1.041,-12.465,0.1638
-5.4032,7.8223,0.6735,-14.6989,0.7999
-7.0916,8.2156,1.917,-15.8528,-1.3714
-7.3548,7.5916,3.7169,-14.0451,-4.6182
-5.7707,7.2025,2.6096,-12.9774,-2.6055
-1.2833,5.7844,-0.5387,-9.3947,2.8657
-0.0196,3.6767,1.2659,-4.7346,-0.2276
-0.2909,3.517,1.8482,-4.4063,-1.2498
-1.0042,3.4331,2.8674,-4.2352,-3.0696
-2.6453,4.1383,3.9313,-5.7011,-5.0138
-2.5284,3.8168,4.2087,-5.0251,-5.5289
-5.2322,4.5813,6.2285,-6.6549,-9.3871
-4.3472,3.8184,6.2061,-5.0285,-9.3433
-3.5027,4.0393,5.0375,-5.4915,-7.088
-6.6437,5.4574,6.5544,-8.6263,-10.0292
-5.4016,2.5167,8.5122,-2.4151,-14.0155
-1.4198,0.5047,6.302,1.3049,-9.5315
0.2952,-0.8144,5.4951,3.5775,-7.963
0.853,-0.9635,4.9934,3.8274,-7.0043
4.9773,-4.0012,2.2099,8.6597,-1.8911
7.1325,-6.7781,1.0775,12.7326,0.1004
7.0943,-7.39,1.4649,13.595,-0.5756
4.9791,-5.1199,2.9085,10.3344,-3.1439
3.8969,-2.6867,2.6661,6.6245,-2.707
4.9325,-2.5327,1.2039,6.3809,-0.1196
2.8173,-0.4184,2.1976,2.9073,-1.8692
0.0433,0.8287,4.4319,0.7283,-5.9456
-4.3209,4.2856,5.6283,-6.0152,-8.2196
-6.0429,5.0747,6.4442,-7.7503,-9.8115
-4.095,4.4762,5.1422,-6.4261,-7.2873
-8.2883,6.5232,6.6875,-11.206,-10.2931
-6.0044,8.8124,-1.3829,-17.711,4.2771
-2.3105,7.4909,-3.066,-13.7646,7.0293
-0.9864,6.411,-2.3629,-10.9238,5.8892
1.0892,5.3338,-3.2841,-8.3407,7.3803
4.8877,2.5414,-4.4904,-2.4629,9.2997
9.4412,-0.3467,-8.6299,2.7849,15.6329
11.3486,-1.7048,-10.7677,5.0502,18.7707
13.5615,-3.7914,-13.1171,8.34,22.13
13.6235,-5.7038,-11.0691,11.1896,19.2068
14.9705,-9.1075,-11.029,15.9581,19.1489
12.3114,-13.3824,-3.3847,21.5367,7.5417
15.2723,-16.4787,-7.3913,25.3666,13.7757
13.6184,-12.2257,-6.2367,20.0644,12.0164
14.3474,-14.5043,-6.4803,22.942,12.39
14.2944,-11.4171,-7.9988,19.0199,14.6905
12.9183,-9.2562,-6.6804,16.1591,12.6958
12.6078,-10.2011,-5.5126,17.4232,10.8984
12.4813,-9.2241,-5.8846,16.1158,11.4742
11.0187,-5.9552,-5.5742,11.5541,10.9939
11.9973,-5.5607,-7.77,10.9812,14.3469
11.5374,-4.8374,-7.5367,9.9161,13.9954
8.2741,-1.1946,-5.28,4.2119,10.5367
9.9319,-2.9368,-6.3698,7.0179,12.2207
7.1762,-0.1136,-4.6576,2.3846,9.5628
7.1173,-0.1165,-4.5512,2.3897,9.3954
7.7319,0.1843,-6.051,1.8678,11.7308
7.1639,1.4049,-6.7963,-0.3174,12.8727
7.6687,-0.1127,-5.5355,2.3831,10.9338
7.1611,0.0849,-4.8862,2.0409,9.9216
7.0441,-0.8178,-3.5869,3.5833,7.8655
9.3078,-2.9239,-5.2395,6.9975,10.4736
8.8432,-1.1491,-6.379,4.1366,12.2347
9.864,-1.8229,-7.509,5.2424,13.9536
10.7091,-5.2358,-5.6106,10.5052,11.0503
8.8801,-4.8594,-2.7858,9.9488,6.5765
6.4941,-3.3529,-0.327,7.6656,2.5083
6.5481,-3.5032,-0.2868,7.8978,2.4403
4.2609,-1.1962,0.99,4.2146,0.2525
3.525,-0.4861,1.3325,3.0226,-0.344
2.9401,0.962,0.6514,0.4887,0.8379
1.3104,2.5589,0.9819,-2.4968,0.2665
2.1085,1.3168,1.3873,-0.1558,-0.4398
0.7207,2.2259,2.1695,-1.8555,-1.8193
-0.0436,3.8642,1.0257,-5.1241,0.1905
-0.4692,4.5208,0.5911,-6.5229,0.9419
-5.7419,7.5699,1.7511,-13.9843,-1.0786
-6.8416,7.4897,3.3188,-13.7614,-3.8888
-8.1835,8.8011,1.7285,-17.6744,-1.0387
-7.3244,8.3389,1.8952,-16.2256,-1.333
-3.1053,6.3811,0.8259,-10.849,0.5367
-4.226,6.0857,2.8541,-10.1201,-3.0456
-3.0744,5.2853,2.7778,-8.2295,-2.9081
-3.1077,5.6449,2.2186,-9.0646,-1.9065
-1.095,5.6871,-0.619,-9.1641,3.0009
-1.2031,6.3236,-1.8191,-10.7056,4.9981
3.3475,3.1647,-2.9228,-3.6926,6.7982
8.6168,-1.9854,-4.995,5.5053,10.0919
12.8878,-6.464,-8.7601,12.2855,15.8265
15.4828,-9.3209,-12.0318,16.2463,20.5892
13.8241,-6.2691,-10.9551,12.0063,19.042
14.249,-6.062,-12.1377,11.7083,20.7403
19.1929,-4.844,-29.304,9.9258,43.4151
17.478,-3.9113,-24.4753,8.5229,37.3417
15.5195,-3.0771,-19.4949,7.2372,30.8543
14.6934,-2.0205,-18.8703,5.5618,30.0223
12.1158,0.0045,-15.444,2.1804,25.375
11.0655,2.3915,-17.9756,-2.1731,28.8226
6.1726,4.6946,-11.6234,-6.9031,20.0046
4.2001,4.9265,-7.9976,-7.4174,14.6886
3.8889,4.728,-6.9136,-6.9768,13.0513
4.5441,4.3067,-7.2228,-6.0606,13.5207
-3.5676,4.7283,4.2069,-6.9774,-5.5254
0.7838,3.3206,0.6783,-4.0067,0.7916
0.2009,3.9215,0.6046,-5.2438,0.9186
-0.637,3.0202,2.9306,-3.404,-3.1838
3.2234,1.2419,-0.0667,-0.0189,2.067
1.6377,3.032,-0.1136,-3.4274,2.1467
2.2757,3.3771,-1.5744,-4.1213,4.5943
-0.3475,4.8586,-0.152,-7.266,2.2119
-2.9996,5.2963,2.6665,-8.2547,-2.7077
0.6472,4.2199,-0.5022,-5.8747,2.8042
-0.3004,4.6687,0.1087,-6.8462,1.7684
-3.7323,5.7993,2.7417,-9.4303,-2.8431
-1.0864,4.0874,2.0805,-5.5932,-1.6611
1.0559,3.5777,-0.079,-4.5307,2.0879
1.1114,3.4531,0.0277,-4.2758,1.9065
0.5047,3.9437,0.1452,-5.2904,1.7061
0.4494,5.6849,-3.0009,-9.1589,6.9243
-1.3425,7.7851,-5.6561,-14.5923,11.1208
0.7103,8.5149,-12.9951,-16.7672,21.9577
-2.8794,9.2894,-8.9078,-19.3065,16.0455
-0.8569,7.9128,-7.0144,-14.9598,13.2045
0.6162,6.3419,-4.8689,-10.7512,9.8944
2.2445,6.8021,-9.378,-11.92,16.7404
0.8364,7.2612,-8.0372,-13.1356,14.748
1.4577,6.0074,-5.5026,-9.9299,10.8829
-0.7795,5.6493,-1.0096,-9.0749,3.6557
0.7868,2.2101,2.103,-1.8253,-1.7011
6.3337,-3.6435,0.1277,8.1135,1.736
6.0229,-7.0219,2.6559,13.0776,-2.6886
1.2483,-0.6188,4.2788,3.2477,-5.6594
0.4954,0.0494,4.5949,2.1026,-6.2515
-0.4363,2.5847,3.2019,-2.5471,-3.6758
-5.126,3.6628,7.165,-4.7059,-11.2479
0.4075,-0.4435,5.0913,2.9501,-7.1903
0.0864,2.3195,2.8627,-2.0347,-3.0611
0.0464,3.0557,2.0211,-3.4747,-1.5557
-2.394,4.5128,3.1129,-6.5056,-3.5141
-3.2553,5.3843,2.8429,-8.4571,-3.0254
-7.8611,7.1243,5.2224,-12.7675,-7.4403
-0.2717,2.5188,3.0763,-2.4191,-3.4477
-0.6878,3.876,1.866,-5.1485,-1.2812
1.9067,2.0915,0.7544,-1.5995,0.6603
-0.233,2.6292,2.8999,-2.6338,-3.1284
0.6283,-0.0714,4.5444,2.3118,-6.1564
0.1064,-2.828,6.9962,6.8471,-10.9089
-1.0941,-0.8415,6.9593,3.623,-10.8349
-0.2157,0.8217,4.7327,0.7408,-6.5109
-3.1788,2.4326,6.4357,-2.2524,-9.7947
-2.5184,2.5305,5.6454,-2.4418,-8.2525
-5.1119,4.397,6.3276,-6.2547,-9.5817
-3.937,3.1126,6.5406,-3.5883,-10.0019
-3.5496,3.2087,6.0387,-3.781,-9.016
2.0361,0.2736,2.5507,1.7117,-2.4998
-12.019,4.6539,12.0496,-6.8138,-21.9088
-12.3917,5.8328,11.1978,-9.5102,-19.912
-6.0848,0.628,10.479,1.0864,-18.2783
-8.6288,0.5081,12.4599,1.2989,-22.8957
-9.3348,0.2277,13.0889,1.792,-24.4434
-5.4724,-3.7683,12.1573,8.3048,-22.1662
-0.3436,-16.8347,11.6448,25.7976,-20.9514
0.9043,-13.8793,10.1364,22.1619,-17.5145
0.4086,-13.3595,10.431,21.5078,-18.1707
-0.3652,-11.2475,10.5733,18.7991,-18.49
8.3583,-12.1844,1.9355,20.0114,-1.4042
9.773,-11.5163,-0.2681,19.1487,2.4087
9.421,-10.1807,-0.3621,17.3961,2.5677
11.3754,-15.0318,-1.2578,23.5956,4.0694
13.7048,-18.9162,-3.6829,28.2851,8.0189
12.9968,-14.4253,-4.093,22.8438,8.6713
8.6505,-3.9103,-3.1907,8.5214,7.2301
8.6899,-6.4192,-1.373,12.2214,4.2607
10.9771,-6.9419,-4.7437,12.9646,9.6981
9.5684,-5.3477,-3.5335,10.6695,7.7802
6.3176,-0.6004,-2.6422,3.2165,6.3437
8.0174,-4.0723,-2.0417,8.7676,5.3638
5.5586,-1.4372,-0.621,4.6125,3.0044
3.6912,-0.7884,1.3897,3.5339,-0.4439
1.5669,0.1564,3.2409,1.9165,-3.7469
2.3278,-0.4376,2.8331,2.9401,-3.0077
2.1319,-1.7194,4.0956,5.0741,-5.3184
1.4929,-1.0745,4.3532,4.0125,-5.7983
0.3418,-1.2103,5.7298,4.238,-8.4158
0.7862,-1.2738,5.2939,4.3431,-7.577
6.5952,-6.5477,1.6651,12.4048,-0.927
3.6932,-0.9637,1.5446,3.8277,-0.7154
8.954,-12.8934,1.4105,20.9173,-0.4804
11.5809,-18.4429,-0.4986,27.7242,2.7982
12.4907,-18.4941,-1.8513,27.785,5.051
11.2503,-15.6709,-0.8512,24.3816,3.3908
12.7843,-17.8541,-2.505,27.0226,6.1207
12.4913,-15.1657,-2.9567,23.7608,6.8529
11.7803,-9.382,-4.5329,16.3286,9.3666
10.3247,-8.7644,-2.4747,15.4924,6.0713
10.072,-7.132,-3.0789,13.2328,7.0501
10.0591,-11.4998,-0.6919,19.1273,3.1235
6.6369,-2.8105,-0.9824,6.8197,3.6102
3.9576,0.6094,-0.3955,1.1195,2.6242
2.7086,3.2743,-2.0814,-3.9132,5.4289
7.6444,-1.4558,-3.8872,4.643,8.3444
8.3051,-0.9757,-5.5983,3.8478,11.0313
8.435,-3.4697,-3.2222,7.8461,7.2809
9.7968,-10.9427,-0.5558,18.4008,2.8945
12.4166,-14.303,-3.1721,22.6914,7.2002
10.3988,-14.4336,-0.0352,22.8541,2.0135
13.1372,-17.4056,-3.2202,26.4854,7.2777
11.4366,-8.8078,-4.2894,15.5516,8.9823
14.6945,-10.473,-9.4247,17.783,16.8091
15.4032,-17.1248,-7.3832,26.1476,13.7636
14.351,-11.6385,-7.9801,19.3072,14.6625
11.1586,-4.2606,-7.3566,9.0525,13.7234
8.5248,-0.3258,-6.8442,2.7492,12.9456
5.2727,2.3416,-4.8382,-2.077,9.8464
3.976,3.2796,-4.1647,-3.9239,8.785
4.6499,3.1767,-5.1606,-3.7167,10.3506
-2.2006,7.7012,-3.8784,-14.3539,8.3304
3.765,6.1421,-10.4971,-10.2581,18.3781
0.1056,7.0754,-6.0281,-12.6373,11.6956
-2.185,8.2533,-5.7713,-15.9662,11.2992
-3.7458,8.1979,-2.8914,-15.7997,6.7474
1.3721,4.6843,-2.4295,-6.8804,5.9978
1.7429,4.2843,-2.2755,-6.0123,5.7465
3.2229,3.6087,-3.4703,-4.5945,7.679
-6.5324,7.992,1.7596,-15.1905,-1.0934
-6.7179,8.9922,-0.9259,-18.3,3.5158
-0.8888,5.7195,-0.9891,-9.2406,3.6215
0.5556,3.5388,0.6812,-4.451,0.7866
2.2402,2.2113,0.1381,-1.8275,1.7183
1.9517,1.4966,1.3956,-0.4863,-0.4542
4.4664,-0.4056,-0.0469,2.8855,2.0334
3.2883,1.2906,-0.2176,-0.1078,2.3232
8.2485,-2.9389,-3.4,7.0212,7.5663
8.3499,-2.7955,-3.7056,6.7959,8.055
15.0215,-11.1578,-9.6643,18.6821,17.1615
14.6922,-13.6226,-7.5696,21.8394,14.0451
14.4858,-11.0869,-8.5894,18.5894,15.5726
9.5604,-6.5889,-2.6168,12.4637,6.3025
9.1239,-6.0102,-2.322,11.6336,5.8225
10.5292,-5.0788,-5.4195,10.2737,10.7538
9.0622,-2.9735,-4.7543,7.0753,9.7148
7.5183,-1.6631,-3.4543,4.9823,7.6533
7.0275,-1.8122,-2.5034,5.225,6.1182
7.7188,-0.4859,-5.1472,3.0223,10.3296
4.0706,2.9168,-3.7107,-3.1988,8.0633
3.4124,4.1787,-4.8602,-5.787,9.8808
3.0371,3.3726,-2.763,-4.1121,6.5396
2.9149,3.2314,-2.3373,-3.8266,5.8475
2.9794,4.3038,-4.3529,-6.0541,9.0826
2.283,4.8321,-4.2294,-7.2072,8.8875
4.8455,4.0214,-7.1839,-5.4538,13.4618
6.5013,3.22,-8.7988,-3.8038,15.8839
5.6685,4.895,-11.0306,-7.3471,19.1511
2.0293,7.1452,-10.1175,-12.8234,17.8251
5.0576,4.3794,-8.4092,-6.2168,15.3042
7.1792,1.3233,-6.6958,-0.1677,12.7194
10.2339,-2.7718,-7.1241,6.7587,13.3711
12.7954,-3.4009,-11.797,7.7399,20.2533
12.0182,-2.1865,-11.6115,5.8288,19.9874
12.1511,-3.3354,-10.4242,7.6386,18.2721
8.98,-0.9822,-6.8482,3.8587,12.9518
9.5556,-1.636,-7.1366,4.9381,13.3901
7.3781,-1.9859,-2.8944,5.5061,6.7522
10.2422,-10.5294,-1.4131,17.8575,4.3272
8.6353,-4.9365,-2.335,10.0631,5.8437
7.1655,-2.539,-2.0285,6.3908,5.3422
4.7248,2.9367,-4.87,-3.2381,9.8962
5.3269,1.9971,-4.3889,-1.4208,9.1395
2.8897,3.7509,-3.1701,-4.8881,7.197
4.9181,2.1074,-3.8587,-1.6297,8.2991
9.142,-0.6161,-7.6475,3.2432,14.1624
7.0824,0.3673,-5.1213,1.5472,10.2892
7.4056,1.365,-7.1971,-0.244,13.4818
7.3677,2.139,-8.4571,-1.6898,15.3756
11.1205,-3.4539,-8.1213,7.8217,14.874
10.2304,-1.739,-8.3449,5.106,15.2082
9.3462,-2.7028,-5.5366,6.65,10.9356
8.3508,-3.8131,-2.7857,8.3732,6.5764
9.8521,-8.7336,-1.7516,15.4505,4.8869
7.926,-5.1306,-1.0998,10.3501,3.8063
2.2296,0.5466,2.0381,1.2308,-1.5859
-4.1343,0.3674,9.0019,1.547,-15.0506
-5.3553,-1.0241,10.8451,3.9285,-19.1048
-8.2121,0.0493,12.4096,2.1027,-22.7737
-9.4547,1.3291,12.5783,-0.1783,-23.1838
-14.0334,2.1331,15.0269,-1.6786,-29.5149
-14.7081,4.3832,14.0621,-6.225,-26.9283
-16.6385,6.8001,13.2018,-11.9146,-24.7257
-19.0169,7.6364,13.822,-14.1708,-26.3045
-17.2572,6.904,13.4979,-12.1853,-25.4738
-11.4614,5.2151,11.1158,-8.0689,-19.7234
-1.3843,2.8687,4.0097,-3.1037,-5.1591
-0.1057,3.4176,1.7411,-4.2035,-1.0609
-1.8495,5.5552,0.7065,-8.8541,0.743
-1.3166,5.6648,-0.2529,-9.1115,2.383
3.6224,3.6904,-4.2929,-4.763,8.9878
5.3712,-0.2536,-1.543,2.6255,4.5423
2.6074,-0.1391,2.211,2.4286,-1.893
6.6722,-2.6275,-1.1932,6.5311,3.9619
6.6117,-1.8376,-1.8256,5.2662,5.0087
6.3889,-2.793,-0.6306,6.7921,3.0205
7.496,0.4991,-6.0552,1.3148,11.7373
8.4091,-0.4548,-6.4518,2.9694,12.3463
11.9032,-4.1753,-8.9434,8.9237,16.0983
13.9939,-5.7009,-11.92,11.1855,20.4294
12.9565,-4.9559,-10.3642,10.0919,18.1847
13.5747,-4.3881,-12.4103,9.2445,21.1285
16.7549,-8.4167,-16.0409,15.0173,26.1952
16.1312,-8.3014,-14.5149,14.8591,24.0884
16.8164,-8.3629,-16.2617,14.9436,26.4975
15.4984,-7.8232,-13.3857,14.1988,22.5086
13.8628,-8.0497,-9.4579,14.5123,16.8581
11.2818,-9.8877,-3.3949,17.0063,7.5581
10.087,-8.2716,-2.3855,14.8181,5.926
7.2123,-5.7531,0.3526,11.2613,1.3515
9.4177,-6.8572,-2.2111,12.8447,5.6412
7.9016,-5.2587,-0.973,10.5388,3.5945
7.439,-5.62,-0.0538,11.0677,2.0451
6.337,-5.1213,1.1533,10.3364,-0.0314
-2.0761,-1.5535,8.3496,4.8032,-13.6754
-0.121,-2.5649,7.0712,6.432,-11.0593
-0.4463,-5.6493,8.8764,11.1103,-14.7836
1.7455,-3.5673,5.7274,7.9965,-8.411
2.7477,-4.7251,5.2863,9.7489,-7.5624
4.3832,-6.1065,4.1654,11.7725,-5.4482
0.7662,-3.0061,6.4305,7.1263,-9.7845
-1.0947,-0.9464,7.0305,3.7987,-10.9776
-2.4549,1.543,6.5045,-0.572,-9.9304
-6.4585,5.5313,6.2625,-8.7984,-9.454
1.3844,3.5035,-0.4405,-4.3788,2.7002
-0.347,3.5339,1.8982,-4.4409,-1.3382
-3.2563,6.5109,0.7639,-11.175,0.6439
-3.0991,6.6012,0.3533,-11.4039,1.3503
-10.9718,9.2439,3.9119,-19.1497,-4.9779
-14.4647,10.026,5.506,-22.0128,-7.9839
-11.9346,9.5467,4.1462,-20.2151,-5.4124
-4.8559,7.2698,1.2726,-13.1589,-0.2394
-8.4536,9.6236,-0.6697,-20.4937,3.0861
-2.606,7.2748,-1.9944,-13.1726,5.2862
-8.4481,9.4072,0.1292,-19.7179,1.7334
-9.1173,9.4899,0.7689,-20.0112,0.6352
-6.8505,8.8203,-0.1605,-17.7367,2.2264
-7.9401,9.2026,0.1253,-19.0081,1.7401
0.9211,4.6635,-1.6857,-6.8348,4.7781
7.5974,-0.9554,-4.3689,3.8138,9.108
9.4862,-2.316,-6.2115,6.036,11.9777
14.8753,1.3805,-27.8946,-0.2726,41.662
16.8528,-3.4741,-23.0974,7.8529,35.5715
13.388,2.293,-25.2483,-1.9838,38.3271
19.3148,-5.2788,-28.946,10.5684,42.9712
18.7829,-4.1858,-28.9627,8.9395,42.9919
15.9806,-4.8259,-18.1508,9.899,29.0583
14.3287,-1.6995,-18.3813,5.0417,29.3677
11.1201,2.2881,-17.8584,-1.9745,28.6649
10.4794,3.9166,-20.8556,-5.2335,32.652
11.444,2.3832,-19.0674,-2.1572,30.2853
5.1329,-1.1267,-0.2964,4.0994,2.4566
8.5735,-4.0299,-2.963,8.7032,6.8631
9.8039,-9.8766,-1.0738,16.9914,3.7628
7.5714,-6.4568,0.2837,12.2751,1.4694
8.5481,-7.3783,-0.569,13.5786,2.9169
10.6811,-6.6228,-4.4605,12.5119,9.2524
13.1622,-12.2419,-5.3919,20.0852,10.7108
12.1501,-11.9623,-3.7683,19.7256,8.155
5.9148,-3.3788,0.5149,7.7057,1.073
1.5075,0.9998,2.5049,0.4205,-2.4177
-0.2873,1.068,4.5904,0.2972,-6.2429
-5.3863,4.3812,6.628,-6.2206,-10.1749
-5.8278,5.2244,6.0228,-8.0901,-8.9849
-7.5169,5.4611,7.4199,-8.6348,-11.763
-9.6752,5.9916,8.7581,-9.8917,-14.5331
-0.6224,4.3305,1.1036,-6.1115,0.055
-10.2396,9.0189,3.6796,-18.3885,-4.5496
-16.4962,10.6396,5.6101,-24.5614,-8.1844
-13.8257,10.1559,4.3641,-22.5269,-5.8187
-17.8313,11.1489,5.0089,-26.9554,-7.0337
-16.5289,11.1873,3.3161,-27.1485,-3.8839
-10.7705,10.3645,-0.4189,-23.3798,2.6637
-14.0906,10.2267,4.4217,-22.8124,-5.9264
-9.0996,9.5256,0.6174,-20.1391,0.8965
-12.318,9.732,4.019,-20.8926,-5.1763
-17.2819,9.5284,9.5347,-20.1492,-16.1958
-4.622,4.6804,5.4545,-6.872,-7.8849
4.0701,-0.5032,0.6068,3.0517,0.9148
4.6941,-1.586,0.742,4.8564,0.6817
8.0748,-8.8807,0.9049,15.6507,0.3999
2.5318,-1.5417,3.4885,4.7839,-4.1989
4.0474,-4.0925,3.4258,8.7982,-4.0842
8.0607,-5.8714,-0.7915,11.433,3.2907
5.0627,-4.4297,2.3803,9.307,-2.1949
-3.8386,6.7562,1.0389,-11.8012,0.1674
-26.3453,11.9843,9.4956,-31.7141,-16.1111
-37.9765,13.0642,12.0348,-41.2021,-21.8734
-52.7992,13.6706,14.3528,-53.1286,-27.694
-18.9679,10.4429,8.6914,-23.7099,-14.3923
-28.8749,12.3856,9.5462,-34.5859,-16.2208
-13.8965,9.7583,5.7064,-20.9908,-8.3705
-13.9288,9.6102,6.161,-20.4451,-9.2549
-14.9423,9.9822,6.1488,-21.8422,-9.231
-22.7529,11.8149,7.0126,-30.6387,-10.9416
-3.2006,4.7739,3.7111,-7.078,-4.6075
8.4367,-2.2163,-4.4337,5.8765,9.2103
15.6534,-14.817,-8.9132,23.3301,16.0536
21.2459,-32.2185,-16.2764,43.2233,26.5175
3.8718,-5.6335,4.5101,11.0874,-6.0921
10.8131,-14.5008,-0.6105,22.9377,2.9867
7.7518,-7.6898,0.7359,14.0134,0.6923
6.3613,-4.8518,0.9448,9.9374,0.3309
7.3012,-6.1738,0.4902,11.8694,1.1154
9.9892,-14.3176,0.5019,22.7096,1.0952
8.917,-4.7867,-2.9027,9.8407,6.7657
10.1996,-2.8426,-6.9798,6.87,13.152
4.9698,1.9999,-3.7838,-1.4261,8.1797
0.5751,5.8082,-3.4865,-9.4515,7.7049
4.8596,6.8685,-15.8505,-12.0924,25.9341
2.9796,6.7929,-10.9458,-11.896,19.0286
9.9158,0.6648,-11.2779,1.021,19.5079
10.8549,-0.0022,-12.2845,2.1921,20.9496
8.9093,1.1666,-9.9374,0.1182,17.5619
11.2723,2.1597,-17.9601,-1.7291,28.8019
13.1693,-2.9111,-13.3366,6.9776,22.4394
14.1308,-6.1497,-11.7726,11.8348,20.2184
13.1577,-4.933,-10.8339,10.0579,18.8667
8.7514,-3.0561,-4.1353,7.2044,8.7384
6.6858,-1.5807,-2.1931,4.8478,5.6118
4.2919,3.0704,-4.3456,-3.504,9.0712
-0.2319,6.6873,-4.3098,-11.624,9.0146
-4.3946,7.4336,0.2486,-13.6063,1.5296
-4.6299,7.396,0.6683,-13.503,0.8089
-6.8657,6.6817,4.9119,-11.6096,-6.8497
-4.2277,6.2324,2.5899,-10.4799,-2.5701
-1.8932,4.3307,2.755,-6.1119,-2.8669
-0.3656,3.5739,1.8676,-4.523,-1.2841
3.8341,2.1302,-2.1275,-1.6731,5.5044
7.4745,-0.4401,-4.7717,2.9443,9.742
10.1293,-3.1362,-6.5304,7.3294,12.4666
8.1842,-0.3822,-6.1272,2.8456,11.848
8.6103,2.2466,-11.3433,-1.895,19.6021
9.4253,1.7028,-12.1107,-0.8686,20.7018
6.1495,3.84,-9.4214,-5.0734,16.8043
6.6514,3.2013,-9.071,-3.7661,16.2872
3.9598,5.4861,-8.9682,-8.6931,16.135
4.7835,4.7951,-8.8576,-7.1251,15.9711
7.4314,0.9962,-6.6667,0.427,12.675
7.7361,2.6879,-10.3116,-2.7483,18.1081
8.7361,1.9448,-11.0145,-1.3221,19.1279
6.7201,1.9163,-6.7885,-1.2685,12.8608
7.005,-0.2308,-4.2148,2.5863,8.8643
6.2891,0.0014,-3.2936,2.1857,7.3956
12.0524,-5.0829,-8.3291,10.2798,15.1847
9.7351,-5.554,-3.6523,10.9714,7.97
10.5417,-12.0878,-1.1535,19.8872,3.8958
11.9319,-12.1695,-3.3056,19.9922,7.4147
10.2029,-5.1048,-4.8161,10.3121,9.8117
6.6033,-4.7464,0.5411,9.7807,1.0279
5.734,-6.638,2.8168,12.5335,-2.9783
5.709,-6.5909,2.8231,12.4665,-2.9897
3.7085,-6.0605,4.9112,11.7063,-6.8484
3.6409,-4.0172,3.8645,8.684,-4.8904
-0.2628,-1.337,6.4504,4.4474,-9.8237
0.0515,-0.2433,5.3265,2.6077,-7.6394
-0.9493,2.6315,3.7659,-2.6382,-4.7085
-1.0536,2.5966,3.9283,-2.5702,-5.0083
0.733,-0.3501,4.6528,2.7907,-6.3604
1.2636,-1.5767,4.9823,4.8412,-6.9831
0.7756,-0.6506,4.8419,3.3014,-6.7172
-8.2934,0.4101,12.2762,1.4719,-22.4516
-6.3445,-0.463,11.3127,2.9833,-20.1774
-3.5897,-2.3109,10.0774,6.0279,-17.3841
-4.9347,-0.118,9.9964,2.3921,-17.2053
-7.2075,1.8923,10.5411,-1.2233,-18.4177
-11.4408,2.664,13.1214,-2.7016,-24.5246
-18.5805,5.8914,15.2159,-9.6505,-30.0373
-17.1915,6.0161,14.3014,-9.9511,-27.558
-18.0799,6.986,13.937,-12.4004,-26.6024
-11.0677,1.7589,13.4183,-0.9732,-25.2717
0.7736,-2.7936,6.2982,6.793,-9.524
1.247,-9.6966,8.787,16.7509,-14.5944
-4.0736,-8.0298,12.5248,14.4848,-23.0534
-3.0507,-12.5138,12.8295,20.4335,-23.8
2.0437,-17.9953,9.9493,27.1913,-17.1016
4.0664,-19.0322,8.3475,28.422,-13.671
7.4545,-23.6183,5.6956,33.7267,-8.3495